"Location","Site","Section","sample","min_depth","max_depth","midpoint","Zn","Zn_sd","Zn_ICP","Zn_ICP_sd","Zn_fit_OLS","Zn_lwr_OLS","Zn_upr_OLS","Zn_fit_WLS","Zn_lwr_WLS","Zn_upr_WLS"
"Bird Island","BI10","BI10.1",1,0,1.1,0.6,-2.0253472433689,-0.101267362168445,-0.468515677217699,-0.0234257838608849,-1.0859557977849,-2.1243416616628,-0.047569933906991,-1.15877601771146,-2.41198612801765,0.09443409259472
"Bird Island","BI10","BI10.1",4,3.9,5,4.5,-5.46325522784534,-0.273162761392267,-0.824728511639977,-0.0412364255819989,-1.70977816603389,-2.7497117298973,-0.669844602170473,-1.6222636077851,-2.29537536121867,-0.949151854351536
"Bird Island","BI10","BI10.1",10,11.7,12.8,12.3,-2.32230891462388,-0.116115445731194,-1.22441044399362,-0.0612205221996812,-1.13984069926508,-2.17787810795207,-0.101803290578093,-1.19881142586541,-2.40162147607637,0.00399862434555609
"Bird Island","BI10","BI10.1",22,26.7,27.8,27.2,-0.169000707340877,-0.00845003536704383,-0.375443324260563,-0.0187721662130282,-0.749114178513876,-1.79173569267452,0.293507335646772,-0.90850940609469,-2.47731255032877,0.660293738139386
"Bird Island","BI10","BI10.1",30,36.3,37.2,36.7,-0.835512314516237,-0.0417756157258118,-1.03108390301738,-0.0515541951508691,-0.870055416944635,-1.91074915019634,0.17063831630707,-0.998366336518865,-2.45376962176798,0.457036948730252
"Bird Island","BI10","BI10.1",34,40.9,41.9,41.4,-1.8213905021736,-0.09106952510868,-0.909626728365094,-0.0454813364182547,-1.0489470186415,-2.08762493939783,-0.0102690978851712,-1.13127923220041,-2.41912136550313,0.156562901102302
"Bird Island","BI10","BI10.2",45,44,45,44.5,0.425795914009926,0.0212897957004963,-1.65726410096228,-0.0828632050481138,-0.641185915560653,-1.68591033009063,0.403538498969322,-0.828320857169402,-2.49838465191592,0.841742937577114
"Bird Island","BI10","BI10.2",51,51.9,52.9,52.4,-3.17821653417188,-0.158910826708594,0.175033506879896,0.00875167534399479,-1.29514861345002,-2.3326916887201,-0.257605538179949,-1.31420211162583,-2.3719444005445,-0.256459822707157
"Bird Island","BI10","BI10.2",54,55.3,56.3,55.8,-1.680358771198,-0.0840179385598998,-1.34328981062406,-0.0671644905312028,-1.02335623819807,-2.06226120184134,0.0155487254451985,-1.1122657922221,-2.42406251054033,0.199530926096124
"Bird Island","BI10","BI10.2",62,64.4,65.4,64.9,0.907825166802316,0.0453912583401158,0.453266322576737,0.0226633161288369,-0.553719749683025,-1.60041151178083,0.492972012414778,-0.763335238668107,-2.51549752037588,0.98882704303967
"Bird Island","BI10","BI10.2",67,70.1,71.2,70.6,-0.234541713135998,-0.0117270856567999,0.327338358359992,0.0163669179179996,-0.761006860236932,-1.80341868222538,0.281404961751514,-0.917345431655627,-2.47499396229075,0.640303098979496
"Bird Island","BI10","BI10.2",71,74.7,75.8,75.2,-2.46434432773946,-0.123217216386973,0.315867057635071,0.0157933528817535,-1.16561360190968,-2.20351655394072,-0.127710649878637,-1.21796017901043,-2.39667522853695,-0.0392451294839138
"Bird Island","BI10","BI10.2",81,86.5,87.5,87,-0.5593615671636,-0.02796807835818,-1.08875874826682,-0.0544379374133409,-0.819946742138585,-1.86138406918283,0.221490584905663,-0.961136589543249,-2.46351403043214,0.541240851345643
"Bird Island","BI10","BI10.3",88,84.8,85.8,85.3,-0.935864416896952,-0.0467932208448476,-0.501829499903645,-0.0250914749951823,-0.888264713542617,-1.9287075896456,0.152178162560371,-1.01189548107459,-2.45023234779846,0.42644138564928
"Bird Island","BI10","BI10.3",95,93,94,93.5,-3.28180980875907,-0.164090490437954,-0.530321057526555,-0.0265160528763277,-1.31394603391021,-2.35148069001874,-0.276411377801689,-1.32816822049292,-2.36837628462316,-0.287960156362689
"Bird Island","BI10","BI10.3",98,96.3,97.3,96.8,-2.62907499707807,-0.131453749853903,-0.874900624940047,-0.0437450312470024,-1.19550465098198,-2.2332777796814,-0.157731522282567,-1.24016863289801,-2.39094845307839,-0.0893888127176283
"Bird Island","BI10","BI10.3",104,103.2,104.2,103.7,-1.67215352178579,-0.0836076760892897,-0.462279231238962,-0.0231139615619481,-1.02186736236326,-2.06078616657191,0.0170514418453973,-1.11115958714239,-2.42435016204445,0.202030987759672
"Bird Island","BI10","BI10.3",114,114.9,115.9,115.4,-4.10800715272108,-0.205400357636054,-0.857796409816268,-0.0428898204908134,-1.46386289790967,-2.50172780042233,-0.425997995397016,-1.43955346338112,-2.34016478538711,-0.538942141375138
"Bird Island","BI10","BI10.3",120,121.8,122.7,122.3,-0.823584702431988,-0.0411792351215994,0.333205891113354,0.0166602945556677,-0.867891103283085,-1.90861533956305,0.172833132996879,-0.996758294591849,-2.45419019280166,0.46067360361796
"Bird Island","BI10","BI10.4",135,129.4,130.4,129.9,-0.470683163868639,-0.0235341581934319,0.334532170981399,0.0167266085490699,-0.803855685657204,-1.84554835709628,0.237836985781877,-0.94918125518865,-2.46664627491341,0.568283764536108
"Bird Island","BI10","BI10.4",145,141,142,141.5,0.463340348341315,0.0231670174170658,-1.18926388153614,-0.0594631940768072,-0.634373325449187,-1.67924253300216,0.41049588210379,-0.823259238456072,-2.49971646625995,0.853197989347808
"Bird Island","BI10","BI10.4",155,152.7,153.8,153.2,0.884796990036864,0.0442398495018432,-0.0828511002206056,-0.00414255501103028,-0.55789830589545,-1.60449074389754,0.488694132106637,-0.766439822677046,-2.51467932586051,0.981799680506413
"Bird Island","BI10","BI10.4",165,164.8,165.8,165.3,-0.388260048178224,-0.0194130024089112,0.093235247557558,0.0046617623778779,-0.78889967652007,-1.83083689014088,0.25303753710074,-0.938069238395237,-2.46955885359692,0.593420376806449
"Bird Island","BI10","BI10.4",168,168.4,170,169.2,-0.764827665636003,-0.0382413832818002,-0.619586956009441,-0.0309793478004721,-0.857229400290779,-1.89810602747288,0.183647226891321,-0.988836861700855,-2.45626240554988,0.478588682148166
"Bird Island","BI10","BI10.5",181,174.6,175.6,175.1,-0.43293025548521,-0.0216465127742605,-0.251623598370358,-0.0125811799185179,-0.797005267082192,-1.83880908627888,0.244798552114497,-0.94409153068063,-2.46798019538743,0.579797134026166
"Bird Island","BI10","BI10.5",191,186.6,187.6,187.1,-1.85829911176481,-0.0929149555882405,-0.629099535708045,-0.0314549767854023,-1.0556442357712,-2.09426612458371,-0.0170223469586908,-1.13625513108707,-2.41782920764809,0.145318945473944
"Bird Island","BI10","BI10.5",194,190.3,191.3,190.8,-2.57527227097417,-0.128763613548708,-1.13501573372021,-0.0567507866860107,-1.18574192778871,-2.22355437290416,-0.147929482673258,-1.2329151240857,-2.39281767489645,-0.07301257327496
"Bird Island","BI10","BI10.5",197,194,195,194.5,-1.31526305722448,-0.0657631528612239,-0.164578660590369,-0.00822893302951846,-0.957108137912396,-1.99669604753296,0.082479771708172,-1.06304477368994,-2.43687911720444,0.310789569824574
"Bird Island","BI10","BI10.5",202,199.9,200.8,200.3,-1.92374960473642,-0.0961874802368212,-0.238185594128208,-0.0119092797064104,-1.06752049357478,-2.10604647566733,-0.0289945114822234,-1.14507895400308,-2.41553882039239,0.125380912386236
"Bird Island","BI10","BI10.6",218,209.5,210.5,210,1.0091054048281,0.0504552702414052,-0.0578833912614944,-0.00289416956307472,-0.535342039102243,-1.58247698081825,0.511792902613762,-0.749680965878778,-2.5190967580697,1.01973482631214
"Bird Island","BI10","BI10.6",228,221.4,222.4,221.9,1.27373523965335,0.0636867619826677,0.838469398445124,0.0419234699222562,-0.487323880671174,-1.5356654817789,0.561017720436554,-0.714004430916653,-2.52850647115745,1.10049760932414
"Bird Island","BI10","BI10.6",239,234.2,235.2,234.7,-1.14576744704681,-0.0572883723523405,-0.892467951631096,-0.0446233975815548,-0.926352470970093,-1.96630405790842,0.113599115968232,-1.04019392595229,-2.44284058053632,0.362452728631745
"Bird Island","BI10","BI10.6",247,243.9,245,244.5,-0.694710932457912,-0.0347355466228956,0.407013315612795,0.0203506657806398,-0.8445064342479,-1.88556954469288,0.196556676197085,-0.979383951433538,-2.45873615102913,0.499968248162058
"Bird Island","BI10","BI10.7",259,250.7,251.7,251.2,-5.93120122735671,-0.296560061367836,-0.995585725289888,-0.0497792862644944,-1.7946888683988,-2.83577574543014,-0.753601991367453,-1.68535056781354,-2.28066030637057,-1.09004082925652
"Bird Island","BI10","BI10.7",271,265,266,265.5,-0.0895333414991083,-0.00447666707495541,0.653124182436912,0.0326562091218456,-0.734694502192763,-1.7775761394552,0.30818713506967,-0.897795873897256,-2.4801247434489,0.684532995654392
"Bird Island","BI10","BI10.7",280,275.9,276.9,276.4,0.617852812645929,0.0308926406322964,0.410896480386627,0.0205448240193313,-0.606336411185709,-1.65181653369152,0.439143711320103,-0.802428369788192,-2.50519946150982,0.90034272193344
"Bird Island","BI10","BI10.8",300,289.7,290.8,290.3,0.43500356800701,0.0217501784003505,0.344877945161354,0.0172438972580677,-0.63951514934224,-1.68427494170278,0.4052446430183,-0.827079511158802,-2.49871125751762,0.844552235200017
"Bird Island","BI10","BI10.8",303,293.4,294.4,293.9,0.452519977774285,0.0226259988887143,-0.213731243816044,-0.0106865621908022,-0.636336725639924,-1.68116405708952,0.408490605809674,-0.824718005677435,-2.49933261553553,0.849896604180659
"Bird Island","BI10","BI10.8",311,303.1,304,303.6,-1.30166422401306,-0.065083211200653,-0.315528491906316,-0.0157764245953158,-0.954640574388976,-1.99425657231123,0.0849754235332802,-1.06121142315774,-2.43735715918016,0.314934312864682
"Bird Island","BI10","BI10.8",318,311.7,312.8,312.2,-2.97499862363904,-0.148749931181952,-0.257649018564532,-0.0128824509282266,-1.25827389813139,-2.29586574602715,-0.22068205023564,-1.28680493286538,-2.37896037675257,-0.194649488978194
"Bird Island","BI10","BI10.8",326,321.7,322.8,322.2,-1.78987427152408,-0.0894937135762038,-0.187466382293693,-0.00937331911468467,-1.04322827057412,-2.08195514901114,-0.00450139213709377,-1.12703031633125,-2.42022505810312,0.166164425440611
"Bird Island","BI10","BI10.9",342,332.1,333.1,332.6,-0.646357684318585,-0.0323178842159292,-0.00826935348290858,-0.00041346767414542,-0.835732540966576,-1.87692718614523,0.205462104212081,-0.972865123543576,-2.46044263432481,0.514712387237658
"Bird Island","BI10","BI10.9",361,355.7,356.7,356.2,-2.76868450391983,-0.138434225195992,-1.07566209825523,-0.0537831049127616,-1.22083736307938,-2.25852243341558,-0.183152292743187,-1.25899033323718,-2.3861038062916,-0.131876860182755
"Bird Island","BI10","BI10.9",365,360.7,361.7,361.2,-0.368461797485145,-0.0184230898742573,-0.0354590544710291,-0.00177295272355146,-0.785307203513139,-1.82730419085489,0.256689783828611,-0.93540010253039,-2.47025864246114,0.599458437400355
"Bird Island","BI10","BI10.9",372,369.1,371,370.1,-0.978841834283746,-0.0489420917141873,-0.364480064642598,-0.0182240032321299,-0.896063140497763,-1.93640174288599,0.144275461890464,-1.01768955692017,-2.44871810423911,0.413338990398761
"Bird Island","BI10","BI10.10",379,367.3,368.4,367.9,-1.84634277374328,-0.092317138687164,-0.500617095138496,-0.0250308547569248,-1.05347470967165,-2.0921145958612,-0.0148348234820985,-1.13464321642248,-2.41824775035714,0.148961317512184
"Bird Island","BI10","BI10.10",386,375.7,376.6,376.1,-1.98905515585452,-0.0994527577927261,-0.155941896981779,-0.00779709484908893,-1.07937045109029,-2.11780514414847,-0.0409357580321206,-1.15388323632908,-2.41325482459664,0.105488351938468
"Bird Island","BI10","BI10.10",390,380.5,381.5,381,-2.08785618796714,-0.104392809398357,-1.03653308873166,-0.0518266544365829,-1.09729829968782,-2.13560324847587,-0.0589933508997758,-1.16720327062827,-2.40980194184321,0.0753954005866719
"Bird Island","BI10","BI10.10",392,382.9,384,383.4,-1.02808042674836,-0.051404021337418,-0.400161210290325,-0.0200080605145163,-0.904997683103097,-1.94521915092571,0.135223784719512,-1.02432774405697,-2.44698374900655,0.39832826089261
"Bird Island","BI10","BI10.10",396,387.7,388.8,388.2,-2.02401828130306,-0.101200914065153,-1.21493915652886,-0.0607469578264431,-1.08571465221993,-2.12410228016994,-0.0473270242699142,-1.15859685136147,-2.41203257835113,0.0948388756281919
"Bird Island","BI10","BI10.10",403,396.3,397.4,396.8,-1.24009409887734,-0.0620047049438672,-1.03467360426011,-0.0517336802130053,-0.943468425090919,-1.98321397563506,0.0962771254532198,-1.05291073883212,-2.4395221030286,0.333700625364368
"Bird Island","BI10","BI10.10",410,404.6,405.6,405.1,0.303250551599475,0.0151625275799737,-0.421715277759381,-0.0210857638879691,-0.66342226933801,-1.70768402319457,0.380839484518545,-0.844842024971097,-2.49403894429576,0.80435489435357
"Bird Island","BI10","BI10.11",422,409.9,410.9,410.4,-3.67274477890716,-0.183637238945358,-1.16474216499625,-0.0582371082498127,-1.38488277218544,-2.42248567809886,-0.347279866272026,-1.38087280363116,-2.35496826141549,-0.406777345846835
"Bird Island","BI10","BI10.11",424,412.2,413.2,412.7,-1.46645666156663,-0.0733228330783313,-0.866234187642122,-0.0433117093821061,-0.984542831554782,-2.02383126973447,0.0547456066249027,-1.08342820443547,-2.4315672810508,0.264710872179862
"Bird Island","BI10","BI10.11",427,415.8,416.8,416.3,-1.67182810521845,-0.0835914052609223,-0.906858332572691,-0.0453429166286346,-1.0218083142053,-2.0607276687552,0.0171110403446009,-1.11111571553755,-2.42436157056481,0.202130139489706
"Bird Island","BI10","BI10.11",439,430.3,431.3,430.8,-1.96107564111283,-0.0980537820556414,-1.03058791025578,-0.0515293955127888,-1.0742934544902,-2.1127667205677,-0.0358201884127045,-1.15011112901335,-2.41423321632244,0.114010958295731
"Bird Island","BI10","BI10.11",443,435.2,436.3,435.7,-2.38148698197387,-0.119074349098694,-0.834030080954017,-0.0417015040477009,-1.1505787999616,-2.18855765454094,-0.112599945382259,-1.20678962072842,-2.39955973781767,-0.0140195036391664
"Bird Island","BI10","BI10.11",449,442.8,443.8,443.3,-1.258343268429,-0.0629171634214498,-1.38650136476128,-0.0693250682380641,-0.946779811032515,-1.98648655614611,0.0929269340810854,-1.05537103260802,-2.43888032637791,0.328138261161866
"Bird Island","BI10","BI10.12",461,447.5,448.7,448.1,-2.45083885949267,-0.122541942974633,-1.6093002351383,-0.0804650117569148,-1.16316297983833,-2.20107781969317,-0.125248139983484,-1.21613941563957,-2.3971452151215,-0.035133616157651
"Bird Island","BI10","BI10.12",465,452.8,453.9,453.4,-2.93243020240352,-0.146621510120176,-1.30977624339934,-0.0654888121699669,-1.2505496851892,-2.28815716211459,-0.21294220826381,-1.28106599655272,-2.38043263592302,-0.181699357182431
"Bird Island","BI10","BI10.12",469,458.3,459.3,458.8,-2.46256345270235,-0.123128172635118,-1.43073656048752,-0.071536828024376,-1.16529045490044,-2.20319496370741,-0.127385946093473,-1.21772008722121,-2.39673719846853,-0.0387029759738877
"Bird Island","BI10","BI10.12",475,466.1,467.2,466.6,-2.93869802106125,-0.146934901053062,-1.83688035556811,-0.0918440177784057,-1.25168700634395,-2.28929206434064,-0.214081948347262,-1.28191100350981,-2.38021580428849,-0.183606202731124
"Bird Island","BI10","BI10.12",479,471.4,472.4,471.9,-2.83645979396095,-0.141822989698048,-1.87477506420038,-0.0937387532100192,-1.23313546475433,-2.2707850545626,-0.195485874946064,-1.26812757774446,-2.38375498545928,-0.152500170029641
"Bird Island","BI10","BI10.12",484,478.2,479.2,478.7,-2.54360639491179,-0.127180319745589,-1.47338203882678,-0.0736691019413392,-1.17999602595332,-2.21783301010129,-0.142159041805343,-1.22864603350795,-2.39391836644466,-0.0633737005712351
"Bird Island","BI10","BI10.13",506,473.4,474.5,474,-1.81250625021138,-0.0906253125105689,-0.308535200923883,-0.0154267600461942,-1.04733493503594,-2.08602655301406,-0.00864331705782995,-1.13008148620192,-2.41943246070738,0.159269488303527
"Bird Island","BI10","BI10.13",519,491,492,491.5,-1.27039747309285,-0.0635198736546423,-0.255625868130085,-0.0127812934065042,-0.94896709543184,-1.98864839602795,0.0907142051642685,-1.05699614133552,-2.43845645447611,0.324464171805076
"Bird Island","BI10","BI10.13",522,494.8,495.8,495.3,-1.7709444176607,-0.0885472208830353,-1.1821031059347,-0.059105155296735,-1.03979337169928,-2.07855014836601,-0.00103659503256348,-1.12447825490692,-2.42088811822579,0.171931608411944
"Bird Island","BI10","BI10.13",525,498.7,499.7,499.2,-0.754535824215756,-0.0377267912107878,-1.76447639248263,-0.0882238196241313,-0.855361903860563,-1.89626558791024,0.185541780189117,-0.987449349062696,-2.45662544453664,0.481726746411244
"Isla Hermite","HER42PB","HER42PB_1A",3,2.5,3.7,3.1,-2.81015007261895,-0.140507503630947,-1.39659266208127,-0.0698296331040634,-1.22836145894916,-2.26602425774101,-0.190698660157312,-1.26458058655232,-2.38466652991369,-0.144494643190962
"Isla Hermite","HER42PB","HER42PB_1A",5,5.3,6.5,5.9,-3.46858363549269,-0.173429181774635,-1.6430775328143,-0.082153876640715,-1.34783690342912,-2.38538443902464,-0.310289367833601,-1.3533484612767,-2.36195862124801,-0.344738301305395
"Isla Hermite","HER42PB","HER42PB_1A",7,8.1,9.3,8.7,-3.3097993942633,-0.165489969713165,-1.67472084332347,-0.0837360421661733,-1.31902485789108,-2.35655914471944,-0.281490571062714,-1.33194168551616,-2.36741324921557,-0.296470121816742
"Isla Hermite","HER42PB","HER42PB_1A",9,10.9,12.1,11.5,-6.93320221367844,-0.346660110683922,-1.7921083512701,-0.0896054175635052,-1.97650601740264,-3.0208155400631,-0.932196494742174,-1.82043708685323,-2.25185963716214,-1.38901453654432
"Isla Hermite","HER42PB","HER42PB_1A",13,16.3,17.5,16.9,-3.87116885932388,-0.193558442966194,-1.83704450052838,-0.091852225026419,-1.42088762755741,-2.45858566888312,-0.383189586231693,-1.40762369378302,-2.34820172226805,-0.46704566529799
"Isla Hermite","HER42PB","HER42PB_1A",16,20.5,21.6,21.1,-4.55720443727538,-0.227860221863769,-2.00223670361556,-0.100111835180778,-1.54537156979007,-2.58371220106893,-0.507030938511202,-1.50011278254435,-2.32506132239536,-0.67516424269333
"Isla Hermite","HER42PB","HER42PB_1A",20,26.1,27.3,26.7,-3.0877627822208,-0.15438813911104,-1.70142174339584,-0.0850710871697922,-1.27873541274369,-2.31629492025104,-0.241175905236332,-1.30200743053075,-2.37506465512157,-0.228950205939924
"Isla Hermite","HER42PB","HER42PB_1A",25,33.1,34.1,33.6,-3.34391357807836,-0.167195678903918,-1.84243702718981,-0.0921218513594905,-1.32521501511299,-2.36274994798494,-0.287680082241046,-1.3365408489944,-2.36624009043101,-0.306841607557794
"Isla Hermite","HER42PB","HER42PB_1A",28,37.1,38.2,37.7,-2.9725296964762,-0.14862648482381,-1.79367270366388,-0.0896836351831941,-1.25782590126914,-2.29541860442086,-0.220233198117421,-1.28647208012298,-2.37904574244759,-0.193898417798361
"Isla Hermite","HER42PB","HER42PB_1A",31,41.2,42.3,41.7,-5.05101581676916,-0.252550790838458,-1.7709460679826,-0.0885473033991303,-1.63497565041558,-2.67407959915647,-0.595871701674682,-1.56668682910579,-2.30872545439937,-0.824648203812218
"Isla Hermite","HER42PB","HER42PB_1B",40,43.1,44.2,43.7,-3.89541715034458,-0.194770857517229,-1.80507125021546,-0.0902535625107732,-1.42528757845744,-2.46300003822085,-0.387575118694026,-1.4108927696336,-2.34737681525504,-0.474408724012173
"Isla Hermite","HER42PB","HER42PB_1B",48,54,55.1,54.5,-3.45010630437274,-0.172505315218637,-1.75025251580829,-0.0875126257904143,-1.34448411664419,-2.38202876923308,-0.306939464055289,-1.3508574074991,-2.36259258556339,-0.339122229434819
"Isla Hermite","HER42PB","HER42PB_1B",50,56.7,57.8,57.2,-2.68784684069994,-0.134392342034997,-1.69588538070201,-0.0847942690351007,-1.20616904073299,-2.24390264256236,-0.168435438903618,-1.24809206199718,-2.38890797000643,-0.107276153987939
"Isla Hermite","HER42PB","HER42PB_1B",56,64.7,65.8,65.2,-3.14440245537123,-0.157220122768561,-1.68347830867393,-0.0841739154336963,-1.28901291150197,-2.32656113874119,-0.251464684262746,-1.30964340733105,-2.3731103341,-0.246176480562105
"Isla Hermite","HER42PB","HER42PB_1B",60,69.9,70.9,70.4,-4.26225415163423,-0.213112707581712,-1.78677484194115,-0.0893387420970575,-1.49185164239957,-2.52985639965116,-0.453846885147985,-1.46034854286701,-2.33495632082799,-0.585740764906032
"Isla Hermite","HER42PB","HER42PB_1B",63,73.7,74.8,74.3,-3.46673004199345,-0.173336502099673,-1.64430100199275,-0.0822150500996375,-1.34750056135956,-2.38504779179825,-0.309953330920863,-1.35309856582057,-2.36202220926975,-0.344174922371378
"Isla Hermite","HER42PB","HER42PB_1B",69,81.5,82.5,82,-3.52046371806794,-0.176023185903397,-1.76384513795037,-0.0881922568975184,-1.35725075514452,-2.39480827398356,-0.31969323630547,-1.36034276553214,-2.36017972914931,-0.36050580191497
"Isla Hermite","HER42PB","HER42PB_1C",80,86.5,87.8,87.2,-3.13001857436698,-0.156500928718349,-1.80316328301905,-0.0901581641509525,-1.28640289786775,-2.3239536753307,-0.248852120404801,-1.30770421920482,-2.37360648375973,-0.241801954649918
"Isla Hermite","HER42PB","HER42PB_1C",86,94.8,96,95.4,-6.77677334811933,-0.338838667405966,-1.88125352358353,-0.0940626761791767,-1.94812136434728,-2.99186040868909,-0.904382320005478,-1.79934785519161,-2.25599786498251,-1.34269784540072
"Isla Hermite","HER42PB","HER42PB_1C",90,100.2,101.4,100.8,-6.45248382402716,-0.322624191201358,-1.93654596861725,-0.0968272984308625,-1.88927771296657,-2.93191337952046,-0.846642046412676,-1.75562819466367,-2.26506911970115,-1.2461872696262
"Isla Hermite","HER42PB","HER42PB_1C",91,101.6,103.1,102.3,-3.57840680879859,-0.178920340439929,-1.04485645356551,-0.0522428226782753,-1.36776476431709,-2.40533672520881,-0.33019280342538,-1.36815446485784,-2.35819496463719,-0.3781139650785
"Isla Hermite","HER42PB","HER42PB_1C",97,109.8,111,110.4,-2.67590946493786,-0.133795473246893,-1.80723448843939,-0.0903617244219695,-1.20400295541244,-2.24174429661989,-0.16626161420498,-1.24648270376283,-2.38932230233583,-0.103643105189824
"Isla Hermite","HER42PB","HER42PB_1C",104,119.2,120.3,119.8,-6.49636567036956,-0.324818283518478,-1.65574912597094,-0.0827874562985472,-1.89724025222942,-2.94001895851439,-0.854461545944446,-1.76154420268397,-2.26380825348253,-1.25928015188542
"Isla Hermite","HER42PB","HER42PB_1D",118,127.3,128.4,127.8,-6.25137668108224,-0.312568834054112,-2.05555314563028,-0.102777657281514,-1.85278600500051,-2.89479126190146,-0.810780748099564,-1.72851558273484,-2.27096004440748,-1.18607112106221
"Isla Hermite","HER42PB","HER42PB_1D",121,130.9,132.2,131.6,-3.97392748869767,-0.198696374434884,-2.00740483740414,-0.100370241870207,-1.43953359825337,-2.4772969132975,-0.401770283209241,-1.4214772784929,-2.34470910078806,-0.498245456197744
"Isla Hermite","HER42PB","HER42PB_1D",131,143.2,144.4,143.8,-3.81105208116857,-0.190552604058428,-1.96697489322994,-0.0983487446614972,-1.40997919397231,-2.44764411168864,-0.372314276255972,-1.39951894497764,-2.35024876456079,-0.44878912539449
"Isla Hermite","HER42PB","HER42PB_1D",137,150.7,151.9,151.3,-4.92482288607034,-0.246241144303517,-1.94839685185374,-0.0974198425926871,-1.61207743055621,-2.65096239758241,-0.573192463530005,-1.54967390799271,-2.31286860505584,-0.786479210929588
"Isla Hermite","HER42PB","HER42PB_1D",144,159.2,160.3,159.8,-6.54055426590702,-0.327027713295351,-1.87472513118842,-0.0937362565594212,-1.9052584523797,-2.94818318155112,-0.862333723208268,-1.76750156563461,-2.2625483070425,-1.27245482422671
"Isla Hermite","HER42PB","HER42PB_1D",147,162.9,164.1,163.5,-1.57852524406994,-0.0789262622034972,-1.94033064323236,-0.0970165321616178,-1.00487813106227,-2.04395977944593,0.0342035173213815,-1.09853692679278,-2.42763380875423,0.23055995516868
"Isla Hermite","HER42PB","HER42PB_1E",158,169.3,170.5,169.9,-3.77063173304557,-0.188531586652279,-1.75330640075732,-0.0876653200378659,-1.40264475762165,-2.44028950590041,-0.365000009342898,-1.39406960490627,-2.35162662531956,-0.436512584492991
"Isla Hermite","HER42PB","HER42PB_1E",162,175.6,176.8,176.2,-3.58001518048941,-0.179000759024471,-1.72150194845408,-0.086075097422704,-1.36805660989345,-2.40562902121483,-0.33048419857207,-1.36837130030611,-2.35813990294791,-0.378602697664313
"Isla Hermite","HER42PB","HER42PB_1E",166,181.9,183.1,182.5,-6.25357544977962,-0.312678772488981,-1.89236703646508,-0.0946183518232539,-1.85318498051185,-2.89519690664017,-0.811173054383522,-1.72881201359026,-2.27089471201372,-1.1867293151668
"Isla Hermite","HER42PB","HER42PB_1E",174,194.9,196.1,195.5,-2.06343988187432,-0.103171994093716,-1.10608182137112,-0.0553040910685562,-1.09286786177049,-2.13120393631461,-0.0545317872263835,-1.16391154353128,-2.41065494410462,0.082831857042065
"Isla Hermite","HER42PB","HER42PB_1E",179,202.5,203.6,203,-4.73638416237796,-0.236819208118898,-1.22069652416704,-0.061034826208352,-1.57788445872148,-2.61647298746745,-0.539295929975507,-1.5242692112076,-2.31909713244571,-0.729441289969499
"Isla Hermite","HER42PB","HER42PB_1F",184,201.4,202.5,202,-3.08606460014124,-0.154303230007062,-1.73614391734169,-0.0868071958670846,-1.27842727070749,-2.3159871676748,-0.240867373740184,-1.30177848713752,-2.37512327559198,-0.228433698683061
"Isla Hermite","HER42PB","HER42PB_1F",189,208.1,209.3,208.7,-3.10720022442274,-0.155360011221137,-1.79261652055353,-0.0896308260276764,-1.28226241558433,-2.31981767785773,-0.244707153310928,-1.30462792336652,-2.3743937891215,-0.234862057611547
"Isla Hermite","HER42PB","HER42PB_1F",191,210.9,212.2,211.5,-3.30682012894021,-0.16534100644701,-1.74679538601789,-0.0873397693008947,-1.3184842580967,-2.35601854568083,-0.280949970512567,-1.33154003064028,-2.36751573540143,-0.295564325879121
"Isla Hermite","HER42PB","HER42PB_1F",197,219.3,220.5,219.9,-6.53141867410306,-0.326570933705153,-1.10556074887851,-0.0552780374439255,-1.90360076213893,-2.94649513924937,-0.860706385028501,-1.76626993481486,-2.26280796781375,-1.26973190181598
"Isla Hermite","HER42PB","HER42PB_1F",200,223.4,224.6,224,-3.61629902927361,-0.180814951463681,-1.34974221388115,-0.0674871106940574,-1.374640461637,-2.4122237456132,-0.337057177660792,-1.37326297096965,-2.35689819794174,-0.389627743997556
"Isla Hermite","HER42PB","HER42PB_1F",205,230.3,231.5,230.9,-3.75137244598585,-0.187568622299293,-1.34252874689231,-0.0671264373446156,-1.39915008175522,-2.4367858142731,-0.36151434923733,-1.39147313036823,-2.35228355788468,-0.430662702851767
"Isla Hermite","HER42PB","HER42PB_1F",209,235.8,236.9,236.4,-4.66635528157123,-0.233317764078562,-1.91593829593409,-0.0957969147967047,-1.56517743384823,-2.60366513271994,-0.52668973497652,-1.5148281449117,-2.32142354026627,-0.708232749557124
"Isla Hermite","HER42PB","HER42PB_1F",211,238.4,239.5,239,-3.40742853104042,-0.170371426552021,-1.9300272041319,-0.096501360206595,-1.33674006131985,-2.37427940522562,-0.299200717414075,-1.34510372869187,-2.36405767155845,-0.32614978582528
"Isla Hermite","HER42PB","HER42PB_1F",213,241.1,242.3,241.7,-6.56742980683064,-0.328371490341532,-1.81841961369507,-0.0909209806847535,-1.91013512844626,-2.95314964180571,-0.867120615086805,-1.77112483878527,-2.26178696623386,-1.28046271133669
"Isla Hermite","HER42PB","HER42PB_1G",224,246.9,248.1,247.5,-3.48766969271332,-0.174383484635666,-1.57618635298677,-0.0788093176493386,-1.35130014603761,-2.38885103053264,-0.313749261542577,-1.3559215815304,-2.36130399269853,-0.350539170362274
"Isla Hermite","HER42PB","HER42PB_1G",231,256.4,257.6,257,-6.04438503887744,-0.302219251943872,-1.68398146074557,-0.0841990730372785,-1.81522653074145,-2.85662607658685,-0.773826984896058,-1.70060964172534,-2.27719134083021,-1.12402794262048
"Isla Hermite","HER42PB","HER42PB_1G",232,257.7,258.9,258.3,-3.9165788190946,-0.19582894095473,-1.62170257972682,-0.081085128986341,-1.42912744920888,-2.46685298897322,-0.391401909444538,-1.41374571709327,-2.34665728308751,-0.480834151099039
"Isla Hermite","HER42PB","HER42PB_1G",236,263.2,264.4,263.8,-3.26571059947952,-0.163285529973976,-1.16706974645294,-0.0583534873226468,-1.31102476699293,-2.34856000273856,-0.273489531247304,-1.32599777737904,-2.36893040899619,-0.283065145761896
"Isla Hermite","HER42PB","HER42PB_1G",240,268.6,269.8,269.2,-5.92812031709636,-0.296406015854818,-1.72331080321177,-0.0861655401605887,-1.79412982471768,-2.83520837415626,-0.7530512752791,-1.68493520949731,-2.28075528795409,-1.08911513104052
"Isla Hermite","HER42PB","HER42PB_1G",245,275.2,276.4,275.8,-5.88597796317612,-0.294298898158806,-1.22930821361023,-0.0614654106805113,-1.78648292342049,-2.82744853963969,-0.745517307201295,-1.67925371419647,-2.28205732123656,-1.07645010715638
"Isla Hermite","HER42PB","HER42PB_1G",253,285.8,286.9,286.3,-3.43832999083177,-0.171916499541588,-1.76869607822841,-0.0884348039114207,-1.34234725671787,-2.37989025617996,-0.304804257255787,-1.34926976315036,-2.36299674450964,-0.335542781791079
"Isla Hermite","HER42PB","HER42PB_1H",260,285,286.2,285.6,-3.45092468553551,-0.172546234276775,-1.46842530176743,-0.0734212650883716,-1.34463261523036,-2.38217738803398,-0.307087842426738,-1.35096773898982,-2.36256450215658,-0.339370975823064
"Isla Hermite","HER42PB","HER42PB_1H",264,290.3,291.5,290.9,-6.06653518620639,-0.30332675931032,-1.74370105462969,-0.0871850527314846,-1.81924576494615,-2.8607080343852,-0.777783495507103,-1.703595852657,-2.27651729139121,-1.13067441392279
"Isla Hermite","HER42PB","HER42PB_1H",269,297,298.2,297.6,-5.04730571243785,-0.252365285621893,-1.69295989719597,-0.0846479948597986,-1.63430243691456,-2.67339971343995,-0.595205160389167,-1.56618664488818,-2.30884692177881,-0.82352636799755
"Isla Hermite","HER42PB","HER42PB_1H",273,302.3,303.5,302.9,-3.7060177788229,-0.185300888941145,-1.34331460537209,-0.0671657302686043,-1.39092029317202,-2.42853630979342,-0.353304276550614,-1.38535856142779,-2.35383164352233,-0.416885479333253
"Isla Hermite","HER42PB","HER42PB_1H",278,309.3,310.6,309.9,-6.38658211497409,-0.319329105748704,-1.76050487016108,-0.088025243508054,-1.87731958017221,-2.91974411858399,-0.834895041760433,-1.74674354026086,-2.2669799066344,-1.22650717388732
"Isla Hermite","HER42PB","HER42PB_1H",281,313.5,314.8,314.2,-6.62600170809412,-0.331300085404706,-1.8565805685981,-0.0928290284299051,-1.92076323784419,-2.96397597320733,-0.877550502481045,-1.77902131230499,-2.26014128654264,-1.29790133806733
"Isla Hermite","HER42PB","HER42PB_1H",286,320.5,321.8,321.1,-2.58995843325234,-0.129497921662617,-1.33304911739541,-0.0666524558697707,-1.18840679158792,-2.22620820777469,-0.15060537540115,-1.23489506479164,-2.39230732839074,-0.0774828011925448
"Isla Hermite","HER42PB","HER42PB_1I",301,332.1,333.3,332.7,-3.69061097033949,-0.184530548516974,-1.12070203470706,-0.0560351017353532,-1.38812466519166,-2.42573446861663,-0.350514861766699,-1.38328146554072,-2.35435785056384,-0.412205080517592
"Isla Hermite","HER42PB","HER42PB_1I",303,334.9,336.2,335.6,-6.19515259810443,-0.309757629905221,-0.632247994755619,-0.0316123997377809,-1.84258391676714,-2.8844203147213,-0.800747518812974,-1.72093563445201,-2.27263705511103,-1.16923421379298
"Isla Hermite","HER42PB","HER42PB_1I",312,347.6,348.8,348.2,-3.96952613631301,-0.198476306815651,-1.65025649526691,-0.0825128247633455,-1.43873495498529,-2.4764952503859,-0.400974659584679,-1.42088390245752,-2.34485852563902,-0.496909279276026
"Isla Hermite","HER42PB","HER42PB_1I",317,354.3,355.4,354.9,-5.21954701674223,-0.260977350837111,-1.89624252610233,-0.0948121263051163,-1.66555632120891,-2.70497830098024,-0.626134341437578,-1.58940765819152,-2.30323118679225,-0.875584129590789
"Isla Hermite","HER42PB","HER42PB_1I",320,358.3,359.6,358.9,-4.5709041819098,-0.22854520909549,-1.77579853132788,-0.0887899265663941,-1.54785744410108,-2.58621585925982,-0.509499028942346,-1.50195973762689,-2.32460398011897,-0.679315495134804
"Isla Hermite","HER42PB","HER42PB_1I",322,361,362.2,361.6,-3.76048686343427,-0.188024343171714,-1.77245884839042,-0.0886229424195209,-1.40080392982316,-2.4384438812065,-0.363163978439814,-1.39270190653012,-2.35197263272581,-0.43343118033442
"Isla Hermite","HER42PB","HER42PB_1J",335,369.7,370.8,370.2,-3.66971919002087,-0.183485959501044,-1.43588136377129,-0.0717940681885645,-1.38433376679236,-2.42193553732856,-0.346731996256161,-1.38046490356292,-2.35507165448547,-0.405858152640379
"Isla Hermite","HER42PB","HER42PB_1J",340,376.7,377.9,377.3,-4.20525968765965,-0.210262984382982,-1.80196970894089,-0.0900984854470444,-1.48150976540512,-2.51945998174306,-0.443559549067174,-1.45266473431995,-2.33687833383455,-0.568451134805358
"Isla Hermite","HER42PB","HER42PB_1J",342,379.6,380.9,380.3,-3.48928936261226,-0.174464468130613,-1.86194601149698,-0.093097300574849,-1.35159404171972,-2.38914522775738,-0.314042855682059,-1.3561399401664,-2.3612484504153,-0.351031429917491
"Isla Hermite","HER42PB","HER42PB_1J",346,385.3,386.5,385.9,-5.27227735370785,-0.263613867685393,-1.42215672134809,-0.0711078360674047,-1.6751244550371,-2.71465194573332,-0.635596964340867,-1.59651659098272,-2.3015220292042,-0.891511152761237
"Isla Hermite","HER42PB","HER42PB_1J",349,389.6,390.9,390.2,-2.86825534089483,-0.143412767044741,-1.8865851311009,-0.0943292565550449,-1.23890489589607,-2.27653947805806,-0.201270313734081,-1.27241415012801,-2.38265379725724,-0.162174502998791
"Isla Hermite","HER42PB","HER42PB_1J",352,394,395.2,394.6,-6.56644334210224,-0.328322167105112,-1.98483493391307,-0.0992417466956535,-1.90995613041436,-2.95296733524474,-0.866944925583987,-1.77099184681407,-2.26181484332633,-1.28016885030181
"Isla Hermite","HER42PB","HER42PB_1J",353,395.4,396.6,396,-6.6505287600022,-0.33252643800011,-1.89406101553916,-0.0947030507769579,-1.92521377103954,-2.96851054959366,-0.881916992485414,-1.78232796979315,-2.2594578891906,-1.3051980503957
"Kerguelen","KER1","CAT1-S1-1A",1,0,1.4,0.7,-1.24543209498674,-0.062271604749337,-1.45146465282921,-0.0725732326414605,-0.944437026167419,-1.98417119044834,0.0952971381135076,-1.05363039013277,-2.43933437113494,0.332073590869396
"Kerguelen","KER1","CAT1-S1-1A",3,3.1,4.7,3.9,-2.69538939456591,-0.134769469728296,-1.57338809024046,-0.0786694045120231,-1.20753766776913,-2.24526645549603,-0.169808880042224,-1.24910892461542,-2.38864620812829,-0.109571641102541
"Kerguelen","KER1","CAT1-S1-1A",5,6.4,7.8,7.1,-2.58134090707753,-0.129067045353876,-1.56969483906176,-0.078484741953088,-1.1868431064599,-2.2246509671505,-0.149035245769304,-1.23373327789764,-2.39260677816443,-0.0748597776308462
"Kerguelen","KER1","CAT1-S1-1A",7,9.3,10.6,9.9,-3.83049180001504,-0.191524590000752,-1.60877238103523,-0.0804386190517614,-1.41350660991935,-2.45118182973667,-0.375831390102024,-1.40213974474323,-2.34958652510417,-0.454692964382294
"Kerguelen","KER1","CAT1-S1-1A",8,10.7,12,11.4,-3.29253744106546,-0.164626872053273,-1.58925194956544,-0.0794625974782722,-1.31589260636686,-2.35342702513242,-0.27835818760131,-1.32961448504315,-2.36800712739126,-0.291221842695043
"Kerguelen","KER1","CAT1-S1-1A",9,12.1,13.6,12.8,-2.70829789338548,-0.135414894669274,-1.59907171196901,-0.0799535855984505,-1.20987996731307,-2.24760065258288,-0.172159282043264,-1.25084920650672,-2.38819827944222,-0.113500133571219
"Kerguelen","KER1","CAT1-S1-1A",11,15.1,16.5,15.8,-2.67816354561839,-0.13390817728092,-1.42372463050638,-0.0711862315253188,-1.20441196750779,-2.24215183603735,-0.166672098978228,-1.24678659160019,-2.38924406119329,-0.104329122007085
"Kerguelen","KER1","CAT1-S1-1A",13,18,19.4,18.7,-3.2305867931502,-0.16152933965751,-1.09171011558394,-0.054585505779197,-1.30465140966481,-2.34218884084771,-0.267113978481914,-1.32126249987211,-2.37013984861674,-0.27238515112748
"Kerguelen","KER1","CAT1-S1-1A",17,24,25.5,24.7,-5.03725204454436,-0.251862602227218,-1.58440631684234,-0.0792203158421172,-1.63247815803821,-2.67155742541637,-0.593398890660049,-1.56483124203145,-2.30917618184761,-0.820486302215277
"Kerguelen","KER1","CAT1-S1-1A",20,28.6,30,29.3,-3.62140788827326,-0.181070394413663,-1.43545750039201,-0.0717728750196003,-1.3755674848542,-2.41315240912346,-0.337982560584938,-1.37395173074927,-2.35672343271229,-0.391180028786257
"Kerguelen","KER1","CAT1-S1-1A",23,33,34.4,33.7,-2.17139109647965,-0.108569554823983,-1.50774677189789,-0.0753873385948943,-1.11245604814853,-2.15065916266311,-0.0742529336339419,-1.17846517571948,-2.40688508736624,0.0499547359272854
"Kerguelen","KER1","CAT1-S1-1A",25,35.9,37.2,36.6,-2.28009773031616,-0.114004886515808,-1.39180085387924,-0.069590042693962,-1.1321813084145,-2.17026269429559,-0.0940999225334125,-1.19312065107525,-2.40309287654636,0.0168515743958588
"Kerguelen","KER1","CAT1-S1-1A",26,37.3,38.7,38,-2.43871987724904,-0.121935993862452,-1.42837050410524,-0.071418525205262,-1.16096394128403,-2.19888960903732,-0.123038273530744,-1.21450557380913,-2.39756701211258,-0.0314441355056889
"Kerguelen","KER1","CAT1-S1-1A",27,38.8,40.1,39.4,-3.00648346726627,-0.150324173363314,-1.40094600841771,-0.0700473004208855,-1.26398695089609,-2.30156844519832,-0.226405456593864,-1.29104961723812,-2.37787201706848,-0.204227217407773
"Kerguelen","KER1","CAT1-S1-1A",28,40.2,41.6,40.9,-2.53018665372111,-0.126509332686055,-1.3838092858138,-0.0691904642906899,-1.17756095940451,-2.21540865575921,-0.139713263049813,-1.2268368275804,-2.39438495205425,-0.0592887031065523
"Kerguelen","KER1","CAT1-S1-1B",36,45.1,46.2,45.6,-2.86166021325641,-0.143083010662821,-1.38789079900368,-0.0693945399501838,-1.23770818319728,-2.27534579232829,-0.200070574066262,-1.27152501643707,-2.38288217076339,-0.160167862110756
"Kerguelen","KER1","CAT1-S1-1B",40,50.7,52.1,51.4,-1.93981267134908,-0.0969906335674542,-1.33303396011053,-0.0666516980055267,-1.07043520225834,-2.1089383220695,-0.0319320824471825,-1.14724452447998,-2.41497690728992,0.120487858329952
"Kerguelen","KER1","CAT1-S1-1B",41,52.3,53.6,53,-2.5304103684989,-0.126520518424945,-1.65015358634689,-0.0825076793173446,-1.17760155335965,-2.21544906960972,-0.139754037109589,-1.22686698808024,-2.39437717321588,-0.059356802944605
"Kerguelen","KER1","CAT1-S1-1B",46,59.9,61.2,60.5,-2.83545486843654,-0.141772743421827,-1.71012006855056,-0.0855060034275278,-1.23295311693601,-2.27060319812223,-0.1953030357498,-1.26799209694869,-2.38378979701268,-0.152194396884704
"Kerguelen","KER1","CAT1-S1-1B",49,64.4,65.8,65.1,-2.00370718243354,-0.100185359121677,-1.00811936912261,-0.0504059684561304,-1.08202912082824,-2.12044393669063,-0.0436143049658491,-1.15585857497092,-2.41274256930727,0.101025419365428
"Kerguelen","KER1","CAT1-S1-1B",51,67.6,68.9,68.3,-2.86572330468613,-0.143286165234306,-1.81886189548357,-0.0909430947741784,-1.2384454476411,-2.27608118661184,-0.200809708670365,-1.27207278922899,-2.38274147324062,-0.161404105217356
"Kerguelen","KER1","CAT1-S1-1B",57,76.5,77.9,77.2,-6.02300954972167,-0.301150477486083,-1.67524694722984,-0.0837623473614922,-1.81134786140887,-2.85268735331469,-0.770008369503054,-1.69772786769294,-2.27784335483771,-1.11761238054817
"Kerguelen","KER1","CAT1-S1-1C",69,86.1,87.5,86.8,-6.04071727473229,-0.302035863736615,-1.56329657327097,-0.0781648286635484,-1.8145610000392,-2.85595020815447,-0.773171791923925,-1.70011516567413,-2.27730311162487,-1.12292721972339
"Kerguelen","KER1","CAT1-S1-1C",73,92.4,93.7,93.1,-4.21528789196224,-0.210764394598112,-1.58328074313017,-0.0791640371565087,-1.48332942380947,-2.52128899327712,-0.445369854341812,-1.45401670425805,-2.33653993605694,-0.571493472459169
"Kerguelen","KER1","CAT1-S1-1C",80,103.1,104.5,103.8,-2.10185590338116,-0.105092795169058,-1.44032071318607,-0.0720160356593037,-1.09983860491525,-2.13812598458322,-0.0615512252472881,-1.16909066679718,-2.4093129397959,0.0711316062015404
"Kerguelen","KER1","CAT1-S1-1C",86,112.2,113.6,112.9,-5.81969603514579,-0.290984801757289,-1.32199882173509,-0.0660999410867547,-1.7744557983483,-2.81524747379336,-0.733664122903235,-1.67031779990588,-2.28411550048499,-1.05652009932677
"Kerguelen","KER1","CAT1-S1-1C",93,122.9,124.1,123.5,-5.76786844575054,-0.288393422287527,-1.31129274753153,-0.0655646373765767,-1.76505147173363,-2.80571027558407,-0.724392667883196,-1.6633305726105,-2.28573326650123,-1.04092787871978
"Kerguelen","KER1","CAT1-S1-1D",105,130.3,131.4,130.8,-5.86265483382877,-0.293132741691439,-1.21828999261126,-0.0609144996305629,-1.78225084686401,-2.82315474382507,-0.74134694990295,-1.67610936563828,-2.28278013439525,-1.06943859688131
"Kerguelen","KER1","CAT1-S1-1D",108,134.6,135.8,135.2,-5.01772986403729,-0.250886493201864,-1.73423059345738,-0.0867115296728692,-1.6289357790879,-2.66798037376205,-0.58989118441376,-1.56219932505256,-2.30981598062055,-0.814582669484566
"Kerguelen","KER1","CAT1-S1-1D",110,137.6,138.8,138.2,-2.75418123646553,-0.137709061823276,-1.52575644791123,-0.0762878223955617,-1.21820568628886,-2.25589896626084,-0.180512406316881,-1.25703504981745,-2.3866066977769,-0.127463401858003
"Kerguelen","KER1","CAT1-S1-1D",114,143.4,144.6,144,-3.50274968866016,-0.175137484433008,-1.81643802122526,-0.090821901061263,-1.35403647255572,-2.39159026958752,-0.31648267552392,-1.3579546176126,-2.36078692769321,-0.355122307531982
"Kerguelen","KER1","CAT1-S1-1D",117,147.8,148.9,148.4,-3.27144480440818,-0.163572240220409,-1.44458283024596,-0.0722291415122982,-1.31206526176905,-2.34960026030956,-0.274530263228536,-1.32677084426605,-2.36873302471276,-0.284808663819339
"Kerguelen","KER1","CAT1-S1-1D",119,150.7,151.8,151.3,-3.20171744137027,-0.160085872068514,-0.658460180492602,-0.0329230090246301,-1.29941294851969,-2.33695314001932,-0.261872757020064,-1.31737042761657,-2.37113443250619,-0.263606422726959
"Kerguelen","KER1","CAT1-S1-1D",123,156.5,157.7,157.1,-2.34814892318104,-0.117407446159052,-1.438966087512,-0.0719483043756001,-1.14452947377751,-2.18254086981921,-0.106518077735823,-1.20229509190525,-2.40072106262582,-0.0038691211846853
"Kerguelen","KER1","CAT1-S1-1D",124,158,159.2,158.6,-5.73240285569582,-0.286620142784791,-1.53178730192299,-0.0765893650961493,-1.75861609636024,-2.79918556356063,-0.718046629159855,-1.65854921693164,-2.28684438918296,-1.03025404468031
"Kerguelen","KER1","CAT1-S1-1E",132,161.5,162.7,162.1,-5.76833812959905,-0.288416906479953,-1.51485831752901,-0.0757429158764506,-1.76513669777576,-2.80579669339905,-0.72447670215247,-1.66339389386169,-2.2857185734674,-1.04106921425598
"Kerguelen","KER1","CAT1-S1-1E",137,168.8,170,169.4,-6.14460441015323,-0.307230220507662,-1.23960605442848,-0.0619803027214239,-1.83341174274131,-2.87509908615366,-0.791724399328958,-1.71412089190454,-2.27415497169254,-1.15408681211654
"Kerguelen","KER1","CAT1-S1-1E",144,179,180.2,179.6,-6.02438009604721,-0.301219004802361,-1.36947371312049,-0.0684736856560245,-1.81159655260667,-2.85293988100097,-0.770253224212375,-1.69791264029779,-2.27780150444289,-1.11802377615269
"Kerguelen","KER1","CAT1-S1-1E",145,180.4,181.6,181,-2.89369505986283,-0.144684752993142,-1.23754215553776,-0.0618771077768882,-1.24352103623661,-2.28114436384101,-0.205897708632211,-1.27584385042537,-2.38177306980442,-0.169914631046316
"Kerguelen","KER1","CAT1-S1-1E",146,181.9,183,182.4,-2.12911871930441,-0.10645593596522,-0.747663654511989,-0.0373831827255995,-1.10478555360358,-2.14303930021563,-0.0665318069915208,-1.17276615110564,-2.40836085240224,0.0628285501909522
"Kerguelen","KER1","CAT1-S1-1E",147,183.3,184.4,183.8,-1.73230677182068,-0.0866153385910342,-0.866025770362888,-0.0433012885181444,-1.03278241391905,-2.07160136243627,0.00603653459816322,-1.11926925296813,-2.42224181006743,0.183703304131158
"Kerguelen","KER1","CAT1-S1-1E",151,189,190.3,189.7,-5.8062310980919,-0.290311554904595,-1.71962852926282,-0.0859814264631409,-1.77201253082654,-2.81276942110599,-0.731255640547077,-1.66850250081883,-2.28453510476364,-1.05246989687401
"Kerguelen","KER1","CAT1-S1-1E",157,198.4,199.7,199,-3.91617581922165,-0.195808790961082,-1.6757481512437,-0.0837874075621852,-1.42905432324498,-2.46677960958969,-0.39132903690028,-1.41369138595912,-2.34667098250634,-0.480711789411898
"Kerguelen","KER1","CAT1-S1-1E",161,204.5,205.8,205.2,-4.00770799743769,-0.200385399871885,-1.94981503405299,-0.0974907517026495,-1.44566320877757,-2.48345036653609,-0.407876051019044,-1.42603145698112,-2.34356278274696,-0.508500131215275
"Kerguelen","KER1","CAT1-S1-1F",170,210.3,211.7,211,-5.96623419978492,-0.298311709989246,-1.88149931940031,-0.0940749659700156,-1.8010457435466,-2.8422279971994,-0.75986348989381,-1.69007359938891,-2.27958229566366,-1.10056490311415
"Kerguelen","KER1","CAT1-S1-1F",177,220.9,222.2,221.6,-5.95953954722686,-0.297976977361343,-1.78283616212814,-0.0891418081064073,-1.79983097164688,-2.84099490209436,-0.758667041199399,-1.6891710480715,-2.27978800896271,-1.09855408718029
"Kerguelen","KER1","CAT1-S1-1F",179,224,225.4,224.7,-5.98704890345315,-0.299352445172657,-1.89888859592641,-0.0949444297963207,-1.80482265607461,-2.84606217252544,-0.763583139623786,-1.69287977014299,-2.27894359042276,-1.10681594986323
"Kerguelen","KER1","CAT1-S1-1F",180,225.6,226.8,226.2,-2.83704900908722,-0.141852450454361,-1.43014702340306,-0.0715073511701532,-1.23324238023233,-2.27089168241817,-0.19559307804649,-1.26820701381434,-2.38373457471442,-0.152679452914267
"Kerguelen","KER1","CAT1-S1-1F",185,233.2,234.5,233.8,-1.79034076688035,-0.0895170383440173,-1.28026570403547,-0.0640132852017733,-1.04331291805138,-2.08203906436049,-0.00458677174226318,-1.12709320772027,-2.42020871939075,0.166022303950208
"Kerguelen","KER1","CAT1-S1-1F",186,234.7,235.9,235.3,-3.42335964496795,-0.171167982248397,-1.37674322522289,-0.0688371612611445,-1.33963082665272,-2.37717193177527,-0.302089721530166,-1.34725150973627,-2.36351064322957,-0.330992376242968
"Kerguelen","KER1","CAT1-S1-1F",188,237.8,239.1,238.4,-4.2712716661782,-0.21356358330891,-2.1354739104039,-0.106773695520195,-1.49348790704189,-2.53150160118593,-0.455474212897846,-1.46156425489401,-2.33465250428117,-0.588476005506844
"Kerguelen","KER1","CAT1-S1-1F",191,242.3,243.6,242.9,-4.10374898024885,-0.205187449012442,-1.664976122282,-0.0832488061141,-1.46309023521828,-2.50095162569755,-0.425228844739012,-1.43897939039657,-2.34030887245423,-0.537649908338908
"Kerguelen","KER3","CAT2-S3-1A",6,7.9,9.1,8.5,-3.95092126502264,-0.197546063251132,-1.14812946578337,-0.0574064732891684,-1.43535902551838,-2.47310677795236,-0.397611273084393,-1.41837565412832,-2.34549032799078,-0.491260980265867
"Kerguelen","KER3","CAT2-S3-1A",9,12.3,13.5,12.9,-5.76065604415003,-0.288032802207502,-1.26695597966063,-0.0633477989830316,-1.76374275216711,-2.80438328372405,-0.723102220610173,-1.66235822004855,-2.28595896341155,-1.03875747668555
"Kerguelen","KER3","CAT2-S3-1A",13,18.1,19.3,18.7,-5.69362171668955,-0.284681085834477,-1.4785793063579,-0.0739289653178952,-1.75157910116214,-2.792052356694,-0.711105845630275,-1.65332086971016,-2.28806306178025,-1.01857867764006
"Kerguelen","KER3","CAT2-S3-1A",15,21,22.1,21.6,-4.27064351055926,-0.213532175527963,-1.57594632322961,-0.0787973161614806,-1.49337392565332,-2.5313869945351,-0.455360856771547,-1.46147956899336,-2.3346736654882,-0.588285472498521
"Kerguelen","KER3","CAT2-S3-1A",20,28.2,29.4,28.8,-5.7310334606009,-0.286551673030045,-1.63278061444576,-0.0816390307222881,-1.75836761405791,-2.79893365766489,-0.717801570450931,-1.65836459953196,-2.28688735679918,-1.02984184226474
"Kerguelen","KER3","CAT2-S3-1A",21,29.6,30.7,30.2,-4.34419398025426,-0.217209699012713,-1.80009912715426,-0.090004956357713,-1.50671995713472,-2.54480900861218,-0.468630905657259,-1.47139540446704,-2.33219849817193,-0.610592310762142
"Kerguelen","KER3","CAT2-S3-1A",22,31,32.1,31.6,-6.09144997771437,-0.304572498885719,-1.60627557971949,-0.0803137789859743,-1.82376665506686,-2.86530007671191,-0.782233233421818,-1.70695478393886,-2.27576108841676,-1.13814847946096
"Kerguelen","KER3","CAT2-S3-1A",27,38.2,39.3,38.7,-3.13056529903745,-0.156528264951872,-1.68691601352581,-0.0843458006762903,-1.28650210327995,-2.32405277989622,-0.248951426663682,-1.30777792684944,-2.37358762335663,-0.241968230342253
"Kerguelen","KER3","CAT2-S3-1A",28,39.5,40.7,40.1,-2.87133014968874,-0.143566507484437,-1.45691435766742,-0.0728457178833712,-1.23946283244132,-2.27709601873562,-0.201829646147007,-1.27282868586436,-2.38254733085781,-0.16311004087091
"Kerguelen","KER3","CAT2-S3-1A",32,45.1,47,46.1,-5.21497245898805,-0.260748622949402,-1.69405546586396,-0.084702773293198,-1.66472624912298,-2.70413921029736,-0.6253132879486,-1.58879093117069,-2.30337969367141,-0.874202168669974
"Kerguelen","KER3","CAT2-S3-1B",38,46.4,47.6,47,-4.88527024629592,-0.244263512314796,-1.73025732807571,-0.0865128664037855,-1.60490044340996,-2.64372015308994,-0.566080733729972,-1.54434154954308,-2.31417195637157,-0.774511142714585
"Kerguelen","KER3","CAT2-S3-1B",42,51.6,52.7,52.2,-4.97864512920691,-0.248932256460346,-1.80611331972964,-0.0903056659864822,-1.62184369519434,-2.66082005275874,-0.582867337629933,-1.55693004802798,-2.31109863050101,-0.802761465554956
"Kerguelen","KER3","CAT2-S3-1B",45,55.3,56.5,55.9,-2.7630461354978,-0.13815230677489,-1.77321334436269,-0.0886606672181347,-1.21981425822667,-2.25750249433624,-0.182126022117107,-1.25823018671677,-2.38629930206995,-0.130161071363595
"Kerguelen","KER3","CAT2-S3-1B",47,58.1,59.3,58.7,-5.79344532619572,-0.289672266309786,-1.09788031423129,-0.0548940157115645,-1.76969250058135,-2.81041653228512,-0.728968468877574,-1.66677876457279,-2.28493399932685,-1.04862352981872
"Kerguelen","KER3","CAT2-S3-1B",52,64.6,65.7,65.1,-3.8184334815252,-0.19092167407626,-0.653024926820744,-0.0326512463410372,-1.41131857904958,-2.44898736251492,-0.373649795584249,-1.40051408140308,-2.34999727452942,-0.451030888276737
"Kerguelen","KER3","CAT2-S3-1B",55,68.3,69.4,68.9,-2.25891815695129,-0.112945907847565,-0.760442233686232,-0.0380221116843116,-1.12833818879797,-2.16644233389676,-0.0902340436991762,-1.19026528977355,-2.40383139645297,0.0233008169058664
"Kerguelen","KER3","CAT2-S3-1B",56,69.5,70.7,70.1,-3.05383361762457,-0.152691680881229,-0.522594204700463,-0.0261297102350232,-1.27257882801056,-2.31014668255429,-0.235010973466821,-1.29743321074275,-2.3762361532329,-0.21863026825259
"Kerguelen","KER3","CAT2-S3-1B",62,77.2,78.2,77.7,-5.78059444791055,-0.289029722395528,-1.4817491226893,-0.0740874561344651,-1.76736065651742,-2.80805183121625,-0.726669481818585,-1.66504625089481,-2.28533536697626,-1.04475713481336
"Kerguelen","KER3","CAT2-S3-1B",65,80.8,81.9,81.4,-5.53383602216231,-0.276691801108115,-1.65836964611574,-0.0829184823057869,-1.72258533785539,-2.76267846428298,-0.682492211427796,-1.63177908126815,-2.29312233835269,-0.970435824183616
"Kerguelen","KER3","CAT2-S3-1B",68,84.5,85.6,85.1,-6.01558659496835,-0.300779329748418,-1.89173785905338,-0.0945868929526692,-1.81000093611752,-2.85131968279233,-0.768682189442716,-1.69672712903869,-2.27807012463466,-1.11538413344271
"Kerguelen","KER3","CAT2-S3-1C",78,89.2,90.2,89.7,-4.46647954523747,-0.223323977261874,-2.00148997415643,-0.100074498707821,-1.52890916961363,-2.56713691996341,-0.49068141926385,-1.48788154722327,-2.32809527983434,-0.647667814612194
"Kerguelen","KER3","CAT2-S3-1C",83,95.7,96.8,96.2,-4.0413331159845,-0.202066655799225,-1.52905359958175,-0.0764526799790877,-1.45176462312002,-2.48957668570996,-0.413952560530083,-1.43056468626811,-2.34242266737944,-0.518706705156777
"Kerguelen","KER3","CAT2-S3-1C",85,98.3,99.3,98.8,-5.1711781126229,-0.258558905631145,-1.86916176577383,-0.0934580882886913,-1.65677958708642,-2.69610729918649,-0.61745187498635,-1.58288671961317,-2.30480324079922,-0.860970198427132
"Kerguelen","KER3","CAT2-S3-1C",89,103.5,104.7,104.1,-3.75731902189602,-0.187865951094801,1.18267684448766,0.0591338422243832,-1.40022911210856,-2.43786758742365,-0.362590636793476,-1.3922748284213,-2.35208069230833,-0.43246896453427
"Kerguelen","KER3","CAT2-S3-1C",91,106.1,107.2,106.7,-3.39252189145706,-0.169626094572853,-1.85882374485603,-0.0929411872428016,-1.33403519101805,-2.3715731247937,-0.296497257242401,-1.34309406395163,-2.36456966008649,-0.32161846781677
"Kerguelen","KER3","CAT2-S3-1C",96,112.8,113.9,113.3,-6.35602615611579,-0.31780130780579,-1.61060994791108,-0.0805304973955538,-1.87177507732188,-2.91410322752424,-0.82944692711952,-1.74262408511617,-2.26787256913873,-1.21737560109361
"Kerguelen","KER3","CAT2-S3-1C",101,118.9,119.9,119.4,-6.23945131320384,-0.311972565660192,-1.75757139173812,-0.0878785695869058,-1.85062209855923,-2.89259126988694,-0.808652927231516,-1.72690784336437,-2.2713147182643,-1.18250096846444
"Kerguelen","KER3","CAT2-S3-1D",110,122.4,123.5,123,-5.8204654982071,-0.291023274910355,-1.82405564906369,-0.0912027824531843,-1.77459542054626,-2.81538908942737,-0.733801751665149,-1.67042153641702,-2.28409153686502,-1.05675153596903
"Kerguelen","KER3","CAT2-S3-1D",115,128.9,130,129.5,-3.45529553025107,-0.172764776512553,-1.12809322006259,-0.0564046610031295,-1.34542572275797,-2.38297114934393,-0.307880296171999,-1.35155700208033,-2.3624145200557,-0.340699484104953
"Kerguelen","KER3","CAT2-S3-1D",117,131.4,132.4,131.9,-6.11602197259911,-0.305801098629956,-1.75880464570698,-0.0879402322853489,-1.82822534334788,-2.86982956014122,-0.786621126554546,-1.71026750049319,-2.27501738308835,-1.14551761789803
"Kerguelen","KER3","CAT2-S3-1D",121,136.5,137.6,137.1,-4.47371133434132,-0.223685566717066,-1.93514993422164,-0.0967574967110818,-1.53022140712138,-2.56845784361014,-0.491984970632625,-1.48885651354546,-2.32785311053213,-0.649859916558798
"Kerguelen","KER3","CAT2-S3-1D",124,140.5,141.6,141,-5.91259282557528,-0.295629641278764,-1.75630872142858,-0.0878154360714292,-1.79131229830994,-2.83234902545713,-0.750275571162752,-1.68284184351501,-2.28123441729257,-1.08444926973744
"Kerguelen","KER3","CAT2-S3-1D",130,148.3,149.4,148.9,-6.09977339159371,-0.304988669579686,-1.94701281671157,-0.0973506408355787,-1.82527697232421,-2.8668343056561,-0.783719638992324,-1.7080769195683,-2.27550893374818,-1.14064490538843
"Kerguelen","KER3","CAT2-S3-1D",133,152.3,153.4,152.8,-6.35664440661993,-0.317832220330997,-1.91459675243058,-0.0957298376215291,-1.87188726138713,-2.91421735240557,-0.829557170368702,-1.74270743564141,-2.26785446669003,-1.21756040459279
"Kerguelen","KER3","CAT2-S3-1D",134,153.6,154.8,154.2,-4.16046328912517,-0.208023164456258,-1.87319523948018,-0.093659761974009,-1.47338127693219,-2.5112909816232,-0.43547157224118,-1.44662542934307,-2.33839108865523,-0.554859770030904
"Kerguelen","KER3","CAT2-S3-1D",136,156.4,157.6,157,-6.32950603540658,-0.316475301770329,-1.91840829239998,-0.0959204146199988,-1.86696289369691,-2.90920815903962,-0.824717628354198,-1.73904872856461,-2.26865064231434,-1.20944681481488
"Kerguelen","KER3","CAT2-S3-1D",139,160.4,161.5,160.9,-6.05884461799378,-0.302942230899689,-2.00913245326704,-0.100456622663352,-1.81785028010559,-2.85929071491813,-0.776409845293055,-1.70255903522522,-2.27675113674519,-1.12836693370525
"Kerguelen","KER3","CAT2-S3-1D",141,163,164.1,163.5,-6.10370265572116,-0.305185132786058,-1.90475611977661,-0.0952378059888303,-1.82598995326045,-2.86755859929039,-0.784421307230502,-1.70860665019792,-2.2753899815583,-1.14182331883755
"Kerguelen","KER3","CAT2-S3-1D",142,164.3,165.5,164.9,-5.96849339976345,-0.298424669988172,-1.91132487629647,-0.0955662438148237,-1.80145568455937,-2.842644131979,-0.760267237139739,-1.6903781773934,-2.2795129062048,-1.10124344858199
"Kerguelen","KER3","CAT2-S3-1E",150,166.5,167.5,167,-5.8166978362123,-0.290834891810615,-2.04421063220277,-0.102210531610138,-1.77391176297341,-2.81469567682062,-0.733127849126196,-1.66991359246213,-2.28420888976447,-1.0556182951598
"Kerguelen","KER3","CAT2-S3-1E",152,169.1,170.2,169.6,-5.84740396200644,-0.292370198100322,-1.94029296209279,-0.0970146481046397,-1.77948351422421,-2.82034735470123,-0.738619673747194,-1.67405329262546,-2.28325361469568,-1.06485297055523
"Kerguelen","KER3","CAT2-S3-1E",156,174.6,175.7,175.1,-6.04096642670425,-0.302048321335213,-2.04127734458894,-0.102063867229447,-1.81460620967654,-2.85599611960015,-0.773216299752937,-1.70014875553389,-2.2772955176069,-1.12300199346087
"Kerguelen","KER3","CAT2-S3-1E",158,177.2,178.3,177.8,-3.52582963466044,-0.176291481733022,-1.65820970720578,-0.082910485360289,-1.35822442250609,-2.39578313282205,-0.320665712190125,-1.36106618098166,-2.35999583632895,-0.362136525634365
"Kerguelen","KER3","CAT2-S3-1E",159,178.6,179.6,179.1,-4.6406925218713,-0.232034626093565,-1.66939832096488,-0.0834699160482439,-1.56052082186091,-2.59897283761128,-0.52206880611054,-1.51136837498718,-2.32227757138962,-0.700459178584742
"Kerguelen","KER3","CAT2-S3-1E",163,183.8,184.9,184.3,-4.11011450748284,-0.205505725374142,-0.465454670560132,-0.0232727335280066,-1.46424528599107,-2.50211193353057,-0.426378638451578,-1.4398375701066,-2.34009348301371,-0.539581657199487
"Kerguelen","KER3","CAT2-S3-1E",165,186.4,187.5,187,-5.84918087124256,-0.292459043562128,-1.15947977550603,-0.0579739887753017,-1.77980594162275,-2.82067443689187,-0.738937446353627,-1.67429284975827,-2.28319841486412,-1.06538728465241
"Kerguelen","KER3","CAT2-S3-1E",168,190.4,191.5,190.9,-3.61737256272739,-0.180868628136369,-1.62230419935394,-0.0811152099676968,-1.37483525864278,-2.41241888505563,-0.337251632229926,-1.37340770126365,-2.35686147277557,-0.389953929751728
"Kerguelen","KER3","CAT2-S3-1E",171,194,195,194.5,-2.6702512608905,-0.133512563044525,-1.22090975614001,-0.0610454878070006,-1.20297625130494,-2.24072131238425,-0.165231190225632,-1.24571988306783,-2.3895187131215,-0.101921053014162
"Kerguelen","KER3","CAT2-S3-1E",174,197.7,198.6,198.1,-2.07076347822456,-0.103538173911228,-1.36513145454214,-0.0682565727271069,-1.09419675807602,-2.13252343192663,-0.0558700842254101,-1.16489888700829,-2.41039906813121,0.0806012941146248
"Kerguelen","KER3","CAT2-S3-1E",177,201.6,202.7,202.1,-0.274223780362193,-0.0137111890181096,-0.836850416674977,-0.0418425208337488,-0.76820733252003,-1.81049432548145,0.274079660441393,-0.922695239094004,-2.47359051282841,0.628200034640405
"Kerguelen","KER3","CAT2-S3-1E",181,207,208.1,207.5,-0.532922342349944,-0.0266461171174972,-0.440337155481842,-0.0220168577740921,-0.81514923740245,-1.85666185311035,0.226363378305453,-0.957572139113618,-2.46444774885347,0.549303470626233
"Marion Island","PB1","PB1_1A",4,5,6.3,5.7,-5.88703381977057,-0.294351690988529,-0.553743163954086,-0.0276871581977043,-1.78667451288835,-2.82764293637458,-0.745706089402118,-1.6793960613537,-2.28202463591425,-1.07676748679316
"Marion Island","PB1","PB1_1A",7,9.8,11.1,10.4,-3.75706321534463,-0.187853160767231,-1.01259865549689,-0.0506299327748447,-1.40018269497075,-2.43782105154474,-0.362544338396757,-1.39224034141276,-2.35208941854775,-0.43239126427776
"Marion Island","PB1","PB1_1A",9,12.6,13.8,13.2,-4.13068963506556,-0.206534481753278,-1.11283554343513,-0.0556417771717567,-1.46797872646523,-2.50586265277154,-0.430094800158923,-1.44261144199085,-2.33939752667693,-0.545825357304764
"Marion Island","PB1","PB1_1A",14,19.4,20.7,20.1,-2.58995076175662,-0.129497538087831,-1.44350626457679,-0.0721753132288394,-1.18840539956386,-2.22620682145351,-0.150603977674209,-1.2348940305455,-2.3923075949535,-0.0774804661375115
"Marion Island","PB1","PB1_1A",16,22.3,23.5,22.9,-2.75807101909444,-0.137903550954722,-1.46371410256078,-0.0731857051280389,-1.21891150314682,-2.25660255994097,-0.181220446352662,-1.25755945767965,-2.38647181296213,-0.128647102397179
"Marion Island","PB1","PB1_1A",17,23.7,24.9,24.3,-2.6475332104361,-0.132376660521805,-1.41306886676384,-0.0706534433381918,-1.19885396877136,-2.23661429869668,-0.161093638846038,-1.24265710928103,-2.3903074511036,-0.0950067674584607
"Marion Island","PB1","PB1_1A",22,30.4,31.6,31,-5.99702256559637,-0.299851128279819,-1.74386804497906,-0.0871934022489531,-1.8066324175826,-2.84789952950729,-0.76536530565791,-1.69422438688429,-2.27863802752046,-1.10981074624813
"Marion Island","PB1","PB1_1A",28,38.5,39.8,39.2,-3.10075283470594,-0.155037641735297,-1.75916827779476,-0.0879584138897379,-1.28109251053151,-2.31864913761824,-0.243535883444779,-1.3037587072224,-2.37461629344829,-0.232901120996516
"Marion Island","PB1","PB1_1A",32,44,45.3,44.7,-2.09358024778689,-0.104679012389344,-1.66495148593505,-0.0832475742967525,-1.09833695359272,-2.13663469444497,-0.060039212740473,-1.16797496978464,-2.40960199586652,0.0736520562972491
"Marion Island","PB1","PB1_1B",39,46.4,47.6,47,-1.86155558307769,-0.0930777791538846,-1.76766691070346,-0.0883833455351732,-1.05623513571841,-2.09485214825068,-0.0176181231861403,-1.13669415797429,-2.41771521929526,0.144326903346688
"Marion Island","PB1","PB1_1B",41,49.3,50.5,49.9,-1.98242999581244,-0.0991214997906218,-1.90920857028495,-0.0954604285142476,-1.07816828888987,-2.11661204249954,-0.0397245352801898,-1.15299005376701,-2.41348647181726,0.107506364283241
"Marion Island","PB1","PB1_1B",42,50.6,51.8,51.2,-1.73630140878209,-0.0868150704391046,-1.90139640488118,-0.0950698202440589,-1.03350725702155,-2.07231970642937,0.00530519238627281,-1.11980779695094,-2.42210183576523,0.182486241863361
"Marion Island","PB1","PB1_1B",44,53.3,54.5,53.9,-1.47578565625382,-0.0737892828126912,-1.91170316020513,-0.0955851580102563,-0.98623561553429,-2.0255063462957,0.053035115227121,-1.08468590920386,-2.43123971871904,0.261867900311311
"Marion Island","PB1","PB1_1B",45,54.7,55.8,55.2,-1.66058081755432,-0.0830290408777159,-1.91585686425393,-0.0957928432126965,-1.0197674481732,-2.05870589109628,0.0191709947498786,-1.10959939273954,-2.42475589845025,0.205557112971164
"Marion Island","PB1","PB1_1B",46,56,57.7,56.8,-1.71853374123769,-0.0859266870618846,-1.95506316030461,-0.0977531580152303,-1.03028324157499,-2.06912472438335,0.00855824123337934,-1.117412417712,-2.42272445972676,0.187899624302763
"Marion Island","PB1","PB1_1B",52,64.3,65.4,64.9,-1.4417726126493,-0.0720886306324648,-1.76556690918071,-0.0882783454590357,-0.980063810614398,-2.01939953390152,0.059271912672725,-1.08010038112036,-2.43243410279005,0.272233340549336
"Marion Island","PB1","PB1_1B",54,66.9,68.1,67.5,-2.00302243948604,-0.100151121974302,-1.85398336141263,-0.0926991680706314,-1.08190487143905,-2.12032061130018,-0.0434891315779264,-1.1557662601504,-2.4127665073531,0.10123398705231
"Marion Island","PB1","PB1_1B",57,70.8,72,71.4,-1.82260263154986,-0.0911301315774929,-1.72236125133231,-0.0861180625666156,-1.04916696444038,-2.08784302271708,-0.010490906163684,-1.1314426475466,-2.41907892281612,0.15619362772291
"Marion Island","PB1","PB1_1B",62,77.7,78.9,78.3,-1.77805721938669,-0.0889028609693343,-1.72126071715185,-0.0860630358575923,-1.04108401846401,-2.07982951767917,-0.00233851924885764,-1.12543717973724,-2.42063896430406,0.169764604829585
"Marion Island","PB1","PB1_1B",64,80.4,81.5,81,-1.99255412837034,-0.0996277064185172,-1.65585660308892,-0.0827928301544459,-1.08000535386579,-2.11843528001828,-0.0415754277133094,-1.15435495644097,-2.41313248943133,0.104422576549385
"Marion Island","PB1","PB1_1B",65,81.7,82.8,82.3,-1.79901829193443,-0.0899509145967214,-1.66084321346981,-0.0830421606734905,-1.04488749021975,-2.08360005874519,-0.00617492169429767,-1.12826308346834,-2.41990480606174,0.163378639125069
"Marion Island","PB1","PB1_1B",66,83,84.1,83.6,-1.75145222533783,-0.0875726112668917,-1.72373324423354,-0.086186662211677,-1.03625643422681,-2.07504438340669,0.00253151495307402,-1.12185038083764,-2.42157098439013,0.177870222714847
"Marion Island","PB1","PB1_1B",67,84.3,85.4,84.9,-2.01115604879003,-0.100557802439501,-1.92896413629209,-0.0964482068146047,-1.08338074788523,-2.12178554344214,-0.0449759523283266,-1.15686280694337,-2.41248217278985,0.0987565589031112
"Marion Island","PB1","PB1_1B",68,85.6,86.6,86.1,-1.26272149391676,-0.0631360746958382,-1.73476960571197,-0.0867384802855984,-0.947574257831217,-1.98727174392457,0.0921232282621387,-1.05596129075026,-2.43872636720943,0.326803785708896
"Marion Island","PB1","PB1_1C",77,89.2,90.3,89.7,-1.17006929090083,-0.0585034645450414,-1.4363780845743,-0.0718189042287151,-0.930762139249258,-1.97065976947297,0.109135490974457,-1.04347022162195,-2.44198542648351,0.3550449832396
"Marion Island","PB1","PB1_1C",79,91.8,92.9,92.4,-1.16103122726747,-0.0580515613633737,-1.28817358502014,-0.0644086792510072,-0.929122145891202,-1.96903977219424,0.110795480411839,-1.04225173923346,-2.44230344967764,0.357799971210722
"Marion Island","PB1","PB1_1C",81,94.5,95.6,95.1,-1.02422236992768,-0.0512111184963839,-1.27760171617021,-0.0638800858085104,-0.904297623021913,-1.9445281789727,0.135932932928869,-1.02380761336521,-2.44711962410298,0.399504397372569
"Marion Island","PB1","PB1_1C",84,98.5,99.6,99.1,-0.660195089980742,-0.0330097544990371,-1.18738712088336,-0.059369356044168,-0.838243394430242,-1.87940015333997,0.202913364479482,-0.974730637638829,-2.45995423817708,0.510492962899424
"Marion Island","PB1","PB1_1C",86,101.2,102.3,101.8,-0.722695668520402,-0.0361347834260201,-1.26861515448123,-0.0634307577240616,-0.84958437827786,-1.89057245621276,0.191403699657038,-0.983156762670784,-2.45774872202116,0.491435196679597
"Marion Island","PB1","PB1_1C",87,102.6,103.7,103.1,-0.702502768413547,-0.0351251384206773,-1.14254952013287,-0.0571274760066433,-0.84592029453177,-1.8869624329652,0.195121843901664,-0.980434421453572,-2.45846120409092,0.497592361183775
"Marion Island","PB1","PB1_1C",88,103.9,105,104.4,-0.518624336759418,-0.0259312168379709,-1.10463216405469,-0.0552316082027345,-0.812554806210867,-1.85410843501922,0.228998822597484,-0.955644528431792,-2.46495274622591,0.553663689362329
