ACE-BI10 ICPMS (ppm) composite dataset,,,,,,,,,,,,,,,,,,,,,,,,,,,,,,,,,,,,,,,,,,,,,,,,,,,,,,,,,,,,,,,,,,
ACE Core collection dates: 21-22/02/2017,,,,,,,,,,,,,,,,,,,,,,,,,,,,,,,,,,,,,,,,,,,,,,,,,,,,,,,,,,,,,,,,,,
Spatial coverage: Sub-Antarctic Islands of Bird Island,,,,,,,,,,,,,,,,,,,,,,,,,,,,,,,,,,,,,,,,,,,,,,,,,,,,,,,,,,,,,,,,,,
"Core location; Site; Latitude; Longitude; Basal age, cal years BP (maximum core depth, cm); Year CE collected",,,,,,,,,,,,,,,,,,,,,,,,,,,,,,,,,,,,,,,,,,,,,,,,,,,,,,,,,,,,,,,,,,
"Bird Island; 	BI10; 	-54.01980; 	-38.06876; 	8410(506); 2017",,,,,,,,,,,,,,,,,,,,,,,,,,,,,,,,,,,,,,,,,,,,,,,,,,,,,,,,,,,,,,,,,,
,,,,,,,,,,,,,,,,,,,,,,,,,,,,,,,,,,,,,,,,,,,,,,,,,,,,,,,,,,,,,,,,,,
Column; Parameter description; Unit; Unit description,,,,,,,,,,,,,,,,,,,,,,,,,,,,,,,,,,,,,,,,,,,,,,,,,,,,,,,,,,,,,,,,,,
[a] Location ; NA; ;,,,,,,,,,,,,,,,,,,,,,,,,,,,,,,,,,,,,,,,,,,,,,,,,,,,,,,,,,,,,,,,,,,
[b] Site name; NA; ;,,,,,,,,,,,,,,,,,,,,,,,,,,,,,,,,,,,,,,,,,,,,,,,,,,,,,,,,,,,,,,,,,,
[c] Section; NA; Core section name;,,,,,,,,,,,,,,,,,,,,,,,,,,,,,,,,,,,,,,,,,,,,,,,,,,,,,,,,,,,,,,,,,,
[d] Sample_ID; ICPMS subsample ID number ; NA;,,,,,,,,,,,,,,,,,,,,,,,,,,,,,,,,,,,,,,,,,,,,,,,,,,,,,,,,,,,,,,,,,,
[e] Sample_thickness; Thickness of the sample slice; cm;,,,,,,,,,,,,,,,,,,,,,,,,,,,,,,,,,,,,,,,,,,,,,,,,,,,,,,,,,,,,,,,,,,
[f] section_depth_top; Minimum section depth of sample; cm;,,,,,,,,,,,,,,,,,,,,,,,,,,,,,,,,,,,,,,,,,,,,,,,,,,,,,,,,,,,,,,,,,,
[g] section_depth_bottom; Maximum section depth of sample; cm;,,,,,,,,,,,,,,,,,,,,,,,,,,,,,,,,,,,,,,,,,,,,,,,,,,,,,,,,,,,,,,,,,,
[h] section_depth_mid; Midpoint section depth of sample; cm;,,,,,,,,,,,,,,,,,,,,,,,,,,,,,,,,,,,,,,,,,,,,,,,,,,,,,,,,,,,,,,,,,,
[i] field_depth_top; Minimum field stratigraphic depth of sample; cm;,,,,,,,,,,,,,,,,,,,,,,,,,,,,,,,,,,,,,,,,,,,,,,,,,,,,,,,,,,,,,,,,,,
[j] field_depth_bottom; Maximum field stratigraphic depth of sample; cm;,,,,,,,,,,,,,,,,,,,,,,,,,,,,,,,,,,,,,,,,,,,,,,,,,,,,,,,,,,,,,,,,,,
[k] field_depth_mid; Midpoint field stratigraphic depth of sample; cm;,,,,,,,,,,,,,,,,,,,,,,,,,,,,,,,,,,,,,,,,,,,,,,,,,,,,,,,,,,,,,,,,,,
[l] strat_depth_top; Minimum stratigraphic (modified) depth of sample; cm;,,,,,,,,,,,,,,,,,,,,,,,,,,,,,,,,,,,,,,,,,,,,,,,,,,,,,,,,,,,,,,,,,,
[m] strat_depth_bottom; Maximum stratigraphic (modified) depth of sample; cm;,,,,,,,,,,,,,,,,,,,,,,,,,,,,,,,,,,,,,,,,,,,,,,,,,,,,,,,,,,,,,,,,,,
[n] strat_depth_mid; Midpoint  stratigraphic (modified) depth of sample; cm;,,,,,,,,,,,,,,,,,,,,,,,,,,,,,,,,,,,,,,,,,,,,,,,,,,,,,,,,,,,,,,,,,,
[o] depth; Depth in age depth model ; cm;,,,,,,,,,,,,,,,,,,,,,,,,,,,,,,,,,,,,,,,,,,,,,,,,,,,,,,,,,,,,,,,,,,
[p] depth_err; Depth error in age depth model ; cm;,,,,,,,,,,,,,,,,,,,,,,,,,,,,,,,,,,,,,,,,,,,,,,,,,,,,,,,,,,,,,,,,,,
[q] SH20_min_age_95CI; Southern Hemisphere (ShCal20) radiocarbon calibration minimum age (95% confidence interval); cal a BP;calendar years Before Present ,,,,,,,,,,,,,,,,,,,,,,,,,,,,,,,,,,,,,,,,,,,,,,,,,,,,,,,,,,,,,,,,,,
[r] SH20_max_age_95CI; Southern Hemisphere (ShCal20) radiocarbon calibration maximum age (95% confidence interval); cal a BP;calendar years Before Present ,,,,,,,,,,,,,,,,,,,,,,,,,,,,,,,,,,,,,,,,,,,,,,,,,,,,,,,,,,,,,,,,,,
[s] SH20_median_age; Southern Hemisphere (ShCal20) radiocarbon calibration median age; cal a BP;calendar years Before Present ,,,,,,,,,,,,,,,,,,,,,,,,,,,,,,,,,,,,,,,,,,,,,,,,,,,,,,,,,,,,,,,,,,
[t] SH20_mean_age; Southern Hemisphere (ShCal20) radiocarbon calibration mean age; cal a BP;calendar years Before Present ,,,,,,,,,,,,,,,,,,,,,,,,,,,,,,,,,,,,,,,,,,,,,,,,,,,,,,,,,,,,,,,,,,
[u] SH20_mean_95CI; Southern Hemisphere (ShCal20) radiocarbon calibration mean 95% confidence interval error; cal a BP;calendar years Before Present ,,,,,,,,,,,,,,,,,,,,,,,,,,,,,,,,,,,,,,,,,,,,,,,,,,,,,,,,,,,,,,,,,,
[v] accrate_cmyr-1; Peat accumulation rate; cm a^-1;cm per year,,,,,,,,,,,,,,,,,,,,,,,,,,,,,,,,,,,,,,,,,,,,,,,,,,,,,,,,,,,,,,,,,,
[w] accrate_err_cmyr-1; Peat accumulation rate error; cm a^-1;cm per year,,,,,,,,,,,,,,,,,,,,,,,,,,,,,,,,,,,,,,,,,,,,,,,,,,,,,,,,,,,,,,,,,,
[x] water_content_pc; Subsample percentage water content; %;percentage ,,,,,,,,,,,,,,,,,,,,,,,,,,,,,,,,,,,,,,,,,,,,,,,,,,,,,,,,,,,,,,,,,,
[y] water_content_err; Subsample percentage water content error; %;percentage ,,,,,,,,,,,,,,,,,,,,,,,,,,,,,,,,,,,,,,,,,,,,,,,,,,,,,,,,,,,,,,,,,,
[z] dry_mass_pc; Subsample percentage dry mass; %;percentage ,,,,,,,,,,,,,,,,,,,,,,,,,,,,,,,,,,,,,,,,,,,,,,,,,,,,,,,,,,,,,,,,,,
[aa] dry_mass_err; Subsample percentage dry mass error; %;percentage ,,,,,,,,,,,,,,,,,,,,,,,,,,,,,,,,,,,,,,,,,,,,,,,,,,,,,,,,,,,,,,,,,,
[ab] density_gcm3; Subsample dry density; g cm^-3;,,,,,,,,,,,,,,,,,,,,,,,,,,,,,,,,,,,,,,,,,,,,,,,,,,,,,,,,,,,,,,,,,,
[ac] density_gcm3_err; Subsample dry density error; g cm^-3;,,,,,,,,,,,,,,,,,,,,,,,,,,,,,,,,,,,,,,,,,,,,,,,,,,,,,,,,,,,,,,,,,,
[ad-bh] Element_ICP; Measured subsample ICPMS data for each element; kg m^-3;,,,,,,,,,,,,,,,,,,,,,,,,,,,,,,,,,,,,,,,,,,,,,,,,,,,,,,,,,,,,,,,,,,
[ae-bi] Element_ICP_sd; Measured subsample ICPMS error for each element; 10^3 mg kg^-1;,,,,,,,,,,,,,,,,,,,,,,,,,,,,,,,,,,,,,,,,,,,,,,,,,,,,,,,,,,,,,,,,,,
[bj] SAR; Sediment accumulation rate ; cm yr^-1;,,,,,,,,,,,,,,,,,,,,,,,,,,,,,,,,,,,,,,,,,,,,,,,,,,,,,,,,,,,,,,,,,,
[bk] SAR_err; Sediment accumulation rate error; cm yr^-1;,,,,,,,,,,,,,,,,,,,,,,,,,,,,,,,,,,,,,,,,,,,,,,,,,,,,,,,,,,,,,,,,,,
[bl] SAR_err_pc; Sediment accumulation rate error as a percentage ; %;percentage ,,,,,,,,,,,,,,,,,,,,,,,,,,,,,,,,,,,,,,,,,,,,,,,,,,,,,,,,,,,,,,,,,,
[bm] DMAR; Dry mass accumulation rate ; g cm^2 yr^-1;,,,,,,,,,,,,,,,,,,,,,,,,,,,,,,,,,,,,,,,,,,,,,,,,,,,,,,,,,,,,,,,,,,
[bn] DMAR_err; Dry mass accumulation rate error; g cm^2 yr^-1;,,,,,,,,,,,,,,,,,,,,,,,,,,,,,,,,,,,,,,,,,,,,,,,,,,,,,,,,,,,,,,,,,,
[bo] DMAR_pc; Dry mass accumulation rate error as a percentage ; %;percentage ,,,,,,,,,,,,,,,,,,,,,,,,,,,,,,,,,,,,,,,,,,,,,,,,,,,,,,,,,,,,,,,,,,
,,,,,,,,,,,,,,,,,,,,,,,,,,,,,,,,,,,,,,,,,,,,,,,,,,,,,,,,,,,,,,,,,,
[a] Location,[b] Site,[c] Section,[d] Sample_ID,[e] Sample_thickness,[f] section_depth_top,[g] section_depth_bottom,[h] section_depth_mid,[i] field_depth_top,[j] field_depth_bottom,[k] field_depth_mid,[l] strat_depth_top,[m] strat_depth_bottom,[n] strat_depth_mid,[o] depth,[p] depth_err,[q] SH20_min_age_95CI,[r] SH20_max_age_95CI,[s] SH20_median_age,[t] SH20_mean_age,[u] SH20_mean_95CI,[v] accrate_cmyr-1,[w] accrate_err_cmyr-1,[x] water_content_pc,[y] water_content_err,[z] dry_mass_pc,[aa] dry_mass_err,[ab] density_gcm3,[ac] density_gcm3_err,[ad-bi] P_ICP,[ad-bi] P_ICP_sd,[ad-bi] K_ICP,[ad-bi] K_ICP_sd,[ad-bi] Ca_ICP,[ad-bi] Ca_ICP_sd,[ad-bi] Ti_ICP,[ad-bi] Ti_ICP_sd,[ad-bi] Mn_ICP,[ad-bi] Mn_ICP_sd,[ad-bi] Fe_ICP,[ad-bi] Fe_ICP_sd,[ad-bi] Co_ICP,[ad-bi] Co_ICP_sd,[ad-bi] Ni_ICP,[ad-bi] Ni_ICP_sd,[ad-bi] Cu_ICP,[ad-bi] Cu_ICP_sd,[ad-bi] Zn_ICP,[ad-bi] Zn_ICP_sd,[ad-bi] As_ICP,[ad-bi] As_ICP_sd,[ad-bi] Rb_ICP,[ad-bi] Rb_ICP_sd,[ad-bi] Sr_ICP,[ad-bi] Sr_ICP_sd,[ad-bi] Zr_ICP,[ad-bi] Zr_ICP_sd,[ad-bi] Pb_ICP,[ad-bi] Pb_ICP_sd,[ad-bi] Th_ICP,[ad-bi] Th_ICP_sd,[bj] SAR,[bk] SAR_err,[bl] SAR_pc_err,[bm] DMAR,[bn] DMAR_err,[bo] DMAR_pc_err
Bird Island,BI10,BI10.1,1,1.1,0,1.1,0.6,0,1.1,0.6,0,1.1,0.6,0.6,0.55,-67.32,-51.24,-61.52,-61,8.04,0.10031,0.078729646,87.48565272,4.374282636,12.51434728,1.251434728,0.106894716,0.010689472,3631.01094,41.22201845,1782.206118,320.7971012,1557.061769,202.41803,134.9563972,18.89389561,34.34524027,4.121428832,13959.03161,2512.62569,0.738789575,0.05171527,2.467420581,1.332407114,4.369649931,0.61175099,22.90793616,2.061714254,1.593037056,0.008373058,2.288761162,0.366201786,26.58846642,0.531769328,2.896325963,0.144816298,1.440961807,0.005279507,0.193973613,0.004950768,0.100308642,0.078729646,78.48740138,0.010722464,0.000841578,7.848740432
Bird Island,BI10,BI10.1,4,1.1,3.9,5,4.5,3.9,5,4.5,3.9,5,4.5,4.5,0.55,-62.17,50.94,-27.29,-22.12,-56.555,0.09905,0.26535081,89.51385849,4.475692925,10.48614151,1.048614151,0.175709963,0.017570996,2187.768178,58.29252023,1331.46149,239.6630682,1397.543318,181.6806313,79.78694045,11.17017166,28.06949723,3.368339668,9355.988249,1684.077885,0.761205508,0.053284386,2.98969441,1.614434981,3.255429522,0.455760133,12.50967591,1.125870832,1.332775979,0.02334512,1.525038372,0.24400614,25.05462045,0.501092409,2.113253146,0.105662657,2.373368867,0.02400569,0.111198299,0.000588647,0.099047619,0.26535081,267.9022606,0.017403653,0.004662478,26.7902256
Bird Island,BI10,BI10.1,10,1.1,11.7,12.8,12.3,11.7,12.8,12.3,11.7,12.8,12.3,12.3,0.55,-35.36,208.92,46.23,56.63,122.14,0.09457,0.208198011,86.3842849,4.319214245,13.6157151,1.36157151,0.145233799,0.01452338,2538.801945,60.0436628,1545.22611,278.1406998,2547.021617,331.1128102,340.544392,47.67621488,37.1899001,4.462788012,3942.206507,709.5971713,1.745989306,0.122219251,3.556521683,1.920521709,5.828405269,0.815976738,13.94648753,1.255183878,1.743850558,0.029034748,4.398970104,0.703835217,46.4043754,0.928087508,6.431024383,0.321551219,1.816847326,0.011704502,0.392855167,0.002705738,0.094573151,0.208198011,220.1449434,0.013735218,0.003023739,22.01449449
Bird Island,BI10,BI10.1,22,1.1,26.7,27.8,27.2,26.7,27.8,27.2,26.7,27.8,27.2,27.2,0.55,78.73,342.75,214.59,214.18,132.01,0.07835,0.049875363,80.34415977,4.017207989,19.65584023,1.965584023,0.214200619,0.021420062,6654.725412,133.8869744,4972.490853,895.0483535,6361.863436,827.0422467,1070.668936,149.893651,59.55046887,7.146056264,4568.280308,822.2904554,1.171208352,0.081984585,7.052448962,3.808322439,18.80830619,2.633162867,83.1136075,7.480224675,4.803888726,0.047934098,19.01381163,3.042209861,121.9608593,2.439217186,35.64216716,1.782108358,5.697875838,0.054057547,2.206277124,0.022103189,0.078350515,0.049875363,63.65671333,0.016782729,0.001068333,6.365671363
Bird Island,BI10,BI10.1,30,0.9,36.3,37.2,36.7,36.3,37.2,36.7,36.3,37.2,36.7,36.7,0.45,180.95,452.96,342.42,335.43,136.005,0.07353,0.030715408,78.20947367,3.910473683,21.79052633,2.179052633,0.303817276,0.030381728,3726.942347,91.16765458,16457.36219,2962.325194,8442.247188,1097.492134,1962.99309,274.8190326,148.1529747,17.77835696,18556.10587,3340.099057,14.98993637,1.049295546,9.844407416,5.315980005,25.3957986,3.555411804,90.06087679,8.105478911,7.177832466,0.057235004,43.16823811,6.906918098,150.558177,3.01116354,40.9140318,2.04570159,4.940056387,0.065822161,4.042046336,0.032130391,0.073529412,0.030715408,41.77295497,0.022339506,0.000933187,4.177295552
Bird Island,BI10,BI10.2,45,1,4,5,4.5,44,45,44.5,38,39,38.5,38.5,0.5,193.74,478.55,369.76,359.91,142.405,0.07582,0.03098425,73.71568049,3.685784024,26.28431951,2.628431951,0.351176997,0.0351177,1394.696114,24.37745178,66668.75515,12000.37593,10818.31417,1406.380842,3006.601666,420.9242332,498.7089785,59.84507742,25853.87296,4653.697133,6.375776882,0.446304382,9.325702706,5.035879461,12.41602198,1.738243077,63.36397587,5.702757828,4.414249569,0.038359467,138.1998527,22.11197643,165.8736664,3.317473328,60.55383697,3.027691849,3.509034885,0.044750539,10.86384958,0.079884546,0.075816993,0.03098425,40.86715798,0.026625184,0.001088096,4.086715833
Bird Island,BI10,BI10.1,34,1,40.9,41.9,41.4,40.9,41.9,41.4,40.9,41.9,41.4,41.4,0.5,245.15,511.43,408.57,398.16,133.14,0.07847,0.027187146,80.52653948,4.026326974,19.47346052,1.947346052,0.25962259,0.025962259,3202.443185,82.71131473,10808.43657,1945.518583,8467.75867,1100.808627,1538.231355,215.3523897,149.1109339,17.89331207,34440.81517,6199.346731,4.788646274,0.335205239,10.02079263,5.41122802,25.1006547,3.514091658,83.32372544,7.49913529,7.880957488,0.074791029,21.08188416,3.373101466,145.2111951,2.904223902,27.74345656,1.387172828,7.408811877,0.095574739,2.195438664,0.011765005,0.078468299,0.027187146,34.64729917,0.020372143,0.00070584,3.464729917
Bird Island,BI10,BI10.2,51,1,11.9,12.9,12.4,51.9,52.9,52.4,45.9,46.9,46.4,46.4,0.5,374.38,530.83,465.7,461.88,78.225,0.07845,0.014131829,84.86290758,4.243145379,15.13709242,1.513709242,0.178667469,0.017866747,3384.904962,93.00445812,2479.827204,446.3688967,6975.196896,906.7755965,301.0170716,42.14239002,55.70453095,6.684543714,26327.35852,4738.924534,17.04437568,1.193106298,9.672030755,5.222896608,30.70187991,4.298263187,154.2471074,13.88223967,10.64861794,0.177330122,5.28425398,0.845480637,110.8952002,2.217904004,6.355756988,0.317787849,2.861172068,0.011046014,0.732997581,0.006237929,0.078449469,0.014131829,18.01392526,0.014016368,0.00025249,1.801392537
Bird Island,BI10,BI10.2,54,1,15.3,16.3,15.8,55.3,56.3,55.8,49.3,50.3,49.8,49.8,0.5,429.77,571.57,506.63,505.22,70.9,0.03464,0.005208992,77.63395109,3.881697554,22.36604891,2.236604891,0.276912503,0.02769125,3001.682437,49.99798666,23399.21394,4211.858509,7326.374157,952.4286404,1904.013462,266.5618847,235.7531016,28.29037219,20544.92897,3698.087215,5.701846016,0.399129221,6.289145655,3.396138654,12.23274868,1.712584815,56.72463202,5.105216882,5.236852561,0.016924834,58.41930414,9.347088662,153.965778,3.07931556,31.40903404,1.570451702,6.319566267,0.119404834,4.857814687,0.12796856,0.034637637,0.005208992,15.03853228,0.009591595,0.000144244,1.503853212
Bird Island,BI10,BI10.2,62,1,24.4,25.4,24.9,64.4,65.4,64.9,58.4,59.4,58.9,58.9,0.5,552.39,1056.55,759.48,767.94,252.08,0.03764,0.012675036,87.79085529,4.389542764,12.20914471,1.220914471,0.143757408,0.014375741,4341.206788,110.6435017,867.9986358,156.2397544,5816.665099,756.1664629,225.6496719,31.59095407,36.54824658,4.38578959,2355.109726,423.9197507,1.54911114,0.10843778,7.635178907,4.12299661,44.61646774,6.246305484,109.0593506,9.815341554,6.931517761,0.104210602,3.560602291,0.569696367,97.81476508,1.956295302,6.255310392,0.31276552,4.714142544,0.009348352,0.621271024,0.00212764,0.037636184,0.012675036,33.67779229,0.00541048,0.000182213,3.367779276
Bird Island,BI10,BI10.2,67,1.1,30.1,31.2,30.6,70.1,71.2,70.6,64.1,65.2,64.6,64.6,0.55,722.58,1159.87,914.5,919.39,218.645,0.03856,0.009498455,77.0153216,3.85076608,22.9846784,2.29846784,0.313261892,0.031326189,3712.228887,74.17879973,7766.606331,1397.98914,9084.977882,1181.047125,1442.000824,201.8801154,88.46094721,10.61531367,6242.966621,1123.733992,4.068857773,0.284820044,5.960197779,3.218506801,36.59073739,5.122703235,261.6355831,23.54720248,8.072382999,0.070931291,30.36236272,4.857978035,168.0404108,3.360808216,30.42377281,1.521188641,4.487970407,0.077593013,2.556674805,0.045766663,0.038558256,0.009498455,24.63403608,0.012078832,0.00029755,2.463403593
Bird Island,BI10,BI10.2,71,1.1,34.7,35.8,35.2,74.7,75.8,75.2,68.7,69.8,69.2,69.2,0.55,829.12,1211.96,1039.95,1038.69,191.42,0.06164,0.011849538,76.84431418,3.842215709,23.15568582,2.315568582,0.303477386,0.030347739,3558.613952,53.10499408,1973.319538,355.1975168,6626.492173,861.4439825,461.9149499,64.66809299,46.49996193,5.579995432,3694.801697,665.0643055,2.041238975,0.142886728,6.674238754,3.604088927,34.06414422,4.768980191,140.4650062,12.64185056,10.75975255,0.084324463,7.795499709,1.247279953,114.9998151,2.299996302,21.97235957,1.098617979,4.288871292,0.045808063,1.233894651,0.01690507,0.061644551,0.011849538,19.22236105,0.018707727,0.000359607,1.92223613
Bird Island,BI10,BI10.2,81,1,46.5,47.5,47,86.5,87.5,87,80.5,81.5,81,81,0.5,1095.67,1392.25,1228.83,1230.11,148.29,0.11575,0.014668191,75.82326542,3.791163271,24.17673458,2.417673458,0.301310001,0.030131,3474.148775,97.58287489,14359.67839,2584.74211,9905.624178,1287.731143,2197.326275,307.6256785,125.5077224,15.06092669,6284.597012,1131.227462,2.439569014,0.170769831,6.367819135,3.438622333,39.61078518,5.545509925,67.51751759,6.076576583,5.520887153,0.016892471,50.21714125,8.0347426,209.897137,4.19794274,39.24997232,1.962498616,4.871746851,0.049115691,3.886857404,0.030253524,0.115746972,0.014668191,12.67263496,0.03487572,0.000441967,1.267263492
Bird Island,BI10,BI10.3,88,1,4.8,5.8,5.3,84.8,85.8,85.3,84.8,85.8,85.3,85.3,0.5,1129.45,1419.76,1266.44,1267.26,145.155,0.11201,0.013486459,83.3768962,4.16884481,16.6231038,1.66231038,0.184247026,0.018424703,3858.056048,77.55997105,3095.570446,557.2026803,7180.738417,933.4959942,574.7925663,80.47095928,57.22472424,6.866966909,3753.765384,675.6777691,2.601276107,0.182089327,5.912256586,3.192618556,37.01157435,5.181620409,65.03458094,5.853112285,8.662126972,0.092756516,13.30255749,2.128409198,130.9618352,2.619236704,13.33706426,0.666853213,3.755055231,0.044804774,1.35530674,0.018758598,0.112006556,0.013486459,12.0407765,0.020636875,0.000248484,1.204077676
Bird Island,BI10,BI10.3,95,1,13,14,13.5,93,94,93.5,93,94,93.5,93.5,0.5,1223.24,1494.83,1333.1,1340.47,135.795,0.10732,0.011445851,84.50687591,4.225343795,15.49312409,1.549312409,0.169763258,0.016976326,3318.93706,140.159263,3134.001598,564.1202876,6732.62029,875.2406377,606.0238476,84.84333866,60.2997145,7.23596574,11390.75321,2050.335578,5.745017677,0.402151237,7.120078834,3.84484257,25.20300712,3.528420997,71.97280393,6.477552354,7.32730259,0.127147154,10.28410137,1.645456219,119.867266,2.39734532,13.96054981,0.698027491,4.655602184,0.05117785,1.122462139,0.002027459,0.107317073,0.011445851,10.66545225,0.018218496,0.000194309,1.066545238
Bird Island,BI10,BI10.3,98,1,16.3,17.3,16.8,96.3,97.3,96.8,96.3,97.3,96.8,96.8,0.5,1276.33,1510.84,1359.14,1371.22,117.255,0.06605,0.005989198,72.65882601,3.6329413,27.34117399,2.734117399,0.345133732,0.034513373,3046.497536,93.59658386,3044.618396,548.0313113,6605.365982,858.6975777,562.7226914,78.7811768,54.01867077,6.482240492,7073.372392,1273.207031,3.633220643,0.254325445,5.857915852,3.16327456,18.81424853,2.633994794,41.79884834,3.761896351,5.049060535,0.052888463,9.694363956,1.551098233,112.4064678,2.248129356,13.08141258,0.654070629,4.214972855,0.00900571,0.992804532,0.005060371,0.066047669,0.005989198,9.067993159,0.022795279,0.000206707,0.906799311
Bird Island,BI10,BI10.3,104,1,23.2,24.2,23.7,103.2,104.2,103.7,103.2,104.2,103.7,103.7,0.5,1350.84,1634.01,1469.17,1475.69,141.585,0.04215,0.00424731,83.17025225,4.158512612,16.82974775,1.682974775,0.191025979,0.019102598,3335.981766,60.0124919,1424.582603,256.4248685,7089.603048,921.6483962,441.0920959,61.75289343,47.40786167,5.6889434,1987.252608,357.7054694,1.389287804,0.097250146,4.568507031,2.466993797,19.39416739,2.715183435,45.72842227,4.115558004,4.628095976,0.048659815,6.266500548,1.002640088,127.1397723,2.542795446,11.39582517,0.569791259,4.732409551,0.019576414,0.984439937,0.012776705,0.042154567,0.00424731,10.07556322,0.008052617,8.11E-05,1.007556327
Bird Island,BI10,BI10.3,114,1,34.9,35.9,35.4,114.9,115.9,115.4,114.9,115.9,115.4,115.4,0.5,1513.06,1991.98,1755.77,1753.24,239.46,0.03588,0.005056,86.15563506,4.307781753,13.84436494,1.384436494,0.27542932,0.027542932,4610.248256,169.7864944,1716.680373,309.0024671,5586.311354,726.220476,354.6954517,49.65736324,38.81328375,4.65759405,15892.74003,2860.693205,1.543818014,0.108067261,5.784125479,3.123427759,42.10225675,5.894315945,35.80217711,3.22219594,5.434072792,0.066823231,6.037782671,0.966045227,94.40874214,1.888174843,8.138802933,0.406940147,3.83135941,0.031914034,0.865875823,0.005713133,0.035879705,0.005056,14.09153287,0.009882323,0.000139257,1.409153287
Bird Island,BI10,BI10.4,135,1,9.4,10.4,9.9,129.4,130.4,129.9,120.4,121.4,120.9,120.9,0.5,1623.52,2178.55,1912.21,1906.53,277.515,0.03579,0.005357617,83.20307613,4.160153806,16.79692387,1.679692387,0.198138286,0.019813829,2888.301683,68.23238158,1641.390095,295.4502171,5647.265231,734.14448,401.5251511,56.21352115,37.52718028,4.503261634,3019.385269,543.4893484,1.001920559,0.070134439,9.469595678,5.113581666,77.32937965,10.82611315,126.1466188,11.35319569,11.39866575,0.123110885,6.954876946,1.112780311,100.7977844,2.015955688,10.71344504,0.535672252,3.961646879,0.031813072,0.860069661,0.003042513,0.035787321,0.005357617,14.97071138,0.007090838,0.000106155,1.497071168
Bird Island,BI10,BI10.3,120,0.9,41.8,42.7,42.3,121.8,122.7,122.3,121.8,122.7,122.3,122.3,0.45,1695.64,2192.11,1949.4,1945.65,248.235,0.0408,0.005355575,87.78918391,4.389459195,12.21081609,1.221081609,0.151943562,0.015194356,4492.936701,91.25578968,683.2265993,122.9807879,5350.125775,695.5163508,192.9637106,27.01491948,32.12024806,3.854429767,4238.013215,762.8423787,0.741821487,0.051927504,6.534750001,3.528765001,62.86286744,8.800801442,87.02811474,7.832530327,13.1076901,0.161700542,2.592646444,0.414823431,91.74775016,1.834955003,5.71655892,0.285827946,5.092746285,0.020391728,0.664291765,0.003592713,0.040801632,0.005355575,13.1258838,0.006199545,8.14E-05,1.312588362
Bird Island,BI10,BI10.4,145,1,21,22,21.5,141,142,141.5,132,133,132.5,132.5,0.5,2055.67,2332.71,2176.07,2195.64,138.52,0.07082,0.004735185,85.1918684,4.25959342,14.8081316,1.48081316,0.272975891,0.027297589,3582.990472,78.58668299,5412.77206,974.2989708,5488.24581,713.4719553,523.0275133,73.22385186,51.81193098,6.217431718,36760.73258,6616.931864,3.769043144,0.26383302,7.155451754,3.863943947,40.6484082,5.690777148,36.99629166,3.329666249,7.711571305,0.048823252,9.787053209,1.565928513,91.25190224,1.825038045,9.674570314,0.483728516,4.402169903,0.038260027,0.858893791,0.005791892,0.07082408,0.004735185,6.685839959,0.019333266,0.000129259,0.668583993
Bird Island,BI10,BI10.4,155,1.1,32.7,33.8,33.2,152.7,153.8,153.2,143.7,144.8,144.3,144.3,0.55,2179.55,2520.54,2361.64,2362.25,170.495,0.09204,0.006993782,83.66949487,4.183474744,16.33050513,1.633050513,0.185787318,0.018578732,3079.887722,69.393988,5594.694254,1007.044966,6436.237221,836.7108387,1149.476822,160.9267551,82.80022216,9.936026659,6074.810846,1093.465952,1.250579343,0.087540554,6.317256008,3.411318244,67.58862806,9.462407928,145.146567,13.06319103,5.364596712,0.048444676,20.81297886,3.330076618,121.0153008,2.420306016,58.14267286,2.907133643,2.650531649,0.028355943,1.955638501,0.006912781,0.092038656,0.006993782,7.598744653,0.017099615,0.000129936,0.759874473
Bird Island,BI10,BI10.4,165,1,44.8,45.8,45.3,164.8,165.8,165.3,155.8,156.8,156.3,156.3,0.5,2249.13,2670.38,2494.89,2492.63,210.625,0.13256,0.011625257,84.59367774,4.229683887,15.40632226,1.540632226,0.216122062,0.021612206,1967.834735,47.21852826,2804.420041,504.7956074,5642.915643,733.5790336,253.7523195,35.52532473,42.83579617,5.14029554,49049.46764,8828.904175,16.76515491,1.173560844,16.20702482,8.751793403,58.21751812,8.150452537,148.0981288,13.32883159,23.90463007,0.06260096,4.260143181,0.681622909,85.39705279,1.707941056,5.057282645,0.252864132,3.146538486,0.012418503,0.570044874,0.002471594,0.132562882,0.011625257,8.769617281,0.028649763,0.000251247,0.87696172
Bird Island,BI10,BI10.4,168,1.6,48.4,50,49.2,168.4,170,169.2,159.4,161,160.2,160.2,0.8,2272.78,2732.6,2522.11,2522.05,229.91,0.16196,0.015573058,81.40480554,4.070240277,18.59519446,1.859519446,0.204376401,0.02043764,1694.735519,33.88377561,21023.43508,3784.218314,6500.001765,845.0002295,1574.554031,220.4375643,219.4284939,26.33141927,51904.82693,9342.868847,14.16367715,0.991457401,12.29132094,6.637313308,34.00992075,4.761388905,148.2023206,13.33820885,15.12156246,0.095879915,43.16608535,6.906573656,121.2110164,2.424220328,16.90685979,0.84534299,2.340809011,0.027559605,2.295847112,0.022916539,0.161961042,0.015573058,9.615310837,0.033101015,0.000318277,0.961531079
Bird Island,BI10,BI10.5,181,1,14.6,15.6,15.1,174.6,175.6,175.1,167.1,168.1,167.6,167.6,0.5,2315.87,2805.79,2565.17,2567.74,244.96,0.15607,0.015354535,85.61977529,4.280988764,14.38022471,1.438022471,0.155714357,0.015571436,2752.727597,75.0445044,1243.638909,223.8550036,6176.904031,802.997524,227.5458294,31.85641612,41.17278862,4.940734634,34127.39087,6142.930357,6.771422937,0.473999606,8.534630865,4.608700667,31.39605337,4.395447472,72.11422012,6.490279811,12.77033613,0.179389774,2.564526013,0.410324162,95.32051892,1.906410378,5.156965844,0.257848292,1.427389453,0.026999745,0.435568334,0.001231962,0.156067109,0.015354535,9.838418297,0.02430189,0.000239092,0.983841849
Bird Island,BI10,BI10.5,191,1,26.6,27.6,27.1,186.6,187.6,187.1,179.1,180.1,179.6,179.6,0.5,2392.72,2951.11,2635.26,2644.63,279.195,0.09353,0.010134396,79.80943744,3.990471872,20.19056256,2.019056256,0.281645054,0.028164505,1749.918156,38.72164841,11337.75217,2040.795391,6093.055388,792.0972004,915.5577505,128.1780851,122.3868181,14.68641817,29114.97389,5240.6953,5.562421054,0.389369474,5.623618255,3.036753858,28.97367916,4.056315082,93.7163573,8.434472157,5.880620616,0.031702243,24.03856275,3.84617004,119.1548845,2.38309769,15.8979202,0.79489601,2.455216785,0.026686848,1.603626604,0.009780705,0.093528817,0.010134396,10.83558684,0.026341929,0.00028543,1.083558669
Bird Island,BI10,BI10.5,194,1,30.3,31.3,30.8,190.3,191.3,190.8,182.8,183.8,183.3,183.3,0.5,2446.36,3000.53,2669.34,2684.19,277.085,0.08924,0.00945554,64.49599226,3.224799613,35.50400774,3.550400774,0.424637677,0.042463768,2718.898178,69.33850126,21256.47654,3826.165777,9697.311696,1260.65052,2196.956371,307.5738919,243.6402038,29.23682446,24845.10488,4472.118878,3.933228837,0.275326019,4.972003175,2.684881715,26.9304948,3.770269272,75.23867924,6.771481132,6.036863844,0.03305887,58.90663431,9.42506149,121.5336821,2.430673642,34.80855314,1.740427657,3.035214228,0.002861817,3.482291497,0.029947165,0.089242644,0.00945554,10.59531646,0.037895789,0.000401518,1.059531653
Bird Island,BI10,BI10.5,197,1,34,35,34.5,194,195,194.5,186.5,187.5,187,187,0.5,2460.59,3059.22,2709.75,2725.65,299.315,0.06416,0.007217228,84.6167805,4.230839025,15.3832195,1.53832195,0.178709685,0.017870968,3664.07192,100.1547698,4642.258304,835.6064947,7288.66125,947.5259625,660.9863166,92.53808432,67.78989286,8.134787143,27055.53366,4869.996059,5.752426608,0.402669863,6.761396788,3.651154266,46.72905914,6.54206828,130.7729603,11.76956643,9.314588371,0.068044927,12.67353344,2.02776535,118.8967341,2.377934682,12.27077458,0.613538729,4.000698932,0.018011777,1.094034563,0.005286327,0.06415833,0.007217228,11.24908981,0.011465715,0.000128979,1.124908949
Bird Island,BI10,BI10.5,202,0.9,39.9,40.8,40.3,199.9,200.8,200.3,192.4,193.3,192.9,192.9,0.45,2561.92,3150.15,2800.45,2817.61,294.115,0.04946,0.005278242,83.13688985,4.156844492,16.86311015,1.686311015,0.188368399,0.01883684,3848.06892,41.19289408,2367.746797,426.1944235,5866.599826,762.6579774,234.8825033,32.88355046,42.2400533,5.068806396,70333.76898,12660.07842,6.816523388,0.477156637,10.88241106,5.876501972,68.09335946,9.533070324,90.27805952,8.125025357,12.34294185,0.16755276,2.553601126,0.40857618,85.79649547,1.715929909,5.275218799,0.26376094,3.910548282,0.038689543,0.525755101,0.007880519,0.049460092,0.005278242,10.67171832,0.009316718,9.94E-05,1.067171838
Bird Island,BI10,BI10.6,218,1,9.5,10.5,10,209.5,210.5,210,205.5,206.5,206,206,0.5,2799.1,3379.03,3076.3,3082.47,289.965,0.05043,0.004866305,79.05956449,3.952978225,20.94043551,2.094043551,0.264956368,0.026495637,3024.167109,28.86847469,21467.56946,3864.162503,6764.508083,879.3860508,1293.229498,181.0521297,160.5283798,19.26340558,107255.388,19305.96984,11.84941346,0.829458942,9.702568502,5.239386991,34.46389212,4.824944897,255.5835815,23.00252234,14.42470471,0.069185362,25.70637949,4.113020718,111.2286921,2.224573842,16.62081972,0.831040986,2.773325809,0.03176745,1.704581666,0.021768116,0.050425866,0.004866305,9.650413838,0.013360654,0.000128936,0.965041391
Bird Island,BI10,BI10.6,228,1,21.4,22.4,21.9,221.4,222.4,221.9,217.4,218.4,217.9,217.9,0.5,2981.16,3579,3334.21,3318.46,298.92,0.05274,0.004871729,84.98142525,4.249071263,15.01857475,1.501857475,0.168317087,0.016831709,3706.069884,86.41481399,3810.216932,685.8390478,8457.047616,1099.41619,430.4165299,60.25831419,73.63658302,8.836389962,46161.88967,8309.140141,10.70451145,0.749315802,8.361148745,4.515020322,60.20244341,8.428342077,399.0691035,35.91621932,17.48268627,0.198162364,6.149324503,0.98389192,136.1592518,2.723185036,8.204676276,0.410233814,3.749120605,0.024650014,0.747638528,0.004995818,0.052737835,0.004871729,9.237634988,0.008876679,8.20E-05,0.923763515
Bird Island,BI10,BI10.6,239,1,34.2,35.2,34.7,234.2,235.2,234.7,230.2,231.2,230.7,230.7,0.5,3276.08,3727.99,3580.47,3561.17,225.955,0.08916,0.005850409,81.1801616,4.05900808,18.8198384,1.88198384,0.221334128,0.022133413,7511.379127,223.8801072,2179.747422,392.354536,7198.222186,935.7688842,389.6638198,54.55293477,51.31483509,6.157780211,28337.51625,5100.752925,6.228678054,0.436007464,7.693387104,4.154429036,73.19734621,10.24762847,48.4428199,4.359853791,7.838729242,0.124651229,4.534790413,0.725566466,116.7915838,2.335831676,9.348601732,0.467430087,3.415881262,0.066169411,0.749361277,0.007417022,0.089163861,0.005850409,6.561412803,0.019735005,0.00012949,0.656141286
Bird Island,BI10,BI10.6,247,1.1,43.9,45,44.5,243.9,245,244.5,239.9,241,240.5,240.5,0.55,3430.91,3816.97,3685.19,3671.08,193.03,0.16351,0.008971493,83.17463361,4.158731681,16.82536639,1.682536639,0.198638202,0.01986382,3917.962311,74.2155094,2601.638721,468.2949698,6524.805309,848.2246902,301.303437,42.18248118,64.81180749,7.777416899,68261.38783,12287.04981,16.02760991,1.121932694,12.99158529,7.015456057,116.9107903,16.36751064,232.0043335,20.88039002,14.95444042,0.169784194,3.037488827,0.485998212,95.07661499,1.9015323,4.985074292,0.249253715,3.090751455,0.020183412,0.448381306,0.005306797,0.163512296,0.008971493,5.486738871,0.032479788,0.000178208,0.548673882
Bird Island,BI10,BI10.7,259,1,10.7,11.7,11.2,250.7,251.7,251.2,252.7,253.7,253.2,253.2,0.5,3540.23,3899.41,3756.81,3748.75,179.59,0.16304,0.008132657,84.44773905,4.222386952,15.55226095,1.555226095,0.177747431,0.017774743,4680.104734,586.151653,2160.208858,388.8375944,6240.983611,811.3278694,344.5794406,48.24112168,41.07148346,4.928578015,23779.92504,4280.386507,0.986560337,0.069059224,4.505779401,2.433120877,32.9760233,4.616643262,29.80921049,2.682828944,6.793606115,0.069503372,5.026836978,0.804293916,101.292967,2.02585934,7.527120756,0.376356038,1.7765461,0.019867709,0.69790539,0.001405959,0.163037282,0.008132657,4.988219067,0.028979458,0.000144556,0.498821904
Bird Island,BI10,BI10.7,271,1,25,26,25.5,265,266,265.5,267,268,267.5,267.5,0.5,3668.26,3994.3,3838.72,3836.46,163.02,0.14999,0.006653775,85.67958003,4.283979001,14.32041997,1.432041997,0.148754132,0.014875413,4753.263651,653.2476809,2135.960113,384.4728203,7771.356271,1010.276315,232.314161,32.52398254,56.87091915,6.824510298,58747.48129,10574.54663,23.84445704,1.669111993,14.66999494,7.921797268,145.5334854,20.37468796,316.1883316,28.45694984,15.17453377,0.147209444,2.699363842,0.431898215,119.6977813,2.393955626,5.881017729,0.294050886,3.15990626,0.005576577,0.499045891,0.00796755,0.14999312,0.006653775,4.436053383,0.022312096,9.90E-05,0.443605332
Bird Island,BI10,BI10.7,280,1,35.9,36.9,36.4,275.9,276.9,276.4,277.9,278.9,278.4,278.4,0.5,3758.86,4073.89,3903.29,3909.13,157.515,0.1228,0.005168665,84.86245119,4.24312256,15.13754881,1.513754881,0.207020337,0.020702034,3716.413631,63.81448751,1942.49545,349.649181,6196.60628,805.5588164,227.4128172,31.83779441,39.2756349,4.713076188,49872.72804,8977.091047,36.34308788,2.544016152,15.10269284,8.155454134,49.70613596,6.958859034,205.2689039,18.47420135,12.76796013,0.043601511,2.511699688,0.40187195,99.83622626,1.996724525,5.366567931,0.268328397,1.246594212,0.013360443,0.429107176,0.003204618,0.122798888,0.005168665,4.209049015,0.025421867,0.000107002,0.420904908
Bird Island,BI10,BI10.8,300,1.1,9.7,10.8,10.25,289.7,290.8,290.3,293.7,294.8,294.3,294.3,0.55,3859.29,4252.96,4032.34,4038.61,196.835,0.11842,0.005992898,81.18525035,4.059262517,18.81474965,1.881474965,0.208570691,0.020857069,4199.690674,81.21750475,643.1526044,115.7674688,6725.623999,874.3311199,263.8954581,36.94536413,55.60667563,6.672801076,73040.17367,13147.23126,35.13097178,2.459168025,14.43173082,7.793134643,80.36054861,11.25047681,206.0678435,18.54610592,16.9214082,0.263096896,3.349219592,0.535875135,110.4667193,2.209334386,6.491956622,0.324597831,3.493072909,0.039826018,0.610606448,0.001338725,0.118421053,0.005992898,5.0606695,0.024699161,0.000124994,0.506066948
Bird Island,BI10,BI10.8,303,1,13.4,14.4,13.9,293.4,294.4,293.9,297.4,298.4,297.9,297.9,0.5,3880.4,4301.74,4061.61,4069.01,210.67,0.1164,0.006221892,80.63662046,4.031831023,19.36337954,1.936337954,0.217571512,0.021757151,3127.488942,35.02606732,661.9708417,119.1547515,5960.306307,774.8398199,277.5603378,38.85844729,54.76131918,6.571358302,74836.34761,13470.54257,16.81953054,1.177367138,12.65956686,6.836166104,78.52750915,10.99385128,100.7202187,9.064819683,15.16180663,0.331171028,3.120629768,0.499300763,95.05242503,1.901048501,6.318871737,0.315943587,3.874266683,0.031053551,0.552785654,0.004543821,0.116404656,0.006221892,5.345054197,0.025326337,0.000135371,0.534505415
Bird Island,BI10,BI10.8,311,0.9,23.1,24,23.6,303.1,304,303.6,307.1,308,307.6,307.6,0.45,3941.17,4415.92,4142.46,4152.34,237.375,0.11598,0.006799849,79.31158754,3.965579377,20.68841246,2.068841246,0.286703829,0.028670383,2256.343461,33.09058136,1745.183529,314.1330352,6654.679504,865.1083355,691.4862269,96.80807177,80.6250656,9.675007872,65108.07757,11719.45396,25.16163647,1.761314553,12.05911704,6.511923202,51.06064778,7.148490689,130.9239492,11.78315543,14.08609213,0.26063734,9.077687309,1.452429969,109.9097917,2.198195834,13.10956878,0.655478439,4.086498841,0.00643734,0.973432922,0.009359448,0.115984535,0.006799849,5.862720777,0.03325321,0.000194954,0.58627208
Bird Island,BI10,BI10.8,318,1.1,31.7,32.8,32.2,311.7,312.8,312.2,315.7,316.8,316.3,316.3,0.55,3998.58,4496.01,4220.41,4227.35,248.715,0.09667,0.005855649,85.15747699,4.257873849,14.84252301,1.484252301,0.17652867,0.017652867,1913.800621,31.98948586,543.4726901,97.82508422,6154.781584,800.1216059,244.2716404,34.19802966,70.96066682,8.515280018,88890.89611,16000.3613,11.55396277,0.808777394,9.165262456,4.949241726,50.54112884,7.075758038,83.34916521,7.501424869,17.61827763,0.432720307,2.400125578,0.384020092,92.99111859,1.859822372,4.823094008,0.2411547,4.499188133,0.02272668,0.436569956,0.006324564,0.096665056,0.005855649,6.057668483,0.017064154,0.000103369,0.605766848
Bird Island,BI10,BI10.8,326,1.1,41.7,42.8,42.2,321.7,322.8,322.2,325.7,326.8,326.3,326.3,0.55,4077.47,4620.78,4325.98,4330.8,271.655,0.08888,0.005724925,82.30218853,4.115109426,17.69781147,1.769781147,0.241308675,0.024130868,1062.510848,14.90439106,2704.115972,486.740875,4314.171561,560.8423029,390.264881,54.63708334,272.5348429,32.70418115,76198.44633,13715.72034,13.36853596,0.935797517,9.036215502,4.879556371,35.29243706,4.940941188,141.7452321,12.75707089,16.48089604,0.082550766,13.28023284,2.124837254,54.97448254,1.099489651,14.95585253,0.747792627,3.349093001,0.037822983,0.815362521,0.010288198,0.088882619,0.005724925,6.440995397,0.021448147,0.000138147,0.644099553
Bird Island,BI10,BI10.9,342,1,12.1,13.1,12.6,332.1,333.1,332.6,332.1,333.1,332.6,332.6,0.5,4126.96,4711.25,4398.15,4401.68,292.145,0.09009,0.006114819,54.15974773,2.707987387,45.84025227,4.584025227,0.283876328,0.028387633,1907.808331,19.06490942,473.7956247,85.28321245,3366.405358,437.6326965,159.3219544,22.30507362,48.26462876,5.791755451,244762.4318,44057.23772,24.67115714,1.726981,18.49534977,9.987488876,54.25753022,7.596054231,108.9295808,9.803662272,29.81581511,0.773136298,2.02301219,0.32368195,53.58134359,1.071626872,3.512118591,0.17560593,3.936977584,0.019326058,0.365718702,0.003108463,0.09009009,0.006114819,6.787448856,0.025574444,0.000173585,0.67874489
Bird Island,BI10,BI10.9,348,1,19.5,20.5,20,339.5,340.5,340,339.5,340.5,340,340,0.5,4180.66,4813.55,4477.39,4483.82,316.445,0.09793,0.007055411,79.92749239,3.996374619,20.07250761,2.007250761,0.233658379,0.023365838,3740.72618,50.17060239,519.5682507,93.52228513,6376.14109,828.8983417,247.3342292,34.62679209,71.25145017,8.55017402,33059.50476,5950.710857,30.22335953,2.115635167,15.52691154,8.384532232,93.06939632,13.02971548,242.3611357,21.81250221,13.38786455,0.172694261,3.033425815,0.48534813,126.2966844,2.525933688,6.610934788,0.330546739,3.489982864,0.053218462,0.532835757,0.004931813,0.097930817,0.007055411,7.204485444,0.022882356,0.000164856,0.720448547
Bird Island,BI10,BI10.9,353,1,25.7,26.7,26.2,345.7,346.7,346.2,345.7,346.7,346.2,346.2,0.5,4249.83,4857.11,4542.96,4547.13,303.64,0.09124,0.006224433,59.1542995,2.957714975,40.8457005,4.08457005,0.537569421,0.053756942,726.3242938,7.848344827,590.2581944,106.246475,1649.910749,214.4883974,196.7910903,27.55075264,40.04154754,4.804985705,259743.8529,46753.89352,31.69988747,2.218992123,16.50037866,8.910204476,46.16790206,6.463506288,46.41044203,4.176939783,33.63062821,0.630236272,2.023599773,0.323775964,26.73253921,0.534650784,3.215918511,0.160795926,3.841771896,0.06841699,0.221542724,0.000709409,0.091240876,0.006224433,6.821978326,0.049048305,0.000334606,0.682197831
Bird Island,BI10,BI10.9,361,1,35.7,36.7,36.2,355.7,356.7,356.2,355.7,356.7,356.2,356.2,0.5,4347.54,4949.41,4657.78,4656.73,300.935,0.08702,0.005745703,75.51545368,3.775772684,24.48454632,2.448454632,0.271119644,0.027111964,4761.875299,30.36296028,2355.45594,423.9820692,6975.754499,906.8480849,799.193679,111.8871151,63.1732016,7.580784192,19940.78074,3589.340533,5.120949268,0.358466449,8.855748872,4.782104391,61.1989585,8.56785419,50.4248919,4.538240271,5.486958807,0.08884197,12.19802273,1.951683637,152.5618881,3.051237762,25.31019839,1.26550992,5.131125425,0.052935455,1.245198413,0.027091858,0.087017055,0.005745703,6.602961384,0.023592033,0.000155777,0.660296129
Bird Island,BI10,BI10.9,365,1,40.7,41.7,41.2,360.7,361.7,361.2,360.7,361.7,361.2,361.2,0.5,4398.4,5007.11,4717.52,4714.19,304.355,0.08524,0.005621215,75.42653024,3.771326512,24.57346976,2.457346976,0.306744795,0.030674479,4611.136234,33.19747396,1070.885179,192.7593322,6849.57438,890.4446694,482.4222414,67.5391138,70.44102514,8.452923017,91742.56196,16513.66115,76.74575589,5.372202912,30.78295408,16.6227952,84.15061701,11.78108638,199.4152519,17.94737267,10.06036084,0.205877938,4.992973415,0.798875746,138.0986394,2.761972788,9.681378018,0.484068901,6.041542002,0.028948675,0.81296146,0.006029443,0.133094063,0.005621215,4.223490129,0.040825911,0.000172428,0.422349006
Bird Island,BI10,BI10.9,372,1.9,49.1,51,50.1,369.1,371,370.1,369.1,371,370.1,370.1,0.95,4483,5053.23,4784.6,4781.06,285.115,0.08545,0.005315087,77.82667862,3.891333931,22.17332138,2.217332138,0.217762879,0.021776288,5476.238187,44.56145304,1739.758107,313.1564593,7954.492393,1034.084011,927.4315698,129.8404198,100.6908119,12.08289743,63330.72521,11399.53054,33.30735274,2.331514692,18.94940307,10.23267766,69.48540749,9.727957049,155.6838291,14.01154462,17.98872607,0.108961756,9.175578982,1.468092637,172.6424549,3.452849098,18.17108513,0.908554257,10.90930959,0.055230939,1.325701748,0.018963946,-0.085447263,0.005315087,-6.22031314,-0.018607242,0.000115743,-0.622031317
Bird Island,BI10,BI10.10,379,1.1,7.3,8.4,7.85,367.3,368.4,367.9,366.3,367.4,366.9,366.9,0.55,4518.52,5091.71,4824.32,4818.51,286.595,0.09279,0.005658054,77.00109282,3.850054641,22.99890718,2.299890718,0.291571616,0.029157162,4996.075153,52.11628875,1447.271106,260.5087991,6910.359074,898.3466796,541.6620458,75.83268641,69.28334701,8.314001641,69886.15056,12579.5071,17.29854042,1.210897829,16.74430526,9.04192484,96.04739856,13.4466358,106.4331106,9.578979954,12.94872931,0.192691994,7.537000498,1.20592008,142.7753473,2.855506946,10.27576935,0.513788468,7.2235317,0.082032731,0.9882166,0.017709204,0.151018923,0.005658054,3.746585853,0.044032831,0.000164973,0.37465859
Bird Island,BI10,BI10.10,386,0.9,15.7,16.6,16.1,375.7,376.6,376.1,374.7,375.6,375.2,375.2,0.45,4592.14,5130.58,4879.62,4873.47,269.22,0.09279,0.005237189,72.13219103,3.606609551,27.86780897,2.786780897,0.364923014,0.036492301,4505.833499,31.50266064,1334.018291,240.1232924,6023.226846,783.01949,617.6592849,86.47229989,70.46152124,8.455382549,54047.68966,9728.584139,24.79954461,1.735968123,17.31182215,9.348383961,74.97636554,10.49669118,153.3540492,13.80186443,11.06391366,0.159070092,7.097707001,1.13563312,129.6985539,2.593971078,12.79708303,0.639854152,6.262183706,0.042454841,1.05208357,0.008324452,0.092789484,0.005237189,5.644162716,0.033861018,0.000191117,0.564416265
Bird Island,BI10,BI10.10,390,1,20.5,21.5,21,380.5,381.5,381,379.5,380.5,380,380,0.5,4640.32,5183.7,4930.55,4925.2,271.69,0.09381,0.005298298,78.69058332,3.934529166,21.30941668,2.130941668,0.239273227,0.023927323,6066.004862,40.91124585,3262.422113,587.2359803,8005.462824,1040.710167,862.5856098,120.7619854,97.8957421,11.74748905,40132.04847,7223.768725,9.040037779,0.632802645,10.00803438,5.404338565,55.15725169,7.722015237,63.73190593,5.735871534,8.61116978,0.232102114,14.36128756,2.29780601,153.3496638,3.066993276,18.27558905,0.913779453,4.279527789,0.028118065,1.483670914,0.004179591,0.09380863,0.005298298,5.647985617,0.022445894,0.000126774,0.564798569
Bird Island,BI10,BI10.10,392,1.1,22.9,24,23.4,382.9,384,383.4,381.9,383,382.5,382.5,0.55,4672.5,5199.13,4958.66,4951.85,263.315,0.0938,0.005122698,72.08217607,3.604108804,27.91782393,2.791782393,0.329623388,0.032962339,4548.665534,59.92319496,2439.861236,439.1750225,8103.945816,1053.512956,859.4671757,120.3254046,81.91402797,9.829683356,54152.91453,9747.524615,19.75221569,1.382655098,13.25060411,7.155326219,94.26813549,13.19753897,136.8739771,12.31865794,12.8787305,0.584735162,9.248141245,1.479702599,135.6264282,2.712528564,16.48531144,0.824265572,5.788177951,0.208124419,1.022346242,0.016719137,0.093804964,0.005122698,5.461009454,0.03092031,0.000168856,0.546100949
Bird Island,BI10,BI10.10,396,1.1,27.7,28.8,28.2,387.7,388.8,388.2,386.7,387.8,387.3,387.3,0.55,4723.37,5238.72,5015.2,5003.02,257.675,0.09765,0.005168027,80.30162948,4.015081474,19.69837052,1.969837052,0.222180671,0.022218067,1529.984744,25.92577122,4192.532888,754.6559198,7585.017065,986.0522185,1453.514493,203.492029,274.0987451,32.89184941,20119.39045,3621.490281,2.860665218,0.200246565,5.370449412,2.900042682,19.4548787,2.723683018,47.14281535,4.242853382,5.442980062,0.045398161,20.02750394,3.20440063,151.7312933,3.034625866,23.6965254,1.18482627,1.683004451,0.00603126,1.28523096,0.007747074,0.097649597,0.005168027,5.29241979,0.021695853,0.000114824,0.529241977
Bird Island,BI10,BI10.10,403,1.1,36.3,37.4,36.8,396.3,397.4,396.8,395.3,396.4,395.9,395.9,0.55,4840.33,5330.4,5104.96,5091.09,245.035,0.08248,0.00408436,77.7103679,3.885518395,22.2896321,2.22896321,0.30863854,0.030863854,3049.762594,32.38070392,2645.007056,476.1012701,7317.516566,951.2771536,1096.289357,153.48051,78.69369569,9.443243483,51021.42539,9183.85657,7.991640436,0.559414831,10.48748493,5.663241862,71.22393581,9.971351013,61.90931635,5.571838472,10.25687008,0.232367414,10.62373635,1.699797816,121.4529542,2.429059084,19.25420696,0.962710348,5.804511688,0.123140897,1.176556743,0.015856583,0.082478375,0.00408436,4.952038026,0.025456005,0.000126059,0.495203803
Bird Island,BI10,BI10.10,410,1,44.6,45.6,45.1,404.6,405.6,405.1,403.6,404.6,404.1,404.1,0.5,4975.74,5406.39,5197.13,5190.51,215.325,0.04155,0.001775086,81.45962317,4.072981159,18.54037683,1.854037683,0.227770281,0.022777028,4735.07879,29.00454409,1279.071246,230.2328243,7179.414733,933.3239153,439.7704209,61.56785893,60.23512043,7.228214452,34088.22199,6135.879958,18.03152781,1.262206947,13.21962289,7.138596361,87.44578681,12.24241015,97.22108231,8.749897408,10.42234441,0.129991788,4.89161886,0.782659018,127.9383347,2.558766694,10.69155001,0.534577501,7.064103822,0.043039341,0.712875407,0.000529873,0.041553103,0.001775086,4.271848996,0.009464562,4.04E-05,0.427184898
Bird Island,BI10,BI10.11,422,1,9.9,10.9,10.4,409.9,410.9,410.4,412.9,413.9,413.4,413.4,0.5,5178.11,5644.94,5410.14,5414.32,233.415,0.02428,0.001076093,71.75925287,3.587962643,28.24074713,2.824074713,0.335520162,0.033552016,5919.405954,68.86079287,2999.419337,539.8954807,9461.06745,1229.938769,2545.357841,356.3500977,321.8666456,38.62399747,28823.89617,5188.301311,10.38688508,0.727081956,11.44865692,6.182274737,55.06983208,7.709776491,72.67126101,6.540413491,5.803672169,0.111394115,11.2517643,1.800282288,230.1968823,4.603937646,30.86414748,1.543207374,8.029088504,0.030559369,1.531836996,0.001421073,0.024282095,0.001076093,4.431633612,0.008147132,3.61E-05,0.443163359
Bird Island,BI10,BI10.11,424,1,12.2,13.2,12.7,412.2,413.2,412.7,415.2,416.2,415.7,415.7,0.5,5240.75,5795.74,5502.33,5509.04,277.495,0.02428,0.001252208,82.01865964,4.100932982,17.98134036,1.798134036,0.185813281,0.018581328,4906.390605,12.8149241,1873.201141,337.1762054,8311.822141,1080.536878,713.4399266,99.88158972,107.9334325,12.9520119,30935.30845,5568.355521,11.60935571,0.8126549,13.02193372,7.031844209,79.709217,11.15929038,70.91847569,6.382662812,7.78759488,0.032605693,7.62089899,1.219343838,147.1050077,2.942100154,14.88976145,0.744488073,8.426327912,0.091387716,0.982574616,0.014120026,0.024283305,0.001252208,5.156661574,0.004512161,2.33E-05,0.515666155
Bird Island,BI10,BI10.11,427,1,15.8,16.8,16.3,415.8,416.8,416.3,418.8,419.8,419.3,419.3,0.5,5296.45,6078.28,5644.64,5657.29,390.915,0.0275,0.001933025,77.5535611,3.877678055,22.4464389,2.24464389,0.281896254,0.028189625,4743.51956,104.9738041,2896.949952,521.4509914,4039.228505,525.0997057,623.497368,87.28963152,98.07001331,11.7684016,34349.06054,6182.830897,11.06017577,0.774212304,10.69111482,5.773202003,49.32777324,6.905888254,61.6011836,5.544106524,6.365283876,0.032078895,14.21907028,2.275051245,90.62519465,1.812503893,13.96627653,0.698313827,7.269837559,0.088140895,1.058348396,0.006936541,0.027502229,0.001933025,7.028610665,0.007752775,5.45E-05,0.702861057
Bird Island,BI10,BI10.11,439,1,30.3,31.3,30.8,430.3,431.3,430.8,433.3,434.3,433.8,433.8,0.5,5894.14,6354.64,6209.64,6184.52,230.25,0.04733,0.001816651,75.06123488,3.753061744,24.93876512,2.493876512,0.314653108,0.031465311,2573.483787,20.83881079,3339.764406,601.1575931,5046.388886,656.0305552,1578.677596,221.0148634,53.48002201,6.417602641,29282.54803,5270.858645,14.40052097,1.008036468,10.27959403,5.550980776,49.65090616,6.951126862,63.26427197,5.693784477,6.296183095,0.09037256,15.34553868,2.455286189,90.09213851,1.80184277,36.05342738,1.802671369,4.229160877,0.066063666,1.396057162,0.016028184,0.047330557,0.001816651,3.838220531,0.014892707,5.72E-05,0.383822056
Bird Island,BI10,BI10.11,443,1.1,35.2,36.3,35.7,435.2,436.3,435.7,438.2,439.3,438.8,438.8,0.55,6036.41,6449.66,6312.35,6290.16,206.625,0.07699,0.002625539,78.71387527,3.935693764,21.28612473,2.128612473,0.257163412,0.025716341,3322.188553,52.99097299,1374.155784,247.3480411,5399.551536,701.9416997,564.5866399,79.04212959,46.9486511,5.633838132,32219.65007,5799.537013,8.58191768,0.600734238,10.7534478,5.806861812,67.64965696,9.470951974,53.82896824,4.844607142,6.546600461,0.21306347,5.803580829,0.928572933,91.69283278,1.833856656,11.59992701,0.579996351,5.623923907,0.078821248,0.82113265,0.010596606,0.076986245,0.002625539,3.410400764,0.019798045,6.75E-05,0.341040074
Bird Island,BI10,BI10.11,449,1,42.8,43.8,43.3,442.8,443.8,443.3,445.8,446.8,446.3,446.3,0.5,6132.81,6564.79,6398.48,6387.58,215.99,0.0908,0.003172042,80.23174108,4.011587054,19.76825892,1.976825892,0.226534011,0.022653401,1212.319435,3.81968698,959.6082071,172.7294773,7612.230803,989.5900044,383.0841407,53.6317797,68.97052291,8.276462749,16700.79088,3006.142358,1.309662683,0.091676388,2.705794836,1.461129211,30.41424683,4.257994556,18.55755468,1.670179921,4.507341527,0.065271547,4.177557871,0.668409259,107.4610267,2.149220534,9.694411847,0.484720592,3.151085499,0.027796954,0.586841167,0.002855282,0.09079984,0.003172042,3.493444221,0.020569252,7.19E-05,0.349344421
Bird Island,BI10,BI10.12,461,1.2,7.5,8.7,8.1,447.5,448.7,448.1,452.5,453.7,453.1,453.1,0.6,6233.64,6652.03,6467.3,6462.47,209.195,0.0952,0.00320776,43.1553935,2.157769675,56.8446065,5.68446065,0.773402367,0.077340237,4684.658687,40.98930044,6631.161901,1193.609142,11154.85179,1450.130733,3810.984322,533.5378051,355.0818916,42.60982699,37075.7818,6673.640724,5.309682165,0.371677752,5.648759577,3.050330172,28.74922169,4.024891037,50.41642497,4.537478247,7.998732079,0.0894333,25.0506238,4.008099808,263.6699608,5.273399216,61.68487759,3.08424388,10.60472176,0.047124627,2.599471014,0.035744714,0.09520388,0.00320776,3.369358765,0.073630906,0.000248089,0.336935878
Bird Island,BI10,BI10.12,465,1.1,12.8,13.9,13.4,452.8,453.9,453.4,457.8,458.9,458.4,458.4,0.55,6312.19,6708.88,6520.3,6518.14,198.345,0.08858,0.002801743,68.15019044,3.407509522,31.84980956,3.184980956,0.377628666,0.037762867,4480.636884,7.550856231,5147.889503,926.6201105,11483.54156,1492.860403,2897.539841,405.6555777,201.9552017,24.2346242,29511.5462,5312.078316,4.280007535,0.299600527,7.193324268,3.884395105,39.15988603,5.482384044,62.26601894,5.603941705,7.060998051,0.166110574,21.73821403,3.478114245,227.4544094,4.549088188,60.0329846,3.00164923,9.227439886,0.098137776,2.660639192,0.035397346,0.088582677,0.002801743,3.16285627,0.033451358,0.000105802,0.31628563
Bird Island,BI10,BI10.12,469,1,18.3,19.3,18.8,458.3,459.3,458.8,463.3,464.3,463.8,463.8,0.5,6425.86,6771.32,6573.77,6579.1,172.73,0.05243,0.001433038,61.4854044,3.07427022,38.5145956,3.85145956,0.507021768,0.050702177,3299.466766,30.96016951,5505.035933,990.9064679,10269.18303,1334.993794,3795.356029,531.3498441,311.4480017,37.3737602,35173.56997,6331.242595,7.368448017,0.515791361,6.263265577,3.382163412,34.66157048,4.852619867,58.60550147,5.274495132,5.441478568,0.110837604,21.04953065,3.367924904,198.7277638,3.974555276,50.93045401,2.546522701,7.052044782,0.041003547,2.246205468,0.019015327,0.052432468,0.001433038,2.733111508,0.026584403,7.27E-05,0.273311152
Bird Island,BI10,BI10.12,475,1.1,26.1,27.2,26.6,466.1,467.2,466.6,471.1,472.2,471.7,471.7,0.55,6568.13,6948.01,6720.11,6729.77,189.94,0.02162,0.000635408,35.36524937,1.768262469,64.63475063,6.463475063,1.003750491,0.100375049,3150.347901,22.05986399,6097.843222,1097.61178,12229.13292,1589.78728,5093.523369,713.0932717,353.3049619,42.39659543,30813.78663,5546.481593,5.122222899,0.358555603,6.301289954,3.402696575,25.95749555,3.634049377,40.82277223,3.674049501,5.26394517,0.065585643,23.73857998,3.798172797,302.9231828,6.058463656,78.78952034,3.939476017,6.654761939,0.283669051,3.325135249,0.156443082,0.021620605,0.000635408,2.938901959,0.021701693,6.38E-05,0.293890196
Bird Island,BI10,BI10.13,506,1.1,16.4,17.5,16.95,473.4,474.5,474,473.4,474.5,474,474,0.55,6604.47,7151.21,6820.01,6836.15,273.37,0.02162,0.000889646,74.61693659,3.73084683,25.38306341,2.538306341,0.275349745,0.027534974,1867.157105,9.197573139,2516.983872,453.057097,6960.861032,904.9119342,1199.537678,167.9352749,60.6622639,7.279471668,33521.67785,6033.902013,21.80830378,1.526581265,10.48832859,5.663697439,46.69505839,6.537308175,136.0251037,12.24225933,7.513560787,0.135235689,10.73581104,1.717729766,111.667296,2.23334592,21.85695903,1.092847952,4.184776208,0.042481992,0.991208795,0.007184844,0.021620816,0.000889646,4.114766787,0.005953286,2.45E-05,0.411476671
Bird Island,BI10,BI10.12,479,1,31.4,32.4,31.9,471.4,472.4,471.9,476.4,477.4,476.9,476.9,0.5,6628.62,7446.4,6941.3,6970.28,408.89,0.02296,0.00137095,70.44739698,3.522369849,29.55260302,2.955260302,0.348543289,0.034854329,5218.223333,7.043425533,6175.999603,1111.679929,9855.628818,1281.231746,3509.410749,491.3175049,115.4337622,13.85205146,13189.89932,2374.181878,5.35222129,0.37465549,9.999536344,5.399749626,89.58971424,12.54255999,35.42302354,3.188072119,3.566731737,0.069025258,30.35980649,4.857569038,245.5928888,4.911857776,55.86097273,2.793048637,7.476387324,0.031961795,2.37928939,0.024414367,0.022959011,0.00137095,5.971292778,0.008002209,4.78E-05,0.597129279
Bird Island,BI10,BI10.12,484,1,38.2,39.2,38.7,478.2,479.2,478.7,483.2,484.2,483.7,483.7,0.5,6744.18,7855.71,7247.45,7266.46,555.765,0.02354,0.001824757,73.94626198,3.697313099,26.05373802,2.605373802,0.308842251,0.030884225,5825.980155,52.44956405,5968.444872,1074.320077,10048.24434,1306.271764,3248.960975,454.8545365,105.7636335,12.69163602,10103.92743,1818.706937,5.409379617,0.378656573,13.45589808,7.266184963,97.79698974,13.69157856,54.064265,4.86578385,3.357694565,0.043389456,28.7689376,4.603030016,254.6825264,5.093650528,50.67135824,2.533567912,8.452626598,0.312120132,2.138035712,0.09205157,0.023544327,0.001824757,7.750305052,0.007271483,5.64E-05,0.775030503
Bird Island,BI10,BI10.13,519,1,34,35,34.5,491,492,491.5,491,492,491.5,491.5,0.5,6875.77,8107.06,7618.13,7597.75,615.645,0.02109,0.001730376,61.87547013,3.093773507,38.12452987,3.812452987,0.425132074,0.042513207,5731.950298,32.12000598,790.4601626,142.2828293,7012.381581,911.6096055,307.9839209,43.11774893,64.82600414,7.779120497,19102.04921,3438.368858,14.81752131,1.037226492,14.68864067,7.931865962,78.63602567,11.00904359,94.75874646,8.528287181,4.2798937,0.044961711,3.470088908,0.555214225,131.8281488,2.636562976,7.181000574,0.359050029,4.406393906,0.009614021,0.594316804,0.008707315,0.021093533,0.001730376,8.203346126,0.008967538,7.36E-05,0.820334605
Bird Island,BI10,BI10.13,522,1,37.8,38.8,38.3,494.8,495.8,495.3,494.8,495.8,495.3,495.3,0.5,6956.87,8150.98,7813.49,7777.9,597.055,0.02109,0.001640222,76.88644665,3.844322333,23.11355335,2.311355335,0.242239103,0.02422391,8552.630611,86.09986976,3163.380594,569.4085069,9040.006112,1175.200795,1347.461524,188.6446134,87.95481953,10.55457834,17067.4608,3072.142944,4.1377886,0.289645202,13.66412704,7.378628602,99.33071721,13.90630041,57.03901807,5.133511626,5.021044644,0.084295908,14.31278916,2.290046266,224.4453244,4.488906488,28.83560184,1.441780092,11.05154273,0.183321819,1.626818587,0.027086211,0.021092482,0.001640222,7.776334398,0.005109424,3.97E-05,0.77763343
Bird Island,BI10,BI10.13,525,1,41.7,42.7,42.2,498.7,499.7,499.2,498.7,499.7,499.2,499.2,0.5,7013.52,8236.21,8029.02,7962.8,611.345,0.03913,0.003043404,72.94537302,3.647268651,27.05462698,2.705462698,0.408877653,0.040887765,7419.560931,130.1713155,6266.517708,1127.973187,11396.20863,1481.507122,2883.518514,403.692592,169.8695081,20.38434097,32079.57549,5774.323588,10.38268079,0.726787655,13.11407391,7.081599911,78.85879013,11.04023062,47.08824283,4.237941855,6.288348336,0.156785698,25.23019472,4.036831155,262.4737246,5.249474492,49.62591564,2.481295782,10.71886514,0.095384019,2.562984296,0.028069395,0.039125941,0.003043404,7.778480015,0.015997723,0.000124438,0.777847996
Bird Island,BI10,BI10.13,529,1.2,46.9,48.1,47.5,503.9,505.1,504.5,503.9,505.1,504.5,504.5,0.6,7106.7,8316.81,8173.33,8098.26,605.055,0.04613,0.003501428,81.7476315,4.087381575,18.2523685,1.82523685,0.161209432,0.016120943,8532.394848,27.06455729,1326.826528,238.828775,7680.69076,998.4897988,440.1427786,61.619989,77.40139067,9.28816688,40180.34818,7232.462672,32.08267707,2.245787395,54.67369247,29.52379393,273.7512725,38.32517815,160.9095737,14.48186163,6.723116051,0.083862022,4.409343496,0.705494959,198.8915063,3.977830126,8.837063052,0.441853153,2.529190132,0.009725697,0.669759257,0.001692966,0.046132972,0.003501428,7.589860512,0.00743707,5.64E-05,0.758986042
Bird Island,BI10,BI10.13,530,1.7,48.3,50,49.2,505.3,507,506.2,505.3,507,506.2,506.2,0.85,7120.6,8339.96,8208.31,8135.11,609.68,0.04613,0.00353464,81.92075639,4.09603782,18.07924361,1.807924361,0.214628864,0.021462886,12235.54505,143.2273783,1320.280768,237.6505382,9482.062561,1232.668133,397.5157649,55.65220709,99.77811311,11.97337357,40694.15075,7324.947135,29.24265082,2.046985557,48.45476598,26.16557363,234.2598755,32.79638257,164.7979468,14.83181521,4.834596987,0.04539848,4.04687889,0.647500622,271.8432875,5.43686575,7.931093304,0.396554665,3.059489395,0.009479661,0.660878379,0.007256785,#REF!,0.00353464,#REF!,#REF!,#REF!,#REF!