"Location","Site","Section","sample","min_depth","max_depth","midpoint","Ti","Ti_sd","Ti_ICP","Ti_ICP_sd","Ti_fit_OLS","Ti_lwr_OLS","Ti_upr_OLS","Ti_fit_WLS","Ti_lwr_WLS","Ti_upr_WLS"
"Bird Island","BI10","BI10.1",1,0,1.1,0.6,-1.37872007844385,-0.0689360039221923,1.3049526576182,0.06524763288091,1.50646312961264,0.68864160587004,2.32428465335523,1.58787503757117,0.468901207480888,2.70684886766145
"Bird Island","BI10","BI10.1",4,3.9,5,4.5,-1.20646118298129,-0.0603230591490644,1.0281289082459,0.0514064454122948,1.62777843687544,0.810681330570694,2.44487554318019,1.69917260677321,0.626190946454741,2.77215426709168
"Bird Island","BI10","BI10.1",10,11.7,12.8,12.3,-1.26291733910905,-0.0631458669554525,1.97090735948023,0.0985453679740117,1.58801853995328,0.770696076935084,2.40534100297148,1.66269592481935,0.57464141450581,2.75075043513289
"Bird Island","BI10","BI10.1",22,26.7,27.8,27.2,-1.2158157039933,-0.060790785199665,2.18038714473554,0.109019357236777,1.62119040792157,0.804056774779644,2.4383240410635,1.69312859118324,0.617649474337417,2.76860770802906
"Bird Island","BI10","BI10.1",30,36.3,37.2,36.7,-0.81944771201243,-0.0409723856006215,2.05065592068389,0.102532796034195,1.90033712256396,1.08446734894012,2.7162068961878,1.94922447464113,0.979549838659045,2.91889911062321
"Bird Island","BI10","BI10.1",34,40.9,41.9,41.4,-1.18173200656464,-0.0590866003282322,2.00602850843823,0.100301425421912,1.64519424363123,0.82819214078506,2.46219634647739,1.7151502851169,0.648770698345697,2.78152987188811
"Bird Island","BI10","BI10.2",45,44,45,44.5,-1.48318241596533,-0.0741591207982665,2.20240610833466,0.110120305416733,1.43289432760808,0.614580219410088,2.25120843580606,1.5203812561436,0.373513916049304,2.6672485962379
"Bird Island","BI10","BI10.2",51,51.9,52.9,52.4,-1.73129755123555,-0.0865648775617776,0.8436445763641,0.042182228818205,1.25815639148564,0.438511573995362,2.07780120897591,1.36007248739376,0.14694641903858,2.57319855574895
"Bird Island","BI10","BI10.2",54,55.3,56.3,55.8,-2.11060390830465,-0.105530195415232,2.17022093152237,0.108511046576118,0.991025529355074,0.168911286509187,1.81313977220096,1.11500023489086,-0.199435353669281,2.42943582345101
"Bird Island","BI10","BI10.2",62,64.4,65.4,64.9,-1.11629450884487,-0.0558147254422436,1.18035775986724,0.0590178879933618,1.69127935361098,0.874517739842876,2.50804096737909,1.75742986906128,0.70851984321147,2.80633989491109
"Bird Island","BI10","BI10.2",67,70.1,71.2,70.6,-1.33591072305371,-0.0667955361526853,2.03417261627581,0.10170863081379,1.53661211024398,0.718980838927754,2.35424338156021,1.61553443467362,0.50799099016894,2.72307787917831
"Bird Island","BI10","BI10.2",71,74.7,75.8,75.2,-1.03522996943664,-0.051761498471832,1.50628944908492,0.0753144724542462,1.74836998733425,0.931884325560077,2.56485564910842,1.80980618414441,0.782536299458527,2.83707606883029
"Bird Island","BI10","BI10.2",81,86.5,87.5,87,-1.50968204762407,-0.0754841023812033,2.39385073836139,0.11969253691807,1.41423165739649,0.595786206592379,2.23267710820059,1.50325967539477,0.349316114289753,2.65720323649979
"Bird Island","BI10","BI10.3",88,84.8,85.8,85.3,-1.3768662592819,-0.0688433129640951,1.67726057865771,0.0838630289328854,1.50776870306727,0.689955557950026,2.32558184818452,1.58907280193574,0.470593960921802,2.70755164294967
"Bird Island","BI10","BI10.3",95,93,94,93.5,-0.295947512143852,-0.0147973756071926,1.60030995577748,0.0800154977888741,2.26901815600876,1.45392387729348,3.08411243472403,2.28746128711864,1.45745706152893,3.11746551270836
"Bird Island","BI10","BI10.3",98,96.3,97.3,96.8,-0.678603836695197,-0.0339301918347598,1.72501753913816,0.0862508769569081,1.99952804077061,1.18396708003757,2.81508900150365,2.04022459929484,1.1081363117789,2.97231288681078
"Bird Island","BI10","BI10.3",104,103.2,104.2,103.7,-0.73836963246412,-0.036918481623206,1.80425442055466,0.0902127210277329,1.95743729208652,1.14175428731791,2.77312029685513,2.00160953809498,1.0535725438351,2.94964653235485
"Bird Island","BI10","BI10.3",114,114.9,115.9,115.4,-1.12113756642494,-0.0560568783212469,1.43545442424602,0.071772721212301,1.68786857463879,0.871089704802047,2.50464744447553,1.75430073872104,0.704097814570984,2.8045036628711
"Bird Island","BI10","BI10.3",120,121.8,122.7,122.3,-1.73504450703648,-0.0867522253518239,1.12947680997815,0.0564738404989074,1.2555175547912,0.435850911285229,2.07518419829717,1.35765155539237,0.143524798417242,2.57177831236749
"Bird Island","BI10","BI10.4",135,129.4,130.4,129.9,-1.25833031555987,-0.0629165157779933,1.49235747353001,0.0746178736765007,1.59124900401609,0.77394529037857,2.40855271765361,1.66565962994195,0.57882980186935,2.75248945801456
"Bird Island","BI10","BI10.4",145,141,142,141.5,-1.63229400609245,-0.0816147003046223,1.45955250562134,0.0729776252810669,1.32788077620836,0.508794023968503,2.14696752844821,1.42403930830727,0.237353096301375,2.61072552031316
"Bird Island","BI10","BI10.4",155,152.7,153.8,153.2,-1.84481874090254,-0.0922409370451268,1.98646704143414,0.0993233520717071,1.17820778872519,0.357878922335215,1.99853665511516,1.28672572391353,0.0432810232726535,2.5301704245544
"Bird Island","BI10","BI10.4",165,164.8,165.8,165.3,-0.720676169723529,-0.0360338084861764,0.631718832270822,0.0315859416135411,1.96989811660971,1.15425262519667,2.78554360802275,2.01304139703327,1.06972607626771,2.95635671779884
"Bird Island","BI10","BI10.4",168,168.4,170,169.2,-1.02471847581674,-0.0512359237908368,1.74356202892484,0.087178101446242,1.75577282754674,0.939321166210587,2.57222448888289,1.81659772710326,0.792133770881825,2.84106168332469
"Bird Island","BI10","BI10.5",181,174.6,175.6,175.1,-1.0278488915246,-0.0513924445762298,0.897476815061509,0.0448738407530754,1.75356819630004,0.937106452116907,2.57002994048317,1.81457514558176,0.789275561761067,2.83987472940245
"Bird Island","BI10","BI10.5",191,186.6,187.6,187.1,-1.11893908804973,-0.0559469544024867,1.65016116226733,0.0825080581133667,1.68941687830625,0.872645852517059,2.50618790409545,1.75572118959789,0.706105169893219,2.80533720930255
"Bird Island","BI10","BI10.5",194,190.3,191.3,190.8,-1.13181949601433,-0.0565909748007165,2.23914702970579,0.111957351485289,1.68034570293561,0.863528466110571,2.49716293976064,1.74739907599707,0.694344495507528,2.80045365648662
"Bird Island","BI10","BI10.5",197,194,195,194.5,-1.27025546116704,-0.063512773058352,1.45569178587078,0.0727845892935392,1.58285058314149,0.765497964150471,2.40020320213252,1.65795471743282,0.567941004837252,2.74796843002839
"Bird Island","BI10","BI10.5",202,199.9,200.8,200.3,-1.10116230397788,-0.0550581151988941,0.718005351324121,0.035900267566206,1.70193638283477,0.885228126791139,2.51864463887841,1.76720688297885,0.722336503854016,2.81207726210369
"Bird Island","BI10","BI10.6",218,209.5,210.5,210,-1.48121440895023,-0.0740607204475113,1.56346497910596,0.0781732489552978,1.4342803191709,0.61597586216885,2.25258477617295,1.52165279800718,0.375310971982712,2.66799462403164
"Bird Island","BI10","BI10.6",228,221.4,222.4,221.9,-1.55073580394085,-0.0775367901970427,0.914088218833467,0.0457044109416734,1.38531907759334,0.56666505061133,2.20397310457534,1.47673458203224,0.311828171954992,2.64164099210948
"Bird Island","BI10","BI10.6",239,234.2,235.2,234.7,-1.40131580597115,-0.0700657902985577,1.19243228396747,0.0596216141983737,1.49054982876138,0.672625162336906,2.30847449518584,1.57327579413943,0.448268619384164,2.69828296889469
"Bird Island","BI10","BI10.6",247,243.9,245,244.5,-1.74977045934185,-0.0874885229670926,0.66837511854813,0.0334187559274065,1.24514663360384,0.425393713641823,2.06489955356586,1.34813702384163,0.130077430382442,2.56619661730082
"Bird Island","BI10","BI10.7",259,250.7,251.7,251.2,-1.11293782590791,-0.0556468912953956,1.45192151278485,0.0725960756392423,1.69364333615474,0.876893631515157,2.51039304079433,1.75959864328024,0.711584711487308,2.80761257507316
"Bird Island","BI10","BI10.7",271,265,266,265.5,-1.51429398344679,-0.0757146991723397,0.344876758187161,0.017243837909358,1.41098364857866,0.592515075409225,2.2294522217481,1.5002798742936,0.345104771898604,2.6554549766886
"Bird Island","BI10","BI10.7",280,275.9,276.9,276.4,-1.68351942392291,-0.0841759711961454,0.513342578312295,0.0256671289156148,1.29180468685993,0.472433670018948,2.11117570370092,1.39094223967357,0.190575961780286,2.59130851756685
"Bird Island","BI10","BI10.8",300,289.7,290.8,290.3,-1.74438614169317,-0.0872193070846587,0.59222552588809,0.0296112762944045,1.24893860120119,0.429217318929033,2.06865988347335,1.35161586575862,0.13499425690805,2.56823747460919
"Bird Island","BI10","BI10.8",303,293.4,294.4,293.9,-1.47491260190744,-0.0737456300953721,0.79996053814882,0.039998026907441,1.43871843922069,0.620444790714981,2.25699208772639,1.52572443566373,0.381065367705397,2.67038350362207
"Bird Island","BI10","BI10.8",311,303.1,304,303.6,-0.758929401169765,-0.0379464700584882,1.34869812712075,0.0674349063560374,1.94295783863896,1.12722978295449,2.75868589432344,1.9883257406217,1.03480205488794,2.94184942635547
"Bird Island","BI10","BI10.8",318,311.7,312.8,312.2,-1.07787863875316,-0.0538939319376579,0.817593274149798,0.0408796637074899,1.71833417171736,0.901706361474544,2.53496198196017,1.78225060733728,0.74359586463671,2.82090535003785
"Bird Island","BI10","BI10.8",326,321.7,322.8,322.2,-1.14141727992195,-0.0570708639960974,0.825328002278208,0.0412664001139104,1.67358635329118,0.856734283531565,2.49043842305079,1.7411978867013,0.685581053249638,2.79681472015296
"Bird Island","BI10","BI10.9",342,332.1,333.1,332.6,-1.07793393643044,-0.0538966968215218,0.371956046146643,0.0185978023073321,1.71829522769248,0.901667228771198,2.53492322661376,1.78221487915588,0.743545374736718,2.82088438357505
"Bird Island","BI10","BI10.9",348,339.5,340.5,340,-1.56129724398577,-0.0780648621992883,0.576711217356784,0.0288355608678392,1.37788106203689,0.559172375484987,2.1965897485888,1.46991076837016,0.302184025173627,2.6376375115667
"Bird Island","BI10","BI10.9",361,355.7,356.7,356.2,-0.504671685712027,-0.0252335842856014,1.68745627982859,0.0843728139914293,2.12202175746804,1.30674043828551,2.93730307665057,2.15260326954305,1.26692282636488,3.03828371272122
"Bird Island","BI10","BI10.9",365,360.7,361.7,361.2,-0.947742031309464,-0.0473871015654732,0.847971352030997,0.0423985676015498,1.80998437344294,0.993769225992282,2.6261995208936,1.86633269804029,0.862415960127893,2.87024943595268
"Bird Island","BI10","BI10.9",372,369.1,371,370.1,-1.09217051959075,-0.0546085259795375,1.4201117338245,0.0710055866912248,1.70826895035088,0.891591998983271,2.52494590171848,1.77301653212579,0.730546548096324,2.81548651615526
"Bird Island","BI10","BI10.10",379,367.3,368.4,367.9,-1.09977042650975,-0.0549885213254877,1.12650846174243,0.0563254230871213,1.70291662854147,0.886213237855489,2.51962001922746,1.76810618387367,0.723607373531877,2.81260499421546
"Bird Island","BI10","BI10.10",386,375.7,376.6,376.1,-1.02455279613022,-0.0512276398065112,1.23724579434407,0.0618622897172035,1.75588950937047,0.939438380665615,2.57234063807533,1.81670477380366,0.792285043759015,2.84112450384831
"Bird Island","BI10","BI10.10",390,380.5,381.5,381,-0.806369703640505,-0.0403184851820252,1.56871599778469,0.0784357998892347,1.90954746029291,1.09370946350048,2.72538545708533,1.95767425912332,0.991489931372624,2.92385858687402
"Bird Island","BI10","BI10.10",392,382.9,384,383.4,-0.937768396339915,-0.0468884198169958,1.43709079650831,0.0718545398254154,1.81700842051818,1.00082231069292,2.63319453034345,1.87277672710037,0.871522131979563,2.87403132222118
"Bird Island","BI10","BI10.10",396,387.7,388.8,388.2,-0.818195337688967,-0.0409097668844484,2.21361891563492,0.110680945781746,1.90121912157743,1.08535241844643,2.71708582470842,1.9500336416659,0.980693246124639,2.91937403720717
"Bird Island","BI10","BI10.10",403,396.3,397.4,396.8,-0.965723371063804,-0.0482861685531902,1.83934216543655,0.0919671082718273,1.79732080822364,0.981052377608452,2.61358923883884,1.85471483993038,0.84599849613882,2.86343118372193
"Bird Island","BI10","BI10.10",410,404.6,405.6,405.1,-1.66942724676921,-0.0834713623384606,1.08754995816019,0.0543774979080093,1.30172926461142,0.482437408428366,2.12102112079447,1.4000472850633,0.203444449259829,2.59665012086677
"Bird Island","BI10","BI10.11",422,409.9,410.9,410.4,-0.548801846534524,-0.0274400923267262,2.3913383625747,0.119566918128735,2.09094258442817,1.27560096321499,2.90628420564134,2.12409049164064,1.22663639893736,3.02154458434392
"Bird Island","BI10","BI10.11",424,412.2,413.2,412.7,-0.772458054816462,-0.0386229027408231,1.44233306275302,0.072116653137651,1.93343012879505,1.11767157262985,2.74918868496024,1.97958479135804,1.02245070851878,2.9367188741973
"Bird Island","BI10","BI10.11",427,415.8,416.8,416.3,-0.831910352128866,-0.0415955176064433,1.4078051265667,0.0703902563283349,1.89156016500266,1.07565951908091,2.70746081092441,1.94117228350711,0.968171527098813,2.91417303991541
"Bird Island","BI10","BI10.11",439,430.3,431.3,430.8,-0.689766509024975,-0.0344883254512488,2.18643415480952,0.109321707740476,1.99166660046632,1.17608385290233,2.80724934803031,2.03301232562521,1.09794532360478,2.96807932764564
"Bird Island","BI10","BI10.11",443,435.2,436.3,435.7,-0.386147301120034,-0.0193073650560017,1.51625200625625,0.0758126003128125,2.20549391776665,1.39033870045018,3.02064913508312,2.22918262912175,1.37512016844252,3.08324508980098
"Bird Island","BI10","BI10.11",449,442.8,443.8,443.3,-0.325312182508151,-0.0162656091254076,1.64087632228032,0.0820438161140161,2.24833774935486,1.43322695622871,3.06344854248101,2.26848858661926,1.43065254716766,3.10632462607087
"Bird Island","BI10","BI10.12",461,447.5,448.7,448.1,-0.543816607967411,-0.0271908303983705,2.71602553759835,0.135801276879918,2.09445349599487,1.27911904977514,2.90978794221461,2.12731148602193,1.23118745815469,3.02343551388917
"Bird Island","BI10","BI10.12",465,452.8,453.9,453.4,0.354439704729409,0.0177219852364704,2.53042524723946,0.126521262361973,2.7270608297581,1.91150962451528,3.54261203500091,2.70768060922504,2.05101832921739,3.36434288923269
"Bird Island","BI10","BI10.12",469,458.3,459.3,458.8,-0.0865508911534924,-0.00432754455767462,2.73996836630813,0.136998418315407,2.4164881333764,1.60141856785523,3.23155769889756,2.42275377725546,1.64858575635564,3.19692179815528
"Bird Island","BI10","BI10.12",475,466.1,467.2,466.6,-0.0961909298135692,-0.00480954649067846,2.98960465985734,0.149480232992867,2.40969902533682,1.5946319061799,3.22476614449374,2.41652528689507,1.63978720841801,3.19326336537213
"Bird Island","BI10","BI10.12",479,471.4,472.4,471.9,-0.16471981691533,-0.00823599084576651,2.72106636917012,0.136053318458506,2.36143676884897,1.5463770700712,3.17649646762675,2.37224833658684,1.57723887946678,3.16725779370689
"Bird Island","BI10","BI10.12",484,478.2,479.2,478.7,-0.478337662371411,-0.0239168831185705,2.62253505382403,0.131126752691202,2.14056779611791,1.32531901044612,2.9558165817897,2.16961784970305,1.290962823647,3.04827287575909
"Bird Island","BI10","BI10.13",506,473.4,474.5,474,-0.344736858423016,-0.0172368429211508,1.8683168375524,0.0934158418776203,2.23465769805322,1.41953421705017,3.04978117905627,2.25593817982572,1.41292120608389,3.09895515356754
"Bird Island","BI10","BI10.13",519,491,492,491.5,-1.01926227234177,-0.0509631136170884,0.92308755798501,0.0461543778992505,1.75961542156359,0.943181247515854,2.57604959561133,1.82012301491034,0.797115522442795,2.84313050737789
"Bird Island","BI10","BI10.13",522,494.8,495.8,495.3,-0.613112769332626,-0.0306556384666313,1.98013908162669,0.0990069540813343,2.04565087778709,1.23020841204749,2.86109334352669,2.08253879492652,1.16792574350333,2.99715184634972
"Bird Island","BI10","BI10.13",525,498.7,499.7,499.2,-0.764639922064915,-0.0382319961032458,2.35026679280354,0.117513339640177,1.93893613865554,1.1231952914348,2.75467698587629,1.9846361367101,1.02958848847907,2.93968378494113
"Bird Island","BI10","BI10.13",529,503.9,505.1,504.5,-1.07599740525902,-0.0537998702629509,0.729395126728199,0.03646975633641,1.71965905203057,0.903037653909778,2.53628045015136,1.78346608427643,0.745313536571375,2.82161863198149
"Isla Hermite","HER42PB","HER42PB_1A",3,2.5,3.7,3.1,-0.411119081356648,-0.0205559540678324,2.24325653292895,0.112162826646447,2.18790725448189,1.37272981485119,3.0030846941126,2.21304820290521,1.35232463425777,3.07377177155266
"Isla Hermite","HER42PB","HER42PB_1A",5,5.3,6.5,5.9,-0.238408255370558,-0.0119204127685279,2.30604171439661,0.11530208571983,2.30954083901088,1.49446961387421,3.12461206414755,2.32463776729613,1.50997865148134,3.13929688311093
"Isla Hermite","HER42PB","HER42PB_1A",7,8.1,9.3,8.7,-0.259915013398495,-0.0129957506699248,2.37513773818865,0.118756886909432,2.29439445744736,1.47931605770543,3.10947285718929,2.31074211399185,1.49034754984112,3.13113667814258
"Isla Hermite","HER42PB","HER42PB_1A",9,10.9,12.1,11.5,0.306454431836035,0.0153227215918017,2.25156152684354,0.112578076342177,2.69326664972741,1.87780292138315,3.50873037807167,2.67667701886654,2.00723563239007,3.34611840534301
"Isla Hermite","HER42PB","HER42PB_1A",13,16.3,17.5,16.9,-0.538152990077792,-0.0269076495038896,2.30437696303829,0.115218848151914,2.09844216399749,1.28311575698615,2.91376857100884,2.13097078560301,1.2363578040462,3.02558376715982
"Isla Hermite","HER42PB","HER42PB_1A",16,20.5,21.6,21.1,-0.179876323383051,-0.00899381616915253,2.34802052369548,0.117401026184774,2.35076262494352,1.53570220655953,3.1658230433275,2.36245562125029,1.56340476674589,3.1615064757547
"Isla Hermite","HER42PB","HER42PB_1A",20,26.1,27.3,26.7,0.0331326342871958,0.00165663171435979,2.41143805668317,0.120571902834158,2.50077663194214,1.68564788839989,3.31590537548439,2.50008206511723,1.75781759154696,3.2423465386875
"Isla Hermite","HER42PB","HER42PB_1A",25,33.1,34.1,33.6,-0.0977219425632016,-0.00488609712816008,2.34060830541904,0.117030415270952,2.40862079200875,1.59355402954664,3.22368755447087,2.41553608980894,1.63838983502555,3.19268234459234
"Isla Hermite","HER42PB","HER42PB_1A",28,37.1,38.2,37.7,0.212069693862827,0.0106034846931414,2.38524031419202,0.119262015709601,2.62679511304774,1.81147847173803,3.44211175435745,2.61569443867536,1.92111161532355,3.31027726202717
"Isla Hermite","HER42PB","HER42PB_1A",31,41.2,42.3,41.7,0.181161747274328,0.0090580873637164,2.25567252383836,0.112783626191918,2.60502783637284,1.7897521611646,3.42030351158108,2.59572461758084,1.89290729430101,3.29854194086067
"Isla Hermite","HER42PB","HER42PB_1B",40,43.1,44.2,43.7,-0.206992345022294,-0.0103496172511147,2.36983837946676,0.118491918973338,2.33166585500269,1.5166020157156,3.14672969428978,2.34493578701025,1.5386543155331,3.15121725848739
"Isla Hermite","HER42PB","HER42PB_1B",48,54,55.1,54.5,-0.12199177944906,-0.006099588972453,2.19042476173163,0.109521238086581,2.39152848039767,1.57646620685157,3.20659075394378,2.39985519366089,1.61623830187283,3.18347208544895
"Isla Hermite","HER42PB","HER42PB_1B",50,56.7,57.8,57.2,-0.437167224542923,-0.0218583612271462,2.29566280265471,0.114783140132736,2.16956255021694,1.35435945793556,2.98476564249832,2.19621833173325,1.32854627769501,3.06389038577149
"Isla Hermite","HER42PB","HER42PB_1B",56,64.7,65.8,65.2,-0.143292510583116,-0.00716462552915578,2.33684065860081,0.11684203293004,2.37652719564247,1.56146705517426,3.19158733611068,2.38609265564461,1.59679647250417,3.17538883878505
"Isla Hermite","HER42PB","HER42PB_1B",60,69.9,70.9,70.4,-0.2690057062835,-0.013450285314175,2.35987139789001,0.1179935698945,2.28799223248467,1.47291028242928,3.10307418254006,2.30486855943465,1.48204961453828,3.12768750433101
"Isla Hermite","HER42PB","HER42PB_1B",63,73.7,74.8,74.3,-0.373623604414283,-0.0186811802207141,2.27720777161843,0.113860388580922,2.21431387513283,1.3991689289243,3.02945882134135,2.23727426930689,1.38655235273214,3.08799618588165
"Isla Hermite","HER42PB","HER42PB_1B",69,81.5,82.5,82,0.304844712331645,0.0152422356165822,2.35828400060592,0.117914200030296,2.69213298626256,1.87667204407267,3.50759392845244,2.675636968845,2.00576685882692,3.34550707886308
"Isla Hermite","HER42PB","HER42PB_1C",80,86.5,87.8,87.2,0.0138123847502233,0.000690619237511166,2.37005394989408,0.118502697494704,2.48717012411752,1.67205454206345,3.30228570617158,2.48759912887137,1.74018510436387,3.23501315337886
"Isla Hermite","HER42PB","HER42PB_1C",86,94.8,96,95.4,0.102819845066263,0.00514099225331314,2.31259058352777,0.115629529176389,2.54985465119478,1.73466689351802,3.36504240887154,2.5451074157289,1.82141517803989,3.2687996534179
"Isla Hermite","HER42PB","HER42PB_1C",90,100.2,101.4,100.8,0.280689103871024,0.0140344551935512,2.36497866897025,0.118248933448513,2.67512112133302,1.85970083169998,3.49054141096606,2.66002987640984,1.98372604037979,3.33633371243989
"Isla Hermite","HER42PB","HER42PB_1C",91,101.6,103.1,102.3,-0.468156081802004,-0.0234078040901002,2.30425815173801,0.1152129075869,2.14773829127221,1.3325013926105,2.96297518993391,2.17619623373928,1.30025739122122,3.05213507625734
"Isla Hermite","HER42PB","HER42PB_1C",97,109.8,111,110.4,0.0318685902924921,0.00159342951462461,2.34872700528117,0.117436350264058,2.49988641442856,1.68475857445898,3.31501425439814,2.49926535824356,1.75666397784105,3.24186673864607
"Isla Hermite","HER42PB","HER42PB_1C",104,119.2,120.3,119.8,-0.0911372123387172,-0.00455686061693586,2.14473022854925,0.107236511427463,2.41325816396148,1.59818980545533,3.22832652246762,2.41979052593468,1.64439978699944,3.19518126486992
"Isla Hermite","HER42PB","HER42PB_1D",118,127.3,128.4,127.8,-0.466270268596452,-0.0233135134298226,2.56279717081473,0.128139858540737,2.14906639689983,1.33383165759957,2.96430113620008,2.17741466965914,1.30197890929214,3.05285043002614
"Isla Hermite","HER42PB","HER42PB_1D",121,130.9,132.2,131.6,-0.606631658711196,-0.0303315829355598,2.31485086613889,0.115742543306945,2.05021527444325,1.23478366830668,2.86564688057982,2.08672628176694,1.17384253476095,2.99961002877294
"Isla Hermite","HER42PB","HER42PB_1D",131,143.2,144.4,143.8,-1.20308533862334,-0.060154266931167,2.42790578751028,0.121395289375514,1.6301559140702,0.81307191012146,2.44723991801893,1.70135376130828,0.629273374670284,2.77343414794627
"Isla Hermite","HER42PB","HER42PB_1D",137,150.7,151.9,151.3,-0.741924926506799,-0.0370962463253399,2.34939104345266,0.117469552172633,1.9549334353885,1.13924275245787,2.77062411831913,1.99931243997597,1.05032666952981,2.94829821042214
"Isla Hermite","HER42PB","HER42PB_1D",144,159.2,160.3,159.8,0.0956656557363285,0.00478328278681643,2.4211938768792,0.12105969384396,2.54481623112105,1.729635364275,3.3599970979671,2.54048504844914,1.81488630292669,3.2660837939716
"Isla Hermite","HER42PB","HER42PB_1D",147,162.9,164.1,163.5,-0.430794785880456,-0.0215397392940228,2.37265150851817,0.118632575425908,2.1740504133968,1.35885383005506,2.98924699673855,2.20033560492903,1.33436345836399,3.06630775149406
"Isla Hermite","HER42PB","HER42PB_1E",158,169.3,170.5,169.9,-1.02777760974867,-0.0513888804874335,2.184763313636,0.1092381656818,1.75361839731012,0.937156883124323,2.57007991149592,1.81462120119106,0.789340645226324,2.8399017571558
"Isla Hermite","HER42PB","HER42PB_1E",162,175.6,176.8,176.2,-0.637971412048925,-0.0318985706024463,2.10471633836343,0.105235816918172,2.02814389290154,1.2126583266401,2.84362945916298,2.06647746758226,1.14523144994351,2.987723485221
"Isla Hermite","HER42PB","HER42PB_1E",166,181.9,183.1,182.5,-0.408137620142727,-0.0204068810071363,2.12090459407573,0.106045229703787,2.19000698281399,1.37483231835788,3.00518164727011,2.21497454397972,1.3550462795199,3.07490280843954
"Isla Hermite","HER42PB","HER42PB_1E",174,194.9,196.1,195.5,-0.929167412807326,-0.0464583706403663,2.16658026319659,0.108329013159829,1.82306576204018,1.00690439732672,2.63922712675363,1.8783338773268,0.879375019561005,2.8772927350926
"Isla Hermite","HER42PB","HER42PB_1E",179,202.5,203.6,203,-0.506238058996794,-0.0253119029498397,2.34761768311815,0.117380884155908,2.12091862107662,1.30563528549108,2.93620195666217,2.15159122579002,1.26549289599243,3.0376895555876
"Isla Hermite","HER42PB","HER42PB_1F",184,201.4,202.5,202,-0.158467049905172,-0.00792335249525863,2.41865145149565,0.120932572574783,2.36584035189206,1.5507807008245,3.18090000295962,2.37628828916606,1.5829460638063,3.16963051452581
"Isla Hermite","HER42PB","HER42PB_1F",189,208.1,209.3,208.7,-0.625239084864492,-0.0312619542432246,1.98604587204365,0.0993022936021824,2.03711078068056,1.22164757698296,2.85257398437816,2.07470390524811,1.15685524612001,2.99255256437622
"Isla Hermite","HER42PB","HER42PB_1F",191,210.9,212.2,211.5,-0.704130443495823,-0.0352065221747911,2.20236562668907,0.110118281334453,1.98155063450036,1.16593917088254,2.79716209811817,2.02373169610248,1.08483167910901,2.96263171309596
"Isla Hermite","HER42PB","HER42PB_1F",197,219.3,220.5,219.9,0.07231666514275,0.0036158332571375,1.74970959196276,0.0874854795981379,2.52837243609653,1.71321273366869,3.34353213852437,2.52539911695395,1.79357790482793,3.25722032907996
"Isla Hermite","HER42PB","HER42PB_1F",200,223.4,224.6,224,-0.513957020661366,-0.0256978510330683,2.06514314564319,0.10325715728216,2.11548245359411,1.30018904804558,2.93077585914264,2.14660395550871,1.25844630107786,3.03476160993957
"Isla Hermite","HER42PB","HER42PB_1F",205,230.3,231.5,230.9,-0.344763377362972,-0.0172381688681486,1.93705499202588,0.096852749601294,2.23463902178492,1.41951552250026,3.04976252106957,2.25592104576975,1.41289699880796,3.09894509273155
"Isla Hermite","HER42PB","HER42PB_1F",209,235.8,236.9,236.4,-0.101263319150557,-0.00506316595752787,2.29819023224958,0.114909511612479,2.40612673683863,1.59106076601183,3.22119270766542,2.41324798384644,1.63515757403029,3.19133839366259
"Isla Hermite","HER42PB","HER42PB_1F",211,238.4,239.5,239,-0.43138024775246,-0.021569012387623,2.37492277555257,0.118746138777629,2.1736380951435,1.35844092010179,2.98883527018521,2.19995733428564,1.3338290109594,3.06608565761189
"Isla Hermite","HER42PB","HER42PB_1F",213,241.1,242.3,241.7,-0.15315151327988,-0.00765757566399399,2.35436221271387,0.117718110635693,2.36958387966305,1.55452415470254,3.18464360462356,2.37972269122588,1.58779777990869,3.17164760254307
"Isla Hermite","HER42PB","HER42PB_1G",224,246.9,248.1,247.5,-0.899189837841593,-0.0449594918920797,1.81301338214452,0.090650669107226,1.84417781380503,1.02810055088058,2.66025507672948,1.89770257939179,0.906745059365822,2.88866009941775
"Isla Hermite","HER42PB","HER42PB_1G",231,256.4,257.6,257,-0.587421617353267,-0.0293710808676633,2.3032296788301,0.115161483941505,2.06374416689093,1.24834383131797,2.87914450246388,2.09913801180658,1.19137984890928,3.00689617470389
"Isla Hermite","HER42PB","HER42PB_1G",232,257.7,258.9,258.3,-1.05676172952041,-0.0528380864760203,2.12347153261237,0.106173576630619,1.73320599778551,0.916649412064788,2.54976258350624,1.79589437685266,0.76287674391472,2.8289120097906
"Isla Hermite","HER42PB","HER42PB_1G",236,263.2,264.4,263.8,-0.642360399069617,-0.0321180199534808,1.98206160965994,0.0991030804829968,2.02505289834037,1.20955948378499,2.84054631289575,2.06364171512169,1.14122457481548,2.9860588554279
"Isla Hermite","HER42PB","HER42PB_1G",240,268.6,269.8,269.2,-0.822174843195781,-0.041108742159789,2.2767703593211,0.113838517966055,1.89841650907944,1.08254002910701,2.71429298905187,1.94746245781879,0.977059988800377,2.91786492683721
"Isla Hermite","HER42PB","HER42PB_1G",245,275.2,276.4,275.8,-0.539603301674306,-0.0269801650837153,2.08525768399634,0.104262884199817,2.09742076538417,1.28209231109373,2.91274921967462,2.13003373004577,1.23503380820591,3.02503365188562
"Isla Hermite","HER42PB","HER42PB_1G",253,285.8,286.9,286.3,-0.721980986914861,-0.0360990493457431,2.40081181070168,0.120040590535084,1.96897918410371,1.15333096595496,2.78462740225246,2.01219834633764,1.0685348255422,2.95586186713308
"Isla Hermite","HER42PB","HER42PB_1H",260,285,286.2,285.6,-0.751955137069045,-0.0375977568534523,2.24820504455554,0.112410252227777,1.94786954430176,1.13215694667565,2.76358214192788,1.9928318570652,1.04116937518292,2.94449433894749
"Isla Hermite","HER42PB","HER42PB_1H",264,290.3,291.5,290.9,-0.635167311871183,-0.0317583655935591,2.16639496186762,0.108319748093381,2.03011871268513,1.21463812317357,2.84559930219669,2.06828921456196,1.14779141764116,2.98878701148276
"Isla Hermite","HER42PB","HER42PB_1H",269,297,298.2,297.6,-0.533154924836931,-0.0266577462418465,2.26102552307418,0.113051276153709,2.10196210889663,1.28664269729185,2.91728152050141,2.13420006737988,1.24092055412659,3.02747958063317
"Isla Hermite","HER42PB","HER42PB_1H",273,302.3,303.5,302.9,-0.814185100287058,-0.0407092550143529,1.97870197824375,0.0989350989121873,1.9040433773658,1.08818646711904,2.71990028761257,1.95262468158612,0.984354556995525,2.92089480617671
"Isla Hermite","HER42PB","HER42PB_1H",278,309.3,310.6,309.9,-0.26903572939503,-0.0134517864697515,2.23211796179928,0.111605898089964,2.28797108836326,1.4728891260729,3.10305305065362,2.30484916131112,1.48202220954232,3.12767611307991
"Isla Hermite","HER42PB","HER42PB_1H",281,313.5,314.8,314.2,0.0400913890294418,0.00200456945147209,2.33110010412913,0.116555005206456,2.50567741496095,1.69054359063924,3.32081123928266,2.50457816086547,1.76416839306121,3.24498792866972
"Isla Hermite","HER42PB","HER42PB_1H",286,320.5,321.8,321.1,-0.933689221134138,-0.0466844610567069,2.16464105444449,0.108232052722224,1.81988122654738,1.00370688673907,2.63605556635569,1.87541230817462,0.875246511194705,2.87557810515454
"Isla Hermite","HER42PB","HER42PB_1I",301,332.1,333.3,332.7,-1.05155364072423,-0.0525776820362113,2.26998803818833,0.113499401909416,1.73687385418773,0.920334580890612,2.55341312748484,1.79925935618593,0.767631994821155,2.8308867175507
"Isla Hermite","HER42PB","HER42PB_1I",303,334.9,336.2,335.6,-0.819543557254744,-0.0409771778627372,1.47073023258158,0.0735365116290791,1.90026962245031,1.08439961359931,2.7161396313013,1.94916254841978,0.979462332722584,2.91886276411698
"Isla Hermite","HER42PB","HER42PB_1I",312,347.6,348.8,348.2,-0.755881360862363,-0.0377940680431181,2.02557268312614,0.101278634156307,1.94510445606298,1.12938317840598,2.76082573371998,1.99029509887245,1.03758483752904,2.94300536021586
"Isla Hermite","HER42PB","HER42PB_1I",317,354.3,355.4,354.9,0.0111501621308311,0.000557508106541555,2.3892890166252,0.11946445083126,2.4852952232353,1.67018134585993,3.30040910061066,2.48587904988551,1.73775542821578,3.23400267155523
"Isla Hermite","HER42PB","HER42PB_1I",320,358.3,359.6,358.9,-0.138659831075298,-0.00693299155376492,2.30617241996402,0.115308620998201,2.37978981343897,1.56472935277064,3.19485027410729,2.3890858593728,1.6010248808692,3.17714683787639
"Isla Hermite","HER42PB","HER42PB_1I",322,361,362.2,361.6,0.200460435329892,0.0100230217664946,2.323382978661,0.11616914893305,2.61861915927633,1.80331832178157,3.43391999677109,2.60819362281628,1.9105179418927,3.30586930373986
"Isla Hermite","HER42PB","HER42PB_1J",335,369.7,370.8,370.2,-0.23837959100078,-0.011918979550039,2.21454051260411,0.110727025630205,2.3095610262228,1.4944898094996,3.12463224294599,2.32465628752796,1.51000481581923,3.13930775923669
"Isla Hermite","HER42PB","HER42PB_1J",340,376.7,377.9,377.3,-0.690474855001376,-0.0345237427500688,2.28395375098305,0.114197687549152,1.99116773966993,1.17558359396507,2.80675188537479,2.03255465877953,1.09729863616606,2.96781068139299
"Isla Hermite","HER42PB","HER42PB_1J",342,379.6,380.9,380.3,-0.625531253234187,-0.0312765626617093,2.3161944128053,0.115809720640265,2.0369050177477,1.22144130765168,2.85236872784371,2.0745151334041,1.15658851577161,2.99244175103659
"Isla Hermite","HER42PB","HER42PB_1J",346,385.3,386.5,385.9,-0.367928930129552,-0.0183964465064776,2.05942825515696,0.102971412757848,2.2183244149587,1.40318394610641,3.03346488381099,2.2409536346226,1.39175068211367,3.09015658713154
"Isla Hermite","HER42PB","HER42PB_1J",349,389.6,390.9,390.2,-0.250373008416025,-0.0125186504208013,2.08567331308337,0.104283665654169,2.30111452414257,1.48603952007521,3.11618952820994,2.31690726416892,1.49905739980714,3.1347571285307
"Isla Hermite","HER42PB","HER42PB_1J",352,394,395.2,394.6,0.104371724752558,0.00521858623762792,2.23467277143992,0.111733638571996,2.55094758030287,1.7357583027386,3.36613685786714,2.54611009507567,1.82283141070129,3.26938877945006
"Isla Hermite","HER42PB","HER42PB_1J",353,395.4,396.6,396,0.184573109738251,0.00922865548691257,2.41714253969,0.1208571269845,2.60743032760201,1.79215030533475,3.42271034986927,2.59792872059034,1.89602028752164,3.29983715365904
"Kerguelen","KER1","CAT1-S1-1A",1,0,1.4,0.7,-1.78139369202427,-0.0890696846012136,3.22982849969757,0.161491424984878,1.22287560847501,0.40293473306981,2.04281648388021,1.32770505184731,0.101199790492255,2.55421031320236
"Kerguelen","KER1","CAT1-S1-1A",3,3.1,4.7,3.9,0.339220126570407,0.0169610063285204,3.25189099367551,0.162594549683776,2.71634226688904,1.90081973348443,3.53186480029365,2.69784714286715,2.03713190625733,3.35856237947698
"Kerguelen","KER1","CAT1-S1-1A",5,6.4,7.8,7.1,0.559167107271509,0.0279583553635755,3.49791547271928,0.174895773635964,2.87124245636042,2.05522195104269,3.68726296167814,2.83995628759159,2.23779096772627,3.44212160745692
"Kerguelen","KER1","CAT1-S1-1A",7,9.3,10.6,9.9,0.0979986434031483,0.00489993217015742,3.1454684997268,0.15727342498634,2.54645926450334,1.73127617147657,3.3616423575301,2.54199240663577,1.81701537877985,3.26696943449169
"Kerguelen","KER1","CAT1-S1-1A",8,10.7,12,11.4,0.621796940660008,0.0310898470330004,3.38384890521726,0.169192445260863,2.91535023646049,2.09915509451592,3.73154537840505,2.88042182173397,2.29491899907101,3.46592464439693
"Kerguelen","KER1","CAT1-S1-1A",9,12.1,13.6,12.8,0.495058119824682,0.0247529059912341,3.08537291593289,0.154268645796645,2.82609296501174,2.01023615125241,3.64194977877108,2.79853506259374,2.17930903117094,3.41776109401654
"Kerguelen","KER1","CAT1-S1-1A",11,15.1,16.5,15.8,0.0557400343101554,0.00278700171550777,3.29812860528242,0.164906430264121,2.51669815328264,1.7015522451708,3.33184406139449,2.51468885022274,1.77844978063474,3.25092791981073
"Kerguelen","KER1","CAT1-S1-1A",13,18,19.4,18.7,-0.257414791856384,-0.0128707395928192,2.27658167329825,0.113829083664913,2.29615526720869,1.48107778997767,3.11123274443971,2.31235752305015,1.49262973194446,3.13208531415585
"Kerguelen","KER1","CAT1-S1-1A",17,24,25.5,24.7,0.686768692352828,0.0343384346176414,3.46000496422137,0.173000248211068,2.96110733944697,2.14471566445698,3.77749901443695,2.92240048420473,2.35417800536382,3.49062296304564
"Kerguelen","KER1","CAT1-S1-1A",20,28.6,30,29.3,0.0273004011514041,0.0013650200575702,2.84341909971373,0.142170954985686,2.49666921471415,1.68154459063247,3.31179383879584,2.49631382215195,1.75249486982227,3.24013277448164
"Kerguelen","KER1","CAT1-S1-1A",23,33,34.4,33.7,0.824978496711697,0.0412489248355848,3.41799088359356,0.170899544179678,3.05844318290227,2.24158144082031,3.87530492498424,3.01169871884002,2.48021547971432,3.54318195796572
"Kerguelen","KER1","CAT1-S1-1A",25,35.9,37.2,36.6,0.96716070794504,0.048358035397252,3.40343813870372,0.170171906935186,3.15857663956215,2.34115761048554,3.97599566863875,3.10356355085087,2.60984181372283,3.5972852879789
"Kerguelen","KER1","CAT1-S1-1A",26,37.3,38.7,38,0.73798500446097,0.0368992502230485,3.41974211894606,0.170987105947303,2.99717701598577,2.18061939454272,3.81373463742883,2.95549166957326,2.40088697741589,3.51009636173063
"Kerguelen","KER1","CAT1-S1-1A",27,38.8,40.1,39.4,0.771278396052283,0.0385639198026141,3.39518452842468,0.169759226421234,3.02062426972483,2.20395356559336,3.8372949738563,2.97700274187321,2.43124829120481,3.52275719254161
"Kerguelen","KER1","CAT1-S1-1A",28,40.2,41.6,40.9,0.56840300527259,0.0284201502636295,3.65515035574551,0.182757517787275,2.87774694369525,2.06170159946162,3.69379228792888,2.84592366009887,2.24621581971179,3.44563150048595
"Kerguelen","KER1","CAT1-S1-1B",36,45.1,46.2,45.6,0.666477117676992,0.0333238558838496,3.44853782930146,0.172426891465073,2.94681676472782,2.13048814948671,3.76314537996893,2.90928996860182,2.33567119852312,3.48290873868052
"Kerguelen","KER1","CAT1-S1-1B",40,50.7,52.1,51.4,0.591218346195258,0.0295609173097629,3.47649800748405,0.173824900374203,2.89381490980468,2.07770685018631,3.70992296942304,2.86066479714373,2.26702721244843,3.45430238183902
"Kerguelen","KER1","CAT1-S1-1B",41,52.3,53.6,53,0.809576282118356,0.0404788141059178,3.27746032009325,0.163873016004663,3.04759599622491,2.23079013846169,3.86440185398813,3.00174724991899,2.46617123317581,3.53732326666217
"Kerguelen","KER1","CAT1-S1-1B",46,59.9,61.2,60.5,0.576119326391839,0.028805966319592,3.11106361246329,0.155553180623165,2.88318125154337,2.0671149125375,3.69924759054923,2.85090922430703,2.25325445937232,3.44856398924174
"Kerguelen","KER1","CAT1-S1-1B",49,64.4,65.8,65.1,0.135365685724049,0.00676828428620246,2.50828226049238,0.125414113024619,2.57277543359573,1.7575539244841,3.38799694270737,2.56613549061073,1.85111590542743,3.28115507579403
"Kerguelen","KER1","CAT1-S1-1B",51,67.6,68.9,68.3,0.133599636998589,0.00667998184992946,3.015122851458,0.1507561425729,2.57153167347992,1.75631209695625,3.38675125000359,2.56499443528405,1.84950426078763,3.28048460978047
"Kerguelen","KER1","CAT1-S1-1B",57,76.5,77.9,77.2,0.149942873431689,0.00749714367158447,2.10306154964954,0.105153077482477,2.58304158560507,1.76780368151903,3.39827948969112,2.57555390440762,1.86441853993133,3.28668926888392
"Kerguelen","KER1","CAT1-S1-1C",69,86.1,87.5,86.8,-0.00787088984554224,-0.000393544492277112,1.91611417937966,0.0958057089689832,2.47189942873203,1.65679696343725,3.28700189402682,2.47358942708866,1.72039575120388,3.22678310297344
"Kerguelen","KER1","CAT1-S1-1C",73,92.4,93.7,93.1,-0.159928776453093,-0.00799643882265466,2.79105440953946,0.139552720476973,2.36481091416799,1.54975126498182,3.17987056335417,2.37534385833603,1.5816118813831,3.16907583528896
"Kerguelen","KER1","CAT1-S1-1C",80,103.1,104.5,103.8,-0.174241178646928,-0.00871205893234639,2.18550134588112,0.109275067294056,2.35473124040049,1.53967118942814,3.16979129137283,2.3660965241456,1.56854826270199,3.16364478558921
"Kerguelen","KER1","CAT1-S1-1C",86,112.2,113.6,112.9,-0.500432904082291,-0.0250216452041146,2.14295889354511,0.107147944677255,2.125006968156,1.30973105982361,2.9402828764884,2.1553419733441,1.27079237371826,3.03989157296994
"Kerguelen","KER1","CAT1-S1-1C",93,122.9,124.1,123.5,-0.541294984061352,-0.0270647492030676,1.94799705388227,0.0973998526941136,2.09622937861704,1.28089852644201,2.91156023079206,2.12894072328385,1.23348946297439,3.02439198359332
"Kerguelen","KER1","CAT1-S1-1D",105,130.3,131.4,130.8,-0.500775985790992,-0.0250387992895496,2.29171864681868,0.114585932340934,2.12476534891889,1.30948900512467,2.94004169271311,2.15512030606757,1.27047917761527,3.03976143451986
"Kerguelen","KER1","CAT1-S1-1D",108,134.6,135.8,135.2,-0.0354940444627302,-0.00177470222313651,2.4658517415306,0.12329258707653,2.45244550456194,1.63735721457155,3.26753379455234,2.45574193100244,1.69518493486666,3.21629892713821
"Kerguelen","KER1","CAT1-S1-1D",110,137.6,138.8,138.2,-0.504352495910792,-0.0252176247955396,2.32414360418252,0.116207180209126,2.12224655055468,1.30696564114807,2.93752745996129,2.15280950010604,1.26721421222091,3.03840478799118
"Kerguelen","KER1","CAT1-S1-1D",114,143.4,144.6,144,-0.281119041113116,-0.0140559520556558,2.43919218709465,0.121959609354733,2.27946127718691,1.46437411831777,3.09454843605606,2.29704205667062,1.47099256997427,3.12309154336696
"Kerguelen","KER1","CAT1-S1-1D",117,147.8,148.9,148.4,0.445779122714901,0.0222889561357451,3.13071831485914,0.156535915742957,2.79138766483016,1.97564630764809,3.60712902201223,2.76669558878134,2.13435242322154,3.39903875434114
"Kerguelen","KER1","CAT1-S1-1D",119,150.7,151.8,151.3,0.0544541682416265,0.00272270841208133,2.33018627327574,0.116509313663787,2.51579256732272,1.70064768651341,3.33093744813203,2.51385804396822,1.77727626940306,3.25043981853338
"Kerguelen","KER1","CAT1-S1-1D",123,156.5,157.7,157.1,-0.460374800713394,-0.0230187400356697,2.11026402882057,0.105513201441029,2.15321834792547,1.33799027393595,2.96844642191498,2.18122376899727,1.30736074573293,3.0550867922616
"Kerguelen","KER1","CAT1-S1-1D",124,158,159.2,158.6,-0.414660006868332,-0.0207330003434166,2.22917985326574,0.111458992663287,2.185413516987,1.37023273845903,3.00059429551496,2.21076038838557,1.34909227399712,3.07242850277403
"Kerguelen","KER1","CAT1-S1-1E",132,161.5,162.7,162.1,-0.503856003927957,-0.0251928001963979,2.98296008584771,0.149148004292386,2.12259621074081,1.30731593797754,2.93787648350409,2.15313028673752,1.26766745576885,3.03859311770619
"Kerguelen","KER1","CAT1-S1-1E",137,168.8,170,169.4,0.2578229255979,0.012891146279895,2.20459742646051,0.110229871323025,2.65901735243516,1.84363354674135,3.47440115812896,2.64525589302915,1.96286132605989,3.32765045999842
"Kerguelen","KER1","CAT1-S1-1E",144,179,180.2,179.6,0.170731482069427,0.00853657410347137,2.5311222929437,0.126556114647185,2.59768220220534,1.78241954965893,3.41294485475176,2.58898555681814,1.88338924293577,3.29458187070051
"Kerguelen","KER1","CAT1-S1-1E",145,180.4,181.6,181,0.178684332363554,0.0089342166181777,3.32574649338332,0.166287324669166,2.6032830884438,1.78801054304406,3.41855563384353,2.59412394403227,1.89064655713993,3.2976013309246
"Kerguelen","KER1","CAT1-S1-1E",146,181.9,183,182.4,0.52517425102084,0.026258712551042,2.92081758503462,0.146040879251731,2.84730259659459,2.03137078564079,3.66323440754839,2.81799328672145,2.206782339198,3.42920423424489
"Kerguelen","KER1","CAT1-S1-1E",147,183.3,184.4,183.8,0.232270133400614,0.0116135066700307,2.60008584097252,0.130004292048626,2.64102150479831,1.8256761695632,3.45636684003342,2.62874607128528,1.93954466551585,3.31794747705472
"Kerguelen","KER1","CAT1-S1-1E",151,189,190.3,189.7,0.136755736028694,0.00683778680143468,2.5469161901932,0.12734580950966,2.57375439250155,1.75853135409646,3.38897743090663,2.56703361096359,1.85238442334542,3.28168279858176
"Kerguelen","KER1","CAT1-S1-1E",157,198.4,199.7,199,-0.214380139841164,-0.0107190069920582,2.31992281021549,0.115996140510775,2.32646291557806,1.51139766981977,3.14152816133634,2.34016248573663,1.53191096172427,3.14841400974899
"Kerguelen","KER1","CAT1-S1-1E",161,204.5,205.8,205.2,-0.0411968067254778,-0.00205984033627389,2.53387349138751,0.126693674569376,2.44842926868458,1.63334355147693,3.26351498589223,2.45205733999263,1.68998014166795,3.2141345383173
"Kerguelen","KER1","CAT1-S1-1F",170,210.3,211.7,211,-0.203344593988351,-0.0101672296994176,1.94081886485062,0.0970409432425308,2.33423482559961,1.51917160583938,3.14929804535983,2.34729262218002,1.54198386176817,3.15260138259187
"Kerguelen","KER1","CAT1-S1-1F",177,220.9,222.2,221.6,-0.60785069009483,-0.0303925345047415,2.15125861589289,0.107562930794644,2.04935675757844,1.2339231207831,2.86479039437378,2.0859386578279,1.17272964720442,2.99914766845138
"Kerguelen","KER1","CAT1-S1-1F",179,224,225.4,224.7,-0.278610617260754,-0.0139305308630377,2.25469446851573,0.112734723425786,2.28122786351952,1.46614182812856,3.09631389891049,2.2986627652938,1.47328226313158,3.12404326745602
"Kerguelen","KER1","CAT1-S1-1F",180,225.6,226.8,226.2,-0.520374451217879,-0.026018722560894,2.12108865253976,0.106054432626988,2.11096290435568,1.29566095808186,2.9262648506295,2.14245761276371,1.25258784996988,3.03232737555755
"Kerguelen","KER1","CAT1-S1-1F",185,233.2,234.5,233.8,0.0835841023911991,0.00417920511955996,2.65391502816297,0.132695751408148,2.53630765829907,1.72113799590159,3.35147732069656,2.5326790799046,1.80386066511826,3.26149749469095
"Kerguelen","KER1","CAT1-S1-1F",186,234.7,235.9,235.3,0.217548275324521,0.010877413766226,2.79585280237077,0.139792640118539,2.63065346701898,1.81532919357186,3.4459777404661,2.61923418504216,1.92611089197775,3.31235747810656
"Kerguelen","KER1","CAT1-S1-1F",188,237.8,239.1,238.4,0.130353326564312,0.00651766632821559,2.599351213305,0.12996756066525,2.56924542203992,1.75402936768734,3.38446147639249,2.56289697344186,1.84654176682279,3.27925218006093
"Kerguelen","KER1","CAT1-S1-1F",191,242.3,243.6,242.9,-0.0144169598502934,-0.000720847992514668,2.09511892593557,0.104755946296779,2.46728928368345,1.65219043438551,3.2823881329814,2.46935996957705,1.71442139163268,3.22429854752143
"Kerguelen","KER3","CAT2-S3-1A",6,7.9,9.1,8.5,-0.473737976382559,-0.0236868988191279,2.63492570940251,0.131746285470126,2.14380717784941,1.32856381007313,2.9590505456257,2.17258973610855,1.29516179263103,3.05001767958606
"Kerguelen","KER3","CAT2-S3-1A",9,12.3,13.5,12.9,-0.478819903785786,-0.0239409951892893,2.54024848430659,0.127012424215329,2.14022817205842,1.32497881380403,2.95547753031281,2.16930627045459,1.29052259384802,3.04808994706116
"Kerguelen","KER3","CAT2-S3-1A",13,18.1,19.3,18.7,-0.247547694964644,-0.0123773847482322,2.69427090224494,0.134713545112247,2.30310428361797,1.48803021995213,3.11817834728381,2.3187327171798,1.50163631060046,3.13582912375914
"Kerguelen","KER3","CAT2-S3-1A",15,21,22.1,21.6,-0.509443394865699,-0.025472169743285,2.75005355289957,0.137502677644979,2.11866122644529,1.30337373616474,2.93394871672584,2.14952023787542,1.26256676625428,3.03647370949655
"Kerguelen","KER3","CAT2-S3-1A",20,28.2,29.4,28.8,-0.229932248251017,-0.0114966124125509,2.54518209358297,0.127259104679149,2.31551016445737,1.50044129391119,3.13057903500355,2.33011416946631,1.517715386542,3.14251295239062
"Kerguelen","KER3","CAT2-S3-1A",21,29.6,30.7,30.2,-0.29764008186851,-0.0148820040934255,2.73652127732795,0.136826063866397,2.26782614432391,1.45273100088622,3.08292128776159,2.28636770704225,1.4559120685545,3.11682334553
"Kerguelen","KER3","CAT2-S3-1A",22,31,32.1,31.6,0.364010605802803,0.0182005302901401,2.85724016270689,0.142862008135344,2.7338012468575,1.91823157037586,3.54937092333915,2.71386442935045,2.05975076422503,3.36797809447586
"Kerguelen","KER3","CAT2-S3-1A",27,38.2,39.3,38.7,0.570320441978504,0.0285160220989252,2.88413504825051,0.144206752412526,2.87909732053652,2.06304677990971,3.69514786116333,2.84716252816368,2.24796486516681,3.44636019116054
"Kerguelen","KER3","CAT2-S3-1A",28,39.5,40.7,40.1,0.606283462417775,0.0303141731208888,2.97428802404982,0.148714401202491,2.90442469107941,2.08827416198081,3.720575220178,2.87039846466093,2.28076876625114,3.46002816307071
"Kerguelen","KER3","CAT2-S3-1A",32,45.1,47,46.1,0.694242085050196,0.0347121042525098,3.20458555866477,0.160229277933238,2.96637056216149,2.1499552779088,3.78278584641417,2.92722909081269,2.36099392589823,3.49346425572715
"Kerguelen","KER3","CAT2-S3-1B",38,46.4,47.6,47,0.748328171503176,0.0374164085751588,3.07934628447822,0.153967314223911,3.00446131027099,2.18786899705299,3.82105362348899,2.96217445565845,2.41031942292267,3.51402948839423
"Kerguelen","KER3","CAT2-S3-1B",42,51.6,52.7,52.2,0.707713704302037,0.0353856852151018,3.11351374672791,0.155675687336395,2.97585810487721,2.15939973975597,3.79231646999845,2.93593318979068,2.37328018225871,3.49858619732264
"Kerguelen","KER3","CAT2-S3-1B",45,55.3,56.5,55.9,1.0021006118924,0.05010503059462,3.470254240344,0.1735127120172,3.18318346855478,2.36561606635906,4.0007508707505,3.12613844526808,2.64169009786121,3.61058679267496
"Kerguelen","KER3","CAT2-S3-1B",47,58.1,59.3,58.7,0.296209863581942,0.0148104931790971,2.88474479864676,0.144237239932338,2.68605179477212,1.87060563364987,3.50149795589438,2.67005793808616,1.99788803456233,3.34222784161
"Kerguelen","KER3","CAT2-S3-1B",52,64.6,65.7,65.1,-0.21549645721199,-0.0107748228605995,2.35003913843764,0.117501956921882,2.32567673623747,1.51061126028818,3.14074221218676,2.33944122597528,1.53089201900176,3.1479904329488
"Kerguelen","KER3","CAT2-S3-1B",55,68.3,69.4,68.9,-0.64624224924342,-0.032312112462171,2.06786094367981,0.103393047183991,2.02231906073322,1.20681864507278,2.83781947639365,2.06113362700705,1.13768067927298,2.98458657474112
"Kerguelen","KER3","CAT2-S3-1B",56,69.5,70.7,70.1,-0.927060701238965,-0.0463530350619483,1.99457942401546,0.0997289712007729,1.82454943787906,1.00839409237941,2.6407047833787,1.87969503708542,0.881298490820859,2.87809158334999
"Kerguelen","KER3","CAT2-S3-1B",62,77.2,78.2,77.7,-0.198979607228561,-0.00994898036142806,2.52117789232698,0.126058894616349,2.33730891770115,1.5222463741842,3.1523714612181,2.3501128679192,1.54596806855981,3.15425766727858
"Kerguelen","KER3","CAT2-S3-1B",65,80.8,81.9,81.4,-0.450363404113788,-0.0225181702056894,2.13288730128401,0.1066443650642,2.16026898906275,1.34505193755665,2.97548604056884,2.18769219608698,1.31649988831015,3.0588845038638
"Kerguelen","KER3","CAT2-S3-1B",68,84.5,85.6,85.1,0.0948639676292375,0.00474319838146188,2.78056926230739,0.139028463115369,2.54425163305615,1.72907152652066,3.35943173959163,2.53996707265847,1.81415468451751,3.26577946079943
"Kerguelen","KER3","CAT2-S3-1C",78,89.2,90.2,89.7,0.199134250710288,0.00995671253551441,2.71921653139089,0.135960826569545,2.61768517851335,1.80238611446814,3.43298424255855,2.60733676648918,1.90930776633194,3.30536576664643
"Kerguelen","KER3","CAT2-S3-1C",83,95.7,96.8,96.2,-0.0159814252493515,-0.000799071262467575,2.10281826372727,0.105140913186363,2.46618749094248,1.6510894822294,3.28128549965556,2.46834915852112,1.71299355734565,3.2237047596966
"Kerguelen","KER3","CAT2-S3-1C",85,98.3,99.3,98.8,0.217893617193597,0.0108946808596799,2.58594412538732,0.129297206269366,2.63089667800002,1.815571919722,3.44622143627804,2.6194573126227,1.92642602015364,3.31248860509176
"Kerguelen","KER3","CAT2-S3-1C",89,103.5,104.7,104.1,-0.251451017669979,-0.0125725508834989,2.085288486975,0.10426442434875,2.30035532373365,1.48527995302107,3.11543069444623,2.31621075552581,1.4980734054688,3.13434810558282
"Kerguelen","KER3","CAT2-S3-1C",91,106.1,107.2,106.7,0.596825197405629,0.0298412598702815,2.85699826094189,0.142849913047094,2.8977635992209,2.08163983186498,3.71388736657681,2.86428741941189,2.27214149979413,3.45643333902965
"Kerguelen","KER3","CAT2-S3-1C",96,112.8,113.9,113.3,0.764822338327053,0.0382411169163526,2.79571152985567,0.139785576492784,3.01607751685881,2.19942906169012,3.8327259720275,2.97283144186855,2.4253609364271,3.52030194730999
"Kerguelen","KER3","CAT2-S3-1C",101,118.9,119.9,119.4,0.692996578368668,0.0346498289184334,2.57483602501823,0.128741801250912,2.9654933997638,2.14908206456879,3.7819047349588,2.92642436101509,2.35985799810212,3.49299072392807
"Kerguelen","KER3","CAT2-S3-1D",110,122.4,123.5,123,-0.10535849981967,-0.00526792499098352,2.70752360700513,0.135376180350257,2.40324265877789,1.5881775451773,3.21830777237848,2.41060206154042,1.63141984040138,3.18978428267945
"Kerguelen","KER3","CAT2-S3-1D",115,128.9,130,129.5,-0.172238390893139,-0.00861191954465694,2.40339349304227,0.120169674652113,2.35614172669834,1.54108177783596,3.17120167556072,2.3673905380659,1.57037630968398,3.16440476644783
"Kerguelen","KER3","CAT2-S3-1D",117,131.4,132.4,131.9,0.207440530735156,0.0103720265367578,2.39913830497395,0.119956915248698,2.62353497170238,1.80822469221049,3.43884525119428,2.61270350690277,1.91688742631822,3.30851958748733
"Kerguelen","KER3","CAT2-S3-1D",121,136.5,137.6,137.1,0.145526108858212,0.00727630544291063,3.00143683655298,0.150071841827649,2.57993102838305,1.76469817530909,3.39516388145701,2.57270020469333,1.86038796980971,3.28501243957696
"Kerguelen","KER3","CAT2-S3-1D",124,140.5,141.6,141,-0.0568048274382133,-0.00284024137191067,2.46948289737391,0.123474144868695,2.43743714068187,1.62235784594915,3.25251643541459,2.4419728984274,1.67573492952685,3.20821086732796
"Kerguelen","KER3","CAT2-S3-1D",130,148.3,149.4,148.9,0.548995245658984,0.0274497622829492,2.92708362375282,0.146354181187641,2.86407880589322,2.04808529052012,3.68007232126633,2.83338418303529,2.22851222945317,3.4382561366174
"Kerguelen","KER3","CAT2-S3-1D",133,152.3,153.4,152.8,0.562133235643936,0.0281066617821968,2.93237152464464,0.146618576232232,2.87333138636264,2.05730293846417,3.68935983426111,2.84187272201958,2.24049663772831,3.44324880631085
"Kerguelen","KER3","CAT2-S3-1D",134,153.6,154.8,154.2,0.394582509680357,0.0197291254840178,2.9379178523402,0.14689589261701,2.75533186159038,1.93970090343917,3.57096281974158,2.7336171311097,2.08764383589936,3.37959042632004
"Kerguelen","KER3","CAT2-S3-1D",136,156.4,157.6,157,0.688069032647565,0.0344034516323783,2.95253041903094,0.147626520951547,2.96202311904708,2.14562735100717,3.77841888708698,2.92324064234897,2.35536395368018,3.49111733101775
"Kerguelen","KER3","CAT2-S3-1D",139,160.4,161.5,160.9,0.484167542400117,0.0242083771200059,2.65014389959929,0.132507194979965,2.81842315067221,2.0025926286238,3.63425367272063,2.79149859117492,2.16937391090117,3.41362327144866
"Kerguelen","KER3","CAT2-S3-1D",141,163,164.1,163.5,0.27075414364293,0.0135377071821465,2.24051744206222,0.112025872103111,2.66812431138902,1.8527201122146,3.48352851056344,2.65361083534646,1.97466073339476,3.33256093729816
"Kerguelen","KER3","CAT2-S3-1D",142,164.3,165.5,164.9,0.108619416237124,0.0054309708118562,2.10898516016933,0.105449258008466,2.55393906585851,1.73874558233977,3.36913254937726,2.54885455559066,1.82670781086627,3.27100130031505
"Kerguelen","KER3","CAT2-S3-1E",150,166.5,167.5,167,-0.0282678874958158,-0.00141339437479079,2.5526444429062,0.12763222214531,2.45753460867129,1.64244288475161,3.27262633259098,2.46041079703069,1.70178007213931,3.21904152192208
"Kerguelen","KER3","CAT2-S3-1E",152,169.1,170.2,169.6,0.0291640046223757,0.00145820023111878,2.39162749459108,0.119581374729554,2.49798167888089,1.68285575224915,3.31310760551264,2.49751790822088,1.7541956687605,3.24084014768127
"Kerguelen","KER3","CAT2-S3-1E",156,174.6,175.7,175.1,-0.291706145991602,-0.0145853072995801,2.15820353863499,0.10791017693175,2.27200518687641,1.45691302820819,3.08709734554463,2.29020166079615,1.46132861341645,3.11907470817584
"Kerguelen","KER3","CAT2-S3-1E",158,177.2,178.3,177.8,-0.953021690586379,-0.0476510845293189,2.03024523460946,0.101512261730473,1.80626611270696,0.990035444594883,2.62249678081904,1.8629214765637,0.857595492465698,2.86824746066169
"Kerguelen","KER3","CAT2-S3-1E",159,178.6,179.6,179.1,-0.47957978318436,-0.023978989159218,2.00357038520213,0.100178519260106,2.13969301825709,1.32444275601498,2.9549432804992,2.1688153075367,1.28982891298732,3.04780170208609
"Kerguelen","KER3","CAT2-S3-1E",163,183.8,184.9,184.3,0.142766706509767,0.00713833532548834,2.63411100503525,0.131705550251762,2.57798768755955,1.7627579533053,3.3932174218138,2.57091733726574,1.85786983804494,3.28396483648655
"Kerguelen","KER3","CAT2-S3-1E",165,186.4,187.5,187,0.36367569414083,0.0181837847070415,2.59030443537141,0.12951522176857,2.73356538146972,1.91799635709323,3.5491344058462,2.71364804079312,2.0594451941409,3.36785088744535
"Kerguelen","KER3","CAT2-S3-1E",168,190.4,191.5,190.9,0.484975599355234,0.0242487799677617,2.93156872166313,0.146578436083157,2.81899223407155,2.00315977635651,3.63482469178659,2.79202068191885,2.17011107931621,3.41393028452149
"Kerguelen","KER3","CAT2-S3-1E",171,194,195,194.5,0.0535282421202526,0.00267641210601263,2.82827849591123,0.141413924795561,2.51514047320813,1.699996328328,3.33028461808826,2.51325979720544,1.77643124707908,3.25008834733181
"Kerguelen","KER3","CAT2-S3-1E",174,197.7,198.6,198.1,0.192390855691755,0.00961954278458776,2.53002550832926,0.126501275416463,2.61293606505554,1.79764591746746,3.42822621264362,2.60297981602972,1.90315423506021,3.30280539699924
"Kerguelen","KER3","CAT2-S3-1E",177,201.6,202.7,202.1,-0.0582609745550266,-0.00291304872775133,2.4354674572307,0.121773372861535,2.4364116323363,1.62133289054236,3.25149037413023,2.44103207250334,1.67440591836442,3.20765822664226
"Kerguelen","KER3","CAT2-S3-1E",181,207,208.1,207.5,-0.33896308147578,-0.016948154073789,1.89142686690937,0.0945713433454684,2.23872394683846,1.42360438383862,3.0538435098383,2.25966865387535,1.41819167409174,3.10114563365896
"Marion Island","PB1","PB1_1A",4,5,6.3,5.7,-0.755770537860701,-0.0377885268930351,2.15540112924615,0.107770056462308,1.94518250443582,1.12946147256958,2.76090353630206,1.99036670231948,1.03768601603681,2.94304738860216
"Marion Island","PB1","PB1_1A",7,9.8,11.1,10.4,-0.296222084987747,-0.0148111042493874,2.77743894836792,0.138871947418396,2.2688247849272,1.45373036665909,3.08391920319531,2.28728388385588,1.45720642903593,3.11736133867584
"Marion Island","PB1","PB1_1A",9,12.6,13.8,13.2,-0.168516845941848,-0.00842584229709239,2.82087598768842,0.141043799384421,2.35876266750982,1.5437028687354,3.17382246628423,2.36979505195555,1.5737731491039,3.1658169548072
"Marion Island","PB1","PB1_1A",14,19.4,20.7,20.1,0.359986856707438,0.0179993428353719,3.22737534627371,0.161368767313686,2.73096747530369,1.91540560587278,3.54652934473461,2.71126465943906,2.05607952872228,3.36644979015583
"Marion Island","PB1","PB1_1A",16,22.3,23.5,22.9,0.522950761412309,0.0261475380706154,3.38224198517645,0.169112099258823,2.84573667847854,2.02981051968151,3.66166283727558,2.8165566759275,2.20475400434537,3.42835934750962
"Marion Island","PB1","PB1_1A",17,23.7,24.9,24.3,0.18125860878037,0.00906293043901851,3.21242944889799,0.1606214724449,2.6050960522019,1.78982025416126,3.42037185024255,2.59578720041665,1.89299568409039,3.29857871674291
"Marion Island","PB1","PB1_1A",22,30.4,31.6,31,0.616980975392874,0.0308490487696437,3.33746456975494,0.166873228487747,2.9119585375611,2.09577734061351,3.7281397345087,2.87731019590963,2.29052626833803,3.46409412348123
"Marion Island","PB1","PB1_1A",28,38.5,39.8,39.2,1.51455625458544,0.075727812729272,3.50120117548821,0.17506005877441,3.54408624565041,2.72382680768659,4.36434568361423,3.45723929902922,3.10837779442918,3.80610080362926
"Marion Island","PB1","PB1_1A",32,44,45.3,44.7,1.59258616949183,0.0796293084745914,3.54440918782951,0.177220459391476,3.59903971018494,2.77828597174901,4.41979344862087,3.507654923899,3.17933406956333,3.83597577823467
"Marion Island","PB1","PB1_1B",39,46.4,47.6,47,1.36125301912932,0.0680626509564661,3.43635632630754,0.171817816315377,3.43612067984436,2.61676758444662,4.25547377524209,3.35818910245588,2.96887171798663,3.74750648692512
"Marion Island","PB1","PB1_1B",41,49.3,50.5,49.9,1.6396761643566,0.0819838082178302,3.31967430468129,0.165983715234065,3.63220338037267,2.81114059607418,4.45326616467117,3.53808006942262,3.22213470239275,3.85402543645249
"Marion Island","PB1","PB1_1B",42,50.6,51.8,51.2,1.71515050317376,0.0857575251586879,3.35188348384829,0.167594174192414,3.68535705106976,2.8637820993084,4.50693200283111,3.58684452030873,3.29069624331965,3.88299279729781
"Marion Island","PB1","PB1_1B",44,53.3,54.5,53.9,1.69910544576333,0.0849552722881663,3.26793363880519,0.163396681940259,3.67405713494891,2.85259279887679,4.49552147102103,3.57647770655033,3.27612505015611,3.87683036294455
"Marion Island","PB1","PB1_1B",45,54.7,55.8,55.2,1.81830208885695,0.0909151044428474,3.2570450965334,0.16285225482667,3.75800274102498,2.93569432740755,4.5803111546424,3.65349141662748,3.38430783528934,3.92267499796562
"Marion Island","PB1","PB1_1B",46,56,57.7,56.8,1.71661339794351,0.0858306698971757,3.27189260076464,0.163594630038232,3.68638731152748,2.86480222792105,4.50797239513392,3.58778970593433,3.29202463707019,3.88355477479847
"Marion Island","PB1","PB1_1B",52,64.3,65.4,64.9,1.92063120120224,0.0960315600601119,3.54455000447538,0.177227500223769,3.83006919467757,3.00699505743531,4.65314333191982,3.71960690768558,3.47703595591882,3.96217785945234
"Marion Island","PB1","PB1_1B",54,66.9,68.1,67.5,1.91923155551644,0.0959615777758218,3.59940197596109,0.179970098798055,3.82908347811427,3.00602006991969,4.65214688630885,3.71870258769586,3.47576875378278,3.96163642160893
"Marion Island","PB1","PB1_1B",57,70.8,72,71.4,1.82646159300585,0.0913230796502927,3.62921402502934,0.181460701251467,3.76374916561616,2.94138108611433,4.58611724511799,3.65876332421303,3.39170732996974,3.92581931845631
"Marion Island","PB1","PB1_1B",62,77.7,78.9,78.3,1.84609467364351,0.0923047336821757,3.63873490125235,0.181936745062618,3.77757598833947,2.95506335445048,4.60008862222845,3.67144838262497,3.40950805414095,3.93338871110898
"Marion Island","PB1","PB1_1B",64,80.4,81.5,81,2.01885653447878,0.100942826723939,3.71121029619875,0.185560514809937,3.89924551474764,3.07540075607364,4.72309027342164,3.7830709209569,3.56587021430864,4.00027162760516
"Marion Island","PB1","PB1_1B",65,81.7,82.8,82.3,1.93767323866342,0.0968836619331712,3.67167971248035,0.183583985624017,3.84207124545954,3.01886590374608,4.66527658717299,3.73061787660296,3.49246254353508,3.96877320967083
"Marion Island","PB1","PB1_1B",66,83,84.1,83.6,1.79891794955275,0.0899458974776375,3.62767014960546,0.181383507480273,3.74435123809737,2.92218360204533,4.5665188741494,3.6409672007962,3.36672580123493,3.91520860035747
"Marion Island","PB1","PB1_1B",67,84.3,85.4,84.9,1.87213935122598,0.093606967561299,3.49304008603868,0.174652004301934,3.7959182519131,2.97321170185762,4.61862480196859,3.68827601464824,3.43311358220605,3.94343844709043
"Marion Island","PB1","PB1_1B",68,85.6,86.6,86.1,2.03356816783896,0.101678408391948,3.78832622387103,0.189416311193551,3.90960635165324,3.08564317668691,4.73356952661958,3.79257620094597,3.57915668228542,4.00599571960652
"Marion Island","PB1","PB1_1C",77,89.2,90.3,89.7,2.10312916268613,0.105156458134306,3.94253451760852,0.197126725880426,3.95859548188498,3.13406184409896,4.783129119671,3.83752000264037,3.64189759652113,4.0331424087596
"Marion Island","PB1","PB1_1C",79,91.8,92.9,92.4,2.16412272506102,0.108206136253051,4.03743398920821,0.20187169946041,4.00155089931463,3.17650274208081,4.82659905654845,3.87692833166204,3.69677759160873,4.05707907171536
"Marion Island","PB1","PB1_1C",81,94.5,95.6,95.1,2.14596317951212,0.107298158975606,4.01640220003653,0.200820110001826,3.98876183061601,3.16386825764522,4.8136554035868,3.86519533365355,3.68045328804204,4.04993737926507
"Marion Island","PB1","PB1_1C",84,98.5,99.6,99.1,2.36288786299407,0.118144393149703,3.94118985102636,0.197059492551318,4.14153353252919,3.31471614982327,4.9683509152351,4.00535175290048,3.87420440028833,4.13649910551262
"Marion Island","PB1","PB1_1C",86,101.2,102.3,101.8,2.17301063077223,0.108650531538612,3.82968907838518,0.191484453919259,4.00781030907911,3.18268606157065,4.83293455658757,3.88267086413503,3.70476215089286,4.0605795773772
"Marion Island","PB1","PB1_1C",87,102.6,103.7,103.1,2.24338072833833,0.112169036416917,3.97409280693086,0.198704640346543,4.05736925920137,3.23163256678948,4.88310595161326,3.92813743224802,3.76784314071643,4.08843172377962
"Marion Island","PB1","PB1_1C",88,103.9,105,104.4,2.19530760893224,0.109765380446612,3.99290453328555,0.199645226664278,4.0235132122543,3.19819683079582,4.84882959371279,3.8970770836983,3.72477704880423,4.06937711859237
