"Location","Site","Section","sample","min_depth","max_depth","midpoint","SH20_age","Ni","Ni_sd","Ni_ICP","Ni_ICP_sd","fit","lwr","upr"
"Bird Island","BI10","BI10.1",1,0,1.1,0.6,-55.4909090909091,172.727272727273,26.4616360382003,2.467420581,0.015066934,13.0021254588386,-12.4810189112083,38.4852698288856
"Bird Island","BI10","BI10.1",4,3.9,5,4.5,5.21666666666667,238.75,34.793220342736,2.98969441,0.02200764,10.8131330159215,-14.7131081253594,36.3393741572025
"Bird Island","BI10","BI10.1",10,11.7,12.8,12.3,132.083333333333,191.916666666667,24.6002894784643,3.556521683,0.014282314,12.3658985101399,-13.1147703370118,37.8465673572917
"Bird Island","BI10","BI10.1",22,26.7,27.8,27.2,382.866666666667,203.333333333333,17.3065060458531,7.052448962,0.06465722,11.9873773843251,-13.4976555013852,37.4724102700355
"Bird Island","BI10","BI10.1",30,36.3,37.2,36.7,541.72,213,38.5544348220078,9.844407416,0.040880493,11.6668777449491,-13.8252530632991,37.1590085531972
"Bird Island","BI10","BI10.1",34,40.9,41.9,41.4,618.7,227.454545454545,38.944482629414,10.02079263,0.096502178,11.1876353374808,-14.320924212906,36.6961948878677
"Bird Island","BI10","BI10.2",45,44,45,44.5,670.06,219.5,38.7792900055343,9.325702706,0.028353619,11.451369366748,-14.0472873828151,36.950026116311
"Bird Island","BI10","BI10.2",51,51.9,52.9,52.4,800.245454545455,235.454545454545,31.4304426833719,9.672030755,0.061309265,10.9223942566179,-14.5982498082466,36.4430383214825
"Bird Island","BI10","BI10.2",54,55.3,56.3,55.8,856.145454545455,242.636363636364,31.4078739403759,6.289145655,1.766837081,10.6842801044796,-14.8490254683491,36.2175856773082
"Bird Island","BI10","BI10.2",62,64.4,65.4,64.9,1005.71818181818,197,28.7228132326901,7.635178907,0.081872982,12.197359906675,-13.2847143498304,37.6794341631803
"Bird Island","BI10","BI10.2",67,70.1,71.2,70.6,1100.56666666667,221.083333333333,27.5300111723827,5.960197779,0.068926753,11.3988737361605,-14.1015860573773,36.8993335296983
"Bird Island","BI10","BI10.2",71,74.7,75.8,75.2,1174.81666666667,221.25,31.077981097409,6.674238754,0.048794576,11.3933478803092,-14.1073065685892,36.8940023292076
"Bird Island","BI10","BI10.2",81,86.5,87.5,87,1349.67272727273,213.454545454545,44.4147805046105,6.367819135,0.01977015,11.651807228991,-13.8407341084122,37.1443485663942
"Bird Island","BI10","BI10.3",88,84.8,85.8,85.3,1324,215.909090909091,16.9378543237008,5.912256586,0.047824043,11.5704264428171,-13.9244508584888,37.0653037441231
"Bird Island","BI10","BI10.3",95,93,94,93.5,1444.54545454545,200.454545454545,23.1920832887588,7.120078834,0.066671523,12.0828239853932,-13.4006979941278,37.5663459649143
"Bird Island","BI10","BI10.3",98,96.3,97.3,96.8,1492.28181818182,208.636363636364,20.9917732803721,5.857915852,0.041156676,11.811554698147,-13.6769858213662,37.3000952176603
"Bird Island","BI10","BI10.3",104,103.2,104.2,103.7,1595.6,216.090909090909,19.9872686751069,4.568507031,0.022190259,11.5643982364339,-13.9306600938878,37.0594565667556
"Bird Island","BI10","BI10.3",114,114.9,115.9,115.4,1769.91818181818,225,29.9265768172706,5.784125479,0.017909738,11.2690161236547,-14.2362628073153,36.7742950546247
"Bird Island","BI10","BI10.3",120,121.8,122.7,122.3,1872.71,229.7,31.2518443900161,6.534750001,0.055133377,11.1131869886477,-14.3985494431549,36.6249234204503
"Bird Island","BI10","BI10.4",135,129.4,130.4,129.9,1986.59090909091,198.818181818182,44.1312093236027,9.469595678,0.030083547,12.1370778428425,-13.3457086847028,37.6198643703878
"Bird Island","BI10","BI10.4",145,141,142,141.5,2162.97272727273,233.454545454545,40.8493907821491,7.155451754,0.030710634,10.9887045268337,-14.5287187672129,36.5061278208802
"Bird Island","BI10","BI10.4",155,152.7,153.8,153.2,2335.40833333333,224.666666666667,43.5103610092069,6.317256008,0.021906999,11.2800678353573,-14.224781056616,36.7849167273306
"Bird Island","BI10","BI10.4",165,164.8,165.8,165.3,2517.27272727273,219.636363636364,32.1691551871439,16.20702482,0.031666011,11.4468482119605,-14.0519605347821,36.9456569587031
"Bird Island","BI10","BI10.4",168,168.4,170,169.2,2576.01176470588,223.588235294118,36.4298277918134,12.29132094,0.371333453,11.3158233732187,-14.187659577964,36.8193063244015
"Bird Island","BI10","BI10.5",181,174.6,175.6,175.1,2667,239.545454545455,26.9048829633717,8.534630865,0.135962996,10.7867596129948,-14.740886625406,36.3144058513956
"Bird Island","BI10","BI10.5",191,186.6,187.6,187.1,2847.45454545455,186.636363636364,43.1700653862667,5.623618255,0.058556283,12.5409676705201,-12.9391554518908,38.021090792931
"Bird Island","BI10","BI10.5",194,190.3,191.3,190.8,2903.10909090909,179.272727272727,38.6939036776878,4.972003175,0.041494084,12.7851100290417,-12.6958074560631,38.2660275141465
"Bird Island","BI10","BI10.5",197,194,195,194.5,2954.41818181818,195.909090909091,24.1679727964699,6.761396788,0.051811841,12.2335291449744,-13.2481707536586,37.7152290436075
"Bird Island","BI10","BI10.5",202,199.9,200.8,200.3,3041.91111111111,188.888888888889,15.6879288343335,10.88241106,0.042866217,12.4662848914388,-13.0139570963163,37.9465268791938
"Bird Island","BI10","BI10.6",218,209.5,210.5,210,3183,196.545454545455,26.8341708884908,9.702568502,0.102763012,12.2124304226331,-13.2694830201065,37.6943438653727
"Bird Island","BI10","BI10.6",228,221.4,222.4,221.9,3362.6,195.454545454545,25.069358333885,8.361148745,0.023794572,12.2485996609326,-13.2329559886254,37.7301553104905
"Bird Island","BI10","BI10.6",239,234.2,235.2,234.7,3550.09090909091,193.454545454545,25.0773349316216,7.693387104,0.131022298,12.3149099311483,-13.1660930215758,37.7959128838724
"Bird Island","BI10","BI10.6",247,243.9,245,244.5,3699.925,189.416666666667,33.4268763213983,12.99158529,0.144606736,12.4487863479096,-13.0315080045022,37.9290807003214
"Bird Island","BI10","BI10.7",259,250.7,251.7,251.2,3790.45,193.8,35.8726141289486,4.505779401,0.038483459,12.3034563390201,-13.1776325320622,37.7845452101025
"Bird Island","BI10","BI10.7",271,265,266,265.5,3978.94545454545,198,37.0890819514315,14.66999494,0.043454784,12.1642047715671,-13.3182475691441,37.6466571122783
"Bird Island","BI10","BI10.7",280,275.9,276.9,276.4,4128.55454545455,228.272727272727,32.5025873096002,15.10269284,0.154591105,11.1605084087562,-14.3491892694028,36.6702060869153
"Bird Island","BI10","BI10.8",300,289.7,290.8,290.3,4314.73333333333,161.5,22.8771422245795,14.43173082,0.092282265,13.3743672030042,-12.1159288396015,38.8646632456099
"Bird Island","BI10","BI10.8",303,293.4,294.4,293.9,4365.28181818182,192,24.1205306740959,12.65956686,0.112267444,12.3631355822143,-13.117549344362,37.8438205087906
"Bird Island","BI10","BI10.8",311,303.1,304,303.6,4492.98,194.3,38.8102220211806,12.05911704,0.120104386,12.2868787714662,-13.1943415164196,37.768099059352
"Bird Island","BI10","BI10.8",318,311.7,312.8,312.2,4610.66666666667,201.25,34.1550608522102,9.165262456,0.085089883,12.0564505824665,-13.42746121217,37.540362377103
"Bird Island","BI10","BI10.8",326,321.7,322.8,322.2,4729.33333333333,196.166666666667,17.1826198305853,9.036215502,0.032002711,12.2249891859315,-13.2567955175911,37.7067738894541
"Bird Island","BI10","BI10.9",342,332.1,333.1,332.6,4891.35454545455,135.818181818182,25.1428645218407,18.49534977,0.16867968,14.2258513546381,-11.2966104042216,39.7483131134977
"Bird Island","BI10","BI10.9",348,339.5,340.5,340,5008.74545454545,214.909090909091,30.791084896296,15.52691154,0.153207334,11.603581577925,-13.8903197736625,37.0974829295125
"Bird Island","BI10","BI10.9",361,355.7,356.7,356.2,5262.19090909091,163,26.4461717456421,8.855748872,0.059897145,13.3246345003424,-12.1644625023684,38.8137315030532
"Bird Island","BI10","BI10.9",365,360.7,361.7,361.2,5341.56,173.6,25.9923065540556,30.78295408,0.919411339,12.973190068199,-12.5095746964546,38.4559548328527
"Bird Island","BI10","BI10.9",372,369.1,371,370.1,5483.135,173.85,36.6394596030018,18.94940307,0.152496095,12.9649012844221,-12.5177594266781,38.4475619955223
"Bird Island","BI10","BI10.10",379,367.3,368.4,367.9,5447.30909090909,179.181818181818,37.8360097838506,16.74430526,0.065879465,12.7881241322333,-12.6928144807563,38.2690627452229
"Bird Island","BI10","BI10.10",386,375.7,376.6,376.1,5581.52,187.2,30.3307691223872,17.31182215,0.157291165,12.522280230732,-12.9578567319263,38.0024171933904
"Bird Island","BI10","BI10.10",390,380.5,381.5,381,5660.04545454545,173.727272727273,29.9669514935734,10.00803438,0.051752058,12.9689703237308,-12.5137412073387,38.4516818548002
"Bird Island","BI10","BI10.10",392,382.9,384,383.4,5698.00833333333,184.916666666667,28.2213920580996,13.25060411,0.079029689,12.597984455895,-12.8821620375083,38.0781309492983
"Bird Island","BI10","BI10.10",396,387.7,388.8,388.2,5774.45833333333,216.833333333333,39.3627265623742,5.370449412,0.073763255,11.5397830603689,-13.9560259147311,37.035592035469
"Bird Island","BI10","BI10.10",403,396.3,397.4,396.8,5914.69166666667,177.583333333333,39.3063916461741,10.48748493,0.170240055,12.8411221133527,-12.64023310746,38.3224773341654
"Bird Island","BI10","BI10.10",410,404.6,405.6,405.1,6045.02727272727,201,28.0677751166707,13.21962289,0.067443449,12.0647393662435,-13.419047637944,37.548526370431
"Bird Island","BI10","BI10.11",422,409.9,410.9,410.4,6127.60909090909,199.727272727273,40.6056422411736,11.44865692,0.089667997,12.1069368109262,-13.3762472596801,37.5901208815325
"Bird Island","BI10","BI10.11",424,412.2,413.2,412.7,6161.61818181818,203.909090909091,28.9946703566519,13.02193372,0.068041373,11.9682880641115,-13.5170802132737,37.4536563414967
"Bird Island","BI10","BI10.11",427,415.8,416.8,416.3,6233.21818181818,209.272727272727,41.1535925748674,10.69111482,0.081670324,11.7904559758057,-13.6985685477638,37.2794804993752
"Bird Island","BI10","BI10.11",439,430.3,431.3,430.8,6633.50909090909,228.181818181818,33.5046808127407,10.27959403,0.051458834,11.1635225119478,-14.3460476068205,36.6730926307162
"Bird Island","BI10","BI10.11",443,435.2,436.3,435.7,6779.31666666667,226.416666666667,35.1734877773621,10.7534478,0.175488371,11.2220463489185,-14.2851015401255,36.7291942379625
"Bird Island","BI10","BI10.11",449,442.8,443.8,443.3,6996.89090909091,194.454545454545,39.9408653796175,2.705794836,0.017698572,12.2817547960404,-13.1995078013058,37.7630173933867
"Bird Island","BI10","BI10.12",461,447.5,448.7,448.1,7135.69230769231,205.153846153846,31.2699167301049,5.648759577,0.065755803,11.9270180357954,-13.5591131728499,37.4131492444407
"Bird Island","BI10","BI10.12",465,452.8,453.9,453.4,7290.50833333333,127.333333333333,17.0098010962308,7.193324268,0.051191387,14.507167652523,-11.0307447860829,40.045080091129
"Bird Island","BI10","BI10.12",469,458.3,459.3,458.8,7450.61818181818,200.545454545455,34.3929168183323,6.263265577,0.073683145,12.0798098822016,-13.4037555780494,37.5633753424526
"Bird Island","BI10","BI10.12",475,466.1,467.2,466.6,7672.18333333333,202.083333333333,28.8836485146034,6.301289954,0.20152179,12.02882130321,-13.4555215345306,37.5131641409506
"Bird Island","BI10","BI10.12",479,471.4,472.4,471.9,7821.06363636364,189.818181818182,35.3746185331183,9.999536344,0.112403008,12.4354740588133,-13.0448663641476,37.9158144817741
"Bird Island","BI10","BI10.12",484,478.2,479.2,478.7,8011.50909090909,208.181818181818,32.6644093221297,13.45589808,0.463413678,11.8266252141052,-13.6615778639629,37.3148282921733
"Bird Island","BI10","BI10.13",506,473.4,474.5,474,7881.69166666667,191,30.7009031552079,10.48832859,0.122763336,12.3962907173222,-13.0842165691386,37.8767980037829
"Bird Island","BI10","BI10.13",519,491,492,491.5,8384.23636363636,190.181818181818,48.8176570142775,14.68864067,0.077615628,12.4234176460468,-13.0569691493039,37.9038044413975
"Bird Island","BI10","BI10.13",522,494.8,495.8,495.3,8490.03636363636,174.545454545455,27.8975398068132,13.66412704,0.131993681,12.9418433950061,-12.540538839391,38.4242256294033
"Bird Island","BI10","BI10.13",525,498.7,499.7,499.2,8597.97,210.2,32.70677809466,13.11407391,0.450378152,11.7597121232511,-13.7300418601643,37.2494661066666
"Bird Island","BI10","BI10.13",529,503.9,505.1,504.5,8738.44,236,46.1519230368573,54.67369247,0.401191653,10.9043096374682,-14.6172359064307,36.425855181367
"Isla Hermite","HER42PB","HER42PB_1A",3,2.5,3.7,3.1,-30.6269230769231,173.461538461538,38.2875423269227,4.965819612,0.116696761,12.977780779214,-12.5050425133898,38.4606040718178
"Isla Hermite","HER42PB","HER42PB_1A",5,5.3,6.5,5.9,-1.38846153846154,170.923076923077,26.7128606307322,5.507249153,0.124463831,13.0619438144878,-12.4220659716817,38.5459536006573
"Isla Hermite","HER42PB","HER42PB_1A",7,8.1,9.3,8.7,27.85,186.461538461538,34.9871771382397,4.900777465,0.204852498,12.5467640228117,-12.9333569634956,38.0268850091191
"Isla Hermite","HER42PB","HER42PB_1A",9,10.9,12.1,11.5,56.4453846153846,183.461538461538,28.8779482899305,5.241528694,0.172446294,12.6462294281353,-12.8340140186759,38.1264728749465
"Isla Hermite","HER42PB","HER42PB_1A",13,16.3,17.5,16.9,110.519230769231,179.846153846154,35.1255988177809,6.351383957,0.153703492,12.7660979935253,-12.7146925869436,38.2468885739942
"Isla Hermite","HER42PB","HER42PB_1A",16,20.5,21.6,21.1,152.406666666667,184.916666666667,27.6256084534665,6.39350629,0.235920382,12.597984455895,-12.8821620375083,38.0781309492983
"Isla Hermite","HER42PB","HER42PB_1A",20,26.1,27.3,26.7,210.763076923077,164.769230769231,25.348089494588,7.84225117,0.241541336,13.2659754151516,-12.2218038621944,38.7537546924975
"Isla Hermite","HER42PB","HER42PB_1A",25,33.1,34.1,33.6,281.104545454545,142.363636363636,42.6363054855196,11.08791026,0.09757361,14.0088359248411,-11.5033418756609,39.5210137253431
"Isla Hermite","HER42PB","HER42PB_1A",28,37.1,38.2,37.7,321.895,146.75,44.3234495703818,8.769207812,0.211337908,13.8634054458453,-11.6426786213758,39.3694895130663
"Isla Hermite","HER42PB","HER42PB_1A",31,41.2,42.3,41.7,363.2825,164.916666666667,33.9289587583268,8.979833284,0.241557515,13.2610871580523,-12.226587025259,38.7487613413636
"Isla Hermite","HER42PB","HER42PB_1B",40,43.1,44.2,43.7,382.52,196,21.4899553703162,8.651530736,0.255220157,12.2305150417828,-13.251214534914,37.7122446184796
"Isla Hermite","HER42PB","HER42PB_1B",48,54,55.1,54.5,493.1425,162.5,30.6905374815934,11.09571628,0.335090632,13.3412120678964,-12.1482762710939,38.8307004068866
"Isla Hermite","HER42PB","HER42PB_1B",50,56.7,57.8,57.2,520.634166666667,180.5,38.6793343930698,5.323592416,0.062818391,12.7444196359548,-12.7362396469526,38.2250789188621
"Isla Hermite","HER42PB","HER42PB_1B",56,64.7,65.8,65.2,601.545833333333,184.083333333333,28.5193979706105,8.253068077,0.149380532,12.6256137351516,-12.8545796258556,38.1058070961588
"Isla Hermite","HER42PB","HER42PB_1B",60,69.9,70.9,70.4,653.46,178,31.2633971282713,10.60653138,0.328802473,12.8273074737244,-12.6539309271878,38.3085458746366
"Isla Hermite","HER42PB","HER42PB_1B",63,73.7,74.8,74.3,692.363333333333,182,28.0292055477205,8.570619866,0.118274554,12.694686933293,-12.785725107829,38.1750989744149
"Isla Hermite","HER42PB","HER42PB_1B",69,81.5,82.5,82,770.521818181818,138.727272727273,30.0768712105861,12.14358742,0.338806089,14.1294000525061,-11.3883151057101,39.6471152107223
"Isla Hermite","HER42PB","HER42PB_1C",80,86.5,87.8,87.2,822.286923076923,166.846153846154,34.0706279999018,7.820727692,0.171273936,13.1971147499275,-12.2892509638141,38.6834804636691
"Isla Hermite","HER42PB","HER42PB_1C",86,94.8,96,95.4,906.45,189.846153846154,37.1726739999652,7.733471223,0.12373554,12.4345466424466,-13.0457971907689,37.9148904756621
"Isla Hermite","HER42PB","HER42PB_1C",90,100.2,101.4,100.8,961.955384615385,181.769230769231,33.2845155343889,7.374484715,0.076694641,12.7023381183178,-12.7781070670294,38.1827833036651
"Isla Hermite","HER42PB","HER42PB_1C",91,101.6,103.1,102.3,977.5775,195.5,45.2489410557492,7.652397974,0.179066113,12.2470926093368,-13.2344771545335,37.728662373207
"Isla Hermite","HER42PB","HER42PB_1C",97,109.8,111,110.4,1058.64692307692,155,27.6736938866739,6.6532882,0.035262427,13.5898755812054,-11.9064838252825,39.0862349876932
"Isla Hermite","HER42PB","HER42PB_1C",104,119.2,120.3,119.8,1151.60416666667,199.083333333333,37.7129308263777,8.016836814,0.254133727,12.1282867085336,-13.3546129176074,37.6111863346745
"Isla Hermite","HER42PB","HER42PB_1D",118,127.3,128.4,127.8,1233.23666666667,204.5,36.6816773682101,7.99757167,0.125561875,11.948696393366,-13.5370276117195,37.4344203984514
"Isla Hermite","HER42PB","HER42PB_1D",121,130.9,132.2,131.6,1270.93,189.357142857143,24.8119299558069,6.481861022,0.25279258,12.4507598678565,-13.0295281131401,37.9310478488531
"Isla Hermite","HER42PB","HER42PB_1D",131,143.2,144.4,143.8,1396.85230769231,192.153846153846,31.6618754810002,6.76410592,0.082522092,12.3580347921977,-13.1226804290188,37.8387500134142
"Isla Hermite","HER42PB","HER42PB_1D",137,150.7,151.9,151.3,1480.03461538462,213.461538461538,34.5509656995174,5.489630722,0.058739049,11.6515753748993,-13.8409723321786,37.1441230819772
"Isla Hermite","HER42PB","HER42PB_1D",144,159.2,160.3,159.8,1611.23,182.5,33.8727565510048,7.080750354,0.210298286,12.678109365739,-12.8022369668263,38.1584556983043
"Isla Hermite","HER42PB","HER42PB_1D",147,162.9,164.1,163.5,1669.44846153846,188.538461538462,37.6377810730463,7.101215107,0.039056683,12.4779033575877,-13.0023090028914,37.9581157180667
"Isla Hermite","HER42PB","HER42PB_1E",158,169.3,170.5,169.9,1768.77461538462,185.769230769231,36.6109133232015,2.834914669,0.055280836,12.5697175778864,-12.9104049784705,38.0498401342433
"Isla Hermite","HER42PB","HER42PB_1E",162,175.6,176.8,176.2,1865.00538461538,195.846153846154,33.1809336664049,27.22539319,0.871212582,12.2356158317994,-13.24606368221,37.7172953458088
"Isla Hermite","HER42PB","HER42PB_1E",166,181.9,183.1,182.5,1961.41923076923,214.076923076923,22.1752923260008,5.932120552,0.266352213,11.6311722148329,-13.8619424125686,37.1242868422345
"Isla Hermite","HER42PB","HER42PB_1E",174,194.9,196.1,195.5,2158.50153846154,197.461538461538,29.463580300136,4.605044162,0.047431955,12.1820575366252,-13.3001870695276,37.6643021427779
"Isla Hermite","HER42PB","HER42PB_1E",179,202.5,203.6,203,2273.88416666667,180.666666666667,35.3330474545325,6.051611715,0.203334154,12.7388937801034,-12.7417343192322,38.219521879439
"Isla Hermite","HER42PB","HER42PB_1F",184,201.4,202.5,202,2256.42833333333,167,23.1673751799221,7.643347532,0.099363518,13.192013959911,-12.294252774351,38.678280694173
"Isla Hermite","HER42PB","HER42PB_1F",189,208.1,209.3,208.7,2363.54384615385,223.230769230769,38.3387398639936,6.281092925,0.188432788,11.3276752088455,-14.1753635270577,36.8307139447488
"Isla Hermite","HER42PB","HER42PB_1F",191,210.9,212.2,211.5,2407.86357142857,204.071428571429,39.3768074763936,7.062851662,0.08334165,11.9629057369836,-13.5225591062356,37.4483705802028
"Isla Hermite","HER42PB","HER42PB_1F",197,219.3,220.5,219.9,2535.41461538462,187,34.2904262635117,5.405800223,0.048111622,12.5289112577536,-12.9512195788653,38.0090420943726
"Isla Hermite","HER42PB","HER42PB_1F",200,223.4,224.6,224,2595.94769230769,180.615384615385,36.1652191604458,5.360618674,0.082553528,12.7405940434423,-12.7400435519922,38.2212316388768
"Isla Hermite","HER42PB","HER42PB_1F",205,230.3,231.5,230.9,2697.92846153846,194.076923076923,23.6765057193185,3.651541303,0.083620296,12.2942749169903,-13.1868857068905,37.7754355408711
"Isla Hermite","HER42PB","HER42PB_1F",209,235.8,236.9,236.4,2780.0925,155.75,27.4892540988127,6.72326864,0.377175371,13.5650092298745,-11.9305786302755,39.0605970900244
"Isla Hermite","HER42PB","HER42PB_1F",211,238.4,239.5,239,2819.29,182.833333333333,46.7251797668283,7.291340643,0.082392149,12.6670576540364,-12.8132495132655,38.1473648213383
"Isla Hermite","HER42PB","HER42PB_1F",213,241.1,242.3,241.7,2859.43,198.666666666667,37.026607959273,6.769791583,0.100869895,12.1421013481618,-13.3406216059562,37.6248243022799
"Isla Hermite","HER42PB","HER42PB_1G",224,246.9,248.1,247.5,2943.97461538462,200.538461538462,33.9303585417135,8.708805886,0.105376551,12.0800417362933,-13.4035203694866,37.5636038420732
"Isla Hermite","HER42PB","HER42PB_1G",231,256.4,257.6,257,3049.39,187.153846153846,30.3008419955787,7.561017887,0.180708328,12.523810467737,-12.9563249625973,38.0039458980714
"Isla Hermite","HER42PB","HER42PB_1G",232,257.7,258.9,258.3,3062.22846153846,186.307692307692,17.1337124571443,5.717566832,0.090909313,12.5518648128283,-12.928255138446,38.0319847641026
"Isla Hermite","HER42PB","HER42PB_1G",236,263.2,264.4,263.8,3116.22307692308,183.692307692308,28.8570748557571,5.647978456,0.174522534,12.6385782431104,-12.8416451076742,38.118801593895
"Isla Hermite","HER42PB","HER42PB_1G",240,268.6,269.8,269.2,3169.09230769231,232.153846153846,40.5151127232093,6.480173586,0.139971749,11.031829387883,-14.4835706844329,36.547229460199
"Isla Hermite","HER42PB","HER42PB_1G",245,275.2,276.4,275.8,3233.34153846154,179.615384615385,29.0990791994594,6.237541155,0.093563117,12.7737491785502,-12.7070911523831,38.2545895094834
"Isla Hermite","HER42PB","HER42PB_1G",253,285.8,286.9,286.3,3335.24833333333,188.083333333333,23.7772172595125,5.937997306,0.084913361,12.4929931947201,-12.9871868113219,37.9731732007621
"Isla Hermite","HER42PB","HER42PB_1H",260,285,286.2,285.6,3328.03692307692,198.384615384615,28.7388774471634,7.744414081,0.254016782,12.1514527965256,-13.3311538555394,37.6340594485906
"Isla Hermite","HER42PB","HER42PB_1H",264,290.3,291.5,290.9,3378.91846153846,226.461538461538,31.6349368700055,5.249374812,0.236746804,11.2205586184971,-14.2866495605266,36.7277667975207
"Isla Hermite","HER42PB","HER42PB_1H",269,297,298.2,297.6,3442.75846153846,195.692307692308,39.5482503097685,5.562068293,0.068969647,12.240716621816,-13.2409136201797,37.7223468638117
"Isla Hermite","HER42PB","HER42PB_1H",273,302.3,303.5,302.9,3494.21153846154,201.769230769231,31.0997155564534,4.967669945,0.089914826,12.0392354161605,-13.4449422281591,37.5234130604801
"Isla Hermite","HER42PB","HER42PB_1H",278,309.3,310.6,309.9,3563.64071428571,194.642857142857,41.187390047211,5.338448611,0.258380913,12.2755112965721,-13.2058039327824,37.7568265259265
"Isla Hermite","HER42PB","HER42PB_1H",281,313.5,314.8,314.2,3603.44,189.142857142857,32.3058869197292,9.578116848,0.383124674,12.4578645396653,-13.0224014844195,37.9381305637502
"Isla Hermite","HER42PB","HER42PB_1H",286,320.5,321.8,321.1,3669.60384615385,203.846153846154,34.4428177173078,5.191529292,0.088775151,11.9703747509365,-13.5149563253313,37.4557058272043
"Isla Hermite","HER42PB","HER42PB_1I",301,332.1,333.3,332.7,3782.35692307692,214.230769230769,39.3872945803463,5.051388454,0.107089435,11.6260714248163,-13.8671869067245,37.1193297563572
"Isla Hermite","HER42PB","HER42PB_1I",303,334.9,336.2,335.6,3810.93642857143,214.571428571429,37.606698023939,5.180870206,0.01916922,11.614776818351,-13.8788025251102,37.1083561618122
"Isla Hermite","HER42PB","HER42PB_1I",312,347.6,348.8,348.2,4016.98,209.153846153846,32.25121742882,4.609934349,0.152588827,11.794397495364,-13.6945355831811,37.2833305739091
"Isla Hermite","HER42PB","HER42PB_1I",317,354.3,355.4,354.9,4144.90083333333,203.166666666667,18.6588186965712,9.34212645,0.155079299,11.9929032401764,-13.4920346244182,37.477841104771
"Isla Hermite","HER42PB","HER42PB_1I",320,358.3,359.6,358.9,4223.08571428571,177.571428571429,31.951199052291,8.272910832,0.435982401,12.8415168173421,-12.639841826405,38.3228754610891
"Isla Hermite","HER42PB","HER42PB_1I",322,361,362.2,361.6,4273.55307692308,167.153846153846,38.8991134300131,8.373213228,0.165789622,13.1869131698944,-12.2992553751348,38.6730817149235
"Isla Hermite","HER42PB","HER42PB_1J",335,369.7,370.8,370.2,4438.2275,189.666666666667,40.9641380485493,9.940322624,0.090456936,12.4404975641326,-13.0398248409253,37.9208199691906
"Isla Hermite","HER42PB","HER42PB_1J",340,376.7,377.9,377.3,4574.44,200.307692307692,31.2633561201838,14.36379274,0.176674651,12.0876929213182,-13.3957594031783,37.5711452458147
"Isla Hermite","HER42PB","HER42PB_1J",342,379.6,380.9,380.3,4631.57428571429,184.785714285714,35.859080110533,8.283716354,0.226973828,12.6023261997782,-12.8778261219455,38.0824785215019
"Isla Hermite","HER42PB","HER42PB_1J",346,385.3,386.5,385.9,4743.01769230769,177,25.7228821609606,6.187784978,0.173876758,12.8604626088323,-12.6210659035991,38.3419911212637
"Isla Hermite","HER42PB","HER42PB_1J",349,389.6,390.9,390.2,4828.70428571429,133.642857142857,35.5107939015236,6.573395751,0.121607821,14.2979745381519,-11.2282204396224,39.8241695159262
"Isla Hermite","HER42PB","HER42PB_1J",352,394,395.2,394.6,4912.70923076923,171.538461538462,41.0743540923356,7.039017163,0.173863724,13.0415406544214,-12.4421617343331,38.5252430431759
"Isla Hermite","HER42PB","HER42PB_1J",353,395.4,396.6,396,4939.73076923077,188,38.8501394248892,7.826063409,0.230086264,12.4957561226458,-12.9844187089687,37.9759309542602
"Kerguelen","KER1","CAT1-S1-1A",1,0,1.4,0.7,-43.6,187,36.9864840178139,26.27212126,0.174368454,12.5289112577536,-12.9512195788653,38.0090420943726
"Kerguelen","KER1","CAT1-S1-1A",3,3.1,4.7,3.9,3.97058823529412,148.411764705882,36.6998958164894,39.93389191,0.141991361,13.8083094125043,-11.6956334252508,39.3122522502593
"Kerguelen","KER1","CAT1-S1-1A",5,6.4,7.8,7.1,59.76,185.533333333333,31.9035749601529,28.84382633,0.280654365,12.5775387892452,-12.9025879600673,38.0576655385577
"Kerguelen","KER1","CAT1-S1-1A",7,9.3,10.6,9.9,108.485714285714,225.357142857143,22.7684232853551,14.90398608,0.05400101,11.2571750039733,-14.2485687905687,36.7629187985154
"Kerguelen","KER1","CAT1-S1-1A",8,10.7,12,11.4,130.207142857143,200.928571428571,36.1396102437676,31.14535059,0.089369364,12.0671075901798,-13.4166441429841,37.5508593233436
"Kerguelen","KER1","CAT1-S1-1A",9,12.1,13.6,12.8,153.175,227.6875,27.9826583202287,13.60485991,0.037998077,11.1799116980523,-14.3289696327838,36.6887930288884
"Kerguelen","KER1","CAT1-S1-1A",11,15.1,16.5,15.8,212.526666666667,212.8,28.0972799903682,10.86332373,0.083331033,11.6735087719707,-13.8184435873133,37.1654611312546
"Kerguelen","KER1","CAT1-S1-1A",13,18,19.4,18.7,308.48,242.2,34.9697828744434,7.487431173,0.034151641,10.6987477997994,-14.8337395725094,36.2312351721082
"Kerguelen","KER1","CAT1-S1-1A",17,24,25.5,24.7,466.2125,217.1875,30.770589312957,16.48989021,0.0599718,11.5280406166849,-13.9681329229697,37.0242141563395
"Kerguelen","KER1","CAT1-S1-1A",20,28.6,30,29.3,587.28,235.8,32.9874434985712,15.34618164,0.095693995,10.9109406644897,-14.6102731884164,36.4321545173958
"Kerguelen","KER1","CAT1-S1-1A",23,33,34.4,33.7,665.746666666667,189.866666666667,24.6369834269732,39.37891077,0.297328055,12.4338665371111,-13.0464798135726,37.9142128877947
"Kerguelen","KER1","CAT1-S1-1A",25,35.9,37.2,36.6,716.192857142857,182.285714285714,30.5675256828816,18.00861913,0.119944376,12.6852140375479,-12.7951594330391,38.1655875081348
"Kerguelen","KER1","CAT1-S1-1A",26,37.3,38.7,38,744.413333333333,196.266666666667,30.4172570066652,32.14134367,0.246042698,12.2216736724207,-13.260144552605,37.7034918974465
"Kerguelen","KER1","CAT1-S1-1A",27,38.8,40.1,39.4,772.55,173.642857142857,28.1796629964485,38.36122731,0.176175431,12.9717691338373,-12.510977644801,38.4545159124756
"Kerguelen","KER1","CAT1-S1-1A",28,40.2,41.6,40.9,799.733333333333,186.666666666667,36.7980330737288,22.13806966,0.261153416,12.5399629694562,-12.9401606270575,38.02008656597
"Kerguelen","KER1","CAT1-S1-1B",36,45.1,46.2,45.6,888.225,185.666666666667,34.9709836431533,43.41924078,0.469946319,12.5731181045641,-12.9070060463583,38.0532422554865
"Kerguelen","KER1","CAT1-S1-1B",40,50.7,52.1,51.4,1089.45333333333,185.4,40.3976661277781,37.71061641,0.920295627,12.5819594739262,-12.8981704677687,38.0620894156211
"Kerguelen","KER1","CAT1-S1-1B",41,52.3,53.6,53,1213.32142857143,184.642857142857,26.0313631631513,33.88638281,0.331823463,12.6070626476507,-12.873096685706,38.0872219810074
"Kerguelen","KER1","CAT1-S1-1B",46,59.9,61.2,60.5,1808.84285714286,209.214285714286,32.4326012890367,13.83972022,0.185515164,11.7923936135717,-13.6965858969839,37.2813731241273
"Kerguelen","KER1","CAT1-S1-1B",49,64.4,65.8,65.1,2110.62666666667,183.866666666667,29.3351731024785,9.064108327,0.0922759,12.6327973477583,-12.8474119994247,38.1130066949412
"Kerguelen","KER1","CAT1-S1-1B",51,67.6,68.9,68.3,2364.32142857143,241,25.0415040098817,11.80880582,0.078581954,10.7385339619288,-14.7917359639283,36.268803887786
"Kerguelen","KER1","CAT1-S1-1B",57,76.5,77.9,77.2,3056.76,232.866666666667,38.799607263599,9.288903341,0.036993918,11.0081957274728,-14.5083061575118,36.5246976124574
"Kerguelen","KER1","CAT1-S1-1C",69,86.1,87.5,86.8,3452.74666666667,237.266666666667,33.3926139537872,4.959823644,0.076279173,10.8623131329982,-14.6613640036017,36.385990269598
"Kerguelen","KER1","CAT1-S1-1C",73,92.4,93.7,93.1,3631.13571428571,207.428571428571,27.0034592818552,3.437486028,0.007161326,11.8515992119786,-13.6360598616688,37.3392582856261
"Kerguelen","KER1","CAT1-S1-1C",80,103.1,104.5,103.8,3940.82666666667,231.733333333333,30.3113997100258,2.13136205,0.036233417,11.0457715472617,-14.468986463514,36.5605295580374
"Kerguelen","KER1","CAT1-S1-1C",86,112.2,113.6,112.9,4208.64,217.733333333333,23.5780365917905,2.791826174,0.030081004,11.5099434387719,-13.9868001504852,37.0066870280289
"Kerguelen","KER1","CAT1-S1-1C",93,122.9,124.1,123.5,4497.10769230769,228.384615384615,36.1859513751273,2.843511196,0.045295099,11.1567987432896,-14.3530563087953,36.6666537953745
"Kerguelen","KER1","CAT1-S1-1D",105,130.3,131.4,130.8,4654.675,215.416666666667,32.4694495105037,3.315937291,0.04688002,11.5867528351051,-13.9076397163539,37.081145386564
"Kerguelen","KER1","CAT1-S1-1D",108,134.6,135.8,135.2,4745.8,208.307692307692,26.5153559765677,3.032224277,0.012421038,11.8224518404552,-13.6658439924556,37.3107476733661
"Kerguelen","KER1","CAT1-S1-1D",110,137.6,138.8,138.2,4810.63076923077,227.846153846154,40.2592559830369,2.520712809,0.046532686,11.1746515083477,-14.3344500057216,36.6837530224169
"Kerguelen","KER1","CAT1-S1-1D",114,143.4,144.6,144,4936.93076923077,219.153846153846,24.7650498143592,5.705617692,0.048933219,11.4628461442853,-14.0354275505601,36.9611198391307
"Kerguelen","KER1","CAT1-S1-1D",117,147.8,148.9,148.4,5072.725,228.416666666667,35.8087301019619,6.225778674,0.034384999,11.1557360787028,-14.3541641312582,36.6656362886638
"Kerguelen","KER1","CAT1-S1-1D",119,150.7,151.8,151.3,5184.44166666667,209.583333333333,29.4385595415059,6.625024494,0.06070631,11.780157789901,-13.7091078824688,37.2694234622707
"Kerguelen","KER1","CAT1-S1-1D",123,156.5,157.7,157.1,5436.62307692308,241.461538461538,30.206553882161,7.365820821,0.096946552,10.7232315918791,-14.8078855382681,36.2543487220262
"Kerguelen","KER1","CAT1-S1-1D",124,158,159.2,158.6,5499.66923076923,229.538461538462,48.5946076991666,5.849088818,0.061291396,11.1185428181651,-14.3929594644601,36.6300451007904
"Kerguelen","KER1","CAT1-S1-1E",132,161.5,162.7,162.1,5646.26923076923,228.230769230769,27.368332814142,25.33147037,0.02901097,11.1618995333062,-14.3477392370945,36.6715383037069
"Kerguelen","KER1","CAT1-S1-1E",137,168.8,170,169.4,5947.94615384615,210.076923076923,34.2210011992186,3.074840014,0.026459833,11.7637927552644,-13.7258627552246,37.2534482657534
"Kerguelen","KER1","CAT1-S1-1E",144,179,180.2,179.6,6370.75384615385,221.461538461538,37.0103935505856,3.299582559,0.042987824,11.3863342940364,-14.1145685507723,36.8872371388451
"Kerguelen","KER1","CAT1-S1-1E",145,180.4,181.6,181,6433.53846153846,189.692307692308,40.2707185089957,2.425675008,0.030902266,12.4396474324632,-13.0406779678602,37.9199728327866
"Kerguelen","KER1","CAT1-S1-1E",146,181.9,183,182.4,6500.14166666667,155.666666666667,37.5991618217344,2.230484241,0.019087013,13.5677721578001,-11.9279005033261,39.0634448189263
"Kerguelen","KER1","CAT1-S1-1E",147,183.3,184.4,183.8,6564.375,224.416666666667,37.7755532618971,7.771363798,0.092422783,11.2883566191343,-14.2161721728002,36.7928854110688
"Kerguelen","KER1","CAT1-S1-1E",151,189,190.3,189.7,6812.30714285714,220.642857142857,36.1250118825791,5.453440209,0.046705911,11.4134777837675,-14.0864720205646,36.9134275880997
"Kerguelen","KER1","CAT1-S1-1E",157,198.4,199.7,199,7055.1,222.071428571429,28.2392642247641,4.062914553,0.036944396,11.366113305042,-14.1355140430238,36.8677406531078
"Kerguelen","KER1","CAT1-S1-1E",161,204.5,205.8,205.2,7160.46428571429,214.571428571429,41.7643835853438,2.965078694,0.003982725,11.614776818351,-13.8788025251102,37.1083561618122
"Kerguelen","KER1","CAT1-S1-1F",170,210.3,211.7,211,7263.93333333333,220.266666666667,29.912889402078,2.182200699,0.02863423,11.4259504298319,-14.0735689366411,36.925469796305
"Kerguelen","KER1","CAT1-S1-1F",177,220.9,222.2,221.6,7451.67142857143,232,40.0115367978172,3.17180271,0.022993401,11.0369301778996,-14.4782343112921,36.5520946670913
"Kerguelen","KER1","CAT1-S1-1F",179,224,225.4,224.7,7505.43333333333,221.6,38.1216099195344,5.35028394,0.025656026,11.3817435830214,-14.1193226558269,36.8828098218698
"Kerguelen","KER1","CAT1-S1-1F",180,225.6,226.8,226.2,7531.69230769231,200,30.6022874961987,3.627263811,0.059129239,12.0978945013514,-13.3854142148846,37.5812032175873
"Kerguelen","KER1","CAT1-S1-1F",185,233.2,234.5,233.8,7669.85,152.214285714286,32.9899252020244,4.268992381,0.042256079,13.6822363147201,-11.817153053153,39.1816256825932
"Kerguelen","KER1","CAT1-S1-1F",186,234.7,235.9,235.3,7695.93846153846,197.538461538462,29.7058226184009,4.531502978,0.087192295,12.1795071416169,-13.3027665479411,37.6617808311748
"Kerguelen","KER1","CAT1-S1-1F",188,237.8,239.1,238.4,7751.90714285714,223.785714285714,31.2586691272101,8.680238524,0.144044164,11.3092759305714,-14.1944542492496,36.8130061103924
"Kerguelen","KER1","CAT1-S1-1F",191,242.3,243.6,242.9,7831.4,226.076923076923,26.6316276209996,14.23964041,0.017403154,11.2333105935385,-14.2733829903218,36.7400041773988
"Kerguelen","KER3","CAT2-S3-1A",6,7.9,9.1,8.5,386.276923076923,220.538461538462,40.7545813061047,7.989049521,0.248862689,11.4169390341359,-14.0828908476211,36.9167689158929
"Kerguelen","KER3","CAT2-S3-1A",9,12.3,13.5,12.9,621.707692307692,224.769230769231,33.6926150319667,6.820390916,0.213258954,11.2766673086796,-14.2283135087333,36.7816481260925
"Kerguelen","KER3","CAT2-S3-1A",13,18.1,19.3,18.7,928.807692307692,203.230769230769,40.6983903165589,6.393762065,0.166829823,11.9907779110029,-13.4941963904016,37.4757522124074
"Kerguelen","KER3","CAT2-S3-1A",15,21,22.1,21.6,1082.7,198.166666666667,30.1928147181753,7.850724687,0.178711739,12.1586789157158,-13.323839686577,37.6411975180085
"Kerguelen","KER3","CAT2-S3-1A",20,28.2,29.4,28.8,1469.79230769231,199.153846153846,32.3853005591687,8.567301171,0.223272061,12.1259488464426,-13.356981251749,37.6088789446343
"Kerguelen","KER3","CAT2-S3-1A",21,29.6,30.7,30.2,1540.33333333333,206.666666666667,31.7012570250723,8.139809229,0.273778714,11.8768602672989,-13.6102678173765,37.3639883519743
"Kerguelen","KER3","CAT2-S3-1A",22,31,32.1,31.6,1613.25833333333,189.583333333333,36.7756301060494,8.098447371,0.189641677,12.4432604920583,-13.0370523300944,37.923573314211
"Kerguelen","KER3","CAT2-S3-1A",27,38.2,39.3,38.7,1994.20833333333,198.333333333333,32.9002164495044,7.449716815,0.176749202,12.1531530598645,-13.3294327318615,37.6357388515905
"Kerguelen","KER3","CAT2-S3-1A",28,39.5,40.7,40.1,2065.98461538462,197.076923076923,25.233778744841,6.49364719,0.147552822,12.1948095116667,-13.2872926423024,37.6769116656357
"Kerguelen","KER3","CAT2-S3-1A",32,45.1,47,46.1,2386.005,226.15,28.1261724901802,10.51108713,0.295660822,11.2308877182806,-14.2759032595228,36.7376786960841
"Kerguelen","KER3","CAT2-S3-1B",38,46.4,47.6,47,2436.8,220.076923076923,38.5712793376573,9.854731646,0.162334964,11.4322414041857,-14.0670626471393,36.9315454555108
"Kerguelen","KER3","CAT2-S3-1B",42,51.6,52.7,52.2,2712.45833333333,202.666666666667,30.6396455395274,11.56429275,0.275483342,12.0094808077304,-13.4751775590827,37.4941391745434
"Kerguelen","KER3","CAT2-S3-1B",45,55.3,56.5,55.9,2912.56153846154,185.692307692308,34.2767769181619,13.36916814,0.524919335,12.5722679728947,-12.9078557464356,38.0523916922249
"Kerguelen","KER3","CAT2-S3-1B",47,58.1,59.3,58.7,3063.31538461538,228.076923076923,32.252807470724,13.47816025,0.395213256,11.1670003233228,-14.3424229534704,36.6764236001159
"Kerguelen","KER3","CAT2-S3-1B",52,64.6,65.7,65.1,3406.90833333333,253.333333333333,55.0311206720728,16.45315411,0.457897518,10.3296206289318,-15.225717820921,35.8849590787846
"Kerguelen","KER3","CAT2-S3-1B",55,68.3,69.4,68.9,3606.60833333333,216.5,39.3735028575402,6.591575629,0.170480391,11.5508347720716,-13.9446349048503,37.0463044489934
"Kerguelen","KER3","CAT2-S3-1B",56,69.5,70.7,70.1,3672.84615384615,236.076923076923,38.672689628172,29.04148441,0.727353789,10.9017592424599,-14.619914229039,36.4234327139587
"Kerguelen","KER3","CAT2-S3-1B",62,77.2,78.2,77.7,4072.19090909091,211.181818181818,40.818667743615,8.399597711,0.200773499,11.7271598087816,-13.7633978218116,37.2177174393748
"Kerguelen","KER3","CAT2-S3-1B",65,80.8,81.9,81.4,4264.50833333333,227.583333333333,23.3021978414574,7.195932222,0.131594243,11.1833653579594,-14.3253718639447,36.6921025798635
"Kerguelen","KER3","CAT2-S3-1B",68,84.5,85.6,85.1,4460.44166666667,225.416666666667,41.8687523607096,5.8254102,0.215640243,11.2552014840264,-14.2506202008729,36.7610231689257
"Kerguelen","KER3","CAT2-S3-1C",78,89.2,90.2,89.7,4699.99090909091,235.545454545455,32.2222396377522,6.099251399,0.148178359,10.9193801534263,-14.601413470923,36.4401737777755
"Kerguelen","KER3","CAT2-S3-1C",83,95.7,96.8,96.2,5048.06666666667,231.166666666667,44.8205174878513,8.079913573,0.213276653,11.0645594571562,-14.4493426440064,36.5784615583187
"Kerguelen","KER3","CAT2-S3-1C",85,98.3,99.3,98.8,5181.87272727273,230.363636363636,37.0763340347255,7.426131353,0.269496016,11.0911840353489,-14.4215234482502,36.6038915189479
"Kerguelen","KER3","CAT2-S3-1C",89,103.5,104.7,104.1,5467.83076923077,220.461538461538,36.5162415568182,6.698435927,0.107584283,11.4194894291443,-14.080252321079,36.9192311793675
"Kerguelen","KER3","CAT2-S3-1C",91,106.1,107.2,106.7,5603.63333333333,228.583333333333,34.0840094027932,6.116139247,0.197115379,11.1502102228515,-14.3599253594238,36.6603458051268
"Kerguelen","KER3","CAT2-S3-1C",96,112.8,113.9,113.3,5955.025,221.916666666667,35.5002134009804,3.994200434,0.013101992,11.3712444569039,-14.1301978719579,36.8726867857658
"Kerguelen","KER3","CAT2-S3-1C",101,118.9,119.9,119.4,6277.73636363636,244.909090909091,42.432191895905,5.249820697,0.130256834,10.608927524689,-14.928741713321,36.1465967626989
"Kerguelen","KER3","CAT2-S3-1D",110,122.4,123.5,123,6466.25,195.833333333333,23.4785524307276,5.484723099,0.143814374,12.2360408976341,-13.2456344801747,37.717716275443
"Kerguelen","KER3","CAT2-S3-1D",115,128.9,130,129.5,6808.05,217.083333333333,25.3034612556297,5.862772125,0.138777923,11.531494276592,-13.9645716039535,37.0275601571375
"Kerguelen","KER3","CAT2-S3-1D",117,131.4,132.4,131.9,6937.85454545455,225.272727272727,38.2860050386324,8.142351223,0.244749266,11.2599738140798,-14.2456597201534,36.7656073483131
"Kerguelen","KER3","CAT2-S3-1D",121,136.5,137.6,137.1,7212.99166666667,208.25,42.5229884351341,5.483297024,0.187449254,11.8243646367115,-13.6638886179116,37.3126178913345
"Kerguelen","KER3","CAT2-S3-1D",124,140.5,141.6,141,7429.425,216.75,28.364911101891,5.475324783,0.138812682,11.5425459882946,-13.9531778148546,37.0382697914437
"Kerguelen","KER3","CAT2-S3-1D",130,148.3,149.4,148.9,7841.69166666667,219.916666666667,31.7331439388288,6.019128737,0.213878792,11.4375547271197,-14.0615684051187,36.936677859358
"Kerguelen","KER3","CAT2-S3-1D",133,152.3,153.4,152.8,8051.725,223.583333333333,30.2187730132155,7.25278997,0.195114006,11.3159858983908,-14.1874909324386,36.8194627292203
"Kerguelen","KER3","CAT2-S3-1D",134,153.6,154.8,154.2,8122.73846153846,225.307692307692,27.7710419183503,12.74073522,0.400837882,11.2588145436215,-14.2468646317635,36.7644937190065
"Kerguelen","KER3","CAT2-S3-1D",136,156.4,157.6,157,8271.9,210.769230769231,31.040709415631,11.91900007,0.31635124,11.7408392001897,-13.7493767965224,37.2310551969018
"Kerguelen","KER3","CAT2-S3-1D",139,160.4,161.5,160.9,8483.125,248,23.924122478445,11.06659272,0.2525818,10.5064480161738,-15.0374308817833,36.0503269141308
"Kerguelen","KER3","CAT2-S3-1D",141,163,164.1,163.5,8623.30833333333,247.5,23.907016847475,10.95410735,0.195952656,10.5230255837277,-15.0198273239996,36.065878491455
"Kerguelen","KER3","CAT2-S3-1D",142,164.3,165.5,164.9,8696.08461538462,235.923076923077,24.5949233869564,12.37150296,0.38059145,10.9068600324765,-14.614557780566,36.4282778455189
"Kerguelen","KER3","CAT2-S3-1E",150,166.5,167.5,167,8805.21818181818,222.181818181818,30.009392469086,13.51243096,0.123934427,11.362453322595,-14.1393064849611,36.8642131301512
"Kerguelen","KER3","CAT2-S3-1E",152,169.1,170.2,169.6,8943.06666666667,250.916666666667,37.1837167034011,20.45200621,0.067089417,10.4097455387758,-15.1402835064769,35.9597745840285
"Kerguelen","KER3","CAT2-S3-1E",156,174.6,175.7,175.1,9234.5,237.666666666667,39.0624984848485,10.59774057,0.080003742,10.849051078955,-14.6753102732617,36.3734124311718
"Kerguelen","KER3","CAT2-S3-1E",158,177.2,178.3,177.8,9367.74166666667,239.25,28.4704791287077,11.29587326,0.282531611,10.7965554483676,-14.730566442451,36.3236773391862
"Kerguelen","KER3","CAT2-S3-1E",159,178.6,179.6,179.1,9437.28181818182,237,37.5872318746672,7.457837511,0.183166908,10.8711545023603,-14.6520694452534,36.3943784499739
"Kerguelen","KER3","CAT2-S3-1E",163,183.8,184.9,184.3,9717.925,198.666666666667,26.5546891367893,2.341268423,0.027805512,12.1421013481618,-13.3406216059562,37.6248243022799
"Kerguelen","KER3","CAT2-S3-1E",165,186.4,187.5,187,9857.625,229.25,36.1364208118473,7.95662022,0.169851539,11.1281067994463,-14.382979520244,36.6391931191365
"Kerguelen","KER3","CAT2-S3-1E",168,190.4,191.5,190.9,10071.1416666667,209.166666666667,23.8435557649263,4.147415448,0.088250552,11.7939724295292,-13.6949704880418,37.2829153471002
"Kerguelen","KER3","CAT2-S3-1E",171,194,195,194.5,10256.1727272727,213.545454545455,52.6295803448282,14.78209106,0.28356527,11.6487931257993,-13.8438311446343,37.141417396233
"Kerguelen","KER3","CAT2-S3-1E",174,197.7,198.6,198.1,10446.9,151.4,29.9710971882356,4.315492745,0.173279726,13.7092340675937,-11.7910898471322,39.2095579823195
"Kerguelen","KER3","CAT2-S3-1E",177,201.6,202.7,202.1,10658.8916666667,244.666666666667,32.187895334436,10.9175411,0.335800782,10.6169651332,-14.9202304784674,36.1541607448673
"Kerguelen","KER3","CAT2-S3-1E",181,207,208.1,207.5,10924.02,273.2,30.4991803168544,27.65214913,0.773345201,9.67093861145552,-15.9353653759616,35.2772425988726
"Marion Island","PB1","PB1_1A",4,5,6.3,5.7,154.78,204.2307692,41.64963755,3.447393088,0.054468811,11.9576227769152,-13.5279377051195,37.4431832589499
"Marion Island","PB1","PB1_1A",7,9.8,11.1,10.4,333.91,233.9285714,24.02070993,5.334838241,0.196855531,10.9729881325675,-14.5451864963838,36.4911627615188
"Marion Island","PB1","PB1_1A",9,12.6,13.8,13.2,440.63,211.7692308,33.68766799,5.589422519,0.189481423,11.7076840640617,-13.7833697617936,37.198737889917
"Marion Island","PB1","PB1_1A",14,19.4,20.7,20.1,704.72,194.3571429,27.57258154,8.261052616,0.195786947,12.2849841908962,-13.1962516478641,37.7662200296566
"Marion Island","PB1","PB1_1A",16,22.3,23.5,22.9,810.69,189.3076923,24.66571377,7.700557879,0.206374951,12.4523994077597,-13.0278833700848,37.9326821856043
"Marion Island","PB1","PB1_1A",17,23.7,24.9,24.3,862.94,200.6923077,30.49968474,8.044716196,0.135151232,12.0749409460216,-13.4086953354087,37.558577227452
"Marion Island","PB1","PB1_1A",22,30.4,31.6,31,1116.79,234.5384615,46.98513131,8.92706044,0.099983077,10.952767143901,-14.5663851601559,36.4719194479579
"Marion Island","PB1","PB1_1A",28,38.5,39.8,39.2,1426.52,208.8571429,33.69514264,23.03441319,0.515970855,11.8042347318322,-13.6844721762258,37.2929416398901
"Marion Island","PB1","PB1_1A",32,44,45.3,44.7,1634.77,188.1818182,45.33170674,31.2414405,0.149958914,12.4897279156597,-12.9904585047581,37.9699143360774
"Marion Island","PB1","PB1_1B",39,46.4,47.6,47,1723.12,185.9230769,32.96326627,41.34347364,0.636689494,12.5646167886349,-12.9155040348894,38.0447376121592
"Marion Island","PB1","PB1_1B",41,49.3,50.5,49.9,1830.5,171.7272727,32.54255955,47.34327699,0.577587979,13.0352805948507,-12.4483300143761,38.5188912040775
"Marion Island","PB1","PB1_1B",42,50.6,51.8,51.2,1878.53,171,35.59494346,72.51241901,2.313146166,13.0593934194795,-12.424577250354,38.543364089313
"Marion Island","PB1","PB1_1B",44,53.3,54.5,53.9,1980.2,223.5384615,21.36436045,85.66749658,2.415823403,11.3174736300875,-14.1859472131311,36.8208944733062
"Marion Island","PB1","PB1_1B",45,54.7,55.8,55.2,2030.05,178,32.32224115,110.4083356,1.755492536,12.8273074737244,-12.6539309271878,38.3085458746366
"Marion Island","PB1","PB1_1B",46,56,57.7,56.8,2091.11,148.7777778,34.53311379,62.43668675,0.349645446,13.7961741989175,-11.7073093845137,39.2996577823488
"Marion Island","PB1","PB1_1B",52,64.3,65.4,64.9,2400.08,131.3333333,23.95956189,37.44748852,0.340772146,14.3745471131967,-11.1557834933755,39.9048777197689
"Marion Island","PB1","PB1_1B",54,66.9,68.1,67.5,2499.09,157.9230769,32.77565544,44.00779775,0.59410527,13.4929605716552,-12.000497713318,38.9864188566283
"Marion Island","PB1","PB1_1B",57,70.8,72,71.4,2647.86,135.8461538,24.88924183,31.66776459,0.744192468,14.2249239398017,-11.2974908388264,39.7473387184297
"Marion Island","PB1","PB1_1B",62,77.7,78.9,78.3,2906.71,164.2307692,34.85243618,37.3921461,0.602013552,13.2838281812298,-12.2043410822358,38.7719974446954
"Marion Island","PB1","PB1_1B",64,80.4,81.5,81,3009.64,179.25,25.00590839,31.24334654,0.640488604,12.7858635548396,-12.6950591863514,38.2667862960306
"Marion Island","PB1","PB1_1B",65,81.7,82.8,82.3,3058.43,138.0833333,32.24750401,30.47007742,0.874491222,14.1507499512186,-11.3679916320776,39.6694915345148
"Marion Island","PB1","PB1_1B",66,83,84.1,83.6,3107.49,174.25,39.52473334,29.45980204,0.206218614,12.9516392303789,-12.5308593373194,38.4341377980772
"Marion Island","PB1","PB1_1B",67,84.3,85.4,84.9,3155.81,164.0909091,43.55560709,61.39360058,2.259284501,13.2884652617415,-12.1998068802074,38.7767374036905
"Marion Island","PB1","PB1_1B",68,85.6,86.6,86.1,3200.37,177,28.50964749,29.45950461,0.789514723,12.8604626088323,-12.6210659035991,38.3419911212637
"Marion Island","PB1","PB1_1C",77,89.2,90.3,89.7,3335.04,166.1666667,22.10649157,28.70889717,0.749302216,13.2196432380623,-12.2671690875661,38.7064555636908
"Marion Island","PB1","PB1_1C",79,91.8,92.9,92.4,3436.21,156.0833333,18.87980322,25.05151339,0.849246304,13.553957519277,-11.9412934530881,39.0492084916421
"Marion Island","PB1","PB1_1C",81,94.5,95.6,95.1,3538.8,159.5,30.54413928,30.9684049,0.88259954,13.44067747322,-12.0513340895664,38.9326890360063
"Marion Island","PB1","PB1_1C",84,98.5,99.6,99.1,3690.04,149.5714286,17.83121928,27.5785573,0.328184832,13.7698605994151,-11.7326424858041,39.2723636846342
"Marion Island","PB1","PB1_1C",86,101.2,102.3,101.8,3791.98,133.1,22.25333932,30.79651788,0.29256692,14.3159730400676,-11.2111780914994,39.8431241716347
"Marion Island","PB1","PB1_1C",87,102.6,103.7,103.1,3841.55,141.5833333,28.04690336,28.65429711,0.383967581,14.0347069783411,-11.4786219656731,39.5480359223552
"Marion Island","PB1","PB1_1C",88,103.9,105,104.4,3891.1,142.4444444,32.32302241,29.91321827,0.771761031,14.0061567234777,-11.5059030228838,39.5182164698391
"South Georgia","POB4","POB_1A",16,31.5,32.9,32.2,-17.69,62.3333333333333,26.5769323537035,5.377096226,0.048082894,16.6622514345343,-9.07284331386395,42.3973461829326
"South Georgia","POB4","POB_1A",19,36.1,37.4,36.8,-1.785,9.5,13.4350288425444,3.206884305,0.012684849,18.4139477393999,-7.58245373774724,44.4103492165471
"South Georgia","POB4","POB_1A",21,39.2,40.6,39.9,17.4366666666667,22.3333333333333,38.6824680357049,3.283013484,0.0085671,17.988456838849,-7.93628743825868,43.9132011159567
"South Georgia","POB4","POB_1A",24,43.8,45.1,44.4,249.323333333333,90,42.0356991139674,4.003302375,0.01303687,15.7449593632167,-9.88924574713503,41.3791644735684
"South Georgia","POB4","POB_1A",28,49.9,51.2,50.5,569.63,33.6666666666667,39.3996615890712,4.960356243,0.04228838,17.6126986409598,-8.25310662502669,43.4785039069464
"South Georgia","POB4","POB_1E",170,200.2,201.3,200.7,3778.715,66.5,94.0452018978108,5.449026456,0.081194255,16.5241050382515,-9.19420020033958,42.2424102768427
"South Georgia","POB4","POB_1E",174,205.3,206.4,205.9,3794.655,43,60.8111831820431,5.732386915,0.045233891,17.3032507132864,-8.51709565790113,43.123597084474
"South Georgia","POB4","POB_1E",177,209.4,210.5,209.9,3808.20666666667,38.3333333333333,35.2325606979302,5.73476091,0.060947191,17.4579746771231,-8.3847524237085,43.3007017779548
"South Georgia","POB4","POB_1E",183,217.6,218.5,218.1,3834.505,109.5,33.2340187157677,4.562006327,0.01793847,15.0984342286133,-10.4797337647204,40.6766022219469
"South Georgia","POB4","POB_1F",196,225.1,226.2,225.7,3857.985,105.5,24.7487373415292,2.913948883,0.024228913,15.2310547690447,-10.3575866601952,40.8196961982847
"South Georgia","POB4","POB_1F",202,232.5,233.6,233,3880.55,71.6666666666667,22.1434715736565,3.683960219,0.016726932,16.3528035068609,-9.34546628166608,42.0510732953879
"South Georgia","POB4","POB_1F",208,240,241.2,240.6,3906.24,52.3333333333333,51.6365503624451,5.391831445,0.055316285,16.993802785613,-8.7838816425496,42.7714872137756
"South Georgia","POB4","POB_1F",214,247.5,248.6,248.1,3964.74,53.6666666666667,52.0800665642176,4.02395169,0.040652938,16.9495959388025,-8.82222306995455,42.7214149475596
"South Georgia","POB4","POB_1F",219,253.8,254.8,254.3,4013.88,93.3333333333333,68.2309802557948,1.582772706,0.005174799,15.6344422461905,-9.98929734452812,41.258181836909
"South Georgia","POB4","POB_1G",233,261.6,262.8,262.2,4076.15166666667,78.6666666666667,63.5032807551442,9.999500351,0.130105862,16.1207175611058,-9.551794654416,41.7932297766277
"South Georgia","POB4","POB_1G",239,269.2,270.5,269.8,4137.68428571429,80.8571428571429,59.3504523190531,17.12642515,0.199937143,16.04809202706,-9.61668858558857,41.7128726397086
"South Georgia","POB4","POB_1G",247,279.3,280.2,279.8,4218.848,38.4,9.58123165360279,3.329343119,0.01763829,17.4557643347826,-8.38663812644428,43.2981667960095
"South Georgia","POB4","POB_1G",255,289.2,290.5,289.9,4348.3,28.8571428571429,26.2515305676232,12.05066927,0.104687632,17.7721590526691,-8.11815866838541,43.6624767737236
"South Georgia","POB4","POB_1G",256,290.6,291.8,291.2,4366.59142857143,22.1428571428571,29.717719581806,42.27735077,0.178695346,17.9947721026791,-7.93099764080093,43.9205418461591
"South Georgia","POB4","POB_1G",261,297.2,298.5,297.9,4452.81857142857,88.7142857142857,108.196910439122,9.722134768,0.022775177,15.7875873940697,-9.85075187642762,41.4259266645669
"South Georgia","POB4","POB_1H",270,299.6,300.9,300.3,4523.25,43.5714285714286,37.1387360351118,34.08957406,0.406542732,17.2843049217962,-8.53334896939201,43.1019588129844
"South Georgia","POB4","POB_1H",272,302.4,303.6,303,4931.03714285714,18.1428571428571,20.4159134943682,23.68744542,0.042920448,18.1273926431105,-7.82017751425261,44.0749628004737
"South Georgia","POB4","POB_1H",274,305.3,306.6,305.9,5380.51285714286,72.7142857142857,41.7281451209863,35.17565751,0.115114503,16.3180695557955,-9.37624369347193,42.012382805063
"South Georgia","POB4","POB_1H",276,308.2,309.4,308.8,5800.02142857143,58.4285714285714,62.015743008952,14.04871516,0.056649884,16.7917143430508,-8.95962562268776,42.5430543087893
"South Georgia","POB4","POB_1H",277,309.6,310.8,310.2,6009.77285714286,34.5714285714286,39.6310364186839,19.94911921,0.168223621,17.582701137767,-8.2785753763613,43.4439776518953
"South Georgia","POB4","POB_1H",278,311,312.3,311.6,6219.52714285714,18,23.3523731841827,15.67025973,0.060103697,18.1321290909831,-7.81622902268525,44.0804872046514
"South Georgia","POB4","POB_1H",280,313.9,315,314.5,6654.02,9.66666666666667,23.6784008469041,18.87710919,0.026689416,18.4084218835486,-7.58701567742038,44.4038594445176
"South Georgia","POB4","POB_1H",283,317.9,319.1,318.5,7253.32,60.3333333333333,32.3213036040731,14.85745808,0.072025201,16.7285617047501,-9.01479205414272,42.4719154636428
