"Location","Site","Section","sample","top","bottom","mp","depth","depth_err","SH20_min_age_95CI","SH20_max_age_95CI","SH20_median_age","SH20_mean_age","SH20_mean_95CI","accrate","accrate_err","Water_Content_pc","Dry_mass_pc","Dry_mass_pc_err","LOI550_pc","LOI550_err","C_org","C_org_err","Volume_cm3","Volume_err_cm3","Wet_density_g_cm3","Dry_density_g_cm3","Dry_density_err_g_cm3","DMAR_g_cm2_yr","DMAR_err_g_cm2_yr-1","DMAR_err_pc"
"Bird Island","BI10","BI10.1",1,0,1.1,0.6,0.6,0.55,-67.1,-52.1,-61.3,-60.7,7.5,0.09517,0.07549,87.49,12.51,0.63,90.56,4.53,52.34,2.62,3.9915,0.2155,0.8542,0.1069,0.0107,0.0102,0.0016,15.4
"Bird Island","BI10","BI10.1",2,1.3,2.4,1.9,1.9,0.55,-65.2,-21.3,-49,-47,21.9,0.09517,-0.01683,88.68,11.32,0.57,91.38,4.57,45.69,2.28,4.2749,0.2373,1.0511,0.119,0.0119,0.0113,0.0018,15.6
"Bird Island","BI10","BI10.1",3,2.6,3.7,3.2,3.2,0.55,-63.6,10,-36.6,-33.4,36.8,0.09517,-0.08849,89.1,10.9,0.54,87.98,4.4,43.99,2.2,5.5054,0.3386,1.0477,0.1142,0.0114,0.0109,0.0018,16.2
"Bird Island","BI10","BI10.1",4,3.9,5,4.5,4.5,0.55,-61.9,41.2,-24.2,-19.7,51.5,0.09524,-0.2374,89.51,10.49,0.52,90.31,4.52,45.15,2.26,3.7179,0.1952,1.6756,0.1757,0.0176,0.0167,0.0026,15.3
"Bird Island","BI10","BI10.1",5,5.2,6.3,5.8,5.8,0.55,-60.3,72.4,-11.8,-6.1,66.3,0.09517,-1.03257,90.18,9.82,0.49,93.27,4.66,46.64,2.33,5.1832,0.311,0.8798,0.0864,0.0086,0.0082,0.0013,16
"Bird Island","BI10","BI10.1",6,6.5,7.6,7.1,7.1,0.55,-58.7,103.6,0.6,7.6,81.1,0.09517,1.02323,89.67,10.33,0.52,92.9,4.65,46.45,2.32,5.6149,0.3481,0.9731,0.1005,0.0101,0.0096,0.0016,16.2
"Bird Island","BI10","BI10.1",7,7.8,8.9,8.4,8.4,0.55,-57.1,135,13.1,21.3,96.1,0.09517,0.43619,89.02,10.98,0.55,93.76,4.69,46.88,2.34,5.3969,0.3292,0.9847,0.1081,0.0108,0.0103,0.0017,16.1
"Bird Island","BI10","BI10.1",8,9.1,10.2,9.7,9.7,0.55,-55.6,166.2,25.4,34.9,110.9,0.10309,0.33324,88.95,11.05,0.55,89.12,4.46,44.56,2.23,5.0779,0.3021,1.0424,0.1152,0.0115,0.0119,0.0019,16
"Bird Island","BI10","BI10.1",9,10.4,11.5,11,11,0.53,-43,180.1,37.3,47.5,111.6,0.10569,0.25311,88.09,11.91,0.6,91.85,4.59,45.92,2.3,4.7477,0.2777,1.0529,0.1254,0.0125,0.0133,0.0021,15.9
"Bird Island","BI10","BI10.1",10,11.7,12.8,12.3,12.3,0.55,-32.6,189.3,50.1,59.8,111,0.10578,0.20089,86.38,13.62,0.68,90.68,4.53,45.34,2.27,4.7687,0.2766,1.0667,0.1452,0.0145,0.0154,0.0024,15.8
"Bird Island","BI10","BI10.1",11,13,14.1,13.6,13.6,0.55,-25,197.8,64.6,72.1,111.4,0.10573,0.16754,87.73,12.27,0.61,94.25,4.71,47.13,2.36,5.5054,0.3386,1.0436,0.1281,0.0128,0.0135,0.0022,16.2
"Bird Island","BI10","BI10.1",12,14.3,15.4,14.8,14.8,0.53,-18.9,208,79.8,83.5,113.4,0.10569,0.14735,87.08,12.92,0.65,91.54,4.58,45.77,2.29,4.6493,0.2697,1.0602,0.137,0.0137,0.0145,0.0023,15.8
"Bird Island","BI10","BI10.1",13,15.6,16.6,16.1,16.1,0.5,-15,225.8,93.5,95.8,120.4,0.10573,0.13621,87.03,12.97,0.65,82.62,4.13,41.31,2.07,4.5216,0.2623,1.1125,0.1443,0.0144,0.0153,0.0024,15.8
"Bird Island","BI10","BI10.1",14,16.8,17.8,17.3,17.3,0.5,-11.9,245.6,104.6,107.1,128.7,0.10563,0.13001,87.37,12.63,0.63,83.65,4.18,41.83,2.09,5.3066,0.329,1.1418,0.1442,0.0144,0.0152,0.0025,16.2
"Bird Island","BI10","BI10.1",15,18,19,18.5,18.5,0.53,-8.5,265.5,115.7,118.5,137,0.10578,0.12534,85.89,14.11,0.71,65.63,3.28,32.82,1.64,4.9476,0.2944,1.0572,0.1492,0.0149,0.0158,0.0025,16
"Bird Island","BI10","BI10.1",16,19.2,20.3,19.8,19.8,0.53,-4.9,284.4,129.1,130.8,144.6,0.0905,0.10249,84.33,15.67,0.78,61.98,3.1,30.99,1.55,5.1516,0.3117,1.0868,0.1703,0.017,0.0154,0.0025,16.1
"Bird Island","BI10","BI10.1",17,20.5,21.5,21,21,0.53,13,297.5,141.6,144,142.3,0.08804,0.08915,84.43,15.57,0.78,75.73,3.79,37.86,1.89,5.4653,0.3388,1.1266,0.1755,0.0175,0.0154,0.0025,16.2
"Bird Island","BI10","BI10.1",18,21.7,22.7,22.2,22.2,0.5,32.7,308.6,154.5,157.7,138,0.08802,0.07901,84.29,15.71,0.79,65.61,3.28,32.8,1.64,5.1045,0.3114,1.1895,0.1869,0.0187,0.0165,0.0026,16.1
"Bird Island","BI10","BI10.1",19,23,24,23.5,23.5,0.53,47.3,325.7,169.1,172.4,139.2,0.08804,0.07304,85.74,14.26,0.71,75.43,3.77,37.72,1.89,5.049,0.3029,1.2398,0.1767,0.0177,0.0156,0.0025,16
"Bird Island","BI10","BI10.1",20,24.2,25.3,24.7,24.7,0.53,61.1,343.2,182.5,186.1,141,0.08802,0.06858,83.5,16.5,0.82,57.98,2.9,28.99,1.45,5.7883,0.3676,1.0354,0.1708,0.0171,0.015,0.0025,16.4
"Bird Island","BI10","BI10.1",21,25.5,26.5,26,26,0.53,73,357.1,197.7,200.8,142.1,0.08798,0.06402,82.13,17.87,0.89,67.17,3.36,33.58,1.68,5.4653,0.3388,1.1006,0.1967,0.0197,0.0173,0.0028,16.2
"Bird Island","BI10","BI10.1",22,26.7,27.8,27.2,27.2,0.53,82,371.9,211.8,214.5,145,0.08802,0.06119,80.34,19.66,0.98,72.7,3.63,36.35,1.82,5.6796,0.3578,1.0898,0.2142,0.0214,0.0189,0.0031,16.3
"Bird Island","BI10","BI10.1",23,28,29.1,28.5,28.5,0.55,91.6,393.9,226.7,229.2,151.1,0.08802,0.05973,85.39,14.61,0.73,76.49,3.82,38.25,1.91,6.5302,0.431,0.9996,0.146,0.0146,0.0129,0.0021,16.6
"Bird Island","BI10","BI10.1",24,29.3,30.3,29.8,29.8,0.5,98.6,417.4,240.5,244,159.4,0.07362,0.04933,85.04,14.96,0.75,80.55,4.03,40.27,2.01,6.9477,0.4829,0.9962,0.1491,0.0149,0.011,0.0019,17
"Bird Island","BI10","BI10.1",25,30.5,31.5,31,31,0.5,121.3,426.2,255.9,260.3,152.4,0.07126,0.04287,85.38,14.62,0.73,66.6,3.33,33.3,1.67,5.205,0.3201,1.2702,0.1857,0.0186,0.0132,0.0021,16.2
"Bird Island","BI10","BI10.1",26,31.7,32.6,32.2,32.2,0.48,136.9,432.1,272.8,277.2,147.6,0.07129,0.03901,80.08,19.92,1,26.98,1.35,13.49,0.67,5.237,0.3273,1.0987,0.2189,0.0219,0.0156,0.0025,16.3
"Bird Island","BI10","BI10.1",27,32.8,33.8,33.3,33.3,0.5,150.1,438.7,290.7,292.6,144.3,0.07126,0.03621,83.36,16.64,0.83,61.38,3.07,30.69,1.53,6.045,0.3959,1.058,0.176,0.0176,0.0125,0.0021,16.6
"Bird Island","BI10","BI10.1",28,34.1,35,34.5,34.5,0.45,162.5,446.9,310.5,309.4,142.2,0.07124,0.03367,83.23,16.77,0.84,76.32,3.82,38.16,1.91,4.4156,0.2605,1.1805,0.198,0.0198,0.0141,0.0022,15.9
"Bird Island","BI10","BI10.1",29,35.2,36.1,35.6,35.6,0.45,172.8,456.5,328,324.9,141.8,0.07129,0.03203,81.36,18.64,0.93,73.99,3.7,36.99,1.85,5.1504,0.3245,1.244,0.2319,0.0232,0.0165,0.0027,16.3
"Bird Island","BI10","BI10.1",30,36.3,37.2,36.7,36.7,0.48,182.2,467.6,346.8,340.3,142.7,0.07126,0.0308,78.21,21.79,1.09,61.98,3.1,30.99,1.55,4.6609,0.2773,1.3943,0.3038,0.0304,0.0216,0.0035,16
"Bird Island","BI10","BI10.1",31,37.4,38.4,37.9,37.9,0.5,189.4,481.5,365,357.1,146.1,0.07126,0.03009,78.12,21.88,1.09,40.61,2.03,20.3,1.02,5.5127,0.3473,1.3006,0.2846,0.0285,0.0203,0.0033,16.3
"Bird Island","BI10","BI10.1",32,38.6,39.6,39.1,39.1,0.5,195.6,499.2,383,374,151.8,0.07326,0.03068,83.07,16.93,0.85,75.64,3.78,37.82,1.89,5.6172,0.3567,1.2664,0.2144,0.0214,0.0157,0.0026,16.4
"Bird Island","BI10","BI10.1",33,39.8,40.7,40.3,40.3,0.45,209.7,517.1,398.9,390.4,153.7,0.07983,0.03232,85.2,14.8,0.74,70.05,3.5,35.02,1.75,4.4156,0.2605,1.2414,0.1837,0.0184,0.0147,0.0023,15.9
"Bird Island","BI10","BI10.1",34,40.9,41.9,41.4,41.4,0.5,243.7,520,411.3,404.1,138.2,0.07979,0.02824,80.53,19.47,0.97,46.97,2.35,23.49,1.17,4.9063,0.2944,1.3332,0.2596,0.026,0.0207,0.0033,16
"Bird Island","BI10","BI10.1",35,42.1,43.1,42.6,42.6,0.48,276.6,524.2,425.3,419.2,123.8,0.07984,0.02447,84.25,15.75,0.79,76.56,3.83,38.28,1.91,4.4764,0.2619,1.3328,0.2099,0.021,0.0168,0.0027,15.9
"Bird Island","BI10","BI10.1",36,43.3,44.2,43.8,43.8,0.48,311.7,528.1,439.7,434.2,108.2,0.07984,0.02076,83.29,16.71,0.84,61.9,3.1,30.95,1.55,4.5682,0.2695,1.2514,0.2091,0.0209,0.0167,0.0027,15.9
"Bird Island","BI10","BI10.2",49,43.7,44.7,44.2,44.2,0.5,322.2,531.3,444.1,439.2,104.5,0.07983,0.0199,83.76,16.24,0.81,84.15,4.21,42.08,2.1,5.7227,0.3662,1.1522,0.1871,0.0187,0.0149,0.0024,16.4
"Bird Island","BI10","BI10.2",50,44.8,45.8,45.3,45.3,0.5,348,535.2,457.2,453,93.6,0.07983,0.01738,85.9,14.1,0.7,85.88,4.29,42.94,2.15,6.3762,0.4272,1.0978,0.1548,0.0155,0.0124,0.0021,16.7
"Bird Island","BI10","BI10.2",51,45.9,46.9,46.4,46.4,0.5,374.3,543.7,470.2,466.8,84.7,0.07984,0.01535,84.86,15.14,0.76,86.82,4.34,43.41,2.17,5.8291,0.376,1.1803,0.1787,0.0179,0.0143,0.0023,16.5
"Bird Island","BI10","BI10.2",52,47.1,48.1,47.6,47.6,0.5,397.3,564.9,483.6,481.8,83.8,0.07983,0.01472,85.55,14.45,0.72,81.13,4.06,40.57,2.03,5.8291,0.376,1.1536,0.1667,0.0167,0.0133,0.0022,16.5
"Bird Island","BI10","BI10.2",53,48.2,49.2,48.7,48.7,0.5,414.6,590.2,496.1,495.6,87.8,0.07983,0.01496,83.57,16.43,0.82,60.2,3.01,30.1,1.51,5.6172,0.3567,1.1247,0.1848,0.0185,0.0147,0.0024,16.4
"Bird Island","BI10","BI10.2",54,49.3,50.3,49.8,49.8,0.5,431.1,612.5,508.8,509.4,90.7,0.04431,0.00833,77.63,22.37,1.12,49.27,2.46,24.64,1.23,5.7227,0.3662,1.2381,0.2769,0.0277,0.0123,0.002,16.4
"Bird Island","BI10","BI10.2",55,50.5,51.5,51,51,0.5,454.9,635.7,535.4,536.4,90.4,0.04071,0.00726,86.19,13.81,0.69,61.69,3.08,30.85,1.54,5.9366,0.3859,1.1903,0.1644,0.0164,0.0067,0.0011,16.5
"Bird Island","BI10","BI10.2",56,51.6,52.6,52.1,52.1,0.5,470.8,657.5,562.2,563.5,93.3,0.0407,0.00713,86.81,13.19,0.66,82.85,4.14,41.42,2.07,5.8291,0.376,1.2156,0.1604,0.016,0.0065,0.0011,16.5
"Bird Island","BI10","BI10.2",57,52.7,53.7,53.2,53.2,0.5,483.3,707.2,588.2,590.5,111.9,0.04071,0.0081,86.45,13.55,0.68,88.55,4.43,44.27,2.21,4.4279,0.2546,1.7263,0.2338,0.0234,0.0095,0.0015,15.8
"Bird Island","BI10","BI10.2",58,53.9,54.9,54.4,54.4,0.5,498.3,763.2,617.4,620,132.5,0.0407,0.00907,87.12,12.88,0.64,89.44,4.47,44.72,2.24,6.2648,0.4166,1.2608,0.1624,0.0162,0.0066,0.0011,16.7
"Bird Island","BI10","BI10.2",59,55,56,55.5,55.5,0.5,504.6,819.5,643,647,157.4,0.04071,0.01027,86.98,13.02,0.65,85.88,4.29,42.94,2.15,5.8291,0.376,1.2494,0.1626,0.0163,0.0066,0.0011,16.5
"Bird Island","BI10","BI10.2",60,56.2,57.2,56.7,56.7,0.5,509.8,880.8,670.8,676.5,185.5,0.0407,0.01152,86.85,13.15,0.66,90.7,4.54,45.35,2.27,6.1544,0.4062,1.2647,0.1663,0.0166,0.0068,0.0011,16.6
"Bird Island","BI10","BI10.2",61,57.3,58.3,57.8,57.8,0.5,513.5,939.2,696.9,703.5,212.8,0.04071,0.01267,86.56,13.44,0.67,89.9,4.5,44.95,2.25,5.9366,0.3859,1.2541,0.1685,0.0169,0.0069,0.0011,16.5
"Bird Island","BI10","BI10.2",62,58.4,59.4,58.9,58.9,0.5,516.8,999.9,723.1,730.5,241.6,0.04011,0.0136,87.79,12.21,0.61,89.03,4.45,44.52,2.23,5.7227,0.3662,1.1775,0.1438,0.0144,0.0058,9e-04,16.4
"Bird Island","BI10","BI10.2",63,59.6,60.6,60.1,60.1,0.5,524,1059.6,751.7,760.5,267.8,0.03457,0.01246,86.48,13.52,0.68,67.05,3.35,33.53,1.68,5.6172,0.3567,1.2655,0.1711,0.0171,0.0059,0.001,16.4
"Bird Island","BI10","BI10.2",64,60.7,61.7,61.2,61.2,0.5,576.7,1070.3,782.2,792.3,246.8,0.03456,0.01105,85.64,14.36,0.72,83.31,4.17,41.65,2.08,5.6172,0.3567,1.2979,0.1864,0.0186,0.0064,0.0011,16.4
"Bird Island","BI10","BI10.2",65,61.8,62.8,62.3,62.3,0.5,626.4,1084.5,812.7,824.1,229,0.03457,0.00989,86.28,13.72,0.69,82.08,4.1,41.04,2.05,5.8291,0.376,1.2653,0.1736,0.0174,0.006,0.001,16.5
"Bird Island","BI10","BI10.2",66,63,64,63.5,63.5,0.5,672.9,1098.2,849.1,858.8,212.7,0.03457,0.00883,84.31,15.69,0.78,85.31,4.27,42.65,2.13,5.205,0.3201,1.3615,0.2137,0.0214,0.0074,0.0012,16.2
"Bird Island","BI10","BI10.2",67,64.1,65.2,64.6,64.6,0.52,706.7,1112.1,882.6,890.6,202.7,0.03456,0.00815,77.02,22.98,1.15,80.57,4.03,40.28,2.01,5.5719,0.3482,1.3629,0.3133,0.0313,0.0108,0.0018,16.3
"Bird Island","BI10","BI10.2",68,65.3,66.3,65.8,65.8,0.48,745.8,1128,918.4,925.4,191.1,0.03457,0.00739,80.73,19.27,0.96,52.45,2.62,26.23,1.31,5.4365,0.3452,1.2512,0.2411,0.0241,0.0083,0.0014,16.4
"Bird Island","BI10","BI10.2",69,66.4,67.4,66.9,66.9,0.5,773,1143.8,953.9,957.2,185.4,0.03456,0.00695,78.86,21.14,1.06,40.5,2.02,20.25,1.01,4.8086,0.2861,1.3261,0.2803,0.028,0.0097,0.0015,16
"Bird Island","BI10","BI10.2",70,67.5,68.5,68,68,0.5,798.9,1162.5,988.5,989,181.8,0.03457,0.00661,81.98,18.02,0.9,77.42,3.87,38.71,1.94,5.1045,0.3114,1.2539,0.226,0.0226,0.0078,0.0013,16.1
"Bird Island","BI10","BI10.2",71,68.7,69.8,69.2,69.2,0.55,826.5,1194.4,1026.8,1023.7,183.9,0.0397,0.00745,76.84,23.16,1.16,65.27,3.26,32.63,1.63,5.7255,0.3578,1.3106,0.3035,0.0303,0.012,0.002,16.3
"Bird Island","BI10","BI10.2",72,69.9,70.9,70.4,70.4,0.5,858.9,1223.5,1058.1,1053.9,182.3,0.0565,0.01017,82.45,17.55,0.88,86.37,4.32,43.19,2.16,5.4091,0.3381,1.2836,0.2253,0.0225,0.0127,0.0021,16.3
"Bird Island","BI10","BI10.2",73,71,72.1,71.6,71.6,0.55,908.7,1230.4,1074.5,1075.2,160.9,0.05647,0.00888,83.95,16.05,0.8,84.44,4.22,42.22,2.11,6.0639,0.3881,1.189,0.1909,0.0191,0.0108,0.0018,16.4
"Bird Island","BI10","BI10.2",74,72.3,73.3,72.8,72.8,0.52,945.7,1238.8,1091.9,1096.4,146.6,0.05647,0.00796,85.15,14.85,0.74,69.51,3.48,34.75,1.74,5.3597,0.3296,1.1961,0.1777,0.0178,0.01,0.0016,16.2
"Bird Island","BI10","BI10.2",75,73.5,74.5,74,74,0.52,976.9,1247.9,1109.6,1117.7,135.5,0.0565,0.00725,84.37,15.63,0.78,84.05,4.2,42.02,2.1,5.7883,0.3676,1.2934,0.2021,0.0202,0.0114,0.0019,16.4
"Bird Island","BI10","BI10.2",76,74.6,75.6,75.1,75.1,0.5,996.4,1259.6,1126.6,1137.2,131.6,0.05647,0.00691,84.11,15.89,0.79,79.55,3.98,39.78,1.99,4.4279,0.2546,1.4062,0.2235,0.0223,0.0126,0.002,15.8
"Bird Island","BI10","BI10.2",77,75.8,76.8,76.3,76.3,0.5,1016.5,1276.6,1149.7,1158.4,130.1,0.05647,0.00671,84.47,15.53,0.78,58.96,2.95,29.48,1.47,4.712,0.278,1.3443,0.2087,0.0209,0.0118,0.0019,15.9
"Bird Island","BI10","BI10.2",78,76.9,77.9,77.4,77.4,0.5,1032.1,1302.5,1173.7,1177.9,135.2,0.0565,0.00685,82.55,17.45,0.87,73.29,3.66,36.64,1.83,4.3352,0.2471,1.2669,0.2211,0.0221,0.0125,0.002,15.7
"Bird Island","BI10","BI10.2",79,78.1,79.1,78.6,78.6,0.52,1049.2,1334.1,1199.2,1199.1,142.5,0.06525,0.00819,83.35,16.65,0.83,74.93,3.75,37.47,1.87,3.8992,0.2106,1.2618,0.2101,0.021,0.0137,0.0021,15.4
"Bird Island","BI10","BI10.3",84,80,81,80.5,80.5,0.5,1077.8,1382.9,1228.2,1228.2,152.6,0.11538,0.01505,83.75,16.25,0.81,72.37,3.62,36.18,1.81,3.6287,0.1923,1.0552,0.1715,0.0171,0.0198,0.003,15.3
"Bird Island","BI10","BI10.3",85,81.2,82.2,81.7,81.7,0.52,1096.1,1388.6,1238.3,1238.6,146.2,0.11538,0.01436,83.07,16.93,0.85,78.22,3.91,39.11,1.96,4.5519,0.2617,1.148,0.1944,0.0194,0.0224,0.0035,15.8
"Bird Island","BI10","BI10.3",86,82.4,83.4,82.9,82.9,0.52,1114.6,1395.5,1248.4,1249,140.5,0.11538,0.01371,82.29,17.71,0.89,74.53,3.73,37.27,1.86,4.4556,0.254,1.0247,0.1815,0.0182,0.0209,0.0033,15.7
"Bird Island","BI10","BI10.3",87,83.6,84.6,84.1,84.1,0.52,1128,1404.1,1257.6,1259.4,138.1,0.11538,0.01337,83.82,16.18,0.81,77.53,3.88,38.76,1.94,4.6493,0.2697,1.2581,0.2036,0.0204,0.0235,0.0037,15.8
"Bird Island","BI10","BI10.3",88,84.8,85.8,85.3,85.3,0.52,1139.9,1414,1267.4,1269.8,137.1,0.11538,0.01316,83.38,16.62,0.83,73.08,3.65,36.54,1.83,4.9476,0.2944,1.1084,0.1842,0.0184,0.0213,0.0034,16
"Bird Island","BI10","BI10.3",89,86,87,86.5,86.5,0.52,1151,1425.5,1277.1,1280.2,137.3,0.11538,0.01307,85.1,14.9,0.75,86.35,4.32,43.18,2.16,4.8471,0.286,1.1734,0.1748,0.0175,0.0202,0.0032,15.9
"Bird Island","BI10","BI10.3",90,87.2,88.2,87.7,87.7,0.5,1158.6,1439.5,1286.2,1290.6,140.5,0.11542,0.01322,85.05,14.95,0.75,82.48,4.12,41.24,2.06,5.6172,0.3567,1.1585,0.1732,0.0173,0.02,0.0033,16.4
"Bird Island","BI10","BI10.3",91,88.4,89.3,88.8,88.8,0.48,1165.1,1453,1295.6,1300.2,144,0.11538,0.01339,85.23,14.77,0.74,79.42,3.97,39.71,1.99,4.7546,0.2853,1.2906,0.1906,0.0191,0.022,0.0035,16
"Bird Island","BI10","BI10.3",92,89.5,90.5,90,90,0.5,1170.2,1471.9,1305.7,1310.6,150.9,0.11294,0.01363,82.27,17.73,0.89,84.73,4.24,42.36,2.12,5.3066,0.329,1.0966,0.1944,0.0194,0.022,0.0036,16.2
"Bird Island","BI10","BI10.3",93,90.6,91.6,91.1,91.1,0.5,1190.3,1476.2,1313.6,1320.3,142.9,0.11289,0.01284,83.77,16.23,0.81,82.66,4.13,41.33,2.07,5.6172,0.3567,1.0691,0.1736,0.0174,0.0196,0.0032,16.4
"Bird Island","BI10","BI10.3",94,91.8,92.8,92.3,92.3,0.5,1212.4,1481.2,1323.2,1330.9,134.4,0.11299,0.01202,84.08,15.92,0.8,23.73,1.19,11.87,0.59,5.8291,0.376,1.1084,0.1765,0.0176,0.0199,0.0033,16.5
"Bird Island","BI10","BI10.3",95,93,94,93.5,93.5,0.5,1232.6,1487.3,1332.5,1341.6,127.4,0.11287,0.01132,84.51,15.49,0.77,71.74,3.59,35.87,1.79,5.4091,0.3381,1.0957,0.1698,0.017,0.0192,0.0031,16.3
"Bird Island","BI10","BI10.3",96,94.1,95,94.5,94.5,0.42,1249.1,1490.9,1341.3,1350.4,120.9,0.11294,0.01062,77.57,22.43,1.12,43.4,2.17,21.7,1.08,4.6858,0.2882,1.0625,0.2383,0.0238,0.0269,0.0043,16.2
"Bird Island","BI10","BI10.3",97,95.1,96.1,95.6,95.6,0.5,1263.6,1497.4,1350.2,1360.2,116.9,0.11299,0.0103,70.92,29.08,1.45,42.79,2.14,21.4,1.07,6.045,0.3959,1.1366,0.3306,0.0331,0.0374,0.0062,16.6
"Bird Island","BI10","BI10.3",98,96.3,97.3,96.8,96.8,0.5,1277.8,1505.4,1359.2,1370.8,113.8,0.11294,0.00996,72.66,27.34,1.37,78.62,3.93,39.31,1.97,5.6172,0.3567,1.2623,0.3451,0.0345,0.039,0.0064,16.4
"Bird Island","BI10","BI10.3",99,97.4,98.4,97.9,97.9,0.5,1289.6,1512.3,1368.2,1380.5,111.4,0.11289,0.00968,78.62,21.38,1.07,53.05,2.65,26.52,1.33,5.7227,0.3662,1.1781,0.2519,0.0252,0.0284,0.0047,16.4
"Bird Island","BI10","BI10.3",100,98.6,99.6,99.1,99.1,0.5,1300.2,1519.4,1379.8,1391.2,109.6,0.07937,0.00665,82.62,17.38,0.87,85.25,4.26,42.62,2.13,4.8086,0.2861,1.1761,0.2045,0.0204,0.0162,0.0026,16
"Bird Island","BI10","BI10.3",101,99.8,100.8,100.3,100.3,0.52,1315.4,1533.5,1394.5,1406.3,109,0.0419,0.00347,82.36,17.64,0.88,85.47,4.27,42.74,2.14,6.0088,0.3876,1.0899,0.1922,0.0192,0.0081,0.0013,16.5
"Bird Island","BI10","BI10.3",102,101,101.9,101.4,101.4,0.48,1335.2,1562.2,1419.9,1432.5,113.5,0.04191,0.00352,82.85,17.15,0.86,78.79,3.94,39.39,1.97,5.4365,0.3452,1.0754,0.1844,0.0184,0.0077,0.0013,16.4
"Bird Island","BI10","BI10.3",103,102.1,103.1,102.6,102.6,0.5,1348.4,1604.3,1449,1461.2,128,0.04192,0.00388,84.25,15.75,0.79,85.19,4.26,42.59,2.13,5.9366,0.3859,1.1251,0.1772,0.0177,0.0074,0.0012,16.5
"Bird Island","BI10","BI10.3",104,103.2,104.2,103.7,103.7,0.48,1358.4,1649.2,1476.6,1487.4,145.4,0.04191,0.00429,83.17,16.83,0.84,84.12,4.21,42.06,2.1,5.3363,0.3362,1.135,0.191,0.0191,0.008,0.0013,16.3
"Bird Island","BI10","BI10.3",105,104.4,105.4,104.9,104.9,0.5,1366.3,1717.8,1504.8,1516,175.7,0.0419,0.00506,83.49,16.51,0.83,87.19,4.36,43.6,2.18,6.2648,0.4166,1.1374,0.1878,0.0188,0.0079,0.0013,16.7
"Bird Island","BI10","BI10.3",106,105.5,106.5,106,106,0.5,1371.5,1779.8,1528.3,1542.3,204.1,0.04191,0.00575,84.86,15.14,0.76,82.22,4.11,41.11,2.06,5.205,0.3201,1.2213,0.185,0.0185,0.0078,0.0013,16.2
"Bird Island","BI10","BI10.3",107,106.7,107.7,107.2,107.2,0.52,1377.3,1854.8,1551.7,1570.9,238.7,0.04191,0.00657,82.9,17.1,0.85,87.01,4.35,43.51,2.18,6.4621,0.4297,1.2247,0.2094,0.0209,0.0088,0.0015,16.7
"Bird Island","BI10","BI10.3",108,107.9,108.9,108.4,108.4,0.5,1381.9,1931.1,1574.4,1599.5,274.6,0.04192,0.00739,83.06,16.94,0.85,87.19,4.36,43.59,2.18,5.5127,0.3473,1.1736,0.1988,0.0199,0.0083,0.0014,16.3
"Bird Island","BI10","BI10.3",109,109,110,109.5,109.5,0.5,1385.9,2002.3,1596.5,1625.8,308.2,0.04167,0.00809,81.89,18.11,0.91,80.4,4.02,40.2,2.01,5.5127,0.3473,1.2027,0.2178,0.0218,0.0091,0.0015,16.3
"Bird Island","BI10","BI10.3",110,110.2,111.2,110.7,110.7,0.5,1411,2042.7,1623.7,1654.6,315.8,0.04149,0.00811,82.94,17.06,0.85,79.31,3.97,39.66,1.98,5.5127,0.3473,1.3083,0.2232,0.0223,0.0093,0.0015,16.3
"Bird Island","BI10","BI10.3",111,111.4,112.4,111.9,111.9,0.5,1439.5,2053.3,1658.2,1683.5,306.9,0.04149,0.00775,83.2,16.8,0.84,81.3,4.07,40.65,2.03,4.8086,0.2861,1.5356,0.2579,0.0258,0.0107,0.0017,16
"Bird Island","BI10","BI10.3",112,112.5,113.6,113,113,0.52,1455.3,2065.9,1689.8,1710,305.3,0.04149,0.0076,84.17,15.83,0.79,82.65,4.13,41.33,2.07,6.578,0.4407,1.1776,0.1864,0.0186,0.0077,0.0013,16.7
"Bird Island","BI10","BI10.3",113,113.7,114.8,114.3,114.3,0.52,1469.6,2083.9,1729.7,1741.3,307.1,0.04148,0.00751,85.05,14.95,0.75,85.04,4.25,42.52,2.13,4.5519,0.2617,1.6896,0.2526,0.0253,0.0105,0.0017,15.8
"Bird Island","BI10","BI10.3",114,114.9,115.9,115.4,115.4,0.5,1478,2097.5,1762.7,1767.9,309.7,0.04149,0.00745,86.16,13.84,0.69,85,4.25,42.5,2.13,3.9741,0.2186,1.9895,0.2754,0.0275,0.0114,0.0018,15.5
"Bird Island","BI10","BI10.3",115,116.1,117.1,116.6,116.6,0.5,1488.9,2118.3,1798.1,1796.8,314.7,0.04149,0.00745,86.68,13.32,0.67,88.48,4.42,44.24,2.21,4.1527,0.2325,1.8592,0.2476,0.0248,0.0103,0.0016,15.6
"Bird Island","BI10","BI10.3",116,117.3,118.3,117.8,117.8,0.5,1496.1,2142.2,1831.7,1825.7,323.1,0.04149,0.00752,86.88,13.12,0.66,88.8,4.44,44.4,2.22,5.7227,0.3662,1.1899,0.1561,0.0156,0.0065,0.0011,16.4
"Bird Island","BI10","BI10.3",117,118.4,119.4,118.9,118.9,0.5,1504.2,2174.5,1860.2,1852.2,335.2,0.04094,0.00758,86.69,13.31,0.67,88.89,4.44,44.45,2.22,5.9366,0.3859,1.269,0.1689,0.0169,0.0069,0.0011,16.5
"Bird Island","BI10","BI10.3",118,119.6,120.6,120.1,120.1,0.5,1519.8,2215.2,1892.8,1881.5,347.7,0.03576,0.00676,86.79,13.21,0.66,88.67,4.43,44.34,2.22,5.3066,0.329,1.307,0.1726,0.0173,0.0062,0.001,16.2
"Bird Island","BI10","BI10.3",119,120.7,121.7,121.2,121.2,0.48,1583.5,2220,1920.2,1912.3,318.3,0.03575,0.00609,87.29,12.71,0.64,88.51,4.43,44.26,2.21,5.0413,0.31,1.4447,0.1836,0.0184,0.0066,0.0011,16.2
"Bird Island","BI10","BI10.3",120,121.8,122.7,122.3,122.3,0.45,1650.2,2225.9,1946.4,1943,287.9,0.03576,0.00543,87.79,12.21,0.61,89.09,4.45,44.55,2.23,4.7759,0.2913,1.2443,0.1519,0.0152,0.0054,9e-04,16.1
"Bird Island","BI10","BI10.3",121,122.9,123.8,123.4,123.4,0.45,1712.5,2233.1,1974.3,1973.8,260.3,0.03575,0.00484,87.58,12.42,0.62,85.06,4.25,42.53,2.13,4.5044,0.268,1.3502,0.1677,0.0168,0.006,0.001,16
"Bird Island","BI10","BI10.4",138,123.9,124.9,124.4,124.4,0.5,1770.1,2238.6,1998.6,2001.8,234.2,0.03576,0.00433,84.03,15.97,0.8,86.33,4.32,43.17,2.16,6.9477,0.4829,1.1471,0.1832,0.0183,0.0066,0.0011,17
"Bird Island","BI10","BI10.4",139,125.1,126.1,125.6,125.6,0.5,1832,2247.5,2030.7,2035.3,207.8,0.03576,0.00379,83.93,16.07,0.8,84.34,4.22,42.17,2.11,6.9477,0.4829,1.1297,0.1816,0.0182,0.0065,0.0011,17
"Bird Island","BI10","BI10.4",140,126.3,127.2,126.7,126.7,0.48,1888.9,2255.6,2060.2,2066.1,183.4,0.03575,0.00331,83.38,16.62,0.83,84.89,4.24,42.45,2.12,6.3804,0.4339,1.1086,0.1842,0.0184,0.0066,0.0011,16.8
"Bird Island","BI10","BI10.4",141,127.4,128.4,127.9,127.9,0.5,1939.4,2265.4,2087.7,2099.7,163,0.03576,0.00292,85.02,14.98,0.75,86.59,4.33,43.29,2.16,6.3762,0.4272,1.209,0.181,0.0181,0.0065,0.0011,16.7
"Bird Island","BI10","BI10.4",142,128.6,129.5,129,129,0.47,1982.6,2280.2,2109.9,2130.4,148.8,0.03875,0.00285,83.76,16.24,0.81,83.48,4.17,41.74,2.09,5.6397,0.3638,1.2626,0.205,0.0205,0.0079,0.0013,16.5
"Bird Island","BI10","BI10.4",143,129.7,130.7,130.2,130.2,0.49,2016.4,2302.1,2137.9,2161.4,142.9,0.06663,0.00465,84.53,15.47,0.77,83.78,4.19,41.89,2.09,7.0396,0.4949,1.0771,0.1667,0.0167,0.0111,0.0019,17
"Bird Island","BI10","BI10.4",144,130.8,131.8,131.3,131.3,0.5,2034.5,2314.2,2156.3,2177.9,139.9,0.06663,0.00453,85.29,14.71,0.74,83.04,4.15,41.52,2.08,5.9366,0.3859,1.2806,0.1884,0.0188,0.0125,0.0021,16.5
"Bird Island","BI10","BI10.4",145,132,133,132.5,132.5,0.5,2052.3,2331,2180.6,2195.9,139.4,0.06663,0.00448,85.19,14.81,0.74,83.92,4.2,41.96,2.1,4.1527,0.2325,1.8434,0.273,0.0273,0.0182,0.0028,15.6
"Bird Island","BI10","BI10.4",146,133.2,134.2,133.7,133.7,0.5,2067.1,2349.7,2204.1,2213.9,141.3,0.06659,0.0045,84.62,15.38,0.77,81.84,4.09,40.92,2.05,6.8315,0.4714,1.1822,0.1818,0.0182,0.0121,0.002,16.9
"Bird Island","BI10","BI10.4",147,134.4,135.4,134.9,134.9,0.5,2079,2371.5,2227.9,2231.9,146.3,0.06663,0.00461,85.2,14.8,0.74,77.08,3.85,38.54,1.93,6.045,0.3959,1.3268,0.1964,0.0196,0.0131,0.0022,16.6
"Bird Island","BI10","BI10.4",148,135.5,136.5,136,136,0.5,2090.9,2391.6,2249.2,2248.5,150.3,0.06663,0.0047,81.72,18.28,0.91,84.06,4.2,42.03,2.1,6.2648,0.4166,1.3302,0.2431,0.0243,0.0162,0.0027,16.7
"Bird Island","BI10","BI10.4",149,136.7,137.7,137.2,137.2,0.5,2102.2,2418.2,2269,2266.5,158,0.06663,0.00489,85.14,14.86,0.74,75.42,3.77,37.71,1.89,5.9366,0.3859,1.2587,0.1871,0.0187,0.0125,0.0021,16.5
"Bird Island","BI10","BI10.4",150,137.9,138.9,138.4,138.4,0.5,2109.9,2445.5,2287.7,2284.5,167.8,0.06663,0.00513,83.54,16.46,0.82,84.13,4.21,42.07,2.1,6.1544,0.4062,1.1276,0.1856,0.0186,0.0124,0.0021,16.6
"Bird Island","BI10","BI10.4",151,139,140,139.5,139.5,0.5,2118.1,2475.7,2304.4,2301,178.8,0.06916,0.00562,83.87,16.13,0.81,86.9,4.35,43.45,2.17,5.8291,0.376,1.2789,0.2063,0.0206,0.0143,0.0023,16.5
"Bird Island","BI10","BI10.4",152,140.2,141.2,140.7,140.7,0.5,2134.1,2493.9,2319.8,2318.3,179.9,0.07117,0.00578,83.61,16.39,0.82,72.18,3.61,36.09,1.8,5.8291,0.376,1.1598,0.19,0.019,0.0135,0.0022,16.5
"Bird Island","BI10","BI10.4",153,141.4,142.3,141.9,141.9,0.47,2158.7,2502.2,2334.5,2335.2,171.7,0.07115,0.00547,82.52,17.48,0.87,86.58,4.33,43.29,2.16,5.4365,0.3452,1.2697,0.2219,0.0222,0.0158,0.0026,16.4
"Bird Island","BI10","BI10.4",154,142.5,143.5,143,143,0.5,2181.4,2510.7,2346.6,2350.7,164.6,0.07113,0.00523,83.36,16.64,0.83,86.7,4.34,43.35,2.17,5.5127,0.3473,1.3006,0.2164,0.0216,0.0154,0.0025,16.3
"Bird Island","BI10","BI10.4",155,143.7,144.8,144.2,144.2,0.55,2200.4,2521.6,2363.6,2367.5,160.6,0.07115,0.0051,83.67,16.33,0.82,86.15,4.31,43.07,2.15,6.412,0.42,1.1377,0.1858,0.0186,0.0132,0.0022,16.6
"Bird Island","BI10","BI10.4",156,145,146,145.5,145.5,0.5,2226.5,2535.7,2382.2,2385.8,154.6,0.07115,0.00486,84.4,15.6,0.78,88.76,4.44,44.38,2.22,5.4091,0.3381,1.2718,0.1984,0.0198,0.0141,0.0023,16.3
"Bird Island","BI10","BI10.4",157,146.1,147.1,146.6,146.6,0.5,2253,2548.4,2398.9,2401.3,147.7,0.07113,0.00462,84.59,15.41,0.77,88.37,4.42,44.18,2.21,5.1045,0.3114,1.2708,0.1958,0.0196,0.0139,0.0022,16.1
"Bird Island","BI10","BI10.4",158,147.3,148.4,147.8,147.8,0.53,2275.9,2567.2,2416.1,2418.1,145.6,0.07115,0.00454,83.83,16.17,0.81,89.28,4.46,44.64,2.23,6.3472,0.4189,1.1809,0.191,0.0191,0.0136,0.0023,16.6
"Bird Island","BI10","BI10.4",159,148.5,149.6,149.1,149.1,0.55,2299.8,2592.6,2434.5,2436.4,146.4,0.07984,0.00509,83.57,16.43,0.82,89.62,4.48,44.81,2.24,5.6149,0.3481,1.1253,0.1849,0.0185,0.0148,0.0024,16.2
"Bird Island","BI10","BI10.4",160,149.8,150.8,150.3,150.3,0.5,2314.6,2613.7,2448.3,2451.4,149.5,0.12605,0.00811,84.23,15.77,0.79,86.83,4.34,43.42,2.17,4.6163,0.2701,1.3141,0.2073,0.0207,0.0261,0.0041,15.9
"Bird Island","BI10","BI10.4",161,151,152,151.5,151.5,0.5,2329.8,2621.5,2457.6,2460.9,145.9,0.12618,0.0079,84.19,15.81,0.79,79.93,4,39.96,2,5.0049,0.3028,1.3649,0.2158,0.0216,0.0272,0.0044,16.1
"Bird Island","BI10","BI10.4",162,152.2,153.2,152.7,152.7,0.53,2343.1,2629.1,2468,2470.5,143,0.12605,0.00773,84.82,15.18,0.76,82.71,4.14,41.36,2.07,5.6796,0.3578,1.323,0.2009,0.0201,0.0253,0.0041,16.3
"Bird Island","BI10","BI10.4",163,153.4,154.4,153.9,153.9,0.53,2352.1,2641.3,2477.7,2480,144.6,0.12658,0.00781,85.29,14.71,0.74,89.49,4.47,44.75,2.24,6.0088,0.3876,1.1537,0.1697,0.017,0.0215,0.0035,16.5
"Bird Island","BI10","BI10.5",170,153.6,154.6,154.1,154.1,0.5,2353.4,2643.8,2479.8,2481.6,145.2,0.12609,0.00779,83.5,16.5,0.83,87.28,4.36,43.64,2.18,4.712,0.278,1.0992,0.1814,0.0181,0.0229,0.0036,15.9
"Bird Island","BI10","BI10.5",171,154.8,155.9,155.4,155.4,0.55,2359,2660.9,2491.1,2491.9,150.9,0.12605,0.00808,85.63,14.37,0.72,87.52,4.38,43.76,2.19,5.9501,0.3778,1.0875,0.1563,0.0156,0.0197,0.0032,16.4
"Bird Island","BI10","BI10.5",172,156.1,157.2,156.6,156.6,0.53,2362.5,2680.8,2500.8,2501.4,159.2,0.12621,0.00845,84.35,15.65,0.78,87.61,4.38,43.8,2.19,5.7883,0.3676,1.0301,0.1612,0.0161,0.0203,0.0033,16.4
"Bird Island","BI10","BI10.5",173,157.4,158.5,157.9,157.9,0.55,2366.2,2703.3,2511.6,2511.7,168.6,0.12609,0.0089,85.26,14.74,0.74,86,4.3,43,2.15,5.8373,0.3677,1.1444,0.1687,0.0169,0.0213,0.0035,16.3
"Bird Island","BI10","BI10.5",174,158.7,159.8,159.2,159.2,0.55,2370.9,2721.5,2522.5,2522,175.3,0.13458,0.00982,85.34,14.66,0.73,86.44,4.32,43.22,2.16,6.6495,0.4422,1.0451,0.1532,0.0153,0.0206,0.0034,16.7
"Bird Island","BI10","BI10.5",175,159.9,161,160.5,160.5,0.55,2377.3,2740.2,2532,2531.7,181.4,0.15064,0.01131,85.73,14.27,0.71,84.28,4.21,42.14,2.11,5.9501,0.3778,1.0255,0.1463,0.0146,0.022,0.0036,16.4
"Bird Island","BI10","BI10.5",176,161.2,162.3,161.8,161.8,0.53,2386.2,2746.7,2539.4,2540.3,180.3,0.15056,0.01117,86.31,13.69,0.68,78.17,3.91,39.09,1.95,5.4653,0.3388,1.1838,0.1621,0.0162,0.0244,0.004,16.2
"Bird Island","BI10","BI10.5",177,162.5,163.5,163,163,0.5,2392.3,2759.5,2546.3,2548.3,183.6,0.15068,0.01132,86.01,13.99,0.7,87.45,4.37,43.72,2.19,5.5127,0.3473,1.1031,0.1543,0.0154,0.0232,0.0038,16.3
"Bird Island","BI10","BI10.5",178,163.7,164.6,164.1,164.1,0.47,2397.4,2771.3,2553.9,2555.6,187,0.15075,0.01147,85.75,14.25,0.71,87.7,4.39,43.85,2.19,5.6397,0.3638,1.1016,0.157,0.0157,0.0237,0.0039,16.5
"Bird Island","BI10","BI10.5",179,164.8,165.8,165.3,165.3,0.5,2402.1,2785.1,2560.5,2563.5,191.5,0.15056,0.0117,85.77,14.23,0.71,82.36,4.12,41.18,2.06,5.1045,0.3114,1.1174,0.159,0.0159,0.0239,0.0039,16.1
"Bird Island","BI10","BI10.5",180,166,167,166.5,166.5,0.47,2407.7,2803.5,2568.2,2571.5,197.9,0.15068,0.01203,85.82,14.18,0.71,82.59,4.13,41.29,2.06,5.237,0.3273,1.0837,0.1537,0.0154,0.0232,0.0038,16.3
"Bird Island","BI10","BI10.5",181,167.1,168.1,167.6,167.6,0.5,2411.3,2816.6,2574.4,2578.8,202.7,0.15064,0.01229,85.62,14.38,0.72,87.27,4.36,43.63,2.18,5.6172,0.3567,1.0828,0.1557,0.0156,0.0235,0.0038,16.4
"Bird Island","BI10","BI10.5",182,168.3,169.4,168.9,168.9,0.53,2416.2,2839.4,2582.3,2587.4,211.6,0.15075,0.0128,86.76,13.24,0.66,83.16,4.16,41.58,2.08,5.1516,0.3117,1.2325,0.1632,0.0163,0.0246,0.0039,16.1
"Bird Island","BI10","BI10.5",183,169.6,170.6,170.1,170.1,0.53,2420.7,2853.3,2589,2595.4,216.3,0.15267,0.01319,86.17,13.83,0.69,85.34,4.27,42.67,2.13,5.898,0.3775,1.1728,0.1622,0.0162,0.0248,0.0041,16.4
"Bird Island","BI10","BI10.5",184,170.8,171.8,171.3,171.3,0.5,2434.5,2862.7,2595.3,2603.2,214.1,0.15248,0.01299,86.12,13.88,0.69,88.37,4.42,44.19,2.21,5.3066,0.329,1.1759,0.1632,0.0163,0.0249,0.004,16.2
"Bird Island","BI10","BI10.5",185,172,173,172.5,172.5,0.5,2444.9,2873.7,2601.9,2611.1,214.4,0.15248,0.01296,86,14,0.7,84.75,4.24,42.37,2.12,4.9063,0.2944,1.1088,0.1552,0.0155,0.0237,0.0038,16
"Bird Island","BI10","BI10.5",186,173.2,174.1,173.7,173.7,0.45,2448.9,2887.6,2608.6,2619,219.3,0.15257,0.01317,86.49,13.51,0.68,87.28,4.36,43.64,2.18,4.8682,0.2994,1.2048,0.1628,0.0163,0.0248,0.004,16.2
"Bird Island","BI10","BI10.5",187,174.3,175.3,174.8,174.8,0.53,2451.3,2902.4,2615.2,2626.2,225.5,0.15248,0.01355,85.99,14.01,0.7,75.99,3.8,37.99,1.9,5.5719,0.3482,1.1118,0.1558,0.0156,0.0238,0.0039,16.3
"Bird Island","BI10","BI10.5",188,175.5,176.5,176,176,0.5,2459,2918.2,2621.7,2634.1,229.6,0.15267,0.01374,85.6,14.4,0.72,79.37,3.97,39.68,1.98,5.3066,0.329,1.2043,0.1735,0.0173,0.0265,0.0043,16.2
"Bird Island","BI10","BI10.5",189,176.7,177.7,177.2,177.2,0.5,2461.4,2933.3,2629.2,2641.9,236,0.15248,0.01405,84.87,15.13,0.76,76.17,3.81,38.09,1.9,5.205,0.3201,1.1314,0.1711,0.0171,0.0261,0.0042,16.2
"Bird Island","BI10","BI10.5",190,177.9,178.9,178.4,178.4,0.5,2464.1,2952.7,2636.8,2649.8,244.3,0.15248,0.01448,82.33,17.67,0.88,44.33,2.22,22.17,1.11,5.205,0.3201,1.1536,0.2039,0.0204,0.0311,0.005,16.2
"Bird Island","BI10","BI10.5",191,179.1,180.1,179.6,179.6,0.5,2467.7,2972.9,2644.7,2657.7,252.6,0.11483,0.01123,79.81,20.19,1.01,71.14,3.56,35.57,1.78,4.1527,0.2325,1.3949,0.2816,0.0282,0.0323,0.005,15.6
"Bird Island","BI10","BI10.5",192,180.3,181.4,180.8,180.8,0.55,2481.8,2984.2,2652.6,2668.1,251.2,0.10212,0.00993,79.45,20.55,1.03,81.07,4.05,40.54,2.03,4.7687,0.2766,1.1818,0.2429,0.0243,0.0248,0.0039,15.8
"Bird Island","BI10","BI10.5",193,181.6,182.6,182.1,182.1,0.53,2502.6,2995,2662.8,2680.8,246.2,0.10213,0.00967,76.71,23.29,1.16,72.43,3.62,36.22,1.81,4.0806,0.2244,1.0766,0.2507,0.0251,0.0256,0.004,15.5
"Bird Island","BI10","BI10.5",194,182.8,183.8,183.3,183.3,0.5,2514.5,3004.4,2672.9,2692.6,245,0.10213,0.00957,64.5,35.5,1.78,77.78,3.89,38.89,1.94,4.3352,0.2471,1.196,0.4246,0.0425,0.0434,0.0068,15.7
"Bird Island","BI10","BI10.5",195,184,185,184.5,184.5,0.5,2522.5,3016.5,2683.9,2704.3,247,0.1022,0.00961,81.9,18.1,0.9,37.84,1.89,18.92,0.95,4.9063,0.2944,1.0452,0.1892,0.0189,0.0193,0.0031,16
"Bird Island","BI10","BI10.5",196,185.2,186.3,185.8,185.8,0.55,2535,3026.4,2696.6,2717.1,245.7,0.10213,0.00954,84.25,15.75,0.79,80.01,4,40,2,4.9738,0.2935,1.0329,0.1627,0.0163,0.0166,0.0026,15.9
"Bird Island","BI10","BI10.5",197,186.5,187.5,187,187,0.5,2550.2,3046.8,2707.6,2728.8,248.3,0.10214,0.00957,84.62,15.38,0.77,80.22,4.01,40.11,2.01,4.712,0.278,1.1617,0.1787,0.0179,0.0183,0.0029,15.9
"Bird Island","BI10","BI10.5",198,187.7,188.6,188.1,188.1,0.45,2557.4,3062.8,2718,2739.6,252.7,0.10213,0.00967,82.69,17.31,0.87,79.26,3.96,39.63,1.98,3.7374,0.2056,1.1996,0.2077,0.0208,0.0212,0.0033,15.5
"Bird Island","BI10","BI10.5",199,188.8,189.8,189.3,189.3,0.5,2563.6,3081.2,2729.4,2751.3,258.8,0.06989,0.00676,82.56,17.44,0.87,81.34,4.07,40.67,2.03,4.2434,0.2398,1.1065,0.193,0.0193,0.0135,0.0021,15.7
"Bird Island","BI10","BI10.5",200,190,191,190.5,190.5,0.5,2583.6,3098.3,2747.1,2768.5,257.4,0.04843,0.00463,84.27,15.73,0.79,77.96,3.9,38.98,1.95,3.6287,0.1923,1.2548,0.1973,0.0197,0.0096,0.0015,15.3
"Bird Island","BI10","BI10.5",201,191.2,192.2,191.7,191.7,0.5,2606.1,3115.3,2774.3,2793.3,254.6,0.04844,0.00454,84.39,15.61,0.78,80.76,4.04,40.38,2.02,4.8086,0.2861,1.0935,0.1707,0.0171,0.0083,0.0013,16
"Bird Island","BI10","BI10.5",202,192.4,193.3,192.8,192.8,0.47,2623.5,3135.7,2798.9,2816,256.1,0.04843,0.00452,83.14,16.86,0.84,77.46,3.87,38.73,1.94,4.6609,0.2773,1.117,0.1884,0.0188,0.0091,0.0015,16
"Bird Island","BI10","BI10.5",203,193.5,194.5,194,194,0.47,2638.4,3155.3,2825,2840.8,258.4,0.04844,0.00452,83.54,16.46,0.82,63.66,3.18,31.83,1.59,3.6094,0.1931,1.3168,0.2168,0.0217,0.0105,0.0016,15.4
"Bird Island","BI10","BI10.5",204,194.6,195.6,195.1,195.1,0.47,2647.5,3180.2,2847,2863.5,266.3,0.04843,0.00462,82.38,17.62,0.88,80.44,4.02,40.22,2.01,5.7427,0.3733,0.797,0.1404,0.014,0.0068,0.0011,16.5
"Bird Island","BI10","BI10.5",205,195.8,196.7,196.3,196.3,0.47,2662.1,3202.2,2871.8,2888.3,270.1,0.04844,0.00465,82.88,17.12,0.86,82.45,4.12,41.22,2.06,3.6919,0.1994,1.1647,0.1993,0.0199,0.0097,0.0015,15.4
"Bird Island","BI10","BI10.5",206,196.9,197.9,197.4,197.4,0.5,2673.6,3236.9,2892.2,2911,281.7,0.04845,0.00481,82.77,17.23,0.86,82.07,4.1,41.03,2.05,4.0629,0.2255,1.1095,0.1911,0.0191,0.0093,0.0014,15.6
"Bird Island","BI10","BI10.5",207,198.1,199.1,198.6,198.6,0.47,2682.6,3272.1,2916.2,2935.7,294.7,0.04843,0.00498,82.4,17.6,0.88,81.65,4.08,40.83,2.04,3.6919,0.1994,1.234,0.2172,0.0217,0.0105,0.0016,15.4
"Bird Island","BI10","BI10.5",208,199.3,200.3,199.8,199.8,0.53,2693.4,3319.6,2937.8,2960.5,313.1,0.0492,0.00533,82.12,17.88,0.89,57.13,2.86,28.56,1.43,3.297,0.1665,1.0654,0.1905,0.0191,0.0094,0.0014,15.1
"Bird Island","BI10","BI10.6",216,199.7,200.6,200.2,200.2,0.45,2702.2,3331.1,2945.3,2968.6,314.4,0.05,0.00541,80.12,19.88,0.99,77.18,3.86,38.59,1.93,4.3278,0.2532,1.2845,0.2553,0.0255,0.0128,0.002,15.9
"Bird Island","BI10","BI10.6",217,200.8,201.8,201.3,201.3,0.5,2725.6,3343.6,2970.3,2990.6,309,0.05,0.00529,79.89,20.11,1.01,78.53,3.93,39.27,1.96,5.9366,0.3859,1.1349,0.2282,0.0228,0.0114,0.0019,16.5
"Bird Island","BI10","BI10.6",218,202,203,202.5,202.5,0.5,2747.5,3360.4,2997.7,3014.6,306.4,0.05002,0.00521,79.06,20.94,1.05,74.61,3.73,37.3,1.87,4.8086,0.2861,1.2653,0.265,0.0265,0.0133,0.0021,16
"Bird Island","BI10","BI10.6",219,203.2,204.2,203.7,203.7,0.5,2769.5,3374.6,3024.4,3038.6,302.5,0.05,0.0051,83.57,16.43,0.82,72.16,3.61,36.08,1.8,5.205,0.3201,1.2549,0.1965,0.0196,0.0098,0.0016,16.2
"Bird Island","BI10","BI10.6",220,204.3,205.3,204.8,204.8,0.5,2787.2,3388.8,3050.1,3060.6,300.8,0.05,0.00504,85,15,0.75,67.15,3.36,33.58,1.68,5.5127,0.3473,1.2368,0.1647,0.0165,0.0082,0.0013,16.3
"Bird Island","BI10","BI10.6",221,205.5,206.6,206,206,0.53,2806.5,3403.8,3080.2,3084.6,298.7,0.05,0.00497,85.64,14.36,0.72,79.39,3.97,39.7,1.98,5.049,0.3029,1.2525,0.198,0.0198,0.0099,0.0016,16
"Bird Island","BI10","BI10.6",222,206.7,207.7,207.2,207.2,0.5,2820.4,3426.3,3109.7,3108.6,303,0.05,0.00499,84.43,15.57,0.78,80.4,4.02,40.2,2.01,5.4091,0.3381,1.1868,0.1768,0.0177,0.0088,0.0014,16.3
"Bird Island","BI10","BI10.6",223,207.9,209,208.4,208.4,0.53,2831.1,3457.1,3134.9,3132.6,313,0.05002,0.00512,84.19,15.81,0.79,83.07,4.15,41.54,2.08,5.4653,0.3388,1.1063,0.2082,0.0208,0.0104,0.0017,16.2
"Bird Island","BI10","BI10.6",224,209.1,210.1,209.6,209.6,0.5,2841.2,3483.1,3159.4,3156.6,321,0.05215,0.00543,82.71,17.29,0.86,78.16,3.91,39.08,1.95,5.4091,0.3381,1.2168,0.1648,0.0165,0.0086,0.0014,16.3
"Bird Island","BI10","BI10.6",225,210.3,211.3,210.8,210.8,0.5,2869.6,3504.1,3182.2,3179.6,317.3,0.05329,0.00544,83.59,16.41,0.82,55.31,2.77,27.66,1.38,4.5216,0.2623,1.2014,0.1975,0.0197,0.0105,0.0017,15.8
"Bird Island","BI10","BI10.6",226,211.5,212.5,212,212,0.5,2898,3510.5,3205.1,3202.2,306.3,0.05331,0.00522,84.74,15.26,0.76,76.2,3.81,38.1,1.91,5.0049,0.3028,1.1691,0.2015,0.0201,0.0107,0.0017,16.1
"Bird Island","BI10","BI10.6",227,212.7,213.7,213.2,213.2,0.53,2922.8,3518.7,3227.9,3224.7,298,0.05331,0.00506,83.71,16.29,0.81,67.77,3.39,33.88,1.69,4.9476,0.2944,1.2516,0.1932,0.0193,0.0103,0.0016,16
"Bird Island","BI10","BI10.6",228,213.9,214.9,214.4,214.4,0.53,2943.1,3528.9,3252.2,3247.2,292.9,0.05329,0.00494,84.98,15.02,0.75,72.4,3.62,36.2,1.81,5.6796,0.3578,1.1207,0.1683,0.0168,0.009,0.0015,16.3
"Bird Island","BI10","BI10.6",229,215.1,215.8,215.5,215.5,0.35,2960.3,3542.5,3273.9,3267.8,291.1,0.05329,0.00483,83.35,16.65,0.83,82.7,4.13,41.35,2.07,4.0059,0.2444,1.3414,0.2234,0.0223,0.0119,0.0019,16.1
"Bird Island","BI10","BI10.6",230,216,216.9,216.4,216.4,0.45,2973.2,3554.4,3293.8,3284.7,290.6,0.05332,0.00483,81.56,18.44,0.92,83.2,4.16,41.6,2.08,4.3278,0.2532,1.1262,0.2077,0.0208,0.0111,0.0018,15.9
"Bird Island","BI10","BI10.6",231,217,218,217.5,217.5,0.5,2987.3,3569.8,3316.4,3305.3,291.2,0.05329,0.00482,83.6,16.4,0.82,83.74,4.19,41.87,2.09,5.0049,0.3028,1.1315,0.1855,0.0186,0.0099,0.0016,16.1
"Bird Island","BI10","BI10.6",232,218.2,219.2,218.7,218.7,0.5,2999.8,3590.3,3340.2,3327.9,295.2,0.05331,0.00485,82.63,17.37,0.87,84.48,4.22,42.24,2.11,4.6163,0.2701,1.2363,0.2148,0.0215,0.0115,0.0018,15.9
"Bird Island","BI10","BI10.6",233,219.4,220.4,219.9,219.9,0.5,3006.7,3619.3,3364.1,3350.4,306.3,0.05083,0.00476,82.27,17.73,0.89,79.6,3.98,39.8,1.99,4.4279,0.2546,1.2734,0.2258,0.0226,0.0115,0.0018,15.8
"Bird Island","BI10","BI10.6",234,220.6,221.6,221.1,221.1,0.53,3053,3627.5,3385.8,3374,287.3,0.05061,0.00443,81.67,18.33,0.92,77.52,3.88,38.76,1.94,4.8471,0.286,1.1379,0.2086,0.0209,0.0106,0.0017,15.9
"Bird Island","BI10","BI10.6",235,221.8,222.8,222.3,222.3,0.53,3102.8,3634.5,3407.6,3397.7,265.9,0.05059,0.00408,81.53,18.47,0.92,83.87,4.19,41.93,2.1,5.3597,0.3296,1.0769,0.1989,0.0199,0.0101,0.0016,16.2
"Bird Island","BI10","BI10.6",236,223,224.1,223.5,223.5,0.53,3140.3,3642,3432.8,3421.4,250.8,0.05062,0.00383,80.97,19.03,0.95,81.07,4.05,40.54,2.03,4.8471,0.286,1.1415,0.2173,0.0217,0.011,0.0017,15.9
"Bird Island","BI10","BI10.6",237,224.2,225.3,224.8,224.8,0.53,3181,3653.9,3459.1,3447.1,236.4,0.05061,0.00359,81.93,18.07,0.9,81.39,4.07,40.7,2.03,4.3603,0.2464,1.1767,0.2127,0.0213,0.0108,0.0017,15.7
"Bird Island","BI10","BI10.6",238,225.5,226.5,226,226,0.53,3210.5,3665.9,3484.7,3470.8,227.7,0.05059,0.00344,81.33,18.67,0.93,81.34,4.07,40.67,2.03,4.8471,0.286,1.2594,0.2351,0.0235,0.0119,0.0019,15.9
"Bird Island","BI10","BI10.6",239,226.7,227.7,227.2,227.2,0.53,3236.8,3678.8,3510.2,3494.5,221,0.05061,0.00332,81.18,18.82,0.94,76.1,3.8,38.05,1.9,4.4556,0.254,1.1761,0.2213,0.0221,0.0112,0.0018,15.7
"Bird Island","BI10","BI10.6",240,227.9,229,228.4,228.4,0.53,3256.3,3696.5,3535.3,3518.2,220.1,0.0506,0.00328,80.42,19.58,0.98,85.43,4.27,42.72,2.14,4.6493,0.2697,1.1334,0.2219,0.0222,0.0112,0.0018,15.8
"Bird Island","BI10","BI10.6",241,229.1,230.2,229.7,229.7,0.55,3274.5,3720.9,3561.3,3543.9,223.2,0.06881,0.0045,80.48,19.52,0.98,82.48,4.12,41.24,2.06,5.7255,0.3578,1.1176,0.2181,0.0218,0.015,0.0024,16.3
"Bird Island","BI10","BI10.6",242,230.4,231.5,230.9,230.9,0.53,3306.7,3733.6,3577.1,3561.4,213.5,0.07807,0.00486,81.24,18.76,0.94,81.1,4.06,40.55,2.03,4.4556,0.254,1.1975,0.2246,0.0225,0.0175,0.0028,15.7
"Bird Island","BI10","BI10.6",243,231.6,232.6,232.1,232.1,0.5,3341.7,3738.3,3591.4,3576.7,198.3,0.07813,0.0045,82.87,17.13,0.86,79.87,3.99,39.94,2,4.6163,0.2701,1.0086,0.1728,0.0173,0.0135,0.0021,15.9
"Bird Island","BI10","BI10.6",244,232.8,233.9,233.3,233.3,0.53,3371.8,3746.1,3605.7,3592.1,187.1,0.07812,0.00425,83.69,16.31,0.82,77.95,3.9,38.98,1.95,4.5519,0.2617,1.3501,0.2201,0.022,0.0172,0.0027,15.8
"Bird Island","BI10","BI10.6",245,234,235.1,234.6,234.6,0.53,3403.5,3754.7,3622.3,3608.7,175.6,0.07813,0.00398,83.98,16.02,0.8,81.51,4.08,40.75,2.04,5.3597,0.3296,1.217,0.195,0.0195,0.0152,0.0025,16.2
"Bird Island","BI10","BI10.6",246,235.3,236.3,235.8,235.8,0.5,3427.5,3762.6,3636.9,3624.1,167.5,0.07812,0.00378,83.79,16.21,0.81,81.87,4.09,40.93,2.05,4.9063,0.2944,1.3487,0.2186,0.0219,0.0171,0.0027,16
"Bird Island","BI10","BI10.6",247,236.4,237.5,237,237,0.55,3450.9,3775.3,3651.2,3639.4,162.2,0.07812,0.00366,83.17,16.83,0.84,78.88,3.94,39.44,1.97,5.1832,0.311,1.1806,0.1986,0.0199,0.0155,0.0025,16
"Bird Island","BI10","BI10.6",248,237.7,238.7,238.2,238.2,0.5,3465.6,3789.5,3664.4,3654.8,162,0.07813,0.00363,83.92,16.08,0.8,82,4.1,41,2.05,4.4279,0.2546,1.322,0.2126,0.0213,0.0166,0.0026,15.8
"Bird Island","BI10","BI10.6",249,238.9,240,239.4,239.4,0.55,3482,3809.1,3678.5,3670.2,163.5,0.11913,0.00558,83.93,16.07,0.8,81.75,4.09,40.87,2.04,5.8373,0.3677,1.1684,0.1878,0.0188,0.0224,0.0036,16.3
"Bird Island","BI10","BI10.6",250,240.2,242,241.1,241.1,0.92,3501.3,3826.3,3691.2,3684.4,162.5,0.16685,0.008,84.58,15.42,0.77,79.86,3.99,39.93,2,9.4433,0.6563,1.0514,0.1621,0.0162,0.0271,0.0046,17
"Bird Island","BI10","BI10.7",251,242,243.1,242.6,242.6,0.55,3514.5,3833.1,3699.4,3693.4,159.3,0.1671,0.00759,84.04,15.96,0.8,83.43,4.17,41.72,2.09,3.5409,0.1824,1.0963,0.175,0.0175,0.0292,0.0044,15.2
"Bird Island","BI10","BI10.7",252,243.3,244.4,243.9,243.9,0.55,3525,3841.4,3707.4,3701.2,158.2,0.16688,0.00751,84.85,15.15,0.76,82.22,4.11,41.11,2.06,4.8707,0.2849,1.1977,0.1814,0.0181,0.0303,0.0048,15.9
"Bird Island","BI10","BI10.7",253,244.6,245.8,245.2,245.2,0.6,3532.6,3849.6,3714.6,3709,158.5,0.16685,0.00754,85.92,14.08,0.7,82.39,4.12,41.2,2.06,5.5395,0.3351,1.1173,0.1574,0.0157,0.0263,0.0042,16.1
"Bird Island","BI10","BI10.7",254,246.1,247.3,246.7,246.7,0.6,3541.2,3858.8,3723.6,3718,158.8,0.16706,0.00754,85.99,14.01,0.7,84.3,4.22,42.15,2.11,5.3135,0.3162,1.1583,0.1623,0.0162,0.0271,0.0043,16
"Bird Island","BI10","BI10.7",255,247.5,248.7,248.1,248.1,0.6,3549.4,3871.4,3731.8,3726.4,161,0.16688,0.00761,86.31,13.69,0.68,85.07,4.25,42.54,2.13,6.1254,0.3859,1.2201,0.167,0.0167,0.0279,0.0045,16.3
"Bird Island","BI10","BI10.7",256,248.9,250,249.4,249.4,0.53,3554,3883.3,3738.6,3734.2,164.7,0.17196,0.00795,85.92,14.08,0.7,87.08,4.35,43.54,2.18,5.7883,0.3676,1.0649,0.15,0.015,0.0258,0.0042,16.4
"Bird Island","BI10","BI10.7",257,250.2,251.2,250.7,250.7,0.5,3564.7,3891.6,3745.5,3741.7,163.5,0.17621,0.00805,85.55,14.45,0.72,87.56,4.38,43.78,2.19,5.205,0.3201,1.1275,0.1629,0.0163,0.0287,0.0046,16.2
"Bird Island","BI10","BI10.7",258,251.4,252.4,251.9,251.9,0.53,3575.1,3898.3,3752.7,3748.5,161.6,0.17639,0.00797,85.59,14.41,0.72,86.97,4.35,43.49,2.17,5.898,0.3775,1.0268,0.1479,0.0148,0.0261,0.0043,16.4
"Bird Island","BI10","BI10.7",259,252.7,253.7,253.2,253.2,0.5,3585.5,3904.7,3759.8,3755.9,159.6,0.17647,0.00785,84.45,15.55,0.78,86.09,4.3,43.05,2.15,4.9063,0.2944,1.1429,0.1777,0.0178,0.0314,0.005,16
"Bird Island","BI10","BI10.7",260,253.9,254.9,254.4,254.4,0.5,3590.5,3910.2,3766.3,3762.7,159.8,0.17621,0.00783,82.49,17.51,0.88,84.18,4.21,42.09,2.1,5.4091,0.3381,1.0844,0.1899,0.019,0.0335,0.0054,16.3
"Bird Island","BI10","BI10.7",261,255.1,256,255.6,255.6,0.45,3598,3919.3,3772.9,3769.5,160.7,0.17657,0.00784,84.46,15.54,0.78,85.69,4.28,42.84,2.14,4.7759,0.2913,1.1272,0.1751,0.0175,0.0309,0.005,16.1
"Bird Island","BI10","BI10.7",262,256.2,257.2,256.7,256.7,0.5,3605.5,3926.7,3778.8,3775.7,160.6,0.17621,0.00784,85.08,14.92,0.75,85.91,4.3,42.95,2.15,5.5127,0.3473,0.9605,0.1433,0.0143,0.0253,0.0041,16.3
"Bird Island","BI10","BI10.7",263,257.4,258.4,257.9,257.9,0.5,3612.6,3934.5,3785.4,3782.5,160.9,0.17647,0.00785,85.29,14.71,0.74,86.42,4.32,43.21,2.16,5.0049,0.3028,1.0963,0.1613,0.0161,0.0285,0.0046,16.1
"Bird Island","BI10","BI10.7",264,258.7,259.6,259.1,259.1,0.47,3619.3,3944.2,3792.7,3789.3,162.5,0.17467,0.00781,85.15,14.85,0.74,87.32,4.37,43.66,2.18,4.2955,0.247,1.1059,0.1642,0.0164,0.0287,0.0045,15.8
"Bird Island","BI10","BI10.7",265,259.8,260.7,260.3,260.3,0.45,3627.3,3953.8,3798.9,3796.2,163.2,0.16949,0.00758,85.54,14.46,0.72,86.78,4.34,43.39,2.17,4.3278,0.2532,1.2336,0.1784,0.0178,0.0302,0.0048,15.9
"Bird Island","BI10","BI10.7",266,261,261.9,261.4,261.4,0.47,3638.3,3957.5,3804.8,3802.7,159.6,0.16973,0.00743,83.88,16.12,0.81,86.45,4.32,43.23,2.16,4.6609,0.2773,1.2328,0.1987,0.0199,0.0337,0.0054,16
"Bird Island","BI10","BI10.7",267,262.1,263.1,262.6,262.6,0.5,3648.1,3964.1,3811.4,3809.8,158,0.16973,0.00736,86.69,13.31,0.67,80.08,4,40.04,2,4.712,0.278,1.0515,0.1399,0.014,0.0237,0.0038,15.9
"Bird Island","BI10","BI10.7",268,263.3,264.3,263.8,263.8,0.5,3656.8,3969,3817.5,3816.8,156.1,0.16949,0.00725,85.68,14.32,0.72,83.22,4.16,41.61,2.08,4.1527,0.2325,1.1765,0.1684,0.0168,0.0285,0.0045,15.6
"Bird Island","BI10","BI10.7",269,264.6,265.6,265.1,265.1,0.5,3668.5,3975.8,3824.5,3824.5,153.7,0.16973,0.00714,85.23,14.77,0.74,76.84,3.84,38.42,1.92,4.0629,0.2255,1.1453,0.1692,0.0169,0.0287,0.0045,15.6
"Bird Island","BI10","BI10.7",270,265.8,266.8,266.3,266.3,0.5,3678.2,3987.3,3830.5,3831.6,154.5,0.16973,0.00716,84.84,15.16,0.76,81.12,4.06,40.56,2.03,3.7135,0.1987,1.1179,0.1695,0.017,0.0288,0.0044,15.4
"Bird Island","BI10","BI10.7",271,267,268,267.5,267.5,0.5,3683.6,3998.2,3837.3,3838.7,157.3,0.16949,0.00726,85.68,14.32,0.72,83.02,4.15,41.51,2.08,4.3352,0.2471,1.0388,0.1488,0.0149,0.0252,0.004,15.7
"Bird Island","BI10","BI10.7",272,268.2,269.2,268.7,268.7,0.5,3694.6,4011.3,3843.5,3845.7,158.3,0.16973,0.0073,84,16,0.8,82.39,4.12,41.2,2.06,4.5216,0.2623,1.0132,0.1621,0.0162,0.0275,0.0043,15.8
"Bird Island","BI10","BI10.7",273,269.4,270.4,269.9,269.9,0.47,3700.5,4021.1,3850.4,3852.8,160.3,0.15113,0.00655,84.12,15.88,0.79,83.18,4.16,41.59,2.08,4.4764,0.2619,0.9832,0.1561,0.0156,0.0236,0.0037,15.9
"Bird Island","BI10","BI10.7",274,270.6,271.6,271.1,271.1,0.5,3713.2,4026.5,3856.3,3860.7,156.7,0.14963,0.00635,84.68,15.32,0.77,83.65,4.18,41.82,2.09,4.712,0.278,0.935,0.1432,0.0143,0.0214,0.0034,15.9
"Bird Island","BI10","BI10.7",275,271.8,272.8,272.3,272.3,0.47,3721.9,4032.2,3863.8,3868.8,155.2,0.14981,0.00627,85.71,14.29,0.71,83.45,4.17,41.73,2.09,3.7754,0.2058,1.1853,0.1694,0.0169,0.0254,0.0039,15.5
"Bird Island","BI10","BI10.7",276,273,274,273.5,273.5,0.5,3731.8,4039.3,3871.1,3876.8,153.7,0.14963,0.00621,85.31,14.69,0.73,83.06,4.15,41.53,2.08,4.8086,0.2861,1.1475,0.1686,0.0169,0.0252,0.004,16
"Bird Island","BI10","BI10.7",277,274.2,275.2,274.7,274.7,0.5,3739.7,4045.8,3879.5,3884.8,153,0.14963,0.00617,85.66,14.34,0.72,84.72,4.24,42.36,2.12,4.4279,0.2546,1.1809,0.1693,0.0169,0.0253,0.004,15.8
"Bird Island","BI10","BI10.7",278,275.4,276.4,275.9,275.9,0.5,3747.5,4054.8,3886.9,3892.8,153.6,0.14977,0.00618,85.94,14.06,0.7,84.7,4.23,42.35,2.12,5.0049,0.3028,1.2017,0.169,0.0169,0.0253,0.0041,16.1
"Bird Island","BI10","BI10.7",279,276.7,277.7,277.2,277.2,0.5,3752,4063.7,3895.5,3901.5,155.8,0.14963,0.00625,85.56,14.44,0.72,82.37,4.12,41.19,2.06,4.9063,0.2944,1.1851,0.1711,0.0171,0.0256,0.0041,16
"Bird Island","BI10","BI10.7",280,277.9,278.9,278.4,278.4,0.5,3765.5,4076.2,3903,3909.5,155.3,0.14981,0.00622,84.86,15.14,0.76,84.07,4.2,42.03,2.1,4.2434,0.2398,1.3676,0.207,0.0207,0.031,0.0049,15.7
"Bird Island","BI10","BI10.7",281,279.1,280.1,279.6,279.6,0.5,3771.8,4087.3,3910.3,3917.5,157.8,0.12685,0.00534,84.11,15.89,0.79,83.68,4.18,41.84,2.09,5.1045,0.3114,1.2268,0.1949,0.0195,0.0247,0.004,16.1
"Bird Island","BI10","BI10.7",282,280.3,281.3,280.8,280.8,0.5,3778.7,4097.1,3920,3927,159.2,0.11788,0.00499,84.16,15.84,0.79,83.63,4.18,41.82,2.09,4.712,0.278,1.2326,0.1952,0.0195,0.023,0.0037,15.9
"Bird Island","BI10","BI10.7",283,281.5,282.5,282,282,0.47,3787.3,4109.2,3930.7,3937.2,161,0.11799,0.00502,83.06,16.94,0.85,82.36,4.12,41.18,2.06,4.583,0.2708,1.1779,0.1996,0.02,0.0235,0.0037,15.9
"Bird Island","BI10","BI10.7",284,282.7,283.7,283.2,283.2,0.5,3797.1,4120,3941.2,3947.3,161.4,0.11788,0.00503,84.12,15.88,0.79,82.17,4.11,41.08,2.05,4.9063,0.2944,1.2073,0.1917,0.0192,0.0226,0.0036,16
"Bird Island","BI10","BI10.7",285,283.9,284.9,284.4,284.4,0.47,3801.3,4136,3951.3,3957.5,167.4,0.11788,0.00518,84.55,15.45,0.77,82.53,4.13,41.27,2.06,4.1184,0.2327,1.2857,0.1987,0.0199,0.0234,0.0037,15.7
"Bird Island","BI10","BI10.7",286,285.1,286.1,285.6,285.6,0.5,3807.6,4154.6,3961.7,3967.7,173.5,0.11799,0.00537,85.57,14.43,0.72,82.06,4.1,41.03,2.05,4.4279,0.2546,1.2617,0.1821,0.0182,0.0215,0.0034,15.8
"Bird Island","BI10","BI10.7",287,286.3,287.3,286.8,286.8,0.47,3813.5,4171.7,3971.3,3977.9,179.1,0.11785,0.0055,84.96,15.04,0.75,83.98,4.2,41.99,2.1,4.4764,0.2619,1.2445,0.1871,0.0187,0.0221,0.0035,15.9
"Bird Island","BI10","BI10.8",295,287.6,288.7,288.2,288.2,0.53,3819.5,4199.1,3981,3989.7,189.8,0.11799,0.00583,83.11,16.89,0.84,79.77,3.99,39.89,1.99,5.049,0.3029,1.0364,0.1751,0.0175,0.0207,0.0033,16
"Bird Island","BI10","BI10.8",296,288.9,289.9,289.4,289.4,0.5,3824.7,4220.8,3989.5,3999.9,198.1,0.11858,0.00608,80.33,19.67,0.98,73.66,3.68,36.83,1.84,4.9063,0.2944,0.9999,0.1966,0.0197,0.0233,0.0037,16
"Bird Island","BI10","BI10.8",297,290.1,291.2,290.6,290.6,0.55,3833.6,4239,3999.2,4010,202.7,0.11938,0.00626,79.45,20.55,1.03,79.95,4,39.97,2,5.5054,0.3386,1.0717,0.2203,0.022,0.0263,0.0042,16.2
"Bird Island","BI10","BI10.8",298,291.4,292.4,291.9,291.9,0.5,3846.1,4250.7,4011,4020.9,202.3,0.1194,0.00621,81.95,18.05,0.9,77.92,3.9,38.96,1.95,3.9741,0.2186,1.2025,0.2171,0.0217,0.0259,0.004,15.5
"Bird Island","BI10","BI10.8",299,292.6,293.6,293.1,293.1,0.5,3854,4257.2,4022.5,4031,201.6,0.11928,0.00617,81.85,18.15,0.91,57.72,2.89,28.86,1.44,4.3352,0.2471,1.1573,0.21,0.021,0.0251,0.0039,15.7
"Bird Island","BI10","BI10.8",300,293.7,294.8,294.3,294.3,0.53,3864,4267,4032.5,4041,201.5,0.1194,0.00617,81.19,18.81,0.94,77.72,3.89,38.86,1.94,5.3597,0.3296,1.1085,0.2086,0.0209,0.0249,0.004,16.2
"Bird Island","BI10","BI10.8",301,295,296,295.5,295.5,0.53,3868.7,4277.2,4042.8,4051.1,204.3,0.1194,0.00623,80.83,19.17,0.96,79.06,3.95,39.53,1.98,5.3597,0.3296,1.0053,0.1927,0.0193,0.023,0.0037,16.2
"Bird Island","BI10","BI10.8",302,296.2,297.2,296.7,296.7,0.5,3877.6,4291.8,4053.8,4061.1,207.1,0.11928,0.00628,77.51,22.49,1.12,79.13,3.96,39.56,1.98,4.712,0.278,0.9229,0.2075,0.0208,0.0248,0.0039,15.9
"Bird Island","BI10","BI10.8",303,297.4,298.4,297.9,297.9,0.5,3881.5,4306.2,4063.6,4071.2,212.4,0.1194,0.00643,80.64,19.36,0.97,76.15,3.81,38.07,1.9,4.6163,0.2701,1.1236,0.2176,0.0218,0.026,0.0041,15.9
"Bird Island","BI10","BI10.8",304,298.6,299.6,299.1,299.1,0.5,3885.3,4326.9,4073.7,4081.2,220.8,0.12085,0.00674,79.02,20.98,1.05,76.08,3.8,38.04,1.9,4.8086,0.2861,1.1236,0.2357,0.0236,0.0285,0.0045,16
"Bird Island","BI10","BI10.8",305,299.8,300.8,300.3,300.3,0.5,3891.9,4341.8,4082.6,4091.2,225,0.12526,0.0071,76.17,23.83,1.19,74.99,3.75,37.5,1.87,4.5216,0.2623,1.0994,0.262,0.0262,0.0328,0.0052,15.8
"Bird Island","BI10","BI10.8",306,301,302,301.5,301.5,0.5,3901.1,4351.1,4093.6,4100.8,225,0.12539,0.00709,77.38,22.62,1.13,77.95,3.9,38.98,1.95,4.2434,0.2398,1.1799,0.2669,0.0267,0.0335,0.0052,15.7
"Bird Island","BI10","BI10.8",307,302.2,303.2,302.7,302.7,0.5,3910.6,4359.1,4102.7,4110.3,224.2,0.12539,0.00705,77.6,22.4,1.12,77.77,3.89,38.89,1.94,4.712,0.278,1.1743,0.2631,0.0263,0.033,0.0052,15.9
"Bird Island","BI10","BI10.8",308,303.4,304.4,303.9,303.9,0.53,3917.7,4367,4112.1,4119.9,224.7,0.12536,0.00705,78.01,21.99,1.1,78.52,3.93,39.26,1.96,4.7477,0.2777,1.1369,0.2499,0.025,0.0313,0.005,15.9
"Bird Island","BI10","BI10.8",309,304.6,305.7,305.2,305.2,0.53,3924.9,4378.6,4122.3,4130.3,226.8,0.12526,0.00709,78.04,21.96,1.1,77.95,3.9,38.97,1.95,4.8471,0.286,1.2801,0.2812,0.0281,0.0352,0.0056,15.9
"Bird Island","BI10","BI10.8",310,305.9,306.9,306.4,306.4,0.5,3931.6,4393,4133.3,4139.8,230.7,0.12539,0.00719,78.36,21.64,1.08,76.39,3.82,38.2,1.91,4.2434,0.2398,1.2109,0.2621,0.0262,0.0329,0.0051,15.7
"Bird Island","BI10","BI10.8",311,307.1,308,307.6,307.6,0.47,3937.5,4410,4143.1,4149.4,236.3,0.12543,0.00734,79.31,20.69,1.03,60.59,3.03,30.3,1.51,4.0312,0.2257,1.3858,0.2867,0.0287,0.036,0.0056,15.6
"Bird Island","BI10","BI10.8",312,308.2,309.2,308.7,308.7,0.47,3941.9,4423.5,4151,4158.2,240.8,0.12526,0.00745,79.3,20.7,1.04,77.57,3.88,38.78,1.94,3.6094,0.1931,1.2428,0.2573,0.0257,0.0322,0.0049,15.4
"Bird Island","BI10","BI10.8",313,309.4,310.4,309.9,309.9,0.5,3945.8,4440,4160.9,4167.8,247.1,0.11662,0.0071,79.22,20.78,1.04,77.04,3.85,38.52,1.93,4.1527,0.2325,1.205,0.2504,0.025,0.0292,0.0046,15.6
"Bird Island","BI10","BI10.8",314,310.6,311.6,311.1,311.1,0.53,3958.7,4451.7,4172.9,4178.1,246.5,0.11586,0.00703,81.22,18.78,0.94,77.72,3.89,38.86,1.94,4.266,0.2389,1.1424,0.2146,0.0215,0.0249,0.0039,15.6
"Bird Island","BI10","BI10.8",315,311.8,312.9,312.4,312.4,0.55,3970.3,4461.6,4184.9,4189.3,245.7,0.11583,0.007,82.36,17.64,0.88,79.31,3.97,39.65,1.98,4.0849,0.2226,1.124,0.1983,0.0198,0.023,0.0035,15.5
"Bird Island","BI10","BI10.8",316,313.1,314.2,313.6,313.6,0.55,3978.9,4470.8,4194.8,4199.6,246,0.11576,0.00698,82.51,17.49,0.87,79.73,3.99,39.86,1.99,4.2749,0.2373,1.1874,0.2077,0.0208,0.024,0.0037,15.6
"Bird Island","BI10","BI10.8",317,314.4,315.5,314.9,314.9,0.55,3989.7,4479.9,4204.9,4210.9,245.1,0.11586,0.00695,83.32,16.68,0.83,79.36,3.97,39.68,1.98,4.4692,0.2525,1.1081,0.1848,0.0185,0.0214,0.0034,15.7
"Bird Island","BI10","BI10.8",318,315.7,316.8,316.2,316.2,0.55,3994.5,4490.6,4214.6,4222.1,248,0.11586,0.00701,85.16,14.84,0.74,76.31,3.82,38.15,1.91,4.1793,0.2299,1.1893,0.1765,0.0177,0.0205,0.0032,15.5
"Bird Island","BI10","BI10.8",319,317,318,317.5,317.5,0.5,4002.7,4506.3,4225.2,4233.3,251.8,0.11583,0.00707,85.08,14.92,0.75,82.09,4.1,41.04,2.05,4.4279,0.2546,1.2182,0.1818,0.0182,0.0211,0.0033,15.8
"Bird Island","BI10","BI10.8",320,318.2,319.3,318.7,318.7,0.55,4009.3,4524,4235.1,4243.7,257.4,0.11586,0.00723,84.85,15.15,0.76,79.64,3.98,39.82,1.99,4.6678,0.2684,1.2229,0.1853,0.0185,0.0215,0.0034,15.8
"Bird Island","BI10","BI10.8",321,319.5,320.5,320,320,0.5,4016.3,4544.7,4245.6,4254.9,264.2,0.0883,0.00562,83.53,16.47,0.82,82.13,4.11,41.06,2.05,4.3352,0.2471,1.2336,0.2032,0.0203,0.0179,0.0028,15.7
"Bird Island","BI10","BI10.8",322,320.7,321.8,321.2,321.2,0.55,4032.6,4555.7,4258.9,4268.5,261.5,0.08826,0.00556,82.12,17.88,0.89,83.41,4.17,41.7,2.09,4.4692,0.2525,1.0207,0.1825,0.0182,0.0161,0.0025,15.7
"Bird Island","BI10","BI10.8",323,322,323.1,322.5,322.5,0.57,4048.3,4568.2,4273.4,4283.2,260,0.08832,0.00552,82.59,17.41,0.87,84.13,4.21,42.06,2.1,4.2706,0.2349,1.0334,0.18,0.018,0.0159,0.0025,15.5
"Bird Island","BI10","BI10.8",324,323.3,324.3,323.8,323.8,0.5,4062.1,4584.5,4287.9,4297.9,261.2,0.0883,0.0055,81.93,18.07,0.9,58.59,2.93,29.3,1.46,3.7135,0.1987,1.2636,0.2284,0.0228,0.0202,0.0031,15.4
"Bird Island","BI10","BI10.8",325,324.5,325.5,325,325,0.5,4074.7,4597.8,4303.1,4311.5,261.6,0.08829,0.00549,81.68,18.32,0.92,71.31,3.57,35.66,1.78,3.9741,0.2186,1.3633,0.2498,0.025,0.0221,0.0034,15.5
"Bird Island","BI10","BI10.9",337,326,327.1,326.5,326.5,0.53,4086.4,4616.9,4320,4328.5,265.3,0.08832,0.00555,81.83,18.17,0.91,79.06,3.95,39.53,1.98,4.4556,0.254,0.9453,0.1718,0.0172,0.0152,0.0024,15.7
"Bird Island","BI10","BI10.9",338,327.3,328.4,327.8,327.8,0.55,4096.2,4640.5,4334.2,4343.2,272.1,0.08832,0.00568,82.57,17.43,0.87,68.23,3.41,34.11,1.71,3.9915,0.2155,0.981,0.171,0.0171,0.0151,0.0023,15.4
"Bird Island","BI10","BI10.9",339,328.6,329.6,329.1,329.1,0.5,4102.6,4660.5,4347.6,4357.9,279,0.08863,0.00581,80.71,19.29,0.96,72.58,3.63,36.29,1.81,4.0629,0.2255,1.0425,0.2011,0.0201,0.0178,0.0028,15.6
"Bird Island","BI10","BI10.9",340,329.8,330.8,330.3,330.3,0.5,4110.9,4681.5,4360.3,4371.5,285.3,0.0898,0.006,81.07,18.93,0.95,74.16,3.71,37.08,1.85,3.9741,0.2186,1.0648,0.2016,0.0202,0.0181,0.0028,15.5
"Bird Island","BI10","BI10.9",341,331,331.9,331.4,331.4,0.47,4126.1,4693.6,4372.4,4383.7,283.8,0.08982,0.00594,79.77,20.23,1.01,75.57,3.78,37.78,1.89,3.7754,0.2058,1.137,0.23,0.023,0.0207,0.0032,15.5
"Bird Island","BI10","BI10.9",342,332.1,333.1,332.6,332.6,0.5,4136.8,4707.2,4386.9,4397.1,285.2,0.08975,0.00596,54.16,45.84,2.29,68.98,3.45,34.49,1.72,4.4279,0.2546,0.6193,0.2839,0.0284,0.0255,0.004,15.8
"Bird Island","BI10","BI10.9",343,333.3,334.3,333.8,333.8,0.47,4148.9,4720.7,4401.3,4410.5,285.9,0.08982,0.00595,79.61,20.39,1.02,61.16,3.06,30.58,1.53,4.2955,0.247,1.1555,0.2356,0.0236,0.0212,0.0033,15.8
"Bird Island","BI10","BI10.9",344,334.5,335.5,335,335,0.53,4160.1,4731.9,4414.9,4423.8,285.9,0.08975,0.00594,81.43,18.57,0.93,76.67,3.83,38.33,1.92,4.5519,0.2617,1.0467,0.1944,0.0194,0.0174,0.0027,15.8
"Bird Island","BI10","BI10.9",345,335.7,336.8,336.2,336.2,0.53,4168.6,4747.8,4426.9,4437.2,289.6,0.08978,0.006,81.25,18.75,0.94,76.78,3.84,38.39,1.92,4.4556,0.254,1.0419,0.1954,0.0195,0.0175,0.0028,15.7
"Bird Island","BI10","BI10.9",346,337,338,337.5,337.5,0.5,4179.1,4770.3,4441.5,4451.7,295.6,0.08975,0.00609,82.08,17.92,0.9,76.09,3.8,38.05,1.9,3.7135,0.1987,1.26,0.2258,0.0226,0.0203,0.0031,15.4
"Bird Island","BI10","BI10.9",347,338.2,339.3,338.7,338.7,0.55,4184.6,4790.1,4457.1,4465,302.8,0.08978,0.00623,80.86,19.14,0.96,79.9,4,39.95,2,4.8707,0.2849,1.1071,0.2119,0.0212,0.019,0.003,15.9
"Bird Island","BI10","BI10.9",348,339.5,340.5,340,340,0.5,4191.3,4811.8,4471.3,4479.5,310.2,0.0916,0.00648,79.93,20.07,1,78.64,3.93,39.32,1.97,4.8086,0.2861,1.1641,0.2337,0.0234,0.0214,0.0034,16
"Bird Island","BI10","BI10.9",349,340.7,341.7,341.2,341.2,0.53,4208.9,4823.6,4485.2,4492.6,307.4,0.0916,0.00641,80.35,19.65,0.98,81.39,4.07,40.69,2.03,4.9476,0.2944,1.079,0.2121,0.0212,0.0194,0.0031,16
"Bird Island","BI10","BI10.9",350,341.9,343,342.4,342.4,0.53,4222,4832.9,4498.4,4505.7,305.5,0.09161,0.00635,80.17,19.83,0.99,80.51,4.03,40.25,2.01,4.1728,0.2316,1.0987,0.2179,0.0218,0.02,0.0031,15.6
"Bird Island","BI10","BI10.9",351,343.2,344.2,343.7,343.7,0.53,4240.6,4843.2,4512.3,4519.9,301.3,0.0916,0.00625,80.72,19.28,0.96,80.62,4.03,40.31,2.02,3.9894,0.2174,1.2887,0.2485,0.0248,0.0228,0.0035,15.5
"Bird Island","BI10","BI10.9",352,344.4,345.5,344.9,344.9,0.53,4252.6,4857.1,4527,4533,302.3,0.09161,0.00625,69.81,30.19,1.51,61.64,3.08,30.82,1.54,4.3603,0.2464,1.2303,0.3715,0.0371,0.034,0.0053,15.7
"Bird Island","BI10","BI10.9",353,345.7,346.7,346.2,346.2,0.53,4262.5,4870.6,4541.1,4547.2,304,0.0916,0.00626,59.15,40.85,2.04,63.91,3.2,31.95,1.6,4.5519,0.2617,1.3161,0.5376,0.0538,0.0492,0.0078,15.8
"Bird Island","BI10","BI10.9",354,346.9,348,347.4,347.4,0.53,4274.2,4880.9,4555,4560.3,303.3,0.09161,0.00623,75.09,24.91,1.25,71.05,3.55,35.53,1.78,4.266,0.2389,1.0894,0.2714,0.0271,0.0249,0.0039,15.6
"Bird Island","BI10","BI10.9",355,348.2,349.2,348.7,348.7,0.5,4281.7,4901.9,4568.7,4574.5,310.1,0.0916,0.00634,77.64,22.36,1.12,67.24,3.36,33.62,1.68,3.8862,0.2118,1.0734,0.24,0.024,0.022,0.0034,15.5
"Bird Island","BI10","BI10.9",356,349.4,350.4,349.9,349.9,0.53,4291.1,4917.4,4582.6,4587.6,313.2,0.09789,0.00683,78.8,21.2,1.06,74.06,3.7,37.03,1.85,4.3603,0.2464,0.9663,0.2049,0.0205,0.0201,0.0031,15.7
"Bird Island","BI10","BI10.9",357,350.6,351.7,351.2,351.2,0.55,4310.9,4928.9,4597.3,4600.9,309,0.09844,0.00677,79.22,20.78,1.04,78,3.9,39,1.95,4.4692,0.2525,1.1079,0.2302,0.023,0.0227,0.0035,15.7
"Bird Island","BI10","BI10.9",358,351.9,352.9,352.4,352.4,0.5,4323.4,4934.5,4609.8,4613.1,305.5,0.09848,0.00666,79.39,20.61,1.03,78.99,3.95,39.5,1.97,3.7135,0.1987,1.1498,0.2369,0.0237,0.0233,0.0036,15.4
"Bird Island","BI10","BI10.9",359,353.1,354.2,353.7,353.7,0.55,4339.3,4943,4624,4626.3,301.9,0.09841,0.00657,79.02,20.98,1.05,77.58,3.88,38.79,1.94,4.5679,0.2604,1.0661,0.2236,0.0224,0.022,0.0035,15.7
"Bird Island","BI10","BI10.9",360,354.4,355.5,355,355,0.55,4346.8,4952.8,4635.3,4639.5,303,0.09844,0.00658,79.22,20.78,1.04,77.7,3.88,38.85,1.94,5.0779,0.3021,1.0012,0.2081,0.0208,0.0205,0.0033,16
"Bird Island","BI10","BI10.9",361,355.7,356.7,356.2,356.2,0.5,4358.5,4961.8,4647,4651.7,301.6,0.09848,0.00652,75.52,24.48,1.22,75.72,3.79,37.86,1.89,4.2434,0.2398,1.1073,0.2711,0.0271,0.0267,0.0042,15.7
"Bird Island","BI10","BI10.9",362,356.9,358,357.5,357.5,0.55,4368.2,4972.2,4660.5,4664.9,302,0.09844,0.00652,78,22,1.1,70.08,3.5,35.04,1.75,4.5679,0.2604,1.0534,0.2318,0.0232,0.0228,0.0036,15.7
"Bird Island","BI10","BI10.9",363,358.2,359.3,358.7,358.7,0.53,4378.5,4983.7,4673.2,4677.1,302.6,0.09841,0.00651,78.53,21.47,1.07,76.39,3.82,38.19,1.91,3.8992,0.2106,1.1981,0.2572,0.0257,0.0253,0.0039,15.4
"Bird Island","BI10","BI10.9",364,359.5,360.5,360,360,0.5,4386.2,4995.4,4686.5,4690.3,304.6,0.09404,0.00624,76.22,23.78,1.19,78.68,3.93,39.34,1.97,3.6287,0.1923,1.2803,0.3045,0.0304,0.0286,0.0044,15.3
"Bird Island","BI10","BI10.9",365,360.7,361.7,361.2,361.2,0.5,4404.8,5005.8,4699.3,4703,300.5,0.09404,0.00614,75.43,24.57,1.23,74.16,3.71,37.08,1.85,3.6287,0.1923,1.2483,0.3067,0.0307,0.0288,0.0044,15.3
"Bird Island","BI10","BI10.9",366,361.9,362.9,362.4,362.4,0.53,4423.6,5015,4713.3,4715.8,295.7,0.09404,0.00603,75.61,24.39,1.22,71.57,3.58,35.78,1.79,3.8992,0.2106,1.1125,0.2713,0.0271,0.0255,0.0039,15.4
"Bird Island","BI10","BI10.9",367,363.1,364.1,363.6,363.6,0.5,4437.2,5022.6,4727.5,4728.5,292.7,0.09397,0.00595,78.81,21.19,1.06,76.46,3.82,38.23,1.91,3.9741,0.2186,1.1877,0.2517,0.0252,0.0236,0.0037,15.5
"Bird Island","BI10","BI10.9",368,364.3,365.3,364.8,364.8,0.5,4448.6,5032.5,4742.9,4741.3,292,0.09404,0.00592,80.51,19.49,0.97,74.76,3.74,37.38,1.87,3.062,0.1516,1.1138,0.2171,0.0217,0.0204,0.0031,15
"Bird Island","BI10","BI10.9",369,365.5,366.6,366,366,0.53,4459.7,5043.9,4755.3,4754.1,292.1,0.094,0.00591,77.72,22.28,1.11,78,3.9,39,1.95,4.4556,0.254,0.968,0.2157,0.0216,0.0203,0.0032,15.7
"Bird Island","BI10","BI10.9",370,366.8,367.8,367.3,367.3,0.5,4473.2,5056.4,4770.4,4767.9,291.6,0.09412,0.00588,76.51,23.49,1.17,76.92,3.85,38.46,1.92,3.4619,0.18,1.1368,0.2671,0.0267,0.0251,0.0038,15.2
"Bird Island","BI10","BI10.10",380,367.6,368.6,368.1,368.1,0.5,4478.1,5063.7,4779.3,4776.4,292.8,0.09397,0.00589,74.64,25.36,1.27,72.99,3.65,36.49,1.82,4.4279,0.2546,1.3171,0.334,0.0334,0.0314,0.0049,15.8
"Bird Island","BI10","BI10.10",381,368.8,369.8,369.3,369.3,0.5,4486.5,5080.2,4791.7,4789.2,296.9,0.0933,0.00591,78.37,21.63,1.08,75.04,3.75,37.52,1.88,3.7994,0.2052,1.184,0.2561,0.0256,0.0239,0.0037,15.4
"Bird Island","BI10","BI10.10",382,370,370.9,370.4,370.4,0.47,4497.4,5091.1,4804.1,4801,296.9,0.0921,0.00581,79.04,20.96,1.05,78.32,3.92,39.16,1.96,3.945,0.2189,1.206,0.2528,0.0253,0.0233,0.0036,15.6
"Bird Island","BI10","BI10.10",383,371.1,372.1,371.6,371.6,0.5,4513.1,5097.3,4816.2,4814,292.1,0.0921,0.00571,77.32,22.68,1.13,76.91,3.85,38.45,1.92,4.1527,0.2325,1.2661,0.2872,0.0287,0.0264,0.0041,15.6
"Bird Island","BI10","BI10.10",384,372.3,373.2,372.8,372.8,0.47,4528.6,5104.1,4830.5,4827,287.8,0.0921,0.00561,77.29,22.71,1.14,75.38,3.77,37.69,1.88,4.2955,0.247,1.2618,0.2866,0.0287,0.0264,0.0042,15.8
"Bird Island","BI10","BI10.10",385,373.4,374.5,374,374,0.53,4543.1,5112.7,4843.3,4840.1,284.8,0.09205,0.00555,72.51,27.49,1.37,73.77,3.69,36.88,1.84,4.266,0.2389,1.1169,0.307,0.0307,0.0283,0.0044,15.6
"Bird Island","BI10","BI10.10",386,374.7,375.6,375.1,375.1,0.47,4556.8,5122.9,4855.2,4852,283,0.09213,0.00549,72.13,27.87,1.39,73.78,3.69,36.89,1.84,3.4472,0.181,1.3095,0.3649,0.0365,0.0336,0.0051,15.3
"Bird Island","BI10","BI10.10",387,375.8,376.9,376.4,376.4,0.55,4567.2,5136,4871.4,4866.1,284.4,0.09202,0.00551,75.62,24.38,1.22,71.43,3.57,35.71,1.79,3.9915,0.2155,1.0194,0.2485,0.0249,0.0229,0.0035,15.4
"Bird Island","BI10","BI10.10",388,377.1,378.1,377.6,377.6,0.5,4574.4,5148.6,4886.7,4879.2,287.1,0.0921,0.00554,76.38,23.62,1.18,74.33,3.72,37.16,1.86,3.8862,0.2118,1.1811,0.2789,0.0279,0.0257,0.004,15.5
"Bird Island","BI10","BI10.10",389,378.3,379.3,378.8,378.8,0.53,4582.6,5159,4901,4892.2,288.2,0.0921,0.00555,77.67,22.33,1.12,73.57,3.68,36.79,1.84,4.1728,0.2316,1.1392,0.2544,0.0254,0.0234,0.0036,15.6
"Bird Island","BI10","BI10.10",390,379.5,380.5,380,380,0.5,4589.1,5171.2,4915.1,4905.2,291.1,0.09132,0.00554,78.69,21.31,1.07,74.73,3.74,37.36,1.87,3.8862,0.2118,1.1229,0.2393,0.0239,0.0219,0.0034,15.5
"Bird Island","BI10","BI10.10",391,380.7,381.7,381.2,381.2,0.5,4616.2,5180,4927.9,4918.4,281.9,0.09132,0.00535,78.28,21.72,1.09,64.8,3.24,32.4,1.62,3.7994,0.2052,1.1888,0.2582,0.0258,0.0236,0.0036,15.4
"Bird Island","BI10","BI10.10",392,381.9,383,382.4,382.4,0.53,4637,5184.8,4940.4,4931.5,273.9,0.09125,0.00519,72.08,27.92,1.4,71.12,3.56,35.56,1.78,3.8992,0.2106,1.1807,0.3296,0.033,0.0301,0.0046,15.4
"Bird Island","BI10","BI10.10",393,383.2,384.1,383.6,383.6,0.45,4655.1,5193.3,4953,4944.6,269.1,0.09136,0.00508,76.17,23.83,1.19,70.76,3.54,35.38,1.77,3.5767,0.1931,1.1621,0.2769,0.0277,0.0253,0.0039,15.4
"Bird Island","BI10","BI10.10",394,384.2,385.2,384.7,384.7,0.47,4664.5,5202.5,4965.3,4956.7,269,0.09125,0.00507,79.53,20.47,1.02,78.45,3.92,39.23,1.96,3.7754,0.2058,1.1145,0.2281,0.0228,0.0208,0.0032,15.5
"Bird Island","BI10","BI10.10",395,385.4,386.5,385.9,385.9,0.55,4676.3,5208.3,4978.8,4969.8,266,0.09136,0.00502,78.58,21.42,1.07,79.41,3.97,39.71,1.99,4.2749,0.2373,1.213,0.2599,0.026,0.0237,0.0037,15.6
"Bird Island","BI10","BI10.10",396,386.7,387.8,387.2,387.2,0.55,4691.3,5219.7,4993.9,4984.1,264.2,0.09129,0.00497,80.3,19.7,0.98,82.99,4.15,41.5,2.07,4.9738,0.2935,1.1279,0.2222,0.0222,0.0203,0.0032,15.9
"Bird Island","BI10","BI10.10",397,388,389,388.5,388.5,0.5,4703.3,5231.4,5007.5,4998.3,264.1,0.09132,0.00494,80.94,19.06,0.95,82.34,4.12,41.17,2.06,4.1527,0.2325,1.2476,0.2377,0.0238,0.0217,0.0034,15.6
"Bird Island","BI10","BI10.10",398,389.2,390.2,389.7,389.7,0.5,4712.7,5246.9,5021.9,5011.4,267.1,0.09231,0.00504,80.46,19.54,0.98,77.76,3.89,38.88,1.94,4.4279,0.2546,1.2325,0.2408,0.0241,0.0222,0.0035,15.8
"Bird Island","BI10","BI10.10",399,390.3,391.4,390.9,390.9,0.53,4731,5255.9,5034.7,5024.4,262.4,0.09274,0.00497,80.03,19.97,1,79.63,3.98,39.82,1.99,4.4556,0.254,1.0377,0.2072,0.0207,0.0192,0.003,15.7
"Bird Island","BI10","BI10.10",400,391.6,392.7,392.1,392.1,0.55,4753.1,5261.7,5046.4,5037.4,254.3,0.09266,0.00481,80.2,19.8,0.99,78.55,3.93,39.28,1.96,4.7687,0.2766,1.2085,0.2392,0.0239,0.0222,0.0035,15.8
"Bird Island","BI10","BI10.10",401,392.9,393.9,393.4,393.4,0.53,4774.7,5267.9,5060.4,5051.4,246.6,0.09274,0.00465,79.1,20.9,1.04,77.03,3.85,38.52,1.93,4.4556,0.254,1.1953,0.2498,0.025,0.0232,0.0036,15.7
"Bird Island","BI10","BI10.10",402,394.1,395.1,394.6,394.6,0.5,4792.5,5279.5,5073.2,5064.4,243.5,0.09266,0.00457,78.63,21.37,1.07,74.99,3.75,37.5,1.87,4.4279,0.2546,1.2486,0.2668,0.0267,0.0247,0.0039,15.8
"Bird Island","BI10","BI10.10",403,395.3,396.4,395.8,395.8,0.53,4811.7,5284.9,5088.4,5077.3,236.6,0.09266,0.00444,77.71,22.29,1.11,78.71,3.94,39.36,1.97,3.9894,0.2174,1.3847,0.3086,0.0309,0.0286,0.0044,15.5
"Bird Island","BI10","BI10.10",404,396.5,397.5,397,397,0.5,4826.8,5296.7,5101.8,5090.3,234.9,0.09274,0.0044,77.87,22.13,1.11,79.66,3.98,39.83,1.99,4.1527,0.2325,1.1409,0.2525,0.0252,0.0234,0.0037,15.6
"Bird Island","BI10","BI10.10",405,397.7,398.7,398.2,398.2,0.5,4842,5319.8,5116.5,5103.2,238.9,0.09266,0.00445,75.17,24.83,1.24,76.75,3.84,38.37,1.92,3.8862,0.2118,1.1845,0.2942,0.0294,0.0273,0.0042,15.5
"Bird Island","BI10","BI10.10",406,398.9,399.9,399.4,399.4,0.5,4856.2,5338.8,5130.4,5116.1,241.3,0.07782,0.00377,78.4,21.6,1.08,72.89,3.64,36.45,1.82,3.7994,0.2052,1.2192,0.2634,0.0263,0.0205,0.0032,15.4
"Bird Island","BI10","BI10.10",407,400.1,401.1,400.6,400.6,0.5,4885.7,5357.1,5145.6,5131.6,235.7,0.06708,0.00316,79.63,20.37,1.02,52.23,2.61,26.11,1.31,4.1527,0.2325,1.2187,0.2483,0.0248,0.0167,0.0026,15.6
"Bird Island","BI10","BI10.10",408,401.3,402.2,401.8,401.8,0.45,4917,5373.7,5162.2,5149.5,228.4,0.06707,0.00305,80.62,19.38,0.97,80.29,4.01,40.15,2.01,3.6566,0.1993,1.3722,0.266,0.0266,0.0178,0.0028,15.5
"Bird Island","BI10","BI10.10",409,402.4,403.4,402.9,402.9,0.5,4942.2,5387.9,5177,5165.9,222.9,0.06708,0.00298,81.92,18.08,0.9,78.9,3.94,39.45,1.97,4.1527,0.2325,1.2179,0.2201,0.022,0.0148,0.0023,15.6
"Bird Island","BI10","BI10.10",410,403.6,404.6,404.1,404.1,0.5,4963.6,5399.9,5193.9,5183.7,218.1,0.06708,0.00291,81.46,18.54,0.93,80.77,4.04,40.39,2.02,3.9741,0.2186,1.2285,0.2278,0.0228,0.0153,0.0024,15.5
"Bird Island","BI10","BI10.10",411,404.8,405.8,405.3,405.3,0.5,4980.9,5415.5,5211.5,5201.6,217.3,0.06708,0.00289,81.14,18.86,0.94,77.43,3.87,38.72,1.94,4.1527,0.2325,1.1988,0.2261,0.0226,0.0152,0.0024,15.6
"Bird Island","BI10","BI10.10",412,406,407,406.5,406.5,0.5,4997.4,5431.1,5231,5219.5,216.8,0.06709,0.00287,77.11,22.89,1.14,72.21,3.61,36.1,1.81,3.7135,0.1987,1.2946,0.2963,0.0296,0.0199,0.0031,15.4
"Bird Island","BI10","BI10.10",413,407.2,409,408.1,408.1,0.93,5015,5459.6,5253.3,5243.4,222.3,0.06696,0.00299,78.17,21.83,1.09,75.98,3.8,37.99,1.9,6.713,0.4129,0.6377,0.1392,0.0139,0.0093,0.0015,16.2
"Bird Island","BI10","BI10.11",418,407.9,408.9,408.4,408.4,0.5,5018.9,5464.7,5257,5247.9,222.9,0.06708,0.00293,77.66,22.34,1.12,75.6,3.78,37.8,1.89,4.5216,0.2623,1.071,0.2393,0.0239,0.0161,0.0025,15.8
"Bird Island","BI10","BI10.11",419,409.1,410.2,409.7,409.7,0.53,5031,5488,5273.2,5267.2,228.5,0.03072,0.00137,77.26,22.74,1.14,73.34,3.67,36.67,1.83,5.1516,0.3117,1.0247,0.2331,0.0233,0.0072,0.0011,16.1
"Bird Island","BI10","BI10.11",420,410.4,411.4,410.9,410.9,0.5,5080.4,5520.9,5309.9,5306.3,220.3,0.02602,0.00111,79.03,20.97,1.05,74.69,3.73,37.34,1.87,4.712,0.278,1.0273,0.2154,0.0215,0.0056,9e-04,15.9
"Bird Island","BI10","BI10.11",421,411.6,412.7,412.1,412.1,0.53,5123.7,5558.4,5354.4,5352.4,217.4,0.02602,0.00109,80.92,19.08,0.95,54.9,2.75,27.45,1.37,4.9476,0.2944,1.0697,0.2041,0.0204,0.0053,8e-04,16
"Bird Island","BI10","BI10.11",422,412.9,413.9,413.4,413.4,0.5,5159.4,5626.7,5401.7,5402.4,233.7,0.02602,0.00116,71.76,28.24,1.41,72.3,3.61,36.15,1.81,4.0629,0.2255,1.1881,0.3355,0.0336,0.0087,0.0014,15.6
"Bird Island","BI10","BI10.11",423,414.1,415,414.5,414.5,0.47,5185.9,5694.8,5441.5,5444.7,254.5,0.02602,0.00125,79.24,20.76,1.04,76.22,3.81,38.11,1.91,3.7754,0.2058,1.1947,0.248,0.0248,0.0065,0.001,15.5
"Bird Island","BI10","BI10.11",424,415.2,416.2,415.7,415.7,0.5,5208.7,5782.4,5484.1,5490.8,286.9,0.02602,0.00139,82.02,17.98,0.9,76.44,3.82,38.22,1.91,4.5216,0.2623,1.0334,0.1858,0.0186,0.0048,8e-04,15.8
"Bird Island","BI10","BI10.11",425,416.4,417.4,416.9,416.9,0.5,5224.6,5868.9,5528.3,5536.9,322.2,0.02602,0.00155,81.15,18.85,0.94,77.13,3.86,38.56,1.93,4.5216,0.2623,1.1263,0.2123,0.0212,0.0055,9e-04,15.8
"Bird Island","BI10","BI10.11",426,417.6,418.6,418.1,418.1,0.5,5244.1,5960.2,5573,5583,358,0.02602,0.0017,79.13,20.87,1.04,74.51,3.73,37.25,1.86,4.0629,0.2255,1.1496,0.2399,0.024,0.0062,0.001,15.6
"Bird Island","BI10","BI10.11",427,418.8,419.8,419.3,419.3,0.5,5262,6053,5614.8,5629.1,395.5,0.02434,0.00174,77.55,22.45,1.12,70.09,3.5,35.05,1.75,3.9741,0.2186,1.2559,0.2819,0.0282,0.0069,0.0011,15.5
"Bird Island","BI10","BI10.11",428,420.1,421.1,420.6,420.6,0.5,5311.4,6116.4,5665.6,5682.6,402.5,0.02263,0.00163,80.16,19.84,0.99,78.73,3.94,39.37,1.97,4.6163,0.2701,1.1349,0.2252,0.0225,0.0051,8e-04,15.9
"Bird Island","BI10","BI10.11",429,421.3,422.3,421.8,421.8,0.53,5397.8,6127,5717.8,5735.6,364.6,0.02263,0.00147,79.2,20.8,1.04,76.92,3.85,38.46,1.92,5.2551,0.3206,1.0685,0.2223,0.0222,0.005,8e-04,16.1
"Bird Island","BI10","BI10.11",430,422.5,423.5,423,423,0.5,5475.1,6141.2,5770,5788.6,333.1,0.02263,0.00133,79.29,20.71,1.04,80.58,4.03,40.29,2.01,3.7994,0.2052,1.2091,0.2503,0.025,0.0057,9e-04,15.4
"Bird Island","BI10","BI10.11",431,423.7,424.8,424.3,424.3,0.55,5542.1,6158.1,5838.8,5846.1,308,0.02263,0.00122,78.93,21.07,1.05,82.46,4.12,41.23,2.06,4.5679,0.2604,1.0592,0.2232,0.0223,0.005,8e-04,15.7
"Bird Island","BI10","BI10.11",432,425,426,425.5,425.5,0.47,5588,6175.6,5901.8,5899.1,293.8,0.02263,0.00115,78.98,21.02,1.05,77.65,3.88,38.83,1.94,3.7754,0.2058,1.1183,0.235,0.0235,0.0053,8e-04,15.5
"Bird Island","BI10","BI10.11",433,426.2,427.2,426.7,426.7,0.5,5626.6,6198.5,5965.2,5952.1,285.9,0.02263,0.00111,80.38,19.62,0.98,79.62,3.98,39.81,1.99,3.8862,0.2118,1.1396,0.2236,0.0224,0.0051,8e-04,15.5
"Bird Island","BI10","BI10.11",434,427.4,428.4,427.9,427.9,0.5,5659.5,6233.5,6027.1,6005.2,287,0.02263,0.00111,78.35,21.65,1.08,80.43,4.02,40.21,2.01,4.4279,0.2546,1.0938,0.2368,0.0237,0.0054,8e-04,15.8
"Bird Island","BI10","BI10.11",435,428.6,429.6,429.1,429.1,0.47,5692.9,6283.3,6086.8,6058.2,295.2,0.02556,0.00127,78.3,21.7,1.09,74.72,3.74,37.36,1.87,3.8597,0.2123,1.1399,0.2474,0.0247,0.0063,0.001,15.5
"Bird Island","BI10","BI10.11",436,429.8,430.8,430.3,430.3,0.5,5725.7,6330.7,6136.3,6105.1,302.5,0.04186,0.00212,78.23,21.77,1.09,77.44,3.87,38.72,1.94,3.7994,0.2052,1.1982,0.2608,0.0261,0.0109,0.0017,15.4
"Bird Island","BI10","BI10.11",437,431,431.9,431.4,431.4,0.47,5791.7,6336.6,6159.2,6131.4,272.5,0.04186,0.00191,77.4,22.6,1.13,80.31,4.02,40.15,2.01,3.6919,0.1994,1.1683,0.264,0.0264,0.011,0.0017,15.4
"Bird Island","BI10","BI10.11",438,432.1,433.1,432.6,432.6,0.5,5851.9,6347.7,6183.6,6160.1,247.9,0.04186,0.00173,75.43,24.57,1.23,78.93,3.95,39.47,1.97,4.3352,0.2471,1.1696,0.2873,0.0287,0.012,0.0019,15.7
"Bird Island","BI10","BI10.11",439,433.3,434.3,433.8,433.8,0.5,5914.8,6357.3,6209.1,6188.8,221.2,0.04186,0.00154,75.06,24.94,1.25,76.93,3.85,38.47,1.92,2.6145,0.1216,1.2617,0.3147,0.0315,0.0132,0.0019,14.7
"Bird Island","BI10","BI10.11",440,434.5,435.5,435,435,0.5,5965,6369.9,6236.7,6217.4,202.5,0.04185,0.00141,76.4,23.6,1.18,77.88,3.89,38.94,1.95,3.9741,0.2186,1.2314,0.2906,0.0291,0.0122,0.0019,15.5
"Bird Island","BI10","BI10.11",441,435.8,436.8,436.3,436.3,0.5,6014.3,6385.1,6279,6248.5,185.4,0.04186,0.00129,78.77,21.23,1.06,80.98,4.05,40.49,2.02,4.0629,0.2255,1.2016,0.2551,0.0255,0.0107,0.0017,15.6
"Bird Island","BI10","BI10.11",442,437,438,437.5,437.5,0.5,6040.5,6411.9,6299.9,6277.2,185.7,0.04186,0.00129,78.76,21.24,1.06,77.67,3.88,38.84,1.94,3.9741,0.2186,1.1979,0.2544,0.0254,0.0106,0.0017,15.5
"Bird Island","BI10","BI10.11",443,438.2,439.3,438.7,438.7,0.55,6059.8,6458.3,6321.5,6305.8,199.2,0.04185,0.00137,80.03,19.97,1,81.52,4.08,40.76,2.04,4.1793,0.2299,1.2875,0.2572,0.0257,0.0108,0.0017,15.5
"Bird Island","BI10","BI10.11",444,439.5,440.5,440,440,0.5,6077,6524.1,6346,6336.9,223.6,0.09592,0.00349,78.66,21.34,1.07,81.56,4.08,40.78,2.04,4.1527,0.2325,1.2159,0.2595,0.026,0.0249,0.0039,15.6
"Bird Island","BI10","BI10.11",445,440.7,441.7,441.2,441.2,0.5,6101.6,6531.7,6358.4,6349.4,215.1,0.09592,0.00336,79.78,20.22,1.01,82.27,4.11,41.14,2.06,3.7994,0.2052,1.2266,0.248,0.0248,0.0238,0.0037,15.4
"Bird Island","BI10","BI10.11",446,441.9,442.9,442.4,442.4,0.5,6119.9,6541.3,6371.1,6361.9,210.7,0.09601,0.00329,80.88,19.12,0.96,89.27,4.46,44.63,2.23,4.0629,0.2255,1.2542,0.2398,0.024,0.023,0.0036,15.6
"Bird Island","BI10","BI10.11",447,443.1,444.2,443.7,443.7,0.57,6139.7,6550.9,6384.5,6375.4,205.6,0.09594,0.00322,69.14,30.86,1.54,60.79,3.04,30.4,1.52,4.173,0.2274,1.0122,0.3124,0.0312,0.03,0.0046,15.5
"Bird Island","BI10","BI10.11",448,444.5,445.6,445,445,0.55,6157.1,6564.3,6397.7,6389,203.6,0.09594,0.00318,73.42,26.58,1.33,83.76,4.19,41.88,2.09,4.4692,0.2525,1.1167,0.2968,0.0297,0.0285,0.0045,15.7
"Bird Island","BI10","BI10.11",449,445.8,446.8,446.3,446.3,0.53,6175.5,6579.7,6410.3,6402.5,202.1,0.09592,0.00314,80.05,19.95,1,86.26,4.31,43.13,2.16,4.1728,0.2316,1.1356,0.2265,0.0227,0.0217,0.0034,15.6
"Bird Island","BI10","BI10.11",450,447,448,447.5,447.5,0.5,6190.1,6598.6,6422.2,6415.1,204.3,0.096,0.00316,80.82,19.18,0.96,87.82,4.39,43.91,2.2,3.8862,0.2118,1.2304,0.236,0.0236,0.0227,0.0035,15.5
"Bird Island","BI10","BI10.11",451,448.2,449.2,448.7,448.7,0.5,6200.4,6615.4,6433,6427.6,207.5,0.09592,0.0032,76.82,23.18,1.16,76.25,3.81,38.12,1.91,3.7994,0.2052,1.0379,0.2406,0.0241,0.0231,0.0036,15.4
"Bird Island","BI10","BI10.11",452,449.4,450.4,449.9,449.9,0.5,6211.2,6640.9,6444.1,6440.1,214.9,0.09852,0.0034,82.65,17.35,0.87,84.76,4.24,42.38,2.12,3.9741,0.2186,1.2555,0.2178,0.0218,0.0215,0.0033,15.5
"Bird Island","BI10","BI10.12",459,449.8,450.8,450.3,450.3,0.5,6218.6,6645,6447.7,6444.1,213.2,0.09962,0.00341,74.21,25.79,1.29,72.95,3.65,36.48,1.82,3.062,0.1516,1.1524,0.2972,0.0297,0.0296,0.0044,15
"Bird Island","BI10","BI10.12",460,451,452.2,451.6,451.6,0.57,6243.3,6654,6459.8,6457.2,205.3,0.09957,0.00329,64.74,35.26,1.76,49.79,2.49,24.9,1.24,3.611,0.186,1.2151,0.4284,0.0428,0.0427,0.0065,15.2
"Bird Island","BI10","BI10.12",461,452.4,453.6,453,453,0.6,6271.3,6662.8,6471.7,6471.2,195.8,0.09957,0.00314,43.16,56.84,2.84,13.35,0.67,6.68,0.33,4.4562,0.2473,1.3606,0.7734,0.0773,0.077,0.012,15.6
"Bird Island","BI10","BI10.12",462,453.8,454.9,454.4,454.4,0.55,6290.7,6669.1,6485.4,6485.3,189.2,0.0995,0.00302,54.85,45.15,2.26,9.41,0.47,4.7,0.24,4.2749,0.2373,1.1893,0.537,0.0537,0.0534,0.0083,15.6
"Bird Island","BI10","BI10.12",463,455.1,456.1,455.6,455.6,0.5,6306.4,6679.9,6497.1,6497.4,186.7,0.09959,0.00297,53.91,46.09,2.3,20.22,1.01,10.11,0.51,4.2434,0.2398,1.1183,0.5155,0.0515,0.0513,0.008,15.7
"Bird Island","BI10","BI10.12",464,456.3,457.3,456.8,456.8,0.5,6321.9,6690.4,6509.2,6509.4,184.3,0.09954,0.00293,67.98,32.02,1.6,15.08,0.75,7.54,0.38,3.6287,0.1923,1.1719,0.3753,0.0375,0.0374,0.0057,15.3
"Bird Island","BI10","BI10.12",465,457.6,458.7,458.1,458.1,0.55,6333.5,6706.9,6521.6,6522.5,186.7,0.09957,0.00297,68.15,31.85,1.59,36.06,1.8,18.03,0.9,4.0849,0.2226,1.1857,0.3776,0.0378,0.0376,0.0058,15.5
"Bird Island","BI10","BI10.12",466,458.9,460.1,459.5,459.5,0.6,6348.1,6729.6,6535.5,6536.5,190.7,0.09296,0.00283,68.46,31.54,1.58,39.19,1.96,19.59,0.98,4.1542,0.2243,1.324,0.4176,0.0418,0.0388,0.006,15.4
"Bird Island","BI10","BI10.12",467,460.3,461.5,460.9,460.9,0.57,6372.8,6745.3,6549.5,6551.6,186.3,0.08959,0.00266,70.34,29.66,1.48,58.85,2.94,29.43,1.47,3.611,0.186,1.097,0.3254,0.0325,0.0292,0.0044,15.2
"Bird Island","BI10","BI10.12",468,461.7,462.7,462.2,462.2,0.5,6404,6755.9,6560.9,6566.1,175.9,0.08962,0.0025,73.7,26.3,1.32,50.76,2.54,25.38,1.27,3.14,0.157,0.8783,0.231,0.0231,0.0207,0.0031,15
"Bird Island","BI10","BI10.12",469,462.9,463.9,463.4,463.4,0.5,6429,6767.1,6572.8,6579.5,169,0.08959,0.0024,61.49,38.51,1.93,40.11,2.01,20.05,1,3.5448,0.1861,1.3164,0.507,0.0507,0.0454,0.0069,15.3
"Bird Island","BI10","BI10.12",470,464.1,465.2,464.7,464.7,0.55,6451.4,6778.4,6586.5,6594,163.5,0.08966,0.00233,65.69,34.31,1.72,57.37,2.87,28.68,1.43,4.1793,0.2299,1.3162,0.4516,0.0452,0.0405,0.0063,15.5
"Bird Island","BI10","BI10.12",471,465.4,466.5,466,466,0.55,6469.1,6803.7,6600.6,6608.5,167.3,0.08959,0.00237,75.22,24.78,1.24,43.07,2.15,21.54,1.08,5.0779,0.3021,1.053,0.261,0.0261,0.0234,0.0037,16
"Bird Island","BI10","BI10.12",472,466.8,467.8,467.3,467.3,0.53,6486.7,6822,6614.7,6623,167.6,0.08962,0.00237,76.23,23.77,1.19,69.73,3.49,34.87,1.74,4.6493,0.2697,1.0639,0.2529,0.0253,0.0227,0.0036,15.8
"Bird Island","BI10","BI10.12",473,468,469,468.5,468.5,0.5,6499.2,6837.4,6627.6,6636.4,169.1,0.08959,0.00238,76.31,23.69,1.18,72.48,3.62,36.24,1.81,4.3352,0.2471,1.1595,0.2747,0.0275,0.0246,0.0039,15.7
"Bird Island","BI10","BI10.12",474,469.3,470.3,469.8,469.8,0.53,6510.5,6858.3,6641.6,6650.9,173.9,0.02606,0.00071,76.52,23.48,1.17,59.23,2.96,29.61,1.48,3.9894,0.2174,1.1545,0.2711,0.0271,0.0071,0.0011,15.5
"Bird Island","BI10","BI10.12",475,470.5,471.6,471.1,471.1,0.55,6545.6,6917.9,6691.7,6700.8,186.1,0.02308,0.00067,35.37,64.63,3.23,2.35,0.12,1.18,0.06,3.2835,0.1642,1.553,1.0038,0.1004,0.0232,0.0035,15
"Bird Island","BI10","BI10.12",476,471.9,472.9,472.4,472.4,0.5,6573.5,6995.8,6744.3,6757.1,211.1,0.02308,0.00075,57.6,42.4,2.12,65.51,3.28,32.75,1.64,3.5448,0.1861,1.1224,0.4758,0.0476,0.011,0.0017,15.3
"Bird Island","BI10","BI10.12",477,473.1,474.2,473.6,473.6,0.55,6590.3,7104.3,6790.9,6809.1,257,0.02308,9e-04,74.7,25.3,1.27,69.78,3.49,34.89,1.74,4.0849,0.2226,1.082,0.2738,0.0274,0.0063,0.001,15.5
"Bird Island","BI10","BI10.12",478,474.4,475.5,474.9,474.9,0.55,6603.6,7237.8,6841.8,6865.5,317.1,0.02308,0.00109,70.74,29.26,1.46,40.57,2.03,20.29,1.01,4.3715,0.2448,0.7625,0.2231,0.0223,0.0051,8e-04,15.6
"Bird Island","BI10","BI10.12",479,475.7,476.7,476.2,476.2,0.5,6613.6,7371.2,6892.5,6921.8,378.8,0.02308,0.00129,70.45,29.55,1.48,49.53,2.48,24.76,1.24,4.5216,0.2623,1.1794,0.3485,0.0349,0.008,0.0013,15.8
"Bird Island","BI10","BI10.12",480,476.9,478,477.5,477.5,0.55,6625.1,7506.3,6942.5,6978.1,440.6,0.02308,0.00148,75.92,24.08,1.2,68.85,3.44,34.43,1.72,4.8707,0.2849,1.0547,0.2539,0.0254,0.0059,9e-04,15.9
"Bird Island","BI10","BI10.12",481,478.3,479.3,478.8,478.8,0.53,6632.9,7649.5,6993.1,7034.4,508.3,0.02304,0.00169,77.19,22.81,1.14,71.34,3.57,35.67,1.78,4.0806,0.2244,1.1807,0.2694,0.0269,0.0062,0.001,15.5
"Bird Island","BI10","BI10.12",482,479.5,480.7,480.1,480.1,0.6,6645,7785.5,7043.6,7090.9,570.3,0.02262,0.00185,76.67,23.33,1.17,60.53,3.03,30.27,1.51,4.7689,0.2718,1.0521,0.2454,0.0245,0.0056,9e-04,15.7
"Bird Island","BI10","BI10.13",511,480.1,481.1,480.6,480.6,0.5,6670,7793.8,7066.4,7113,561.9,0.02262,0.00181,74.53,25.47,1.27,74.45,3.72,37.22,1.86,3.5448,0.1861,0.9871,0.2514,0.0251,0.0057,9e-04,15.3
"Bird Island","BI10","BI10.13",512,481.3,482.2,481.8,481.8,0.47,6706.9,7814.7,7127.7,7166,553.9,0.02262,0.00177,74.38,25.62,1.28,54.35,2.72,27.17,1.36,3.3675,0.1751,1.206,0.309,0.0309,0.007,0.0011,15.2
"Bird Island","BI10","BI10.13",513,482.5,483.6,483.1,483.1,0.57,6735.6,7838.2,7200.6,7223.5,551.3,0.02262,0.00175,81.05,18.95,0.95,84.24,4.21,42.12,2.11,4.8799,0.283,1.1419,0.2164,0.0216,0.0049,8e-04,15.8
"Bird Island","BI10","BI10.13",514,483.9,485.1,484.5,484.5,0.6,6759.4,7866.4,7279.3,7285.3,553.5,0.02262,0.00175,81.67,18.33,0.92,85.44,4.27,42.72,2.14,4.9832,0.289,1.0992,0.2255,0.0225,0.0051,8e-04,15.8
"Bird Island","BI10","BI10.13",515,485.3,486.6,486,486,0.65,6781.9,7908,7363.3,7351.6,563.1,0.02262,0.00176,81.23,18.77,0.94,84.2,4.21,42.1,2.11,5.3984,0.3185,1.109,0.1626,0.0163,0.0037,6e-04,15.9
"Bird Island","BI10","BI10.13",516,486.9,488.1,487.5,487.5,0.6,6800,7961.2,7441.8,7417.9,580.6,0.02262,0.0018,80.83,19.17,0.96,83.38,4.17,41.69,2.08,4.3544,0.2395,1.0518,0.1634,0.0163,0.0037,6e-04,15.5
"Bird Island","BI10","BI10.13",517,488.3,489.5,488.9,488.9,0.6,6816.8,8022.8,7512.6,7479.8,603,0.02237,0.00183,80.88,19.12,0.96,85.04,4.25,42.52,2.13,4.0559,0.217,0.9175,0.1954,0.0195,0.0044,7e-04,15.4
"Bird Island","BI10","BI10.13",518,489.7,490.7,490.2,490.2,0.5,6841.3,8087.7,7574.2,7537.9,623.2,0.02106,0.00176,79.99,20.01,1,84.34,4.22,42.17,2.11,3.062,0.1516,1.2932,0.2143,0.0214,0.0045,7e-04,15
"Bird Island","BI10","BI10.13",519,491,492,491.5,491.5,0.5,6901,8100.8,7636,7599.7,599.9,0.02106,0.00168,79.77,20.23,1.01,76.36,3.82,38.18,1.91,2.9089,0.1411,1.1151,0.4251,0.0425,0.009,0.0013,14.9
"Bird Island","BI10","BI10.13",520,492.2,493.2,492.7,492.7,0.5,6939.7,8113.4,7691.9,7656.7,586.8,0.02106,0.00164,77.11,22.89,1.14,68.62,3.43,34.31,1.72,3.9741,0.2186,1.3595,0.3112,0.0311,0.0066,0.001,15.5
"Bird Island","BI10","BI10.13",521,493.4,494.5,494,494,0.55,6965.4,8130.5,7751.6,7718.4,582.5,0.02106,0.00161,75.4,24.6,1.23,73.25,3.66,36.62,1.83,4.4692,0.2525,1.2551,0.3088,0.0309,0.0065,0.001,15.7
"Bird Island","BI10","BI10.13",522,494.8,495.8,495.3,495.3,0.5,6973.1,8150.7,7816.5,7780.1,588.8,0.02106,0.00162,76.89,23.11,1.16,69.32,3.47,34.66,1.73,3.9741,0.2186,1.048,0.2422,0.0242,0.0051,8e-04,15.5
"Bird Island","BI10","BI10.13",523,496,497.1,496.6,496.6,0.53,6993.6,8171,7885.8,7841.9,588.7,0.02106,0.0016,78.69,21.31,1.07,78.57,3.93,39.29,1.96,4.0806,0.2244,1.1205,0.2388,0.0239,0.005,8e-04,15.5
"Bird Island","BI10","BI10.13",524,497.3,498.4,497.9,497.9,0.55,7007.2,8196,7959.7,7903.6,594.4,0.02106,0.00161,79.84,20.16,1.01,75.63,3.78,37.81,1.89,4.6678,0.2684,1.2065,0.2433,0.0243,0.0051,8e-04,15.8
"Bird Island","BI10","BI10.13",525,498.7,499.7,499.2,499.2,0.5,7037.8,8243,8027.5,7965.3,602.6,0.02597,0.00199,72.95,27.05,1.35,58.75,2.94,29.37,1.47,3.219,0.1626,1.5113,0.4089,0.0409,0.0106,0.0016,15.1
"Bird Island","BI10","BI10.13",526,499.9,501,500.4,500.4,0.55,7050.1,8289.3,8074.2,8011.5,619.6,0.04868,0.00382,74.38,25.62,1.28,40.45,2.02,20.23,1.01,4.5679,0.2604,1.2187,0.3122,0.0312,0.0152,0.0024,15.7
"Bird Island","BI10","BI10.13",527,501.2,502.3,501.8,501.8,0.53,7072.2,8297.5,8106.6,8040.3,612.7,0.04867,0.00376,76.61,23.39,1.17,69.36,3.47,34.68,1.73,3.8992,0.2106,1.137,0.266,0.0266,0.0129,0.002,15.4
"Bird Island","BI10","BI10.13",528,502.5,503.6,503.1,503.1,0.55,7091,8308.3,8137.8,8067,608.6,0.04868,0.00373,78.4,21.6,1.08,73.51,3.68,36.75,1.84,4.0849,0.2226,1.2247,0.2645,0.0264,0.0129,0.002,15.5
"Bird Island","BI10","BI10.13",529,503.9,505.1,504.5,504.5,0.6,7102.8,8319.7,8170.8,8095.8,608.4,0.04867,0.00372,81.75,18.25,0.91,73.15,3.66,36.58,1.83,2.7224,0.1252,0.8832,0.1612,0.0161,0.0078,0.0011,14.6
"Bird Island","BI10","BI10.13",530,505.3,507,506.2,506.2,0.85,7123.1,8342.6,8204.6,8130.7,609.8,0.06171,0.00473,81.92,18.08,0.9,72.44,3.62,36.22,1.81,4.9452,0.2745,1.1872,0.2146,0.0215,0.0132,0.0021,15.6
