"Location","Site","Section","sample","min_depth","max_depth","midpoint","depth","depth_err","SH20_min_age_95CI","SH20_max_age_95CI","SH20_median_age","SH20_mean_age","SH20_mean_95CI","accrate","accrate_err","kcps","cps","MSE","K","Ca","Ti","Mn","Fe","Co","Ni","Cu","Zn","Rb","Sr","Zr","Mo_inc","Mo_coh","inc_coh","Ln_inc_coh","coh_inc","Ln_coh_inc","Total_scatter","kcps_sd","cps_sd","MSE_sd","K_sd","Ca_sd","Ti_sd","Mn_sd","Fe_sd","Co_sd","Ni_sd","Cu_sd","Zn_sd","Rb_sd","Sr_sd","Zr_sd","Mo_inc_sd","Mo_coh_sd","inc_coh_sd","Ln_inc_coh_sd","coh_inc_sd","Ln_coh_inc_sd","Total_scatter_sd","Water_Content_pc","Dry_mass","Dry_mass_err","LOI550","LOI550_err","C_org_pc","C_org_pc_err","Volume_cm3","Volume_err_cm3","Wet_density_g_cm3","Dry_density_g_cm3","Dry_density_err_g_cm3","DMAR_g_cm2_yr","DMAR_err_g_cm2_yr","DMAR_err_pc"
"Marion Island","PB1","PB1.1A",6,7.9,9.7,8.8,8.8,0.9,-60.2,55.4,-27.8,-20.3,58,0.09206,-0.25314,23184.4736842105,56034.4736842105,1.29578947368421,33.9473684210526,118.526315789474,48.6315789473684,34.4736842105263,2276.36842105263,69.2631578947368,206.526315789474,121.684210526316,0.210526315789474,19.0526315789474,95.8421052631579,947.052631578947,42758.6842105263,6355.73684210526,6.72844910536126,1.90609969806466,0.148695540094504,-1.90609969806466,49114.4210526316,1001.84753599543,2213.34087268849,0.151008306963325,9.66364138988408,31.0776239994355,24.8421919911262,21.8539811299468,635.212318881238,50.0941803065465,31.9884847702222,56.5253656252158,0.917662935482247,33.4406168274625,76.0630317258104,91.4636987396339,1587.37946358251,215.521033287876,0.152927561441837,0.0227486397642423,0.00338594888004757,0.0227486397642425,1763.59769019624,90.79,9.21,0.46,0,0,0,0,4.7062,0.4541,0.7619,0.0702,0.0103,0.0065,-0.0168,-260.3
"Marion Island","PB1","PB1.1A",7,9.8,11.1,10.4,10.4,0.7,-55.1,96.7,-11.7,-2.1,76,0.08802,-3.17392,23303.7142857143,57021.5714285714,1.26428571428571,34.4285714285714,138.571428571429,72.7857142857143,25.7857142857143,3249.71428571429,86.8571428571429,233.928571428571,141.285714285714,2.28571428571429,22.2857142857143,187.571428571429,968.857142857143,42628.8571428571,6302.28571428571,6.76544611957738,1.9115914283062,0.147880167010355,-1.9115914283062,48931.1428571429,321.701588569146,730.973293659868,0.0648921336603214,10.6750196232159,27.6925824162197,19.5297743948077,15.6803579797665,411.849753891173,52.7313323043654,24.020709929028,63.068251883213,6.60336244684446,48.4838253305298,110.376080383746,135.693578524362,847.782070794399,115.629666522998,0.15225707490972,0.0226220792228119,0.00336261400474064,0.0226220792228109,888.498894604988,88.48,11.52,0.58,0,0,0,0,3.9806,0.4359,0.9867,0.1136,0.0181,0.01,-0.3591,-3590
"Marion Island","PB1","PB1.1A",8,11.2,12.5,11.8,11.8,0.6,-46.5,110.6,6.4,13.8,79,0.08487,0.48874,22777.6428571429,55935.7142857143,1.33571428571429,24.6428571428571,126.142857142857,75.7857142857143,34.7142857142857,3456,91.2142857142857,204,128.5,0.105263157894737,15.0714285714286,154.642857142857,897.642857142857,41557.3571428571,6204.5,6.70064360407097,1.90187692665603,0.149336797338477,-1.90187692665603,47761.8571428571,655.341555942437,1881.10852868815,0.0822486180117038,12.0869105479195,26.8438709316188,24.9928561221573,20.1128683316794,835.019207517454,48.2400704353175,32.4108244026828,43.560303029249,0.458831467741123,34.2085555778854,103.827228637739,124.839963487324,1191.11515991353,195.168467661225,0.177963226699423,0.0265080558693685,0.00395046139345991,0.0265080558693685,1319.94527026067,89.34,10.66,0.53,0,0,0,0,3.8275,0.4574,1.0647,0.1135,0.0192,0.0096,0.0571,592.8
"Marion Island","PB1","PB1.1A",9,12.6,13.8,13.2,13.2,0.6,-40.6,127,24.1,29.6,84,0.09307,0.26736,22344.4615384615,54220.7692307692,1.32230769230769,19.7692307692308,115.692307692308,56.6153846153846,25.1538461538462,2784.92307692308,63.8461538461538,211.769230769231,100.538461538462,1.07692307692308,5.23076923076923,133.538461538462,883.307692307692,41067.1538461538,6062.53846153846,6.77507839719695,1.91313349059014,0.14763455560404,-1.91313349059014,47129.6923076923,995.59894999481,2402.61899302428,0.122144303056797,11.9802187386392,20.1551673084291,24.2539978200793,14.7413599205668,460.23625482616,43.1969253416763,33.6876679863563,44.6964118332695,3.8829013735766,13.1855593115717,80.280358104806,103.573954750044,1708.77626027877,259.769967273809,0.107722672340282,0.0159782712324863,0.00237034572726587,0.0159782712324863,1952.5027266142,89.37,10.63,0.53,0,0,0,0,2.9679,0.3725,1.1774,0.1252,0.022,0.0116,0.0355,304.8
"Marion Island","PB1","PB1.1A",10,13.9,15.2,14.5,14.5,0.7,-36.6,152.5,38.2,44.4,95,0.0834,0.18137,22222.4285714286,54481.5714285714,1.33428571428571,9.92857142857143,90.6428571428571,76.5714285714286,23.2857142857143,2854.71428571429,75.7142857142857,215.214285714286,104.571428571429,4.57142857142857,5.57142857142857,104,929.214285714286,41316.6428571429,6119.21428571429,6.75577690920246,1.91016894333008,0.148089377292994,-1.91016894333008,47435.8571428571,342.920200245281,1346.12233495301,0.101353477851169,9.10168442326251,18.2866371676451,26.1378425503486,14.2743911169003,1509.90271864787,45.7542407810527,41.0818668054384,62.3139869293642,8.30860800814234,20.8463768691691,61.1064644698088,109.221848033771,516.678833012846,182.32143153125,0.149860515855463,0.0222255643940309,0.00329841068381748,0.022225564394031,662.039838116066,88.89,11.11,0.56,0,0,0,0,4.2887,0.6047,0.9624,0.1069,0.0204,0.0089,0.0211,236.6
"Marion Island","PB1","PB1.1A",11,15.3,16.6,15.9,15.9,0.6,-25.5,170.8,56.3,61.1,98,0.07958,0.13089,22530.5714285714,56422.5,1.31714285714286,17.4285714285714,122.785714285714,99.5714285714286,28.8571428571429,4101.78571428571,74.8571428571429,212.142857142857,80.3571428571429,0.105263157894737,48.8571428571429,143.357142857143,942.357142857143,41739.7857142857,6171.92857142857,6.76633875636431,1.91166295771865,0.147878874129135,-1.91166295771865,47911.7142857143,323.570397591934,2813.25614109071,0.0820345678947011,9.20463332921387,13.446066461858,35.0224417848246,16.566217445137,3064.38316489937,43.3054573623537,14.4267760824055,33.5527303551546,0.458831467741123,59.7055043756206,54.8671222035665,96.247762925337,814.837140742901,181.260740492684,0.170046782443201,0.0253852728735369,0.00379205176001369,0.0253852728735371,920.908700775943,88.65,11.35,0.57,0,0,0,0,4.1237,0.6227,1.0868,0.1233,0.0248,0.0098,0.0181,184.6
"Marion Island","PB1","PB1.1A",12,16.7,17.9,17.3,17.3,0.6,-14.9,186.2,76.1,78.4,101,0.07958,0.10498,22404.8461538462,56545.3076923077,1.33153846153846,23,126,120.846153846154,24.4615384615385,4319.92307692308,45.2307692307692,217.692307692308,107.384615384615,1.15384615384615,30.0769230769231,77.4615384615385,939,41802.2307692308,6105.23076923077,6.84811372383155,1.92385920563214,0.146058810686632,-1.92385920563214,47907.4615384615,566.123491556664,1530.2554462472,0.080295927028934,11.060440015358,26.0704174624548,33.3162776878564,15.5757042891345,663.935295735267,39.7075850146078,39.1607469612634,35.8272207070231,2.82389075113733,38.6920782987542,53.5795598224662,93.0770290315142,803.899988995952,135.825963304857,0.108011079142603,0.0156927456828139,0.00228071205081856,0.0156927456828134,906.925724208311,89.33,10.67,0.53,0,0,0,0,3.5423,0.5597,1.1515,0.1228,0.0255,0.0098,0.0149,152.7
"Marion Island","PB1","PB1.1A",13,18.1,19.3,18.7,18.7,0.6,-5.3,200.4,94.6,95.6,103,0.08136,0.09025,21737.7692307692,54490.4615384615,1.34461538461538,15.5384615384615,127.692307692308,133.076923076923,27,3714.61538461538,49.2307692307692,194.153846153846,103.384615384615,4.69230769230769,51.5384615384615,82.6923076923077,978.461538461538,40645.7692307692,5882.61538461538,6.91557689652427,1.93329214713894,0.144740073673789,-1.93329214713894,46528.3846153846,343.128293268022,764.171186687971,0.109362957212469,10.4292488113589,30.9929685987661,40.6067759913325,14.7252617407411,490.374098429206,38.7710240732987,35.5571046671083,48.7571165088381,12.4992307455607,59.1024751097834,87.2939331753975,84.967263680996,587.190507678464,190.840482454823,0.225911370861791,0.0322587398582951,0.00461395447380786,0.0322587398582956,663.530398507551,89.07,10.93,0.55,0,0,0,0,3.6361,0.6127,1.0363,0.1133,0.0248,0.0092,0.0122,132.8
"Marion Island","PB1","PB1.1A",14,19.4,20.7,20.1,20.1,0.7,2.8,221.1,112.8,112.8,109,0.08745,0.08746,21344,55060.5,1.25214285714286,15.7142857142857,126,143.285714285714,18.1428571428571,6043.85714285714,62.5,194.357142857143,109.285714285714,7.5,31.0714285714286,116,892.357142857143,39068.7857142857,5818.5,6.7163379726948,1.90435347893349,0.148946779368051,-1.90435347893349,44887.2857142857,349.450997995427,2449.86799487395,0.063751750676242,10.5933837946041,30.6368305249643,28.4940711010569,14.265920352942,2430.9084676355,52.335823883249,27.5725815394071,48.2659755480442,12.4143217541429,49.0705368058836,87.1709196393455,89.0743916776716,373.901093168404,91.2256289899685,0.136564765590413,0.0201450560073968,0.00297300506872309,0.020145056007397,364.748264839323,89.67,10.33,0.52,0,0,0,0,4.082,0.7348,0.9981,0.1031,0.0237,0.009,0.0111,123
"Marion Island","PB1","PB1.1A",15,20.9,22.2,21.5,21.5,0.7,21.8,228.2,130.9,129,103,0.08591,0.07129,20875.7142857143,51402.3571428571,1.26071428571429,10.2142857142857,99.7142857142857,145.714285714286,28.7857142857143,2800.57142857143,81,197.071428571429,105.285714285714,7.92857142857143,31.4285714285714,122.428571428571,880.214285714286,38831.9285714286,5751.07142857143,6.75750055868603,1.91023759966956,0.148107029615913,-1.91023759966956,44583,212.14524363182,1219.9719168989,0.0701058853794399,7.14873384624128,35.1051794807209,40.5508770111526,17.5901133569994,1240.48921579573,43.5801648600687,22.3244063947761,39.5657749759884,19.6917174533796,38.5979558759554,69.9271206171268,112.192950945049,515.435658043191,180.367344940483,0.201680747945245,0.0299514429097217,0.00445265336772919,0.0299514429097222,599.585369555175,88.41,11.59,0.58,0,0,0,0,3.9806,0.7543,1.1213,0.1299,0.0311,0.0112,0.0119,106.9
"Marion Island","PB1","PB1.1A",16,22.3,23.5,22.9,22.9,0.6,33.1,237.9,150,145.3,102,0.08437,0.06175,20499.5384615385,50354,1.31307692307692,14.3076923076923,103.692307692308,139.153846153846,21.6923076923077,1944.07692307692,66.8461538461538,189.307692307692,89.2307692307692,5.23076923076923,14.9230769230769,159.461538461538,810.769230769231,38739.1538461538,5718.15384615385,6.77965061782147,1.91358464913,0.147600633928766,-1.91358464913,44457.3076923077,281.729957993056,1835.6502026984,0.103632734161285,7.66360027863988,23.410768944315,24.5317690415447,14.0379522211789,1525.14466316797,48.2525407860321,24.6657137723082,48.2219760519929,11.6200534002921,33.041543392275,99.685852711251,68.8393708161178,472.107834813518,176.954724036897,0.184648869982514,0.0271516345740627,0.00399629330332039,0.0271516345740622,582.496120819041,88.27,11.73,0.59,0,0,0,0,4.3273,0.8741,1.2467,0.1462,0.0368,0.0123,0.0121,98.4
"Marion Island","PB1","PB1.1A",17,23.7,24.9,24.3,24.3,0.6,41.3,250.5,170.5,161.6,105,0.08595,0.05786,21543,53523.9230769231,1.34769230769231,7.15384615384615,100.615384615385,104.153846153846,18.2307692307692,4082.76923076923,50.3846153846154,200.692307692308,104.461538461538,6.15384615384615,35.6153846153846,150.153846153846,954.384615384615,39635.1538461538,5831.30769230769,6.80089057109989,1.91666108259955,0.147154705216793,-1.91666108259955,45466.4615384615,402.088506011633,3446.72374537372,0.117200245033436,6.80497555526045,13.0226626920052,20.8360511047805,14.8163977074605,3805.01062534316,41.2503302240084,30.4996847398587,41.3271810971411,17.295693846765,46.1980130552864,82.2474378059343,90.783201880027,771.396336322845,162.834980176959,0.198954364912334,0.0291192156048724,0.00426820058559164,0.0291192156048724,832.765534768002,88.55,11.45,0.57,0,0,0,0,4.8578,1.042,0.9916,0.1135,0.03,0.0098,0.0092,93.8
"Marion Island","PB1","PB1.1A",18,25,26.2,25.6,25.6,0.6,53.7,261.7,186.9,176.9,104,0.08255,0.05035,22327.2307692308,53721.4615384615,1.33615384615385,9.84615384615385,130.461538461538,143.692307692308,28.1538461538462,1448.92307692308,48.0769230769231,217.846153846154,115.076923076923,4.23076923076923,4.46153846153846,164.692307692308,948.692307692308,41864.3076923077,6068.92307692308,6.90145452759504,1.9314383807734,0.144982468455641,-1.9314383807734,47933.2307692308,337.658395879167,782.2705856868,0.0980253760970819,7.95661311788454,20.2345224167979,29.4176381767374,18.4609775555817,510.707917427444,35.0439284766552,32.5060152224327,43.3233223150102,11.1814865302267,16.0863056905316,93.6735329174189,96.9539277314958,641.098846332787,154.282998382011,0.173525008935185,0.0252761509636424,0.00368486313114733,0.0252761509636426,702.89107191254,89.05,10.95,0.55,0,0,0,0,4.9854,1.1317,1.1532,0.1263,0.035,0.0104,0.0092,88.7
"Marion Island","PB1","PB1.1A",19,26.3,27.5,26.9,26.9,0.6,67.5,266.4,204.1,192.7,99,0.08573,0.04617,22391.0769230769,53623.4615384615,1.35230769230769,11.6153846153846,122.076923076923,115.615384615385,23.2307692307692,1612.84615384615,47.6923076923077,214.923076923077,84.3846153846154,0.105263157894737,31.0769230769231,139.923076923077,963.307692307692,41735.6153846154,6013.46153846154,6.94294707684005,1.93754281063509,0.144083859929507,-1.93754281063509,47749.0769230769,183.976656824746,646.841121062534,0.106626595037217,6.46192001315478,19.6827400635749,18.554148060647,17.1033809822982,507.850346420059,29.6995640130306,36.9627324442281,44.6328325741235,0.458831467741123,48.3071104815525,60.4282791669341,70.3294445394727,390.929349640388,134.084932899895,0.138630548408609,0.0199276484689966,0.00286513697152858,0.0199276484689973,467.179027343634,89.25,10.75,0.54,0,0,0,0,4.7689,1.1207,1.2457,0.134,0.0382,0.0115,0.0095,82.4
"Marion Island","PB1","PB1.1A",20,27.6,28.9,28.2,28.2,0.6,79.5,274.2,220.5,208.4,97,0.08108,0.03967,22456.9285714286,54954.7857142857,1.31071428571429,11.5,144.428571428571,166.5,35.7142857142857,2706.92857142857,43.7142857142857,231.357142857143,113.428571428571,1.21428571428571,26.7857142857143,165.142857142857,968.714285714286,41770.7142857143,6148.78571428571,6.79696935270312,1.91623677733163,0.14719527147517,-1.91623677733163,47919.5,357.58795890193,1162.98708098992,0.0733237589487448,10.3161561118023,37.0959551718228,47.0069552955076,19.4162048554554,1169.28844005402,32.6789242159544,38.0639282965203,30.1272028513825,3.55567956132961,42.0936292848885,111.08199130016,79.4155851507446,775.855699169675,192.498622800839,0.154071479296864,0.0227747433909868,0.00336850193016656,0.0227747433909862,919.34439432925,89.57,10.43,0.52,0,0,0,0,5.0786,1.2468,1.157,0.1207,0.0357,0.0098,0.0077,78.5
"Marion Island","PB1","PB1.1A",21,29,30.2,29.6,29.6,0.6,89.3,288.9,238.7,225.3,100,0.04411,0.02047,22521.0769230769,54690.5384615385,1.29230769230769,7.15384615384615,122.692307692308,113.692307692308,28,2210.30769230769,47.8461538461538,213.538461538462,109.307692307692,0.105263157894737,36,174.384615384615,953.846153846154,42142.7692307692,6252,6.74371877438628,1.90840844783723,0.148346430846165,-1.90840844783723,48394.7692307692,298.336069318496,973.970791432732,0.0859412440909336,6.66890987901014,26.0588584278764,35.148220949252,13.4350288425444,767.127584414243,51.6798577040194,27.8974771398639,36.6910175551288,0.458831467741123,52.6181210864343,107.281979273889,120.392999626118,440.005900310089,158.593295360596,0.141321372089013,0.0209862037759655,0.00311758169681157,0.0209862037759655,548.696812736954,89.55,10.45,0.52,0,0,0,0,4.8578,1.2363,1.0923,0.1142,0.0348,0.005,0.0039,76.9
"Marion Island","PB1","PB1.1A",22,30.4,31.6,31,31,0.6,121,335.6,266.6,256.4,107,0.03732,0.01637,22876.8461538462,54689.6153846154,1.25076923076923,10.3846153846154,153.384615384615,135.538461538462,33.6153846153846,1401.69230769231,51.2307692307692,234.538461538462,124.230769230769,0.105263157894737,43.0769230769231,207.153846153846,950.076923076923,42683.0769230769,6365.84615384615,6.70920055272213,1.90324338127063,0.149119361265731,-1.90324338127063,49048.9230769231,450.691662180447,982.939430014344,0.0681250735120752,9.28743292069505,24.6053465109329,28.8143927711349,17.4906568465303,267.877268108421,39.5540850105983,46.9851313087722,49.2513178269608,0.458831467741123,61.0552503044873,70.645648785383,110.945528329943,954.176299357939,233.416239849846,0.152246730443275,0.0226033499939102,0.00335704696674312,0.0226033499939099,1153.17116838297,89.28,10.72,0.54,0,0,0,0,4.8578,1.2849,1.0452,0.112,0.0352,0.0042,0.0031,75.3
"Marion Island","PB1","PB1.1A",23,31.7,33,32.4,32.4,0.6,144.3,435.6,294.4,293.1,146,0.03946,0.02037,23224.4285714286,56973.1428571429,1.29071428571429,10.2857142857143,195.928571428571,198.071428571429,29.7857142857143,3814.07142857143,65.2142857142857,226.357142857143,123.071428571429,2.42857142857143,34.6428571428571,183.5,988.928571428571,42401.2142857143,6349.35714285714,6.6798725324244,1.89866470603546,0.14983398186732,-1.89866470603546,48750.5714285714,330.439966451656,1961.78560175488,0.0791750043806839,10.2088089520659,36.824875133141,71.0660194528941,18.1920463238897,3030.70947429516,51.8001760784482,31.7989045356963,54.4263288742248,6.1857688498469,57.4102739972521,90.0023503966595,144.598363798443,1247.00226257098,147.341365617324,0.203543490961867,0.0306369983196873,0.00461493131448366,0.0306369983196877,1304.02788515995,88.47,11.53,0.58,0,0,0,0,4.8578,1.3335,1.2126,0.1398,0.0454,0.0055,0.0046,84.1
"Marion Island","PB1","PB1.1A",24,33.1,34.3,33.7,33.7,0.6,161,521.3,321.4,327.3,180,0.03661,0.0208,22253.6153846154,58726.3846153846,1.32307692307692,12,209.769230769231,292.307692307692,33.6923076923077,8587,169.384615384615,223.076923076923,119.769230769231,11.7692307692308,22.8461538461538,291.538461538462,931.538461538462,39384.3846153846,5972.92307692308,6.59605007789057,1.88625286293493,0.151672103288399,-1.88625286293493,45357.3076923077,299.307405649982,1995.37120767296,0.0902205275408185,11.2694276695846,36.359670529663,63.8649416286492,14.8514006936754,1849.28652908809,73.4263105223398,23.7643344056506,61.755099446866,20.9569155099768,30.2402770981742,109.812427487827,92.8292477119643,381.426606846267,112.233730475336,0.143257755662912,0.0217508964187505,0.00330376624952011,0.0217508964187504,389.809651115213,87.52,12.48,0.62,0,0,0,0,5.2022,1.493,1.1365,0.1419,0.0478,0.0052,0.0047,90.5
"Marion Island","PB1","PB1.1A",25,34.4,35.7,35.1,35.1,0.6,178.2,612.3,352.2,364.1,217,0.03978,0.02443,22791.7142857143,57166.9285714286,1.30928571428571,13.5714285714286,241.5,358.714285714286,44.7857142857143,5872.14285714286,122.071428571429,199.928571428571,142.857142857143,24.4285714285714,14.0714285714286,318.571428571429,974.785714285714,40325.7142857143,6169,6.53792205593167,1.87747131344461,0.152999124675265,-1.87747131344461,46494.7142857143,326.366341725045,2438.04137859395,0.0715180757909157,10.7611429598439,31.441643135767,38.5195825750779,19.8384962652398,2544.6290301533,45.259022535613,44.7135572036289,30.4197737888144,59.4432040311969,23.8954913214712,102.142219317151,111.418254664698,565.939304787445,94.9412773973795,0.116691590647488,0.017863669826247,0.002735265982881,0.0178636698262467,597.918624328329,86.61,13.39,0.67,0,0,0,0,4.7493,1.3963,1.1855,0.1587,0.0546,0.0063,0.006,95.8
"Marion Island","PB1","PB1.1A",26,35.8,37,36.4,36.4,0.6,215.9,639.2,390.3,398.6,212,0.03693,0.02025,22187.1538461538,56491.7692307692,1.31076923076923,10.0769230769231,315.153846153846,524.692307692308,49.8461538461538,5665.84615384615,111.153846153846,221.307692307692,123.076923076923,1.30769230769231,23.6153846153846,493.076923076923,996.615384615385,39547.3846153846,6136.23076923077,6.44791940990753,1.86355303988695,0.155152234618535,-1.86355303988695,45683.6153846154,273.081442721717,1695.81092469287,0.0695774794098323,8.47015877912508,50.1329002981843,81.7275806316169,23.366094217356,1379.42372304246,50.1412108513648,20.7500386159665,48.7142373755037,4.71495166791445,41.3088740699027,106.101729123879,79.2775067526917,484.266376157713,166.087905362469,0.135694271180375,0.0210502297081676,0.00326723162580829,0.0210502297081674,605.463395323717,86.74,13.26,0.66,0,0,0,0,4.6419,1.4088,1.176,0.1559,0.0551,0.0058,0.0052,90.2
"Marion Island","PB1","PB1.1A",27,37.2,38.4,37.8,37.8,0.6,243.7,664.6,429.7,435.7,210,0.03694,0.01845,21945.5384615385,54628.1538461538,1.30769230769231,14.6923076923077,296,532.384615384615,61.3076923076923,4755.76923076923,73.3846153846154,201.923076923077,95.3846153846154,2.23076923076923,30.8461538461538,447.153846153846,900.153846153846,39021.3076923077,6016.23076923077,6.48759810589451,1.86955316021045,0.154245253893257,-1.86955316021045,45037.5384615385,368.895336417756,915.619630464697,0.0740668443765322,10.6722741670853,54.937843665971,102.708761766413,17.7735037597384,962.804770262916,36.7299570322338,26.0910634076802,53.6058741519038,5.54006387077872,55.5470463568889,97.9003286969679,88.7128759480514,944.246117688196,116.943828286742,0.175218649184535,0.027161893903452,0.00421320811113173,0.0271618939034509,979.416885650557,86.21,13.79,0.69,0,0,0,0,5.0786,1.6023,1.0846,0.1495,0.0547,0.0055,0.0048,86.5
"Marion Island","PB1","PB1.1A",28,38.5,39.8,39.2,39.2,0.6,263,720.9,465.2,472.8,229,0.04041,0.02021,21749.4285714286,56612.2142857143,1.285,18.2857142857143,370.214285714286,757.642857142857,80.8571428571429,7204.21428571429,96.1428571428571,208.857142857143,119.857142857143,7.5,13.7142857142857,680,909.714285714286,37951.3571428571,6005.21428571429,6.32202576952553,1.84377432692837,0.158260431466344,-1.84377432692837,43956.5714285714,302.225772531757,1417.9432113274,0.0614879600472258,11.8284440190622,50.0940324580891,89.7566000511787,21.3103699670341,1196.89805353232,36.5615542988431,33.6951426375173,54.6764710228859,13.3229125944742,19.9323030103574,133.740276425845,80.3860192316555,629.906416387858,131.454688637702,0.152414192326525,0.0238086317426692,0.00372222801751879,0.0238086317426694,677.877764597913,85.62,14.38,0.72,0,0,0,0,5.1908,1.6922,1.1663,0.1677,0.0631,0.0068,0.0059,87.6
"Marion Island","PB1","PB1.1A",29,39.9,41.2,40.5,40.5,0.6,292.2,764.7,499.1,506.8,236,0.03851,0.01855,21162.7142857143,56101,1.35142857142857,17,454.714285714286,932,80.1428571428571,8628.92857142857,112.142857142857,210.428571428571,137.357142857143,10.2857142857143,56.6428571428571,846.428571428571,901.357142857143,35812.6428571429,5812.21428571429,6.16338992191497,1.8181705613164,0.162396425951903,-1.8181705613164,41624.8571428571,385.650784353575,1438.93186880996,0.0806566457614901,14.1855831473637,80.5007678620125,138.192173885054,24.4944487992284,1686.87049634184,47.4631146549323,40.4108026031774,46.9428574772762,18.1507726956884,83.9025140751567,178.575437317641,78.9163209626863,1155.62780853877,150.959076763018,0.193386052155555,0.031341694665686,0.00508414807970785,0.0313416946656855,1227.8775219016,83.43,16.57,0.83,0,0,0,0,4.6419,1.5481,1.2167,0.2016,0.0773,0.0078,0.0067,86.5
"Marion Island","PB1","PB1.1A",30,41.3,42.5,41.9,41.9,0.6,326,789.1,535.8,542.4,232,0.03851,0.01702,21076.3076923077,56875.0769230769,1.29538461538462,17.0769230769231,457.076923076923,965.769230769231,93.5384615384615,10084.4615384615,148.846153846154,203.538461538462,146.769230769231,20.1538461538462,14.3076923076923,761.307692307692,889.615384615385,35259.0769230769,5768,6.1168552785573,1.81047503758992,0.163668012506051,-1.81047503758992,41027.0769230769,367.948000088641,1377.25968632998,0.0693560120700175,14.4594924902959,105.132029323815,167.253377567367,24.1682139204072,1026.91866079911,68.1601620619236,37.003638074779,49.5263462649828,25.0228101068011,26.7967181304745,123.106582964644,93.254614239313,757.869212720601,144.216850610461,0.218126154310666,0.0350318686433832,0.00563494701956789,0.0350318686433826,751.234146980649,79.39,20.61,1.03,0,0,0,0,4.2249,1.4428,1.272,0.2622,0.1026,0.0101,0.0084,83.3
"Marion Island","PB1","PB1.1A",31,42.7,43.9,43.3,43.3,0.6,354.5,817.5,574.1,578,231,0.03851,0.01598,19645.4615384615,54974.6153846154,1.34615384615385,22.1538461538462,522.461538461538,1238.46153846154,105.076923076923,12284.2307692308,220.153846153846,184.538461538462,123.769230769231,15.0769230769231,39.3846153846154,1094.92307692308,918.846153846154,30917.3076923077,5315.61538461538,5.81292745757208,1.75950105669239,0.172231508734756,-1.7595010566924,36232.9230769231,891.119017058946,2380.91262399041,0.0585289759490205,12.4019229278242,107.327082155915,162.80285387784,22.1075459909866,1403.43876210341,56.7961943470484,38.3918728044869,32.6270691455062,19.9226066670568,44.6720241716194,188.240741931913,96.0163581148599,2056.17080940176,243.783216014262,0.206278973124292,0.0355819762208491,0.00614456788437316,0.0355819762208497,2272.12413325572,73.61,26.39,1.32,0,0,0,0,4.3273,1.5232,1.2736,0.3361,0.1351,0.0129,0.0106,81.7
"Marion Island","PB1","PB1.1A",32,44,45.3,44.7,44.7,0.6,370.7,857.4,610.8,613.7,243,0.03973,0.01631,17843.8181818182,53673.9090909091,1.36090909090909,17.9090909090909,599.727272727273,1472.36363636364,131.636363636364,15633.6363636364,199.272727272727,188.181818181818,137.090909090909,36.9090909090909,67,1459.27272727273,862,26079.6363636364,4919.09090909091,5.30640176261547,1.66803097793209,0.188784788019049,-1.66803097793209,30998.7272727273,474.691019123349,3833.05380746333,0.102611358577357,9.7923903665504,103.090339905435,312.580956786325,30.6146132664541,3507.16353404649,72.1873824280821,45.331706744437,34.757602176947,44.1983134190764,42.9301758673314,447.814267505869,95.6639953169425,1188.48872714278,222.665423694589,0.23383772087983,0.0440824779463805,0.00832465344869206,0.04408247794638,1323.26966948609,72.18,27.82,1.39,0,0,0,0,4.1237,1.4887,1.3275,0.3693,0.1518,0.0147,0.0121,82.2
"Marion Island","PB1","PB1.1B",38,45.1,46.2,45.7,45.7,0.6,403.2,877.4,636.9,639.3,237,0.03942,0.01509,18043.3333333333,56475.9166666667,1.37833333333333,23.4166666666667,671.166666666667,1467.75,149.333333333333,18758.5833333333,239.333333333333,198.916666666667,134,48.0833333333333,60.5,1593.58333333333,869.333333333333,25426.4166666667,4883.75,5.20934036375603,1.6496563191113,0.192267064241681,-1.6496563191113,30310.1666666667,205.185651338371,2919.42888120678,0.102410345121373,14.2602966521058,172.607191113935,418.036780678447,20.0876865645388,2723.59099380123,61.9843577530703,41.7339154282185,47.4763098818769,39.5806617918244,54.5168864581508,414.891542965439,93.508709689947,797.334589096508,108.363131100103,0.218670749333514,0.0415623577289381,0.00791154683070148,0.0415623577289382,783.057391758662,71.09,28.91,1.45,0,0,0,0,3.3682,1.413,1.4175,0.4098,0.1924,0.0162,0.0138,85.2
"Marion Island","PB1","PB1.1B",39,46.4,47.6,47,47,0.6,446.3,898.8,672.9,672.7,226,0.03938,0.01373,18223.5384615385,54931,1.33461538461538,19.4615384615385,509.384615384615,1038.69230769231,122.384615384615,16753.9230769231,175.230769230769,185.923076923077,119.846153846154,41.3846153846154,37.9230769230769,1200.76923076923,817.153846153846,27081.3846153846,4963.84615384615,5.45397837106966,1.69530145672037,0.183735067100314,-1.69530145672037,32045.2307692308,1077.5510517979,3768.46971594572,0.085011311464552,11.251780485886,125.746794830948,246.469533146048,36.6959090852065,2820.62213768341,47.0126824132841,32.9632662683315,30.3996879201255,43.5536804061732,44.2124822843458,131.763142194719,69.9748123182503,1760.98417267455,170.598381271065,0.259733676758181,0.0475291283544775,0.00871464507893623,0.0475291283544772,1883.44091818875,74.24,25.76,1.29,0,0,0,0,4.173,1.8069,1.1934,0.3074,0.1485,0.0121,0.0101,83.2
"Marion Island","PB1","PB1.1B",40,47.8,49.1,48.4,48.4,0.6,476,922.7,713.7,708.7,223,0.03741,0.01229,17077.5714285714,61175.8571428571,1.38071428571429,52.2857142857143,1009.57142857143,1723.85714285714,179.714285714286,27945.7857142857,193.714285714286,180.642857142857,114.5,37.2142857142857,58.1428571428571,1411.07142857143,729.642857142857,21554.7142857143,4381.28571428571,4.8777719625615,1.57892308484149,0.207414316048796,-1.57892308484149,25936,1084.97775335475,4786.65203146517,0.0713026362350364,42.9927159687967,515.605650486093,582.422772317743,77.0348857750411,7409.84532360698,63.0938599614508,35.5822063199207,34.0875569447495,43.9863240484665,55.9324553407014,262.393850855985,97.3807808734171,4196.05300671534,413.454569836495,0.537378501386109,0.112088035332533,0.0235710160056469,0.112088035332533,4597.44984496004,58.05,41.95,2.1,0,0,0,0,3.9806,1.7495,1.2786,0.5364,0.2626,0.0201,0.0164,81.8
"Marion Island","PB1","PB1.1B",41,49.3,50.5,49.9,49.9,0.6,495.5,961,754.6,747.3,233,0.04402,0.01424,16071.9090909091,66787.0909090909,1.35636363636364,69.3636363636364,1364.18181818182,2255.18181818182,259.090909090909,37993.9090909091,238.090909090909,171.727272727273,104.545454545455,60.2727272727273,72.1818181818182,1738.27272727273,726.181818181818,16348,4016.90909090909,4.05994596955365,1.39850413560633,0.247630758188381,-1.39850413560633,20364.9090909091,1822.50127322564,9947.37653308193,0.0461026522605212,40.6356314760155,531.028025283378,521.130275110134,70.3227623823959,7981.19848712642,88.6797096809124,32.5425595462032,51.8331238425076,40.4674953736722,40.7819032950111,232.582497582725,91.2006778284221,2198.61201670508,347.388098398737,0.30927895986061,0.0767672235460619,0.0190987873302594,0.0767672235460623,2500.98406450523,54.13,45.87,2.29,0,0,0,0,3.768,1.6956,1.5497,0.7109,0.3555,0.0313,0.0258,82.3
"Marion Island","PB1","PB1.1B",42,50.6,51.8,51.2,51.2,0.6,545.2,975.3,786,778.9,215,0.03961,0.0114,15603.6923076923,65775.2307692308,1.35461538461538,80.4615384615385,1542.92307692308,2497,257.769230769231,36975.3846153846,194.692307692308,171,124.692307692308,79.1538461538462,61.7692307692308,1607.84615384615,701.923076923077,16194.4615384615,3884.61538461538,4.15446699257775,1.42045755053206,0.242483116908438,-1.42045755053206,20079.0769230769,1815.1687885068,8024.49069156257,0.0647579318971023,28.0820683729415,382.749147949947,310.749094930299,67.4217495152144,6399.86164614077,52.4235707409441,35.5949434611154,33.4922493904302,31.2379207423876,51.9729959468598,137.53656856381,106.73289210178,2480.24863052694,340.939764587417,0.37796563542093,0.0893235409284677,0.0212478402568747,0.089323540928468,2775.23288697058,56.61,43.39,2.17,0,0,0,0,3.6744,1.6884,1.3229,0.5741,0.2925,0.0227,0.0181,79.7
"Marion Island","PB1","PB1.1B",43,52,53.1,52.6,52.6,0.6,592,998.4,821.3,812.8,203,0.04185,0.0109,17014.4545454545,71384.3636363636,1.38636363636364,80.7272727272727,1703.18181818182,2900.90909090909,276.363636363636,39848.9090909091,261.090909090909,187.090909090909,128,76.7272727272727,45.1818181818182,1666.63636363636,718.272727272727,17792.5454545455,4175.45454545455,4.24076886579134,1.44276685984948,0.236738195733579,-1.44276685984948,21968,1776.39412088851,5487.34387974232,0.0735217963970858,23.8708647061262,198.870720912767,259.769303246344,37.0358548632882,2917.89172021669,41.7215880461292,49.4579711380371,47.1487009365051,51.4744420253215,51.30461613114,167.899537061466,112.58427146728,3116.57505488433,516.593333994229,0.280486937906511,0.0658804370388693,0.0155242196938467,0.0658804370388695,3614.11989286465,59.61,40.39,2.02,0,0,0,0,3.1172,1.4589,1.4442,0.5833,0.3022,0.0244,0.019,77.8
"Marion Island","PB1","PB1.1B",44,53.3,54.5,53.9,53.9,0.6,621.1,1018.5,855.2,844.3,199,0.04125,0.01015,16945.4615384615,76043.4615384615,1.37692307692308,118.230769230769,2186.92307692308,2986.84615384615,337,45487.8461538462,215.692307692308,223.538461538462,140.153846153846,124.846153846154,60.4615384615385,1737.15384615385,671.153846153846,16203.0769230769,4008.07692307692,4.02731308666425,1.38856170221201,0.250592845627633,-1.38856170221201,20211.1538461538,1167.21896084844,5173.15341636325,0.0946383128358185,41.5113515522237,612.474279941406,328.991348962716,76.8233905352617,4387.67612839557,72.6640495882531,21.3643604499619,34.1536873408181,37.5917680568635,69.3176449213034,155.581086122235,41.2570118360628,2363.3688688515,231.314166426839,0.394961213077541,0.0997296104400411,0.0253766384589693,0.0997296104400408,2571.85211621748,55.35,44.65,2.23,0,0,0,0,3.4327,1.6443,1.4306,0.6388,0.3379,0.0264,0.0204,77.5
"Marion Island","PB1","PB1.1B",45,54.7,55.8,55.2,55.2,0.6,654.6,1045.9,887.3,876.3,196,0.03743,0.00873,16674,77864.1666666667,1.37833333333333,118.166666666667,2209.91666666667,3336.91666666667,332.833333333333,48023.5,259,178,106.083333333333,102.916666666667,62.1666666666667,2075.25,704.083333333333,14820.6666666667,3984,3.71699560475162,1.31204022726506,0.269503470626857,-1.31204022726506,18804.6666666667,995.890282383283,5297.49775980618,0.0623528570947538,41.9216440806446,364.064294604759,329.466085531047,66.5484558024976,4493.82480339814,106.592682675688,32.3222411464192,34.563402434928,24.8795583610808,61.1865007888822,146.823409701463,84.0924365135645,1368.91923749646,282.447420690198,0.163310449741362,0.0435924880453658,0.0116534781721226,0.0435924880453666,1625.40648529045,47.62,52.38,2.62,0,0,0,0,3.1172,1.5212,1.8913,0.9906,0.533,0.0371,0.0286,77.1
"Marion Island","PB1","PB1.1B",47,57.9,59,58.4,58.4,0.6,850.6,1111.5,957.2,961.4,130,0.03813,0.00553,18726.1666666667,78425,1.42416666666667,100.416666666667,2007.91666666667,3418.41666666667,291.083333333333,42247.6666666667,266.5,218.833333333333,136.583333333333,105.666666666667,67.5,1843.83333333333,861.833333333333,20305.5833333333,4622.91666666667,4.38897857820873,1.47671066315821,0.228948813362892,-1.47671066315821,24928.5,627.072249474178,4861.55736364388,0.0546822778891984,42.4702212964531,555.863203958628,227.635058145642,79.00800688231,5482.39487041489,88.2903268664343,33.465948320191,48.1370360785149,40.6321264145712,49.8096376216491,172.441206493604,112.230147734938,1889.69311882468,199.755968545866,0.312248237326053,0.0726713713197236,0.0169886863593686,0.0726713713197232,2029.63070980457,53.46,46.54,2.33,0,0,0,0,3.2835,1.6713,1.6106,0.7496,0.419,0.0286,0.0201,70.4
"Marion Island","PB1","PB1.1B",48,59.2,60.3,59.7,59.7,0.6,909.6,1147.7,987.6,995.9,119,0.02007,0.00259,18310.75,70561.9166666667,1.36083333333333,52.9166666666667,1363.33333333333,3155.25,196.25,34336.3333333333,219.166666666667,193,151.25,97.9166666666667,47.25,1946.91666666667,888.75,21235.5,4562.58333333333,4.62310879905219,1.52746090364255,0.217910665621359,-1.52746090364255,25798.0833333333,1624.22233839627,4312.29695086322,0.089489291724392,16.4342122821063,273.953324934056,299.777531149048,32.9024038911776,4015.73748085598,86.7366267746355,36.5886221758523,28.7532606846598,39.1743383846975,47.8123700235904,254.642515315217,112.749218904773,3660.83315157033,451.907765797268,0.400301525564118,0.089829887810242,0.020332566530126,0.0898298878102419,4100.25862728268,58.01,41.99,2.1,0,0,0,0,3.8869,2.027,1.5123,0.635,0.3629,0.0127,0.0089,70.1
"Marion Island","PB1","PB1.1B",50,61.7,62.9,62.3,62.3,0.6,971.1,1388.4,1113.1,1130.8,209,0.01837,0.00357,17341,81925.0769230769,1.43,153.384615384615,2964.76923076923,4477.92307692308,317.846153846154,48824.0769230769,174.692307692308,127.461538461538,88.4615384615385,131.384615384615,54.2307692307692,2512.15384615385,787.307692307692,15564.5384615385,4076.76923076923,3.80216715130127,1.3319651802074,0.264888163461836,-1.3319651802074,19641.3076923077,1243.79855014119,4900.30139313795,0.111430097669645,40.8136792050951,492.445962153235,535.014090396764,43.9542302739379,3805.87498615711,82.554410961685,30.5139732598455,41.0459404907383,37.5445035070347,41.0713887561521,309.300782991208,94.6805018781451,2320.30355827941,274.664994082535,0.34029086087908,0.0878687165687314,0.0228415201959534,0.0878687165687313,2571.77044674855,47.14,52.86,2.64,0,0,0,0,3.768,2.0347,1.5664,0.828,0.4885,0.0152,0.0119,78.4
"Marion Island","PB1","PB1.1B",51,63.1,64.1,63.6,63.6,0.5,985.2,1578.3,1174.2,1202.6,297,0.01767,0.0045,16603.6363636364,78120.0909090909,1.39272727272727,122,3097.63636363636,4567.72727272727,299.181818181818,45809,260.727272727273,127.727272727273,127,139.636363636364,67,2604.81818181818,778.454545454545,14613.7272727273,3952.45454545455,3.69638316747089,1.30693662111726,0.270761538293747,-1.30693662111726,18566.1818181818,1110.19793485011,6386.24101415763,0.0936045841923256,28.3548937575157,286.24055363532,454.597424301786,39.4178086195014,4559.84091827774,72.2939705772078,32.9426498906536,36.6878726556883,31.1553293266906,54.6351535185909,210.516421298586,67.3355235167347,946.720348456617,201.851115249019,0.111888700458897,0.0303634041692508,0.00824429215250727,0.0303634041692507,1129.54166086797,49.2,50.8,2.54,0,0,0,0,3.2151,1.7667,1.7415,0.8847,0.5304,0.0156,0.0134,85.4
"Marion Island","PB1","PB1.1B",52,64.3,65.4,64.9,64.9,0.5,997.4,1772.2,1233.1,1274.3,387,0.01876,0.00586,15811.5,71909.25,1.43083333333333,90.4166666666667,2369.58333333333,3602.5,284.583333333333,41813.9166666667,212,131.333333333333,130.833333333333,124.833333333333,59.3333333333333,2464.91666666667,765.416666666667,14497.1666666667,3880.5,3.73396496981824,1.31667818644668,0.268237449578157,-1.31667818644668,18377.6666666667,538.763314537014,3556.72732936537,0.0820707381507323,16.6430893839583,212.39862109351,320.432803904628,35.0932739821733,3166.44574069853,83.1930941189887,23.959561892084,32.9430178375088,32.2203587061273,31.6725672333569,159.370613427452,102.672877124242,970.043750965841,156.075447955614,0.154970222877675,0.0416240543569146,0.011196424424979,0.0416240543569144,1100.29023719226,47.24,52.76,2.64,0,0,0,0,3.7179,2.0876,1.8043,0.9519,0.5821,0.0179,0.0165,92.4
"Marion Island","PB1","PB1.1B",53,65.6,66.7,66.2,66.2,0.5,1047.3,1825.4,1305.5,1343.2,389,0.01919,0.00572,16082.5,65439,1.35,57.5,1375.66666666667,2681.75,236.666666666667,35083.25,209.083333333333,128,115.25,82.1666666666667,44.5833333333333,2192.33333333333,814.833333333333,16719.9166666667,4071.58333333333,4.10382661314783,1.40886475050783,0.245167162834369,-1.40886475050783,20791.5,449.464833289142,5355.19209399965,0.0996357000641473,18.2133816938885,276.224985155656,290.411033161308,42.0872110424691,6120.37016297366,78.4630293176154,30.1390715909372,26.1816208957213,35.8325228942883,45.4001568546216,275.465996361647,135.087065078471,1648.55912063912,161.920551973847,0.335219193950046,0.0816340160181109,0.019972850131922,0.0816340160181105,1748.17746654779,50.23,49.77,2.49,0,0,0,0,3.454,1.9688,1.5285,0.7608,0.4717,0.0146,0.0134,91.8
"Marion Island","PB1","PB1.1B",55,68.3,69.4,68.8,68.8,0.5,1099.2,1994.4,1448.2,1480.6,448,0.01842,0.00571,16603,64199.1666666667,1.37,51.1666666666667,1326.33333333333,2709.08333333333,250,31499.1666666667,192.333333333333,149.5,138.416666666667,75.5,64.75,2069.08333333333,819.25,18825.8333333333,4348.16666666667,4.33091068809325,1.46527966333768,0.231129599856622,-1.46527966333768,23174,696.254786175813,4042.39773206972,0.0782768977877427,12.0817919602059,229.694790906753,291.381492621656,33.7423391978899,2752.94080223423,58.905677042869,35.0856095856977,31.2103081262158,38.5498496636616,40.9370359099301,178.353305310419,80.6700631641571,861.393673418873,173.222312930435,0.142096269712785,0.0330492818664297,0.0076931371243116,0.0330492818664295,991.587065814651,56.24,43.76,2.19,0,0,0,0,3.454,2.0379,1.4777,0.6467,0.4139,0.0119,0.0113,95
"Marion Island","PB1","PB1.1B",56,69.5,70.6,70.1,70.1,0.5,1126.8,2098,1513.6,1549.4,486,0.01866,0.00599,17805.4166666667,69745.5833333333,1.47416666666667,58.5833333333333,1192,2575.83333333333,224.666666666667,35822.6666666667,284.166666666667,177.083333333333,167.916666666667,77.1666666666667,54.6666666666667,1881.08333333333,848,20140,4430.25,4.54582509076004,1.5135423238405,0.220277466666782,-1.5135423238405,24570.25,678.124077991274,4097.1726051096,0.111229356273286,16.2226459748169,209.353116224066,250.800113575925,34.9423768076772,3780.93954973997,89.4974182800145,27.6749257478952,54.0714314307444,30.2379452564709,51.2947513411608,164.061218248961,80.1169599568485,1147.36995698067,184.927565672224,0.172335947886306,0.0382640091126035,0.0085031531941959,0.0382640091126039,1292.03153106754,64.39,35.61,1.78,0,0,0,0,3.297,1.9782,1.5272,0.5438,0.3535,0.0101,0.0099,97.1
"Marion Island","PB1","PB1.1B",57,70.8,72,71.4,71.4,0.6,1194.5,2147.1,1585,1620.1,476,0.01864,0.00564,15893.2307692308,68179,1.41076923076923,85.6153846153846,1812.61538461538,3134.23076923077,310.846153846154,37935.1538461538,255.923076923077,135.846153846154,116.384615384615,81.5384615384615,81.5384615384615,2271,776.846153846154,15706.5384615385,4129.61538461538,3.79889815478824,1.33309366333967,0.264085901665654,-1.33309366333967,19836.1538461538,748.931366887309,2184.26894711556,0.0904121616507369,39.2418536377052,452.962753888503,244.940521299272,42.5300798530604,2049.01467564916,67.1633103443409,24.8892418320518,33.2979940875785,47.2874461575434,51.222741343755,192.991364228213,94.4279673912397,1398.19190476991,177.783359955096,0.225175256169873,0.0591650411466471,0.0155868603412414,0.059165041146647,1546.58170633141,51.7,48.3,2.41,0,0,0,0,3.4006,2.0676,1.5679,0.7572,0.4983,0.0141,0.0136,96
"Marion Island","PB1","PB1.1B",58,72.2,73.4,72.8,72.8,0.6,1245.9,2221.3,1673.7,1696.1,488,0.01864,0.00552,18428.3076923077,70573.7692307692,1.40384615384615,50.0769230769231,1225.69230769231,3238.53846153846,241.153846153846,34225,227.692307692308,169.846153846154,128.461538461538,91.4615384615385,52.6153846153846,2095.46153846154,918.230769230769,21601.6923076923,4649.30769230769,4.64663448354898,1.53566645391407,0.215413978967289,-1.53566645391407,26251,496.919071985131,2648.56851757845,0.068134482402875,18.1588432931062,110.001048946048,210.947313874269,34.4476563156483,2420.38361284597,65.1388064256945,18.156018992087,55.8936719504325,20.7589955786858,46.8197580471081,158.55262816313,83.9922157565349,1061.06702463569,184.530207380519,0.149971188987404,0.0320738815238937,0.00686735147738439,0.032073881523894,1206.24838514572,64.23,35.77,1.79,0,0,0,0,4.1237,2.5608,1.2595,0.4506,0.3023,0.0084,0.0081,96.7
"Marion Island","PB1","PB1.1B",59,73.6,74.8,74.2,74.2,0.6,1276.3,2316.3,1764.2,1772.2,520,0.01742,0.00525,18595.6923076923,64344.8461538462,1.40769230769231,29.2307692307692,838.769230769231,2197.23076923077,199.153846153846,26920.4615384615,285.461538461538,183.307692307692,175,74.2307692307692,35.4615384615385,1773.53846153846,877.307692307692,24069.3846153846,4857.07692307692,4.95499115424893,1.59966618229323,0.202111100942334,-1.59966618229323,28926.4615384615,461.675099432379,2233.96172177568,0.0822753351207442,19.9380450652927,221.877651663461,267.161360057349,38.929093991183,2215.62059084224,69.7646225826713,34.6924213995521,37.7094152699296,53.2981454432732,39.7358263716246,211.414133627428,70.1360399692205,1300.21655494136,166.491972548459,0.197049872539973,0.0397407468765634,0.00802522841185115,0.0397407468765628,1420.99505132757,70.1,29.9,1.5,0,0,0,0,3.4907,2.1939,1.1504,0.344,0.2334,0.006,0.0059,98
"Marion Island","PB1","PB1.1B",60,75,76.2,75.6,75.6,0.6,1341.5,2406.5,1843.4,1850.7,532,0.01673,0.00494,17314,65853.7692307692,1.38923076923077,45,1015.53846153846,2640.23076923077,213.230769230769,32637.1538461538,271.615384615385,158.384615384615,135.769230769231,81.3846153846154,67.1538461538462,2030.61538461538,852.846153846154,19795.6923076923,4358.53846153846,4.53041892845161,1.50921285401512,0.221433297658853,-1.50921285401511,24154.2307692308,1284.90246063012,4035.50905821984,0.0599251670087421,18.8502873541316,215.562680514901,354.518488903412,16.3765780214399,1994.53343943531,57.07821893615,38.2677811863071,41.5514818150405,48.3434560575653,62.5444457350746,132.714316272171,58.3792859295232,2328.25515442414,298.919335658919,0.268765454406617,0.0587061372868635,0.0128599214794987,0.0587061372868633,2607.19683932272,61.16,38.84,1.94,0,0,0,0,3.611,2.311,1.2792,0.4968,0.3428,0.0083,0.0082,98.5
"Marion Island","PB1","PB1.1B",61,76.4,77.6,77,77,0.6,1432.1,2445.8,1936,1932.4,507,0.01802,0.00487,18421.7692307692,65662.3846153846,1.39615384615385,34.2307692307692,890,2308.76923076923,198.384615384615,28974.1538461538,263.461538461538,176.153846153846,159.384615384615,69.4615384615385,65.3076923076923,1709,880.076923076923,23468,4692.23076923077,5.00125946948954,1.60840788183416,0.200465405316216,-1.60840788183416,28160.2307692308,987.969057700877,3268.40319163302,0.0798476112707263,22.1402869830612,167.332005306815,250.359459526416,34.1748895670941,3161.52022625598,88.8328161816861,24.4159993782975,47.6751830297806,36.1930365876628,63.0401784782063,131.009541637241,91.1532240593291,2035.36098354403,315.439945115325,0.262216984377488,0.0528370004129106,0.0106632331881849,0.0528370004129113,2293.90649888809,70.42,29.58,1.48,0,0,0,0,3.4006,2.2036,1.3885,0.4108,0.2867,0.0074,0.0072,96.8
"Marion Island","PB1","PB1.1B",62,77.7,78.9,78.3,78.3,0.6,1482.1,2488.3,2025.3,2008.3,503,0.01643,0.00424,18248.8461538462,66842.2307692308,1.41769230769231,45.3846153846154,1079.53846153846,2644.69230769231,198.615384615385,30791.8461538462,292,164.230769230769,135.076923076923,70.5384615384615,51.6923076923077,1767.15384615385,847.230769230769,22383.6153846154,4693.15384615385,4.76156444101783,1.55923618867629,0.210580766163751,-1.55923618867629,27076.7692307692,1128.22506960815,5535.31927946718,0.0815632521578444,29.1362845421834,370.534212407036,614.637479144602,44.9565317121967,4733.44618726064,71.8505393159996,34.8524361801626,50.7025008233676,35.4227219559597,49.224629024139,213.735368370113,84.5863994644468,2194.76432062236,278.162975655713,0.25567231006754,0.0539894469310775,0.0114349966411519,0.0539894469310774,2446.00869287928,64.87,35.13,1.76,0,0,0,0,3.7018,2.4451,1.3982,0.4912,0.349,0.0081,0.0078,96.8
"Marion Island","PB1","PB1.1B",63,79.1,80.2,79.7,79.7,0.6,1526.9,2568.5,2113.8,2090.1,521,0.0171,0.00438,18789.4166666667,66542.0833333333,1.36333333333333,44.5,1034.33333333333,2687.75,157.416666666667,27705.0833333333,219.583333333333,168.583333333333,168.833333333333,74.4166666666667,39.6666666666667,1658.16666666667,931.666666666667,25036,4837.58333333333,5.17890064933611,1.64371354088508,0.193427142473803,-1.64371354088508,29873.5833333333,752.659823961702,3121.95260747714,0.0690629927652789,16.4455022864778,218.046005709943,411.677968805716,26.8479162331196,3058.87788273987,59.9173041227101,21.5088072165517,42.2908400426753,36.7088256252891,48.3892049068297,147.710917509557,70.3256494438336,1432.10258647271,257.987828582997,0.229515578751789,0.043548312436195,0.00828026682109124,0.0435483124361949,1619.78648751973,68.98,31.02,1.55,0,0,0,0,3.2589,2.177,1.201,0.3725,0.2675,0.0064,0.0062,97.4
"Marion Island","PB1","PB1.1B",64,80.4,81.5,81,81,0.5,1658,2607.4,2185.6,2167.2,475,0.01669,0.00377,19450.5833333333,64025.4166666667,1.3575,26.6666666666667,787.583333333333,2457.5,150.333333333333,23119.5,172.083333333333,179.25,120.5,44.5,33.9166666666667,1442.41666666667,1006.33333333333,27547.8333333333,5111.33333333333,5.38948570470771,1.68393056168389,0.185739515538747,-1.68393056168389,32659.1666666667,722.328741367849,2634.23300751448,0.0673018978524785,18.1825757417936,160.14281031932,325.044192799575,30.230428178886,2584.99824160306,63.1872517829252,25.005908392727,43.1898557113084,38.0585673069093,44.3466885785037,184.553248454617,82.2516463867644,1356.00421247223,183.299225477376,0.18124334799376,0.0336829374553665,0.00626644827582235,0.0336829374553663,1496.69865998065,73.01,26.99,1.35,0,0,0,0,2.7977,1.8913,1.3489,0.364,0.2643,0.0061,0.0058,95.2
"Marion Island","PB1","PB1.1B",65,81.7,82.8,82.3,82.3,0.5,1773.3,2634.7,2263.2,2244.6,431,0.01669,0.00332,18342.75,67634.6666666667,1.41166666666667,43.25,1073.75,2639.91666666667,191.583333333333,31128.4166666667,257,138.083333333333,98,62.9166666666667,32.1666666666667,1895.58333333333,936.75,22775.0833333333,4775.58333333333,4.77029978238901,1.56140756742422,0.21004470954642,-1.56140756742422,27550.6666666667,1058.50796578786,5710.32449855417,0.0851558286408814,22.7041245752236,204.598553713896,377.70129090528,33.2468955032806,5141.19942599767,75.8167647567596,32.2475040142879,47.443746594352,51.2612884833155,41.3451840293914,157.447514102223,76.7358219063063,1555.31613029362,260.345734582212,0.22628453521262,0.0464090968631161,0.00953585733750946,0.0464090968631164,1752.12371570946,63.9,36.1,1.81,0,0,0,0,3.0357,2.0871,1.5281,0.5517,0.4068,0.0092,0.0086,93.6
"Marion Island","PB1","PB1.1B",66,83,84.1,83.6,83.6,0.5,1846.4,2668,2345,2322.1,411,0.01669,0.00306,18904.3333333333,63114.5,1.31916666666667,43.3333333333333,949.666666666667,2104.08333333333,148.666666666667,23379.9166666667,152.083333333333,174.25,127.083333333333,60.4166666666667,35.3333333333333,1559.41666666667,940.75,26735.1666666667,5044.83333333333,5.29389011014838,1.66569042494957,0.189224260507019,-1.66569042494957,31780,1566.15013406258,5810.24655242787,0.0942393792745931,20.6720423116182,274.251156733562,454.0877885354,33.5459883344243,3720.97852375453,47.8168063519195,39.5247333381839,42.5237010561775,30.3807903821218,45.1408569889515,140.702431544107,74.0222632357688,2161.44824484685,251.866426841088,0.228999866562007,0.043458496791667,0.0082580432629141,0.0434584967916664,2389.42750845926,73.27,26.73,1.34,0,0,0,0,3.1998,2.2351,1.2263,0.3278,0.2454,0.0055,0.0051,93.2
"Marion Island","PB1","PB1.1B",68,85.6,86.6,86.1,86.1,0.5,2063.4,2740.2,2478.5,2462.5,338,0.02005,0.00287,18191.6666666667,64933,1.38166666666667,35.6666666666667,1158.66666666667,3313.5,184.5,27310.1666666667,245,177,144.333333333333,122.666666666667,45.3333333333333,1956.33333333333,940.833333333333,22639.8333333333,4703.83333333333,4.81379144569356,1.57124633460846,0.207835866714284,-1.57124633460846,27343.6666666667,651.656248851084,3249.85999698449,0.0652431350156218,10.8012344973464,154.824631976526,413.809980546627,20.1668044072431,1898.98366677196,55.3823076442288,28.5096474899287,55.5793726724823,63.5693846648421,65.1449665489719,280.629055278791,103.659860441092,620.442234754104,108.333589743286,0.114954770430613,0.0239607634949593,0.00499565665620272,0.0239607634949593,686.646245651039,68.03,31.97,1.6,0,0,0,0,2.3359,1.669,0.9012,0.2881,0.2203,0.0058,0.0052,90.8
"Marion Island","PB1","PB1.1C",75,86.5,87.6,87,87,0.5,2167.4,2752.5,2520.1,2509.2,293,0.01843,0.00227,18476.4166666667,65711.4166666667,1.3775,42,1274.83333333333,3664.83333333333,170.333333333333,26518.25,262.5,169.583333333333,149.166666666667,155.166666666667,35,2044.66666666667,1104.08333333333,23319.1666666667,4808.66666666667,4.85238132569796,1.57907189131447,0.206248273813858,-1.57907189131447,28127.8333333333,734.045633747823,3699.71820691875,0.0506548032363081,21.0021643906267,223.337426466336,463.784596030476,24.1447654155036,2714.01484302902,102.494789224535,30.2488417008391,28.8344280752063,45.0612377938639,44.6196043338474,181.633163438305,77.4097225903514,688.939611198825,176.6353888836,0.143001028425366,0.029449948523409,0.00606856772924922,0.0294499485234082,810.694969352427,66.42,33.58,1.68,0,0,0,0,4.1793,3.3184,1.2773,0.4289,0.362,0.0079,0.0076,96.7
"Marion Island","PB1","PB1.1C",76,87.8,88.9,88.4,88.4,0.5,2307.9,2782.1,2602.3,2581.8,237,0.01985,0.00195,17323,64100.25,1.34,45.8333333333333,1340.91666666667,3738,153.5,27262.75,188.666666666667,153.333333333333,130.916666666667,127.416666666667,17.5833333333333,2010.41666666667,1052.25,21572.5,4557.83333333333,4.7337870617087,1.55432295559611,0.211415785715525,-1.55432295559611,26130.3333333333,971.136354062507,3683.1792374869,0.0635323825805678,12.868801832574,243.646710827316,442.911647253408,28.1150234830872,2855.93481352269,57.5426060858519,27.8643902216475,53.1523681732455,36.4827688675411,34.6317204395921,120.335484325609,119.19741074064,1561.06755430087,314.158568338675,0.141778762430529,0.0294848935946706,0.00614060897435479,0.0294848935946702,1854.21683214398,61.1,38.9,1.95,0,0,0,0,3.2835,2.6235,1.4881,0.5789,0.4915,0.0115,0.0109,94.7
"Marion Island","PB1","PB1.1C",77,89.2,90.3,89.7,89.7,0.5,2379,2830.8,2712.6,2649.3,226,0.03193,0.00292,17434.4166666667,64597.4166666667,1.36666666666667,47.5833333333333,1300,3825.16666666667,166.916666666667,27577.25,206.75,166.166666666667,139.25,144.916666666667,61.25,2191.41666666667,1060.33333333333,21375.9166666667,4659.75,4.5889391523326,1.52335093235097,0.218045056151198,-1.52335093235097,26035.6666666667,481.090136769576,2105.22814390241,0.0864799854231479,12.8236878352902,186.756525990392,429.730747272656,23.9410576713779,1342.73304224156,82.0743842222075,22.1064915736751,43.2689790202467,25.1448832074271,43.2920840969171,158.76252038434,62.4737520641245,553.180959761292,129.933636907461,0.117112489852895,0.0254846955236738,0.00554870930399204,0.0254846955236735,634.787628528891,60.87,39.13,1.96,0,0,0,0,3.454,2.7977,1.7941,0.702,0.6037,0.0224,0.0213,95.1
"Marion Island","PB1","PB1.1C",78,90.5,91.6,91.1,91.1,0.5,2430.6,2863.3,2744.2,2691.2,216,0.04297,0.00371,17201.25,67649.6666666667,1.36416666666667,48.8333333333333,1530.58333333333,4271.66666666667,176.916666666667,31689,152,145.416666666667,155.166666666667,143.416666666667,20.8333333333333,2248.25,1100.66666666667,19923,4409.25,4.51921017045968,1.50809604081571,0.22138414398474,-1.50809604081571,24332.25,649.05373429324,2903.41151479469,0.0585364429352788,14.6339166032718,143.407530126454,390.73574733114,20.5490912576481,1960.87675195654,71.0953265309715,32.2700489712374,25.1281563673948,36.2928952058697,35.2879926354904,116.850428870727,92.0191021012222,913.400838027364,194.502687525251,0.103901613946846,0.0229156185137811,0.0050571766400621,0.0229156185137816,1087.28453455887,59.1,40.9,2.04,0,0,0,0,3.0357,2.4817,1.502,0.6143,0.5329,0.0264,0.0252,95.4
"Marion Island","PB1","PB1.1C",79,91.8,92.9,92.4,92.4,0.5,2461.8,2899.8,2762.4,2722.3,219,0.04297,0.00371,17075.3333333333,66607.5833333333,1.38583333333333,36.6666666666667,1306.83333333333,3957.33333333333,188.166666666667,31285.5833333333,242.333333333333,156.083333333333,130.916666666667,142.333333333333,40.9166666666667,2258.41666666667,1068.75,19642.1666666667,4468.5,4.39987856118124,1.48112733639035,0.227481382932932,-1.48112733639035,24110.6666666667,615.561286119991,3152.02118296797,0.0825126252965771,14.5122727581196,147.134343888554,297.452007842773,25.9714295239048,2277.73960752694,46.2647191975078,18.8798032218816,26.6030016533792,57.5457657131709,40.1122478083992,108.961593177958,79.380699509046,543.900364093099,191.209309396797,0.139222947116405,0.0311607800087522,0.00697959224179904,0.0311607800087526,692.26549469948,59.37,40.63,2.03,0,0,0,0,3.5409,2.9407,1.4424,0.586,0.516,0.0252,0.0243,96.7
"Marion Island","PB1","PB1.1C",80,93.2,94.3,93.7,93.7,0.5,2483.1,2950.8,2782.3,2753.5,234,0.03985,0.00362,17828.4166666667,70578.5833333333,1.37416666666667,56.1666666666667,1684.66666666667,4550.83333333333,207.75,33070.0833333333,209.583333333333,169.166666666667,162,188.083333333333,73.25,2479.58333333333,1140.5,20290.4166666667,4542.75,4.46940533115081,1.49701096267704,0.223853127906451,-1.49701096267703,24833.1666666667,613.515571163932,4230.47210901473,0.0859659904564096,20.021957643517,284.04683779371,329.61157121495,34.7853809418946,3576.89635548457,77.4226397865324,28.3383239811497,44.6440467373972,44.9776880713363,65.0637798974626,159.111429412525,101.516232468239,568.442922429865,186.75463971357,0.102907440084195,0.0231262807541863,0.00519979683722655,0.0231262807541866,730.98735635544,59.57,40.43,2.02,0,0,0,0,2.6445,2.2081,1.5391,0.6222,0.5507,0.0248,0.0242,97.6
"Marion Island","PB1","PB1.1C",81,94.5,95.6,95.1,95.1,0.5,2508.3,3011.9,2805.9,2787.1,252,0.04233,0.00407,17447,69952.9,1.418,55.4,1635.4,4481.4,215.7,33752.8,189.6,159.5,151,188.2,59.6,2581.9,1099.3,19214.4,4511.8,4.256288601648,1.44764362527729,0.235304157451849,-1.44764362527729,23726.2,771.383029225934,4987.0574813433,0.0886691728969106,23.3485664561137,354.889716829202,763.570589038397,35.7803484238672,4427.14331771127,64.1667965366651,30.5441392814472,39.1748218460106,53.6734985299491,50.7963253264118,129.61862863373,124.964928413269,1383.95184566195,220.514952881759,0.172715759363627,0.041113549803779,0.00980360717295363,0.0411135498037783,1573.92529824145,54.3,45.7,2.29,0,0,0,0,3.2835,2.7877,1.5246,0.6968,0.6264,0.0295,0.0294,99.5
"Marion Island","PB1","PB1.1C",82,95.9,97,96.4,96.4,0.5,2549.5,3040.3,2835.4,2818.7,245,0.03931,0.00365,15676.5,63904.75,1.35916666666667,65.3333333333333,1631.16666666667,4760.33333333333,169.166666666667,30491.9166666667,197.333333333333,129.416666666667,135.166666666667,175,39.0833333333333,2429.16666666667,1105.5,16920,4166.16666666667,4.07170183567242,1.40259411369735,0.246343658820795,-1.40259411369735,21086.1666666667,921.005527572002,4286.70115006866,0.0641671585970911,21.0684310730246,269.779314974071,545.213608403054,24.7122837814915,2550.64036374231,62.2784558302954,35.5155749018098,43.7219173939806,57.5483986034206,25.2170877611098,228.852407115207,125.285492158727,1047.36648096764,329.51999065675,0.223105424290172,0.0575035633860382,0.0148927908701116,0.057503563386038,1291.01896566122,53.61,46.39,2.32,0,0,0,0,3.2835,2.8205,1.2695,0.5889,0.5353,0.0232,0.0232,100.2
"Marion Island","PB1","PB1.1C",83,97.2,98.3,97.8,97.8,0.5,2582,3072.2,2867.9,2852.7,245,0.04232,0.00387,15972.2222222222,66522.1111111111,1.37333333333333,64.3333333333333,1867.77777777778,5412.22222222222,197.333333333333,32790.4444444444,166.222222222222,132.888888888889,115,186.555555555556,48.1111111111111,2493,1091.66666666667,16452.5555555556,3960.55555555556,4.14474529996531,1.42111363760471,0.241621040478564,-1.42111363760471,20413.1111111111,1793.73066385242,7042.07045982296,0.115108644332213,17.7411949992102,231.253528501609,306.150607453986,26.7628473821453,4001.79547550569,43.9993686823396,21.9513350644354,27.8747197295327,80.5591570076163,44.0268226324716,473.475448149109,194.700410888113,2400.51620027397,470.766425924553,0.167567298156862,0.0404833997837497,0.00979278666189684,0.0404833997837502,2859.59933576561,56.13,43.87,2.19,0,0,0,0,2.7977,2.4228,1.4003,0.6144,0.5628,0.026,0.0262,100.8
"Marion Island","PB1","PB1.1C",84,98.5,99.6,99.1,99.1,0.5,2608.4,3115.6,2897.4,2884.4,254,0.04212,0.00394,17307.4285714286,67550.8571428571,1.35428571428571,58.5714285714286,1523,4601.28571428571,167.857142857143,30468.2857142857,182,149.571428571429,131.714285714286,223.857142857143,8.14285714285714,2504.28571428571,1271.28571428571,19992.2857142857,4599.28571428571,4.34454599246456,1.4682106695393,0.230503511008356,-1.4682106695393,24591.5714285714,1857.91611374526,7973.80207154595,0.0957178393085884,11.0733485278414,256.373425559931,875.432410161918,33.0828685345783,4709.47437669661,75.9407663906548,17.8312192783438,34.9652889101667,49.1610569842586,14.1471854848538,135.07493511099,150.001904749811,1824.13584237265,336.037554590611,0.175532246887507,0.0408778983484047,0.00952789139485983,0.0408778983484055,2132.82643903521,53.72,46.28,2.31,0,0,0,0,3.808,3.3587,1.1034,0.5106,0.4759,0.0215,0.0221,102.5
"Marion Island","PB1","PB1.1C",85,99.9,101,100.4,100.4,0.5,2638.5,3155.4,2927.4,2916.2,258,0.03868,0.00364,17081.9166666667,69239,1.39166666666667,69.75,1756.66666666667,4789.83333333333,207.083333333333,33983.3333333333,153,134.416666666667,118.333333333333,245.166666666667,47,2712.66666666667,1175.5,18135.0833333333,4177.66666666667,4.34054666359603,1.46707185826997,0.230819123474385,-1.46707185826997,22312.75,908.055310523372,4710.4927941391,0.0544114515576092,27.4793310756218,358.635123091913,467.336326882731,35.7426618872725,3561.49943737525,61.1495930262232,37.3252493953388,41.8836773008582,63.901676366307,37.8009138898664,409.435605622563,105.941235855287,1214.04661123139,201.841221726085,0.193022932102369,0.0452815277061984,0.0106402276975146,0.0452815277061976,1372.60589093089,56.29,43.71,2.19,0,0,0,0,2.4955,2.206,1.4541,0.6356,0.5937,0.0246,0.0253,102.8
"Marion Island","PB1","PB1.1C",86,101.2,102.3,101.8,101.8,0.5,2686.5,3170.1,2963.5,2950.8,242,0.04165,0.00364,15458.1,64199,1.393,74.3,1652.6,4473.4,176.6,31669,218.9,133.1,88.2,247.2,51.8,2617.5,1149.1,16313,4017.4,4.06264647081602,1.40158531428368,0.246268089344524,-1.40158531428368,20330.4,1555.97932362726,8037.27963928094,0.0710320741324337,19.1314168610459,333.398726918852,816.495791647316,54.784831639586,5584.67353069492,58.9245279998067,22.2533393249443,27.7880869758567,34.3213571345242,48.6068125083534,290.490868091313,109.412014371772,1335.46587792841,340.373063302933,0.0953430487102553,0.0235718096650515,0.00583116786283093,0.023571809665051,1665.72441364777,50.66,49.34,2.47,0,0,0,0,2.4955,2.231,1.3525,0.6673,0.6299,0.0278,0.0287,103.1
"Marion Island","PB1","PB1.1C",87,102.6,103.7,103.1,103.1,0.5,2714,3197.8,2994.8,2982.9,242,0.04165,0.0036,16703.1666666667,70746.25,1.3775,88.4166666666667,2065.41666666667,5080.33333333333,217.5,35895.3333333333,206.333333333333,141.583333333333,99.1666666666667,267,34.3333333333333,2623.25,1192.08333333333,17079.0833333333,4210,4.05749276657993,1.3990128457306,0.247231842585066,-1.3990128457306,21289.0833333333,1151.46269298373,5481.78511278281,0.0539570536293785,27.4440201578457,489.136058099721,749.225943992542,42.3524175546954,3578.21114101683,71.8297650804675,28.0469033563206,29.1074290215131,35.5425481257707,29.6872587709498,204.729144792022,76.7101490657981,1309.76288335182,229.213675619299,0.233803470778149,0.058498642815333,0.0146848386505265,0.0584986428153328,1466.16490814601,55.09,44.91,2.25,0,0,0,0,3.5409,3.224,1.1229,0.5043,0.4844,0.021,0.022,104.7
