"Location","Site","Section","sample","min_depth","max_depth","midpoint","depth","depth_err","SH20_min_age_95CI","SH20_max_age_95CI","SH20_median_age","SH20_mean_age","SH20_mean_95CI","accrate","accrate_err","kcps","cps","MSE","K","Ca","Ti","Mn","Fe","Co","Ni","Cu","Zn","Rb","Sr","Zr","Mo_inc","Mo_coh","inc_coh","Ln_inc_coh","coh_inc","Ln_coh_inc","Total_scatter","kcps_sd","cps_sd","MSE_sd","K_sd","Ca_sd","Ti_sd","Mn_sd","Fe_sd","Co_sd","Ni_sd","Cu_sd","Zn_sd","Rb_sd","Sr_sd","Zr_sd","Mo_inc_sd","Mo_coh_sd","inc_coh_sd","Ln_inc_coh_sd","coh_inc_sd","Ln_coh_inc_sd","Total_scatter_sd","Water_Content_pc","Dry_mass","Dry_mass_err","LOI550","LOI550_err","C_org_pc","C_org_pc_err","Volume_cm3","Volume_err_cm3","Wet_density_g_cm3","Dry_density_g_cm3","Dry_density_err_g_cm3","DMAR_g_cm2_yr","DMAR_err_g_cm2_yr","DMAR_err_pc","P_ICP","P_ICP_sd","K_ICP","K_ICP_sd","Ca_ICP","Ca_ICP_sd","Ti_ICP","Ti_ICP_sd","Mn_ICP","Mn_ICP_sd","Fe_ICP","Fe_ICP_sd","Co_ICP","Co_ICP_sd","Ni_ICP","Ni_ICP_sd","Cu_ICP","Cu_ICP_sd","Zn_ICP","Zn_ICP_sd","As_ICP","As_ICP_sd","Rb_ICP","Rb_ICP_sd","Sr_ICP","Sr_ICP_sd","Zr_ICP","Zr_ICP_sd","Pb_ICP","Pb_ICP_sd","Th_ICP","Th_ICP_sd"
"Isla Hermite","HER42PB","HER42PB1A",3,2.5,3.1,2.8,2.8,0.6,-65,-42,-60,-58,12,0.4116,0.01546,19219.7142857143,52847.5714285714,1.32857142857143,69.2857142857143,441.857142857143,148.142857142857,119.714285714286,7603.42857142857,82.1428571428571,183.142857142857,113.714285714286,22.8571428571429,123.428571428571,675.571428571429,680.142857142857,31968.4285714286,5356.71428571429,5.96938572501382,1.78643536998513,0.167590926857068,-1.78643536998513,37325.1428571429,294.422437033205,1304.46500619256,0.0448807944925857,19.7206683939658,38.5375512603338,78.9418109990487,33.7328439640769,1362.89102733159,54.6852465522118,41.123507354588,34.5239737270315,26.4476121885548,84.2711044642174,102.469275302172,148.344675863824,671.75860176675,121.7096466811,0.132506991067514,0.0219988752858001,0.00365304741369123,0.0219988752857994,740.467966575064,79.48,20.52,1.03,41.92,2.1,24.32,2.1,5.0921,0.3895,0.9496,0.2452,0.031,0.1009,0.0166,16.4,1827.041566,37.63705626,5443.67845,979.862121,15948.18938,2073.264619,1607.114721,224.9960609,407.4375349,48.89250419,14682.28264,2642.810875,4.851245271,0.339587169,4.965819612,2.68154259,23.13004442,3.238206219,42.19689147,3.797720232,2.909070465,0.066908621,17.13305574,2.741288918,204.6688961,4.093377922,8.791484806,0.43957424,5.273214186,0.114428748,1.358963465,0.018889592
"Isla Hermite","HER42PB","HER42PB1A",5,5.3,5.9,5.6,5.6,0.6,-64,-19,-55,-51,23,0.4081,-0.1335,18524.2857142857,52431.2857142857,1.43285714285714,76,482.285714285714,157,154.142857142857,10177.8571428571,103,165.714285714286,100.428571428571,0.375,156.857142857143,1007.57142857143,652.142857142857,28922.4285714286,5319.57142857143,5.43927447296275,1.693232866241,0.183999063807584,-1.693232866241,34242,485.12600228728,2026.48692028723,0.0778276484107213,16.5931712862049,79.199567098384,47.7493455452533,37.4629976173316,1422.47582622359,29.8775277870621,14.6936980336729,21.5704824768876,1.06066017177982,76.3662852560574,162.161295364479,62.6483002467707,935.464743170092,176.31303330805,0.169749114515312,0.0309511574164218,0.0056473753881944,0.0309511574164217,1043.88441250297,71.58,28.42,1.42,22.91,1.15,13.29,1.15,5.7703,0.5741,0.9087,0.3608,0.0539,0.1472,-0.0262,-17.8,2039.850817,36.30934454,5975.780316,1075.640457,16588.68048,2156.528462,1837.980819,257.3173147,366.7929674,44.01515609,16189.75967,2914.156741,5.402833637,0.378198355,5.507249153,2.973914543,28.86151963,4.040612748,35.42095591,3.187886032,3.290427423,0.090157711,22.17089462,3.547343139,214.4801797,4.289603594,9.110923126,0.455546156,5.90081533,0.105034513,2.374515933,0.022795353
"Isla Hermite","HER42PB","HER42PB1A",7,8.1,8.7,8.4,8.4,0.6,-64,3,-50,-44,33,0.3223,-0.21976,19518.2857142857,66067.8571428571,1.41857142857143,114.714285714286,559.714285714286,211,145.428571428571,25766,157,188.285714285714,113,14.5714285714286,125.285714285714,1022.14285714286,578.571428571429,27171.1428571429,5221.57142857143,5.20683413034176,1.64962929344859,0.192187451338734,-1.64962929344859,32392.7142857143,381.931806428719,3406.41000803737,0.110064915910047,34.2963277223392,99.2953746584977,38.7556447501522,27.7179673548714,3105.26193205447,42.304452090373,41.0272847656056,49.598387070549,18.3653400264116,42.8591269382002,64.6050270784675,113.419365105578,137.860350320446,134.651224951548,0.146701387172416,0.0283312042491749,0.00547404769274922,0.0283312042491749,142.651924026882,29.61,70.39,3.52,23.05,1.15,13.37,1.16,5.1998,0.6136,0.4258,1.0123,0.1701,0.3263,-0.1676,-51.4,1919.062535,23.98828169,5333.453521,960.0216338,15380.19155,1999.424902,1832.527324,256.5538254,315.5650704,37.86780845,16934.94085,3048.289353,4.923853521,0.344669746,4.900777465,2.646419831,28.38931831,3.974504563,31.93149296,2.873834366,3.519098592,0.078475899,20.66172394,3.30587583,191.8197183,3.836394366,8.621791549,0.431089577,5.546907042,0.017195412,2.135112113,0.015372807
"Isla Hermite","HER42PB","HER42PB1A",9,10.9,11.5,11.2,11.2,0.6,-56,33,-29,-24,45,0.0853,-0.15703,20444,62930.4285714286,1.41428571428571,107.142857142857,637,291.142857142857,157.857142857143,19232.2857142857,188.428571428571,172.571428571429,106.428571428571,0.375,155.428571428571,919.285714285714,781.285714285714,30279.8571428571,5440.42857142857,5.56645999036342,1.71644754489595,0.179760078469108,-1.71644754489595,35720.2857142857,222.754723107427,2539.29175540103,0.0832380407540412,20.2272800233461,75.2750512011339,115.148351517262,50.8901711906093,3407.73236988498,76.8133172977558,26.2859730836121,44.8696524867946,1.06066017177982,54.8903669230985,150.554214250453,236.203100661073,923.956245098837,122.84388079029,0.149270687440012,0.0270488519733504,0.00490355966482478,0.0270488519733492,994.009174049837,75.75,24.25,1.21,32.46,1.62,18.83,1.63,5.7703,0.805,0.9124,0.2921,0.0554,0.0249,-0.0412,-165.1,1818.155266,21.27241661,5207.184,937.29312,15558.14641,2022.559033,1580.648497,221.2907896,291.4015196,34.96818235,17138.00234,3084.840421,4.715790685,0.330105348,5.241528694,2.830425495,33.07658228,4.630721519,27.71352621,2.494217359,3.519010192,0.08621575,18.82353425,3.01176548,198.4859127,3.969718254,8.287638868,0.414381943,5.55327284,0.067749929,2.013655832,0.010672376
"Isla Hermite","HER42PB","HER42PB1A",13,16.3,16.9,16.6,16.6,0.6,-46,192,27,40,119,0.0853,0.25802,18108,46364,1.38285714285714,72.4285714285714,338.428571428571,89.2857142857143,80.2857142857143,4260.57142857143,100.142857142857,178.571428571429,128.714285714286,1.14285714285714,115.428571428571,817.428571428571,695.285714285714,30612.2857142857,5399,5.67165761870067,1.73532964357251,0.176368679541489,-1.73532964357251,36011.2857142857,190.077177307885,824.655887830393,0.0819988385515888,18.6624144816718,82.5123367399428,22.7648434046469,15.5960923066676,346.241657970681,35.4703095157465,28.6348106498433,54.4172591669049,3.02371578407382,92.2855300012903,109.585365724409,95.716098063865,287.55156887401,110.329808604324,0.107027988743184,0.0187931875360094,0.00330055241415464,0.0187931875360089,347.628016844497,71.91,28.09,1.4,29.64,1.48,17.19,1.48,5.2022,0.9208,0.8836,0.3451,0.0783,0.0294,0.0957,325.2,1537.778135,13.37866977,5837.940234,1050.829242,17669.83951,2297.079136,1819.746676,254.7645346,318.8457154,38.26148585,13667.24784,2460.104611,5.347190156,0.374303311,6.351383957,3.429747337,33.89863255,4.745808557,28.93439766,2.604095789,3.526025127,0.07157831,20.45548446,3.272877514,217.6036906,4.352073812,10.6404829,0.532024145,6.561300175,0.142380214,1.938320973,0.021709195
"Isla Hermite","HER42PB","HER42PB1A",16,20.5,21.1,20.8,20.8,0.6,-29,300,70,88,164,0.0885,0.16786,16870.4285714286,45596,1.31857142857143,71.8571428571429,379.428571428571,181.142857142857,136.285714285714,7323.71428571429,127.142857142857,188.142857142857,152.714285714286,3.42857142857143,133.714285714286,1071.85714285714,672.714285714286,26951.8571428571,5034.42857142857,5.35649387272073,1.67809768788727,0.18676836987703,-1.67809768788727,31986.2857142857,295.154116320529,1376.18022075599,0.0696248450455658,32.8147759981616,50.6453589280635,42.502660981122,30.6958970424077,920.738420016911,42.51442332287,22.2667807239736,58.7245385556279,9.07114735222145,38.9645748756238,75.134165711365,105.821727897621,309.873860665609,154.474223462317,0.119212730124071,0.0222295489356267,0.00414635659694051,0.0222295489356268,445.429648124787,67.14,32.86,1.64,24.87,1.24,14.42,1.25,3.9701,0.804,1.2319,0.6031,0.1523,0.0534,0.1147,214.9,1081.37795,27.68327553,6956.874444,1252.2374,21182.64262,2753.743541,2092.551562,292.9572187,343.7990278,41.25588334,11986.74089,2157.61336,4.922970952,0.344607967,6.39350629,3.452493397,28.97734663,4.056828528,27.00122448,2.430110203,2.560291583,0.019714245,22.53472619,3.60555619,287.7800097,5.755600194,20.13391113,1.006695557,7.959380853,0.217291097,8.55452875,0.111208874
"Isla Hermite","HER42PB","HER42PB1A",20,26.1,26.7,26.4,26.4,0.6,2,355,144,152,177,0.0875,0.10392,16640.8571428571,45076.8571428571,1.39,89.4285714285714,545.571428571429,266.428571428571,149,7554.14285714286,62.4285714285714,154.142857142857,109,18,127.428571428571,1007.71428571429,647.142857142857,26567.4285714286,4950.28571428571,5.36897401637984,1.68043285866951,0.186331493834922,-1.68043285866951,31517.7142857143,490.23172363398,1275.77433069377,0.0597215762238964,20.1895776978878,122.704057448341,100.794935624857,39.5347948015416,613.463236760886,31.1172896359197,22.9886100161839,54.6107437537096,21.439838307848,39.2252348319172,126.329878078142,76.9576259410085,670.404071473033,163.331681235571,0.11687277394551,0.0218406881103475,0.00408353368967307,0.0218406881103482,799.794080641118,68.52,31.48,1.57,27.72,1.39,16.08,1.39,4.7493,1.1588,0.9455,0.4344,0.1277,0.038,0.0563,148.2,1396.766862,19.55473607,5864.826617,1055.668791,16828.03623,2187.64471,2256.103454,315.8544836,382.915235,45.9498282,14179.20706,2552.257271,6.646599115,0.465261938,7.84225117,4.234815632,41.9704529,5.875863406,36.91192497,3.322073247,3.985506849,0.07572463,22.63461313,3.621538101,192.0094569,3.840189138,11.10116946,0.555058473,7.31800373,0.071716437,2.247212708,0.018651865
"Isla Hermite","HER42PB","HER42PB1A",25,33.1,33.6,33.4,33.4,0.5,56,419,226,231,182,0.0859,0.06884,15229.3333333333,49329.5,1.285,119.166666666667,444.833333333333,205.5,141.333333333333,17545.5,178.333333333333,135.666666666667,115.166666666667,13.3333333333333,214.333333333333,1003.66666666667,559.666666666667,21620,4560.16666666667,4.73921707700219,1.55554000360991,0.211144706632251,-1.55554000360991,26180.1666666667,1049.86678520023,3217.91800703498,0.110589330407594,50.4595547608842,47.0209173311907,55.2077893054957,22.3308456325923,1642.9636331946,68.925080099095,52.3208052945161,38.1335372954918,22.1238935693215,155.534776389934,199.611288925919,55.3811038772853,1170.69193214953,155.034727292522,0.134462067334187,0.0281516979708635,0.00589592799800085,0.0281516979708634,1309.81592854365,59.53,40.47,2.02,19.47,0.97,11.29,0.98,3.9894,1.1729,1.1348,0.7716,0.2654,0.0663,0.0759,114.5,1620.284407,23.17006702,8871.994311,1596.958976,23025.53265,2993.319245,3140.602681,439.6843753,585.3572459,70.24286951,35487.97724,6387.835903,9.632847657,0.674299336,11.08791026,5.98747154,61.64578206,8.630409488,47.90043877,4.311039489,6.892109508,0.119922705,34.84930473,5.575888757,237.2807242,4.745614484,16.78597985,0.839298993,10.39092417,0.078971024,3.601557628,0.046460093
"Isla Hermite","HER42PB","HER42PB1A",28,37.1,37.7,37.4,37.4,0.6,89,447,280,279,179,0.0859,0.05639,16567.1428571429,50035.5714285714,1.29857142857143,153.714285714286,703.285714285714,322,185.285714285714,13981.4285714286,103.714285714286,147,145.142857142857,9.71428571428571,202.714285714286,1057.71428571429,670.714285714286,24532.2857142857,4836.85714285714,5.07489128782646,1.62352839067391,0.197354673411826,-1.62352839067391,29369.1428571429,390.43925202752,2153.88392268036,0.0641426980589819,33.119552561965,165.605670480325,116.774711874332,32.8466857065483,2050.21664360484,84.7244834462748,41.3360214179675,38.5548465238314,13.450084085416,56.4644852561156,249.550739186586,113.121931686881,804.071040453042,120.122754674026,0.216178228909705,0.0425596449126466,0.00838868052353241,0.0425596449126456,801.388259745014,63.18,36.82,1.84,20.1,1.01,11.66,1.01,3.8992,1.2575,1.0087,0.5878,0.219,0.0505,0.052,102.9,1400.404816,30.80890594,7746.307975,1394.335436,19806.58483,2574.856028,2780.927179,389.3298051,509.8802514,61.18563017,25321.34917,4557.842851,8.041928644,0.562935005,8.769207812,4.735372218,43.74139458,6.123795241,42.59030524,3.833127472,4.682840687,0.048701543,30.00680597,4.801088955,201.9638553,4.039277106,18.09041528,0.904520764,8.055009204,0.107937123,2.572946266,0.042196319
"Isla Hermite","HER42PB","HER42PB1A",31,41.2,41.7,41.5,41.5,0.6,154,482,329,328,164,0.0777,0.0399,18103,57895.3333333333,1.36,88.5,441.166666666667,292.666666666667,140.166666666667,20058.5,139.666666666667,161.5,116.5,2.5,172.833333333333,832,638.166666666667,26534.3333333333,5003.83333333333,5.3068268133608,1.66826732478471,0.188708828148677,-1.66826732478471,31538.1666666667,370.912388577141,1942.7416366225,0.0379473319220205,20.5499391726594,44.5439857519134,131.680927497746,26.984563488533,1963.24310771743,78.8686672048328,45.6891672062427,40.6189610896192,6.12372435695795,102.263222453953,92.1954445729289,99.0462854763704,629.653767293317,124.889417752933,0.223075119539354,0.0416296108355856,0.00777805938118667,0.0416296108355846,586.393525430377,58.63,41.37,2.07,18.16,0.91,10.53,0.91,3.6289,1.2737,1.0532,0.7433,0.2981,0.0578,0.0528,91.5,1323.400898,31.62928146,8706.157013,1567.108262,23961.57686,3115.004992,2482.596033,347.5634446,510.7720501,61.29264601,30348.25974,5462.686753,8.722415009,0.610569051,8.979833284,4.849109973,34.73791874,4.863308624,44.27594323,3.984834891,4.573916289,0.065864395,30.61922635,4.899076216,256.1176349,5.122352698,12.6893661,0.634468305,7.76861256,0.122744078,2.073978393,0.01825101
"Isla Hermite","HER42PB","HER42PB1B",48,54,54.5,54.3,54.3,0.6,345,599,494,477,127,0.1058,0.02929,18082.3333333333,48215.1666666667,1.32166666666667,73.3333333333333,413,166.5,108,6598.16666666667,64.5,177.333333333333,89.1666666666667,4.5,122.166666666667,818.333333333333,649.666666666667,30065,5239.16666666667,5.73912234671247,1.74718382004096,0.174285190557314,-1.74718382004096,35304.1666666667,172.079826437228,440.761802640232,0.088411914732499,14.7873820085459,31.0096759093029,48.6281811298757,20.0798406368178,243.185868558736,27.3184919056671,35.1548953442713,40.0420612190065,9.20326029187483,68.1128964783224,81.4092541832111,88.9891379139424,417.211217490614,65.2730163748135,0.0987792533862502,0.0171116159294331,0.00296479234766358,0.0171116159294328,431.837662399502,75.7,24.3,1.21,40.85,2.04,23.69,2.04,3.9811,2.0781,1.1561,0.3711,0.2123,0.0393,0.0333,84.9,1482.982594,20.02026502,4618.995032,831.4191058,16479.65741,2142.355463,1575.735639,220.6029895,285.4554922,34.25465906,13872.977,2497.13586,5.871694204,0.411018594,11.09571628,5.991686791,27.8525667,3.899359338,30.62449678,2.75620471,3.358299908,0.053732799,17.215285,2.7544456,199.578966,3.99157932,9.92564195,0.496282098,5.775742778,0.041007774,1.748714738,0.016437919
"Isla Hermite","HER42PB","HER42PB1B",50,56.7,57.2,57,57,0.6,353,658,511,503,153,0.1062,0.0333,17197.5,45649.1666666667,1.32166666666667,59.1666666666667,334,135.333333333333,105.666666666667,5611.66666666667,154.5,185.666666666667,131,22.1666666666667,124.666666666667,988,719.166666666667,28348.8333333333,5327,5.32991025122118,1.67257054764648,0.187910044544288,-1.67257054764648,33675.8333333333,187.664327990164,579.384990025343,0.0664580067912563,18.6913527243661,67.388426306006,39.1850311556169,9.93310961716756,817.178968566046,49.8146564777877,48.2479705963543,18.0333025261598,27.7950834981057,74.987110003431,145.706554416745,113.355046939546,489.543631014302,249.815131647384,0.226006624744006,0.0430252684776408,0.00820033497901648,0.0430252684776416,623.236525459369,68.99,31.01,1.55,28.45,1.42,16.5,1.43,3.9811,2.1578,1.1804,0.5306,0.3141,0.0564,0.051,90.6,746.1273884,12.31110191,3415.579205,614.8042569,10723.74092,1394.08632,1161.29693,162.5815702,213.0614752,25.56737702,10017.06936,1803.072485,4.139917554,0.289794229,5.323592416,2.874739905,16.00316636,2.24044329,21.4504263,1.930538367,1.692478385,0.017094032,12.67297664,2.027676262,119.2508257,2.385016514,6.298210275,0.314910514,3.645247462,0.013122891,1.178669272,0.009782955
"Isla Hermite","HER42PB","HER42PB1B",56,64.7,65.2,65,65,0.6,401,788,586,587,194,0.0894,0.03031,18076.3333333333,47793.8333333333,1.28666666666667,64.5,374.666666666667,171.166666666667,90.6666666666667,6873.33333333333,148.666666666667,184,124.833333333333,11.3333333333333,81.8333333333333,738.333333333333,609.333333333333,29846.3333333333,5216.5,5.72284521575881,1.74385073831247,0.174953757825468,-1.74385073831247,35062.8333333333,495.498805918507,1666.31322585721,0.0763326055278259,14.2232204510793,29.5882859704084,54.8066297692776,21.7132831848771,807.038702087246,39.7223698520955,23.5711688297377,51.5186050535791,27.7608837515427,81.7567530340257,108.075282403826,65.9959594722788,991.002051797405,68.6287111929111,0.219631000222082,0.0384592933834201,0.00674382549117059,0.0384592933834203,976.603792060356,80.11,19.89,0.99,43,2.15,24.94,2.15,3.808,2.2924,1.2687,0.3151,0.2054,0.0282,0.0279,99.1,1306.437254,29.00290704,4921.529077,885.8752339,16718.31854,2173.38141,1911.570392,267.6198549,318.8247,38.258964,18126.438,3262.75884,5.075843538,0.355309048,8.253068077,4.456656762,36.18123,5.0653722,34.30741154,3.087667039,3.075266769,0.043976315,16.21679654,2.594687446,197.3571738,3.947143476,10.43275985,0.521637993,5.613188538,0.092056292,1.741273362,0.040223415
"Isla Hermite","HER42PB","HER42PB1B",60,69.9,70.4,70.2,70.2,0.5,426,913,634,644,243,0.0984,0.03793,17781,46809.5,1.38666666666667,35.6666666666667,260,94.3333333333333,99.8333333333333,6844.83333333333,91.5,184.166666666667,105,0.375,166.333333333333,855,671.5,29104.6666666667,5165,5.63983548786611,1.72944637243558,0.177453622495949,-1.72944637243558,34269.6666666667,153.72833180647,953.674525191902,0.0977070451229934,6.28225012767453,33.4962684488885,36.0092580688171,33.5166625227911,1084.17220341912,32.5806691152898,33.2891373674156,36.5239647354993,1.06066017177982,72.2514129042932,72.3187389270582,92.0581338068505,173.937536681036,171.830148693412,0.178377733363333,0.0311560347097958,0.00544570138006002,0.0311560347097964,299.236138637476,69.15,30.85,1.54,25.75,1.29,14.94,1.29,3.722,2.3914,1.2274,0.5476,0.3792,0.0539,0.0581,107.8,1259.896121,32.63130953,7273.786524,1309.281574,20223.29166,2629.027916,2382.409952,333.5373933,443.5927218,53.23112662,18736.05749,3372.490348,6.595896427,0.46171275,10.60653138,5.727526945,35.46679751,4.965351651,37.68347236,3.391512512,3.361097671,0.05747477,25.92994062,4.148790499,220.559147,4.41118294,10.79469099,0.53973455,6.907777422,0.069077774,2.021298155,0.025266227
"Isla Hermite","HER42PB","HER42PB1B",63,73.7,74.3,74,74,0.6,463,939,675,683,238,0.0985,0.03504,17712,46878.5714285714,1.27428571428571,46.2857142857143,338,113,98.1428571428571,6058.57142857143,95.7142857142857,180,138.714285714286,0.375,130.857142857143,942.142857142857,676.428571428571,29467,5378.57142857143,5.47949890127003,1.70094798219383,0.182522432705717,-1.70094798219383,34845.5714285714,137.830814164806,742.20164760952,0.0369039938476144,10.2910039308496,47.5464684983719,18.4661853126194,19.7604704011871,1019.21928571871,39.5715145262948,37.4032084185301,50.2981586333413,1.06066017177982,59.8788459347388,167.640914428657,141.396436945746,549.875137341803,130.157413853197,0.0677701827862383,0.0123844000381784,0.00226332999693448,0.0123844000381787,665.402849694042,72.95,27.05,1.35,33.31,1.67,19.32,1.67,4.0765,2.7414,1.0844,0.4022,0.2906,0.0396,0.0427,107.8,1344.416439,10.48644822,5415.67046,974.8206828,17750.4328,2307.556264,1894.366875,265.2113625,330.5850441,39.67020529,13972.31801,2515.017242,6.245626149,0.43719383,8.570619866,4.628134728,35.40585383,4.956819536,37.52964617,3.377668155,3.85635977,0.057074125,20.04468741,3.207149986,211.7085625,4.23417125,11.40700042,0.570350021,6.150614387,0.077497741,1.940196079,0.02987902
"Isla Hermite","HER42PB","HER42PB1B",69,81.5,82,81.8,81.8,0.5,522,1022,756,761,250,0.1008,0.03369,15978.1666666667,51812.5,1.315,151,770,429,257.333333333333,18107.3333333333,139.5,141.5,131.5,12.1666666666667,199.333333333333,1280.33333333333,555,22157.6666666667,4734.83333333333,4.68274331502472,1.54296799588685,0.213942830280122,-1.54296799588685,26892.5,415.224959108513,1076.36513321456,0.0826438140455775,22.4855509160883,87.1802729979667,68.1674409083985,26.2729264960466,1246.08501582623,38.8213858588279,34.7836168332162,46.2028137671289,22.877208454413,46.4399253516483,97.5329004319397,104.747315001388,718.809200460502,96.6093508241654,0.218932102084978,0.0469628905835719,0.0100914145198267,0.0469628905835729,671.461018972807,56.09,43.91,2.2,18.54,0.93,10.75,0.93,3.6349,2.6608,1.0156,0.7951,0.6217,0.0801,0.0895,111.6,1516.768292,13.34756097,8945.422022,1610.175964,26370.11281,3428.114665,3316.178876,464.2650426,654.0897303,78.49076764,29131.62831,5243.693096,11.02836,0.7719852,12.14358742,6.557537207,49.15261573,6.881366202,53.75514157,4.837962741,4.670383596,0.06538537,36.0531191,5.768499056,255.3811775,5.10762355,18.6667827,0.933339135,8.703494382,0.082683197,3.050648539,0.038438172
"Isla Hermite","HER42PB","HER42PB1C",80,86.5,87.2,86.9,86.9,0.6,570,1069,810,813,250,0.101,0.03175,18055.7142857143,56346.4285714286,1.37571428571429,128.857142857143,690.571428571429,292.428571428571,193.571428571429,17745,97.2857142857143,173,144.857142857143,3,187.142857142857,1144.71428571429,604.285714285714,26318.7142857143,5187.14285714286,5.07284320673683,1.62375560667112,0.197185605403464,-1.62375560667112,31505.8571428571,889.546647509414,3496.90700749214,0.0846280376819926,26.2515305676232,88.2493760938421,52.4272738907818,27.0237990350305,1966.14122924406,66.0775158071041,44.3959457608462,65.998556982782,7.93725393319377,48.899313462899,191.703516126434,117.161874182282,1460.09608294405,246.826138926052,0.0936020013132971,0.0184452927223209,0.00363570240063934,0.0184452927223211,1695.16581574109,48.46,51.54,2.58,9.36,0.47,5.43,0.48,4.9676,4.1976,0.6572,0.699,0.6256,0.0706,0.0854,120.9,1197.776996,14.97221245,8976.759109,1615.81664,26667.54291,3466.780578,2867.600154,401.4640216,567.7982591,68.13579109,22528.01628,4055.04293,9.134399757,0.639407983,7.820727692,4.223192954,39.76047449,5.566466429,44.16857409,3.975171668,3.406789555,0.121281708,32.92937976,5.268700762,253.6262866,5.072525732,14.95542664,0.747771332,8.387066316,0.132515648,2.620337879,0.018080331
"Isla Hermite","HER42PB","HER42PB1C",86,94.8,95.4,95.1,95.1,0.6,642,1168,894,895,263,0.1013,0.03045,19653,52322,1.35571428571429,71.7142857142857,420.714285714286,163.285714285714,128.428571428571,7931.57142857143,93.4285714285714,186.571428571429,134.285714285714,0.375,143.428571428571,860.142857142857,681.285714285714,32171.8571428571,5696,5.65117711449515,1.73144172005797,0.177103843463082,-1.73144172005797,37867.8571428571,334.485176552464,1274.60189863345,0.101136400116731,11.6291915126588,64.1293336046105,47.2500944821429,30.4239880294982,1007.1805295217,40.8528136234505,36.2392841304256,36.1142367389662,1.06066017177982,61.5815371218169,83.3775120989438,53.5839350480916,540.998283599073,133.916640738434,0.177240785678365,0.0313960837786304,0.00556536030114787,0.0313960837786311,533.355550132501,77.25,22.75,1.14,41.25,2.06,23.93,2.06,4.9676,4.4957,0.9147,0.2694,0.2573,0.0273,0.0343,125.6,1488.067168,33.33270455,5721.295663,1029.833219,19173.11646,2492.50514,1937.934236,271.310793,360.8953237,43.30743884,16524.5867,2974.425606,5.668266146,0.39677863,7.733471223,4.17607446,34.52810771,4.833935079,29.23988643,2.631589779,3.435134265,0.059084309,20.28673632,3.245877811,218.7762183,4.375524366,9.993117862,0.499655893,6.148477883,0.045498736,2.101736522,0.025010665
"Isla Hermite","HER42PB","HER42PB1C",90,100.2,100.8,100.5,100.5,0.6,679,1214,948,948,267,0.098,0.02824,19321,48265.2857142857,1.33571428571429,44.8571428571429,264,192.285714285714,75,3677,46.7142857142857,195.714285714286,118.285714285714,0.375,66.4285714285714,609.714285714286,700.857142857143,33249.5714285714,5509.71428571429,6.03166620125626,1.79687984034557,0.165839163274665,-1.79687984034557,38759.2857142857,642.551684043133,1304.88578226675,0.0522357294250921,17.2184839772899,45.3100430368368,248.281234547783,44.7660585711988,1043.50307458419,29.8536110920956,26.0302022383889,26.6440380180025,1.06066017177982,56.0085027558529,124.910253496546,120.309917257374,1958.0151392965,247.254062511764,0.110531505815482,0.0182806233240508,0.00302421608100827,0.0182806233240505,2199.88194488445,70.96,29.04,1.45,32.26,1.61,18.71,1.62,4.6419,4.3797,0.9539,0.3903,0.3878,0.0383,0.049,128.2,1561.45067,15.30221656,6594.697268,1187.045508,20274.4736,2635.681568,2422.968415,339.2155781,431.4287933,51.7714552,17616.22911,3170.92124,7.144032067,0.500082245,7.374484715,3.982221746,40.65077512,5.691108517,32.82610384,2.954349346,3.738156314,0.027288541,24.33687143,3.893899429,219.7339196,4.394678392,20.92027695,1.046013848,7.387883124,0.098997634,2.602507106,0.04762588
"Isla Hermite","HER42PB","HER42PB1C",91,101.6,102.3,102,102,0.8,703,1223,965,964,260,0.0977,0.0271,19412.5,50895.25,1.35,56.5,374.375,126.75,106.875,6511.875,114.625,178,151.375,0.75,114.125,764,682.5,32436.625,5452.625,5.95098213341578,1.78323524963658,0.168147987704272,-1.78323524963658,37889.25,349.11070696025,1324.27691860232,0.119283575686561,11.9761668086484,71.4581545881424,32.4994505448059,22.0482425603493,1066.9335817459,54.4109692197131,50.4635653573093,35.3389202680881,2.12132034355964,60.7064070518331,117.712725371073,92.3997526279929,688.109820450195,127.793290121195,0.160358647772002,0.0271602917261714,0.00460362081484722,0.027160291726171,732.483008091558,76.82,23.18,1.16,36.47,1.82,21.15,1.83,5.6991,5.4369,0.7432,0.2242,0.2251,0.0219,0.0281,128.1,1436.002402,12.92402162,5009.073815,901.6332867,15679.13954,2038.28814,1886.233337,264.0726672,299.9841868,35.99810242,15409.2047,2773.656846,5.39869674,0.377908772,7.652397974,4.132294906,44.99762802,6.299667923,66.23589727,5.961230754,3.947160352,0.053286665,17.07719827,2.732351723,188.3177471,3.766354942,7.331532035,0.366576602,6.671974273,0.028022292,1.678943755,0.041302016
"Isla Hermite","HER42PB","HER42PB1C",97,109.8,110.4,110.1,110.1,0.6,789,1301,1046,1047,256,0.0862,0.02155,15614.4285714286,46797.7142857143,1.33857142857143,154,770.428571428571,329.857142857143,215.571428571429,12676,68.7142857142857,138.428571428571,105.857142857143,14.1428571428571,182.571428571429,1239.57142857143,592.714285714286,22641,4695.71428571429,4.82405679764606,1.56978657033964,0.208906455944755,-1.56978657033964,27336.7142857143,844.553700116785,1625.38771931353,0.0885867882227313,85.736028988207,216.446188187624,95.0095233321877,51.0746419235519,2521.49030006727,59.3737155249534,24.878753605283,37.4451980518578,20.497386592999,94.6041879673008,321.242824637302,128.185691200584,2113.11239644274,147.17983816374,0.450093841180982,0.0951156029962315,0.0201762433006127,0.0951156029962311,2139.49493372351,63.82,36.18,1.81,24.06,1.2,13.96,1.21,3.611,3.6471,1.0578,0.5996,0.6356,0.0517,0.0677,131,1212.3254,27.76225166,7175.3422,1291.561596,23770.8588,3090.211644,2339.38198,327.5134772,436.78518,52.4142216,17175.5766,3091.603788,7.2536503,0.507755521,6.6532882,3.592775628,28.9478943,4.052705202,36.659792,3.29938128,3.3295444,0.122194279,24.826568,3.97225088,254.965373,5.09930746,15.9139461,0.795697305,6.8534089,0.058253976,3.0279132,0.035123793
"Isla Hermite","HER42PB","HER42PB1C",104,119.2,119.8,119.5,119.5,0.6,902,1374,1164,1156,236,0.1045,0.02184,19923.1428571429,53143.8571428571,1.33285714285714,48.2857142857143,308.428571428571,120.142857142857,82,8038,132,196.857142857143,103.142857142857,0.375,50,588.571428571429,686,33030.7142857143,5503.28571428571,6.00735003139604,1.79248797040263,0.166627611416251,-1.79248797040263,38534,266.585463826911,1971.99631748908,0.0975900072948533,12.1066687644219,44.7915808415568,17.6864220183033,19.4250697124446,1560.0396362486,64.5703750440814,40.3667708700633,45.2379949873576,1.06066017177982,67.0497327859453,77.9398424916233,90.4378239455152,175.157752027246,169.771134458241,0.204639124018868,0.0339851875330709,0.00564847469298691,0.03398518753307,165.911623060793,76.83,23.17,1.16,39.8,1.99,23.09,1.99,4.1793,4.5304,0.9886,0.2981,0.338,0.0311,0.0418,134.3,1355.713487,19.38670286,6260.84885,1126.952793,19931.45628,2591.089316,1783.788743,249.730424,323.6804956,38.84165947,29105.71327,5239.028389,7.23671292,0.506569904,8.016836814,4.32909188,31.06311504,4.348836106,39.88560708,3.589704637,5.055202832,0.167327214,19.90308814,3.184494102,231.5407717,4.630815434,9.931686372,0.496584319,6.34311646,0.072945839,1.546347398,0.026133271
"Isla Hermite","HER42PB","HER42PB1D",118,127.3,127.8,127.6,127.6,0.6,995,1422,1241,1230,213,0.1098,0.01951,21380.6666666667,54446,1.33166666666667,40.1666666666667,284.666666666667,75.8333333333333,47.5,5676.83333333333,107.5,211.833333333333,126.5,0.375,44.3333333333333,390.333333333333,850.833333333333,37027.3333333333,6032.5,6.13830707309006,1.81429202421231,0.162994885209007,-1.81429202421231,43059.8333333333,425.048075712227,483.227896545719,0.12937026963977,14.0771682758525,45.5836227900621,22.1397079173748,35.8817502360183,1368.65443654221,43.9670331043613,43.2361731269855,57.1760439345011,1.06066017177982,54.6284419205478,119.652273971984,86.9906125203557,1350.88099648587,173.55316188419,0.152856874343692,0.0248000934663678,0.00402597509904674,0.024800093466369,1482.44560327409,75.98,24.02,1.2,31.86,1.59,18.48,1.6,3.9915,4.8816,1.2745,0.403,0.513,0.0442,0.0642,145.1,1520.525972,43.79114799,5656.960644,1018.252916,21097.44306,2742.667598,2617.070294,366.3898412,421.6584628,50.59901554,12943.05626,2329.750127,5.413025996,0.37891182,7.99757167,4.318688702,27.88986141,3.904580597,25.82803284,2.324522956,3.142110584,0.038962171,18.26896274,2.923034038,237.9234012,4.758468024,19.67739493,0.983869747,5.72084829,0.146453716,2.048179847,0.076397108
"Isla Hermite","HER42PB","HER42PB1D",121,130.9,131.6,131.3,131.3,0.7,1038,1449,1273,1266,206,0.1008,0.0169,20689.75,51304.5,1.2575,32.5,305.625,56.5,34.375,2484.875,61.625,182.5,99.625,3.125,78.125,623,822.625,36857.25,6022.75,6.12285699931216,1.81156661794862,0.163474090019217,-1.81156661794862,42880,579.740767190696,1766.65252465139,0.0660627407415536,13.5962179615194,56.6314841762071,21.044171232366,18.768800098644,798.976566346866,40.2134927605151,27.7385755118855,26.4679725598424,8.83883476483184,55.3983947678734,125.472820050514,101.226672797807,992.973564602805,177.245390832677,0.198226320598019,0.0325684674006615,0.00535517604957451,0.0325684674006608,1066.20073156981,84.55,15.45,0.77,54.74,2.74,31.75,2.74,4.9392,6.1938,1.0271,0.1877,0.2447,0.0189,0.0278,147.2,1357.682984,12.21914686,3648.143898,656.6659016,15108.07419,1964.049645,1282.645911,179.5704275,195.5844371,23.47013245,7988.703067,1437.966552,3.181449904,0.222701493,6.481861022,3.500204952,25.96709783,3.635393696,17.02060447,1.531854402,2.950543137,0.048093853,10.8681745,1.73890792,200.4648971,4.009297942,7.802635527,0.390131776,3.699998786,0.06104998,1.325044907,0.019080647
"Isla Hermite","HER42PB","HER42PB1D",131,143.2,143.8,143.5,143.5,0.6,1244,1514,1395,1392,135,0.0907,0.00917,21521.1428571429,52980.2857142857,1.38714285714286,20.2857142857143,236.428571428571,27.4285714285714,14.4285714285714,2204.14285714286,112.571428571429,175,138.142857142857,0.375,37.2857142857143,261.714285714286,949,38842.8571428571,5957.14285714286,6.5227939477061,1.87505263539417,0.153384975650014,-1.87505263539417,44800,562.844095812043,1568.40446678418,0.112947522580811,10.4994330912719,42.6648065070699,16.0608960195993,16.0089260815869,357.911734263924,47.7313912879744,30.1882979535669,40.9325810385345,1.06066017177982,47.8424995365497,87.3932001277641,100.141566461352,947.583492991766,175.344830331007,0.158190211195575,0.0241155051850933,0.00367824878821872,0.0241155051850948,1062.85778289791,80.13,19.87,0.99,47.58,2.38,27.6,2.38,4.173,5.646,1.2803,0.3175,0.4455,0.0288,0.0433,150.4,1496.398904,23.64310268,5049.87496,908.9774928,16222.83208,2108.96817,1694.217096,237.1903934,259.3390696,31.12068835,12805.9724,2305.075032,4.0172756,0.281209292,6.76410592,3.652617197,22.2037868,3.108530152,20.90723648,1.881651283,2.573376832,0.031395197,15.70363184,2.512581094,201.5309088,4.030618176,6.75540424,0.337770212,4.60898984,0.074204736,1.425915296,0.010409182
"Isla Hermite","HER42PB","HER42PB1D",137,150.7,151.3,151,151,0.6,1378,1586,1481,1480,104,0.0631,0.0047,20867.7142857143,51355.5714285714,1.29571428571429,22.8571428571429,229.428571428571,37.5714285714286,28.7142857142857,1634.71428571429,95,217.428571428571,106.571428571429,1.28571428571429,38.8571428571429,484.714285714286,841.857142857143,37733.4285714286,6034.14285714286,6.25715998468314,1.83341220503203,0.159917825536163,-1.83341220503203,43767.5714285714,265.46984404116,805.944344055026,0.0824332341670403,7.28991475552747,24.6161000353911,9.44911182523068,13.300554947248,295.746915614074,51.7719357696169,28.1712450491463,52.4177360024167,3.40168025708304,56.0458995569065,65.4973645416727,144.350763271771,309.79770665326,167.801895670091,0.168663500107481,0.0271377369693722,0.00436875869137502,0.0271377369693709,381.886482759322,84.05,15.95,0.8,67.1,3.36,38.92,3.36,4.5358,6.4091,1.1773,0.2233,0.3268,0.0141,0.0217,153.7,1122.527929,11.44978487,3309.7982,595.763676,14715.29986,1912.988982,1150.276453,161.0387034,172.5557713,20.70669256,6997.205183,1259.496933,2.856953727,0.199986761,5.489630722,2.96440059,20.00182283,2.800255196,15.64215778,1.4077942,2.14979546,0.020638036,9.202783759,1.472445401,193.3528611,3.867057222,5.180678081,0.259033904,3.541512681,0.037894186,0.969481945,0.01289411
"Isla Hermite","HER42PB","HER42PB1D",144,159.2,159.8,159.5,159.5,0.6,1424,1936,1589,1615,256,0.0689,0.01115,19183.4285714286,49310.7142857143,1.33,59.1428571428571,388.428571428571,158.571428571429,100.714285714286,5211.14285714286,91.4285714285714,197.142857142857,75.2857142857143,0.375,79.1428571428571,813.857142857143,673.428571428571,32768.1428571429,5741.28571428571,5.7088248309636,1.74187527445022,0.17521555110464,-1.74187527445022,38509.4285714286,280.536900212704,1133.01466808477,0.0723417813807024,16.395411669413,57.37263326377,50.9341311331185,27.5482261117619,966.994558511306,46.1080511510992,33.3937547625729,31.0575502667456,1.06066017177982,57.981113509569,138.820541913446,71.5235558932793,394.797175172024,111.916210154017,0.102783856491882,0.0179069759927745,0.0031208454553469,0.0179069759927748,456.081080928548,69.44,30.56,1.53,24.03,1.2,13.94,1.21,3.808,5.6435,1.1573,0.5094,0.7804,0.0351,0.0594,169.4,1280.002013,30.3360477,5997.873908,1079.617303,19331.44723,2513.08814,2133.687133,298.7161986,334.5877951,40.15053541,14513.69839,2612.46571,5.301363572,0.37109545,7.080750354,3.823605191,29.54255159,4.135957223,29.06945023,2.616250521,2.539765801,0.023873799,21.18442756,3.38950841,222.8833073,4.457666146,11.73028539,0.58651427,6.344814905,0.065986075,2.638854252,0.051457658
"Isla Hermite","HER42PB","HER42PB1D",147,162.9,163.5,163.2,163.2,0.6,1458,1990,1644,1669,266,0.0705,0.0115,18606.1428571429,49611.1428571429,1.32285714285714,89.4285714285714,467.142857142857,171.714285714286,117.285714285714,6882.71428571429,85,181.142857142857,130.714285714286,40,173.857142857143,800.142857142857,678.714285714286,31443.7142857143,5520.42857142857,5.69554318623147,1.73928196370861,0.175717168089234,-1.73928196370861,36964.1428571429,415.184869895901,1138.35735873691,0.0540722620556004,37.9027577838216,74.6311565219883,51.3637819405668,46.9989868178534,2096.14819087183,41.097445176069,20.6189926316214,23.3146183449661,40.1414166831881,46.1137310405067,135.699949117441,79.3278309416359,1561.81846088523,208.259339240651,0.174361334318315,0.03063518654082,0.00538695218862658,0.0306351865408194,1731.55185008241,79.71,20.29,1.01,33.48,1.67,19.42,1.68,3.3117,4.9924,1.3497,0.3435,0.535,0.0242,0.0417,172.1,1401.647809,2.522966056,4295.763522,773.237434,16304.49768,2119.584698,1670.874143,233.92238,264.1328625,31.6959435,10760.96847,1936.974325,4.125981149,0.28881868,7.101215107,3.834656158,30.53387748,4.274742847,22.37893368,2.014104031,2.464539361,0.013062059,15.49870515,2.479792824,201.1247375,4.02249475,9.839292734,0.491964637,5.338712382,0.032566146,2.093713099,0.022193359
"Isla Hermite","HER42PB","HER42PB1E",158,169.3,169.9,169.6,169.6,0.6,1498,2157,1732,1760,330,0.077,0.01467,20354,50269.4285714286,1.24285714285714,36,206.714285714286,49.8571428571429,36.1428571428571,2647.85714285714,105.714285714286,179.571428571429,124.571428571429,4.57142857142857,69.1428571428571,436.714285714286,848.714285714286,36280.4285714286,5934,6.11475144081632,1.81033556828379,0.163658532324904,-1.81033556828379,42214.4285714286,308.91368805326,803.889058917721,0.0734198623703164,15.2206000757745,21.8534077107308,19.2910045654149,16.5673229725321,462.753148223193,52.1207389488237,43.5501899837308,52.452699780714,12.0948631362953,66.1725738037257,94.6796604093936,102.32255255761,1054.58046273433,95.4428275635908,0.180821826357582,0.0292031584204017,0.00471946134667577,0.029203158420402,1081.0786060139,85.37,14.63,0.73,60.28,3.01,34.97,3.02,3.7938,6.1498,1.2763,0.2188,0.3656,0.0168,0.0314,186.2,447.033557,5.051479195,1024.567593,184.4221667,5436.594439,706.7572771,410.3823586,57.4535302,66.61077661,7.993293193,3223.639501,580.2551102,1.260301438,0.088221101,2.834914669,1.530853921,7.835581975,1.096981477,7.99662512,0.719696261,0.9343279,0.008595817,4.023302013,0.643728322,74.85729626,1.497145925,2.834914669,0.141745733,1.326106999,0.025726476,0.722195206,0.013793928
"Isla Hermite","HER42PB","HER42PB1E",162,175.6,176.2,175.9,175.9,0.6,1556,2241,1819,1842,342,0.0767,0.01452,20130.2857142857,50336.7142857143,1.33142857142857,43,275.428571428571,69.4285714285714,55.4285714285714,2936,56.2857142857143,198.428571428571,99.1428571428571,3.14285714285714,81.2857142857143,556.285714285714,775.857142857143,35854.4285714286,5720,6.27257300102621,1.8358696378819,0.159525364533231,-1.8358696378819,41574.4285714286,365.272370652236,933.969791496798,0.0542919795883245,11.3724814061547,14.8195495079657,25.4221500720477,17.2516389835589,391.150013848055,40.573859752778,42.0034012228262,28.0441828277486,5.39841246505462,80.8490657247901,84.2530202934674,95.0358328411422,674.831054695138,199.455091018839,0.17051856113363,0.0272037173378792,0.004342708424805,0.0272037173378797,815.78691195329,83.11,16.89,0.84,49.45,2.47,28.68,2.47,3.768,6.2549,1.2538,0.2548,0.4357,0.0195,0.0371,189.9,1183.99773,17.04956731,3756.973168,676.2551702,14110.24974,1834.332466,1400.001342,196.0001879,211.0280805,25.32336966,11941.27554,2149.429597,5.526713106,0.386869917,27.22539319,14.70171232,42.45588235,5.943823529,30.50864809,2.745778328,2.30066192,0.062578004,12.28390196,1.965424314,180.6386068,3.612772136,7.531822497,0.376591125,4.644822497,0.113333669,1.256992054,0.022877255
"Isla Hermite","HER42PB","HER42PB1E",166,181.9,182.5,182.2,182.2,0.6,1629,2326,1912,1929,349,0.0665,0.01225,20612.1428571429,53111.4285714286,1.30142857142857,33.4285714285714,250,63,48.4285714285714,4452.42857142857,140.142857142857,219.285714285714,133.571428571429,0.375,17.1428571428571,527.428571428571,821.571428571429,36370.4285714286,5935.85714285714,6.1289146338362,1.81278807232198,0.163235184730045,-1.81278807232198,42306.2857142857,121.182271216308,911.557249462489,0.0827503416767511,12.1086352500621,27.7368587502863,29.1376045686669,22.8243812830136,1065.80624523454,47.7543316409746,24.1434206753054,44.4479363707591,1.06066017177982,20.0368707755525,106.804895553929,97.5958625196395,470.603816793864,96.6392407727982,0.143369313810637,0.0230243564133098,0.00369938164462334,0.0230243564133099,459.637797359948,84.81,15.19,0.76,63.1,3.15,36.6,3.16,4.5358,7.7245,1.0927,0.1957,0.343,0.013,0.0252,193.7,836.8221931,3.59833543,3191.150345,574.4070621,13479.76097,1752.368926,914.3215586,128.0050182,153.4316483,18.4117978,10687.50441,1923.750794,2.678001972,0.187460138,5.932120552,3.203345098,20.43760841,2.861265177,16.5256,1.487304,2.16000989,0.07214433,7.299756414,1.167961026,178.3340179,3.566680358,6.704264966,0.335213248,2.470007352,0.038038113,0.898650731,0.025341951
"Isla Hermite","HER42PB","HER42PB1E",174,194.9,195.5,195.2,195.2,0.6,1770,2504,2112,2118,367,0.0712,0.01256,20043,50000.2857142857,1.27857142857143,24.5714285714286,246.857142857143,56.2857142857143,42.4285714285714,2014.42857142857,76.5714285714286,206.571428571429,130.285714285714,24.2857142857143,85.5714285714286,438.428571428571,810.285714285714,36906.1428571429,5769,6.39842373780346,1.85597616996412,0.156312151134766,-1.85597616996412,42675.1428571429,262.398551825272,644.697271150244,0.0715142343473361,12.7391410340617,40.1597998477274,19.5849796673734,22.0518868645228,260.228654035163,27.5188247257348,34.8800666229158,28.1348792172888,28.9465846328157,63.866676608012,75.7184634965985,64.4223415845628,478.2337045739,115.128913252348,0.0847166172117107,0.0132889810313386,0.00208478654681798,0.0132889810313367,569.198977678699,84.28,15.72,0.79,63.26,3.16,36.7,3.16,4.5593,8.1338,0.9731,0.1815,0.3328,0.0129,0.026,201,833.2937056,28.91529158,3125.582355,562.6048239,14253.70812,1852.982056,982.7018051,137.5782527,143.7066162,17.24479394,6996.743289,1259.413792,4.257107492,0.297997524,4.605044162,2.486723847,16.48459618,2.307843465,37.24969056,3.35247215,2.086742869,0.046117017,8.233526579,1.317364253,188.1781856,3.763563712,5.05239131,0.252619566,3.143125381,0.092722199,0.756981545,0.007645514
"Isla Hermite","HER42PB","HER42PB1E",179,202.5,203,202.8,202.8,0.6,1850,2609,2223,2225,379,0.0698,0.01209,19380.6666666667,48564.8333333333,1.32166666666667,30,293.333333333333,68,52.6666666666667,3135.16666666667,73,180.666666666667,118,0.375,54.6666666666667,590.333333333333,753.666666666667,34223.6666666667,5583.83333333333,6.13714979662214,1.81246422141031,0.16356793950803,-1.81246422141031,39807.5,709.823827908494,1145.62112701655,0.099079092984679,5.8309518948453,33.2365260920372,21.936271333114,12.2909180562994,619.814945501209,15.1657508881031,45.7369289159938,36.4252659564759,1.06066017177982,67.0422752199436,179.484446865645,112.977283852404,1706.89984084206,189.803494874743,0.409725127125006,0.0678303048670134,0.0112771935469372,0.0678303048670149,1670.72388502709,86.18,13.82,0.69,58.1,2.91,33.7,2.91,3.1172,5.6983,1.2611,0.2022,0.3797,0.0141,0.0289,205.1,1203.95387,48.03775942,5457.248831,982.3047896,19005.72883,2470.744748,2108.785455,295.2299637,365.7716364,43.89259637,13791.08364,2482.395055,5.441252987,0.380887709,7.643347532,4.127407667,26.97965714,3.777152,33.08473766,2.977626389,2.19542961,0.055983455,19.53359169,3.12537467,225.088187,4.50176374,10.66656208,0.533328104,5.609209351,0.103770373,1.478016,0.004434048
"Isla Hermite","HER42PB","HER42PB1F",189,208.1,208.7,208.4,208.4,0.6,1905,2702,2305,2306,398,0.0691,0.01213,20352.5714285714,51142.8571428571,1.40857142857143,43.4285714285714,303.857142857143,88.2857142857143,73.1428571428571,3089.42857142857,53,225.857142857143,121.285714285714,0.375,117.428571428571,690.285714285714,732,35784.2857142857,5777.57142857143,6.20256614143732,1.82421501475425,0.161468010124509,-1.82421501475425,41561.8571428571,250.309712917722,1072.4743087166,0.13208943579113,10.9674844100967,42.912424663216,17.2212493324796,18.1881698862069,273.785108642318,42.3988993567836,43.6517604510539,53.559046188029,1.06066017177982,51.8100927839906,149.380626014793,75.0266619276108,772.864092038118,264.728072521507,0.255954973206723,0.0420405117971849,0.00691438845577924,0.0420405117971851,910.384246453373,85.34,14.66,0.73,63.98,3.2,37.11,3.2,4.5593,8.8176,1.1109,0.1908,0.3785,0.0132,0.0285,216,648.6931151,21.08252624,2756.113305,496.1003949,10921.53411,1419.799434,775.5257867,108.5736101,131.1007878,15.73209454,11345.31869,2042.157364,2.424955924,0.169746915,6.281092925,3.39179018,32.78276452,4.589587033,17.72327666,1.595094899,1.772024963,0.082399161,7.558500739,1.209360118,150.0197423,3.000394846,6.063146568,0.303157328,2.604761668,0.073714755,0.787633918,0.020242192
"Isla Hermite","HER42PB","HER42PB1F",191,210.9,211.5,211.2,211.2,0.7,1953,2736,2350,2349,392,0.064,0.01087,21062.1428571429,52534.4285714286,1.31,41.4285714285714,267,59.4285714285714,34.8571428571429,2390.42857142857,77.4285714285714,203.428571428571,138.857142857143,0.375,56.8571428571429,413.285714285714,760.142857142857,37614.7142857143,6008.71428571429,6.26126819786083,1.83426627714951,0.159749237834537,-1.83426627714951,43623.4285714286,448.076417802227,1291.61847529148,0.0562731433871137,13.7944088052266,77.2485167063636,15.5655296821443,15.0712593084605,409.631483630046,28.7219842795093,33.891282767388,58.6015601937598,1.06066017177982,65.3106131534239,108.327765424681,80.7742297423887,769.589005960479,148.58859790903,0.103287598809764,0.0164803302381369,0.00263002458531463,0.0164803302381366,885.868849800928,81.09,18.91,0.95,62.08,3.1,36.01,3.11,4.7173,9.2128,1.0462,0.244,0.4887,0.0156,0.0339,217.3,719.2964267,16.04031032,2828.534907,509.1362833,13096.11662,1702.495161,993.0986057,139.0338048,174.0963235,20.89155882,8584.603441,1545.228619,2.969961652,0.207897316,7.062851662,3.813939897,17.54257349,2.455960289,19.13786718,1.722408046,1.866833038,0.080647187,7.439046804,1.190247489,166.9684155,3.33936831,6.36986061,0.318493031,2.49335352,0.020196164,2.743961713,0.017286959
"Isla Hermite","HER42PB","HER42PB1F",197,219.3,219.9,219.6,219.6,0.6,2073,2832,2491,2479,379,0.0547,0.00852,18981.5714285714,48712.1428571429,1.35428571428571,44.7142857142857,355.714285714286,108.142857142857,69.4285714285714,4555.14285714286,67.5714285714286,182.428571428571,123,0.375,105,699.857142857143,694.142857142857,32498.4285714286,5487.42857142857,5.92125833214333,1.77831032890239,0.168963469632739,-1.77831032890239,37985.8571428571,359.221777895335,1027.91186855869,0.0830375703837612,8.57737888701604,48.7842675655253,42.274612442255,21.5550237211432,1064.12443328955,27.9097183961498,36.9858402764136,27.1477439209965,1.06066017177982,74.9199572877614,157.898098543996,71.5132355382055,1176.74733299646,99.8646703341696,0.140034113842286,0.0235720927268431,0.00396908975752484,0.0235720927268429,1260.1582478101,85.86,14.14,0.71,66.48,3.32,38.56,3.33,4.4562,8.9727,1.1597,0.1909,0.394,0.0104,0.0232,221.9,753.1282518,10.09191857,3423.57602,616.2436836,13147.58443,1709.185976,599.0527127,83.86737978,107.6482229,12.91778675,7683.311513,1382.996072,3.689626761,0.258273873,5.405800223,2.91913212,15.70576463,2.198807048,34.46965096,3.102268586,1.887790808,0.033413897,7.303239025,1.168518244,192.3751513,3.847503026,4.803531513,0.240176576,2.882703635,0.006341948,0.649923953,0.019692696
"Isla Hermite","HER42PB","HER42PB1F",200,223.4,224,223.7,223.7,0.6,2190,2867,2565,2554,338,0.0545,0.00736,20205.8571428571,51089,1.25571428571429,27.5714285714286,261.571428571429,78.7142857142857,51.1428571428571,2363.14285714286,39,187.428571428571,123.857142857143,5.71428571428571,65.7142857142857,607.428571428571,799.428571428571,36589.5714285714,5885.28571428571,6.22053582986503,1.82751816602636,0.160866099577667,-1.82751816602636,42474.8571428571,257.480373731947,828.882782223558,0.0801783725737273,9.03432607442567,45.5296868092938,32.5408168598264,20.4566906042055,502.836099397351,42.5832517937902,34.0140027187684,23.5685423918449,15.1185789203691,60.3122825680759,87.8841228414954,104.300618634882,441.236466135358,148.659246024495,0.175371954086622,0.0280232438115408,0.00448182836029014,0.0280232438115409,463.826989501987,88.36,11.64,0.58,70.1,3.5,40.66,3.51,4.0559,8.2801,1.0819,0.1425,0.2981,0.0078,0.0173,222.7,670.9631777,6.709631777,2194.360902,394.9849624,11323.61093,1472.069421,690.7048329,96.69867661,104.6054626,12.55265551,9567.109814,1722.079767,2.746114854,0.19222804,5.360618674,2.894734084,16.67157469,2.334020457,22.71049639,2.043944675,1.703350504,0.055358891,4.662067798,0.745930848,171.3980626,3.427961252,2.662592467,0.133129623,1.537065024,0.020135552,0.509992759,0.020042715
"Isla Hermite","HER42PB","HER42PB1F",205,230.3,230.9,230.6,230.6,0.6,2304,2968,2694,2679,332,0.0571,0.00723,19974,51093.8571428571,1.28428571428571,42.4285714285714,305.285714285714,107,62.4285714285714,3231,58,190.285714285714,94.7142857142857,5.14285714285714,102.285714285714,673.285714285714,766.571428571429,35404.1428571429,5789.71428571429,6.11719991453861,1.81089416044601,0.163542500003125,-1.81089416044601,41193.8571428571,118.525665293781,455.055464960565,0.0571130874835599,8.24332341670403,36.5180972747955,21.6101827849743,20.181320925195,204.518947777461,31.5911379978626,30.7121815447567,42.3190827157768,13.6067210283322,82.2510674413293,81.3074705171964,87.4239805828606,292.32141475405,118.136523121506,0.135035386883137,0.0221908998943391,0.00364821742587628,0.0221908998943397,311.19470248888,88.43,11.57,0.58,75.58,3.78,43.84,3.78,4.5593,9.5471,1.14,0.1491,0.3197,0.0085,0.0193,227.1,741.4445825,11.34410211,2525.307497,454.5553495,11871.90515,1543.34767,549.7826232,76.96956725,83.17074012,9.980488814,5459.728289,982.751092,2.27561944,0.159293361,3.651541303,1.971832304,16.66345413,2.332883578,20.69597487,1.862637738,1.661949497,0.074953922,4.800340815,0.76805453,190.1380415,3.80276083,3.129892546,0.156494627,2.226385175,0.077700843,0.559160578,0.031368908
"Isla Hermite","HER42PB","HER42PB1F",209,235.8,236.4,236.1,236.1,0.6,2465,3006,2789,2776,271,0.0569,0.00568,17822.7142857143,45813,1.35571428571429,36.1428571428571,276.428571428571,88.1428571428571,61.1428571428571,4167,69,153.571428571429,74.2857142857143,0.375,85.8571428571429,671.857142857143,615.857142857143,30762.5714285714,5317.57142857143,5.78228638410381,1.75452438146988,0.173037638119014,-1.75452438146988,36080.1428571429,825.384297218719,1399.48133249429,0.0824332341670403,19.68441491323,84.2256040699761,30.5528425924036,13.3345237563823,1041.97696711588,41.0487515035476,25.4941636645014,40.2148989211473,1.06066017177982,33.4336585465833,133.797643939681,107.770479216139,1763.15709804344,206.265086028358,0.145496599177593,0.025401299260013,0.00443615000207944,0.0254012992600131,1957.72158631502,73.17,26.83,1.34,30.35,1.52,17.61,1.52,3.8992,8.3151,1.1141,0.4084,0.8914,0.0232,0.053,228.2,916.3058162,24.46536529,5697.238235,1025.502882,21435.85886,2786.661652,1725.260893,241.536525,306.2265551,36.74718661,11114.88978,2000.68016,5.029922831,0.352094598,6.72326864,3.630565066,24.69330757,3.45706306,25.50832915,2.295749624,2.151234956,0.070560507,18.92485386,3.027976618,248.0408721,4.960817442,10.2233775,0.511168875,5.325335184,0.085205363,1.686751783,0.025638627
"Isla Hermite","HER42PB","HER42PB1F",211,238.4,239,238.7,238.7,0.6,2499,3039,2838,2822,270,0.0598,0.00585,18944.2857142857,49520.5714285714,1.26571428571429,47.2857142857143,318.428571428571,98.4285714285714,73.8571428571429,4686.71428571429,82.8571428571429,201.714285714286,129.571428571429,1.85714285714286,67.8571428571429,671.285714285714,797.428571428571,33289.7142857143,5649.71428571429,5.89320515139962,1.77365113012835,0.169737210000198,-1.77365113012835,38939.4285714286,201.970884276022,1072.47188885348,0.0492805380304582,27.1766706675308,75.8921540583679,37.5448937622554,44.2245353147947,1038.41477170504,36.7986801005533,47.246567020664,71.8188859629024,3.18478525851542,46.6134049797858,63.82975869638,135.731176893713,468.171163246134,83.0235193297945,0.110447562518519,0.0185880147085145,0.003129382678526,0.0185880147085154,490.05811122861,77.91,22.09,1.1,45.67,2.28,26.49,2.29,4.0849,8.7968,1.1382,0.3227,0.711,0.0193,0.0444,230.1,1039.769396,18.4039183,5573.411793,1003.214123,18063.59942,2348.267925,2165.153606,303.1215048,346.4020468,41.56824562,13675.84016,2461.651229,5.877569688,0.411429878,7.291340643,3.937323947,32.30269493,4.52237729,29.23295322,2.63096579,2.242037963,0.017039489,21.81206384,3.489930214,211.4460624,4.228921248,23.116,1.1558,6.913959552,0.085733098,2.178953363,0.052730671
"Isla Hermite","HER42PB","HER42PB1F",213,241.1,241.7,241.4,241.4,0.6,2584,3066,2875,2863,241,0.0723,0.00626,19740.1428571429,50887.5714285714,1.26,70.8571428571429,454.857142857143,110.285714285714,65.1428571428571,4459.14285714286,121.428571428571,179.714285714286,114.285714285714,0.375,89.2857142857143,840.857142857143,719.571428571429,34229.2857142857,5840.85714285714,5.85572014882087,1.76533327491358,0.171492660751583,-1.76533327491358,40070.1428571429,1215.08949307879,2522.89554924118,0.0757187779440037,34.0168025708304,186.136534629313,24.3153880338788,18.0778738741458,758.708865677173,58.6425816361488,30.7555647307079,37.2411702542329,1.06066017177982,76.0673260686748,253.280100923483,118.614019889243,2992.84729058499,199.099161702093,0.405523552722198,0.070040260918182,0.0121569834130776,0.0700402609181823,3133.33605116397,75.47,24.53,1.23,32.36,1.62,18.77,1.62,3.9811,8.647,1.178,0.3828,0.8506,0.0277,0.0639,230.9,1148.87735,9.535682008,4695.135297,845.1243535,16570.75403,2154.198024,1731.529863,242.4141808,288.8091125,34.6570935,12238.61735,2202.951123,4.779923294,0.334594631,6.769791583,3.655687455,30.25871619,4.236220267,26.6817226,2.401355034,2.24979649,0.100115944,16.08852231,2.57416357,202.828785,4.0565757,9.612839085,0.480641954,5.789430375,0.087420399,1.67270819,0.007359916
"Isla Hermite","HER42PB","HER42PB1G",220,241.3,242,241.7,241.7,0.7,2599,3070,2879,2868,235,0.0702,0.00596,20765.7142857143,52891.8571428571,1.27142857142857,53.8571428571429,373.714285714286,98.5714285714286,69.8571428571429,3969.28571428571,111.285714285714,205.285714285714,131,0.375,75.7142857142857,665.857142857143,791.857142857143,36491.1428571429,6042.57142857143,6.03988940105316,1.79779122965645,0.165761661781841,-1.79779122965645,42533.7142857143,896.585692927288,1739.59357596072,0.1060547926669,15.6676798051336,29.6125777652801,14.8420252757403,17.1797222661735,504.841134842013,55.5449196168119,45.4448907495452,35.990739549686,1.06066017177982,75.7929510480456,147.571935646573,91.725003082454,1729.43202897863,213.785606892245,0.226409064005515,0.0371262936531389,0.00609591195127891,0.0371262936531388,1875.11863751655,76.04,23.96,1.2,44.63,2.23,25.89,2.23,5.9408,13.346,0.807,0.2542,0.5839,0.0178,0.0425,238.1,1148.87735,9.535682008,4695.135297,845.1243535,16570.75403,2154.198024,1731.529863,242.4141808,288.8091125,34.6570935,12238.61735,2202.951123,4.779923294,0.334594631,6.769791583,3.655687455,30.25871619,4.236220267,26.6817226,2.401355034,2.24979649,0.100115944,16.08852231,2.57416357,202.828785,4.0565757,9.612839085,0.480641954,5.789430375,0.087420399,1.67270819,0.007359916
"Isla Hermite","HER42PB","HER42PB1G",230,255,255.6,255.3,255.3,0.6,2877,3206,3035,3036,164,0.1044,0.00589,21342.8571428571,52047.2857142857,1.24428571428571,12.4285714285714,214.571428571429,23.4285714285714,26.2857142857143,1027.57142857143,80.5714285714286,208.428571428571,124.285714285714,1.57142857142857,11.4285714285714,273.285714285714,922.714285714286,39484.2857142857,6027.85714285714,6.55231732945541,1.87966438085379,0.152664847872741,-1.87966438085379,45512.1428571429,210.61056365674,450.431539113961,0.0222539456105675,8.46280376819926,31.2669001920409,14.987296207757,25.9789291908801,203.313269892267,22.2175391890967,40.364411481969,40.6190197063489,4.1576092031015,20.3540097839643,86.2278266874336,123.421654347626,315.073385253718,123.905109622147,0.124489627032131,0.018971191122388,0.00289170771392959,0.0189711911223884,380.272896996981,81.75,18.25,0.91,50.86,2.54,29.5,2.54,5.6544,13.2821,0.9894,0.2208,0.5298,0.0231,0.0566,245.5,860.6907676,14.97601936,4369.778556,786.5601401,16688.31951,2169.481536,1581.334342,221.3868079,300.501993,36.06023916,12270.07289,2208.61312,5.122309014,0.358561631,7.561017887,4.082949659,20.55300982,2.877421375,29.3359331,2.640233979,2.072902542,0.043738244,13.37718549,2.140349678,196.4487137,3.928974274,9.298215317,0.464910766,3.408070141,0.066798175,1.037726746,0.009547086
"Isla Hermite","HER42PB","HER42PB1G",235,261.8,262.4,262.1,262.1,0.6,2923,3318,3096,3102,197,0.0962,0.00634,21267.2857142857,52214.7142857143,1.29571428571429,21.2857142857143,231.142857142857,36.2857142857143,24,1125,58.1428571428571,201.142857142857,93.7142857142857,0.375,48.2857142857143,350.428571428571,864.142857142857,39353.4285714286,6129.14285714286,6.42297806427657,1.85971275269588,0.155743788629983,-1.85971275269588,45482.5714285714,410.044190417616,993.042750722196,0.0910781976942786,5.02375310282017,26.4791022722232,12.7372718915039,14.4452991200136,200.858158908221,48.5298141057933,29.1857760528913,34.0377941202339,1.06066017177982,52.7184796370124,124.015935995953,150.352284730926,776.589951249018,177.206497784768,0.127358838769806,0.0198840316297779,0.0031051757705907,0.0198840316297772,911.965433764324,83.38,16.62,0.83,66.73,3.34,38.71,3.34,4.6635,11.1667,0.9524,0.1898,0.464,0.0183,0.0458,251,712.1125148,24.35424801,1649.869327,296.9764789,10268.05232,1334.846802,511.753571,71.64549994,77.97233518,9.356680222,5669.96572,1020.59383,1.696042582,0.118722981,5.647978456,3.049908366,15.90778555,2.227089977,21.94878635,1.975390772,1.868367764,0.011770717,3.053481296,0.488557007,171.610596,3.43221192,2.248747432,0.112437372,1.898875092,0.034179752,0.465030635,0.006696441
"Isla Hermite","HER42PB","HER42PB1G",239,267.2,267.8,267.5,267.5,0.6,2957,3395,3154,3159,219,0.0969,0.00694,21636.1428571429,53230.2857142857,1.35285714285714,26.2857142857143,292.428571428571,45.2857142857143,43.8571428571429,1212,79.2857142857143,210.857142857143,110.714285714286,0.375,20.4285714285714,511.428571428571,870,38993,6154,6.3369455690116,1.84618488106884,0.157871512040545,-1.84618488106884,45147,539.302768572975,1057.56051273449,0.0521901286050295,12.6189577714681,41.0928101694086,18.589551596836,16.8070280084312,220.443492381457,42.0345662747311,32.4572979540225,44.4211446862651,1.06066017177982,45.0993612033738,146.800155702525,126.955372736512,992.52472681205,127.773236634281,0.141242147303694,0.022217614725649,0.00349610173243142,0.02221761472565,1068.69203546516,83.58,16.42,0.82,59.46,2.97,34.49,2.97,5.0921,12.4069,0.9309,0.1829,0.4547,0.0177,0.0453,255.8,1041.216979,26.34278957,2991.060367,538.3908661,13752.84253,1787.869529,979.9509916,137.1931388,165.9363359,19.91236031,6876.421266,1237.755828,2.30494227,0.161345959,6.480173586,3.499293736,12.73174274,1.782443984,17.94697181,1.615227463,1.844990156,0.06365216,7.318389831,1.170942373,185.0171857,3.700343714,5.029297468,0.251464873,2.013852629,0.044506143,0.932706076,0.023784005
"Isla Hermite","HER42PB","HER42PB1H",259,283.7,284.3,284,284,0.6,3080,3581,3314,3318,250,0.0974,0.00753,21285.5,52562.3333333333,1.38,32.6666666666667,328.833333333333,63.5,53.3333333333333,2705.33333333333,63.3333333333333,214.666666666667,98.3333333333333,0.375,96.8333333333333,597.5,838.833333333333,37715.8333333333,5874.83333333333,6.42395658455206,1.85963266414003,0.1557917653337,-1.85963266414003,43590.6666666667,268.137837688007,682.046821462183,0.0787400787401181,8.38252149813328,39.3619952068828,37.3242548485566,20.1957091152221,407.696782752411,53.1475932349403,24.1136199411591,39.4292615536567,1.06066017177982,53.3344791543582,96.3550725182644,124.600829317732,697.611472573858,175.018189530879,0.200385634915147,0.0309698231957295,0.00478923091805297,0.0309698231957289,762.294081484742,84,16,0.8,62.58,3.13,36.3,3.13,4.1793,11.0084,1.1069,0.2109,0.566,0.0205,0.0567,276.1,1158.805879,20.0473417,3156.428577,568.1571439,13600.89319,1768.116115,1299.51414,181.9319796,181.7526989,21.81032387,7738.954402,1393.011792,2.990729658,0.209351076,5.937997306,3.206518545,15.51050531,2.171470743,20.09031476,1.808128328,1.893042233,0.07079978,9.789818065,1.56637089,188.000363,3.76000726,8.928726964,0.446436348,2.591150791,0.044826909,1.174017583,0.027119806
"Isla Hermite","HER42PB","HER42PB1H",260,285,285.6,285.3,285.3,0.6,3088,3597,3327,3332,254,0.0982,0.0077,20720.1428571429,52205.5714285714,1.35857142857143,32.4285714285714,286.142857142857,66.2857142857143,62,3536.14285714286,53.5714285714286,201.714285714286,120.428571428571,0.375,134.571428571429,590.857142857143,793.142857142857,36395.4285714286,6051.85714285714,6.01450770040702,1.79403898134175,0.166309890240868,-1.79403898134175,42447.2857142857,359.37743787993,1055.49843788655,0.0684174859297853,15.9149525379661,29.5659070069372,20.7823184920442,4.58257569495584,414.286305418297,58.6937167076032,37.7788048413141,29.9491632763318,1.06066017177982,97.4557286547027,84.070265396331,128.319170523385,575.53333443652,76.6733951498792,0.106543553063409,0.0178165553651446,0.00298005051533389,0.0178165553651445,598.795934712796,77.87,22.13,1.11,50.45,2.52,29.26,2.52,4.7689,12.6137,1.0314,0.293,0.7897,0.0288,0.0798,277.3,1278.215842,8.691867727,3752.970488,675.5346878,15125.15668,1966.270368,1317.861996,184.5006794,232.242995,27.8691594,11631.52569,2093.674624,4.563779045,0.319464533,7.744414081,4.181983604,17.5903724,2.462652136,32.04482347,2.884034112,2.17785563,0.017422845,10.85946901,1.737515042,193.4016881,3.868033762,6.233090779,0.311654539,3.854321558,0.105222979,1.079985074,0.013283816
"Isla Hermite","HER42PB","HER42PB1H",264,290.3,290.9,290.6,290.6,0.6,3129,3669,3382,3386,270,0.1015,0.0083,22639.5714285714,55004.4285714286,1.28285714285714,16.8571428571429,271.285714285714,45.5714285714286,36.4285714285714,1202.57142857143,58.7142857142857,211.285714285714,95.1428571428571,0.375,29.4285714285714,340.285714285714,911.142857142857,41158.8571428571,6418,6.41397940740242,1.85838261122709,0.155939676189917,-1.85838261122709,47576.8571428571,327.993829790977,907.785925047467,0.0882636742407441,9.80524640908413,19.905730211125,19.9487438439713,18.6445447147161,432.350882633869,36.7229006012792,25.8180446310604,29.3509146446272,1.06066017177982,29.2110546589081,90.3506397057492,135.252145480739,640.458801321737,121.446833360666,0.0969852736857152,0.0150387480002019,0.00233233532992219,0.015038748000203,723.246483704191,85.88,14.12,0.71,73.91,3.7,42.87,3.7,4.4562,11.9583,1.0275,0.1689,0.4618,0.0171,0.0483,281.5,949.5359406,10.63480253,2146.234669,386.3222404,11805.42446,1534.70518,661.2738356,92.57833698,99.43200238,11.93184029,5101.984158,918.3571484,1.567442911,0.109721004,5.249374812,2.834662398,11.06280232,1.548792325,13.25098663,1.192588797,1.84890237,0.013312097,4.53509703,0.725615525,176.9254729,3.538509458,4.356527584,0.217826379,1.59040184,0.024333148,0.626977164,0.017241872
"Isla Hermite","HER42PB","HER42PB1H",269,297,297.6,297.3,297.3,0.6,3202,3735,3448,3451,266,0.101,0.00799,21210.4285714286,53617.7142857143,1.35428571428571,32.1428571428571,311.714285714286,71.8571428571429,70,3615.42857142857,93.8571428571429,196,100.714285714286,0.375,37.7142857142857,511.142857142857,818.857142857143,37505.7142857143,6051,6.20071406379774,1.82446394831173,0.161336665421232,-1.82446394831173,43556.7142857143,488.015661341197,1113.35270157091,0.0544233843297599,19.2737176091223,63.3001166026158,25.7580315722337,20.1990098767242,365.019112350234,51.7282275340024,45.9274790657329,54.8413295660438,1.06066017177982,59.2360089971021,71.7691404700483,66.896508557195,777.171519954618,178.501167129704,0.133652963223359,0.0216685552073411,0.00351483591853639,0.0216685552073402,909.214993696158,82.59,17.41,0.87,57.98,2.9,33.63,2.9,3.8869,10.6171,1.2026,0.2535,0.7051,0.0256,0.0732,286.1,1060.269268,14.10158127,3230.055285,581.4099513,14687.33659,1909.353757,1159.633301,162.3486621,200.6979642,24.0837557,9470.00065,1704.600117,3.348828618,0.234418003,5.562068293,3.003516878,21.54142699,3.015799779,22.23958244,2.00156242,2.011614699,0.067590254,9.064433171,1.450309307,188.3571252,3.767142504,6.112481301,0.305624065,3.545818537,0.036521931,0.993930016,0.006758724
"Isla Hermite","HER42PB","HER42PB1H",273,302.3,302.9,302.6,302.6,0.6,3267,3773,3502,3505,253,0.0974,0.00722,21475,53632.5714285714,1.3,17.2857142857143,295.142857142857,33.2857142857143,35.8571428571429,2546,115.571428571429,190.571428571429,88.2857142857143,0.375,94.4285714285714,380.285714285714,826.285714285714,38969.4285714286,6163.71428571429,6.32679683713888,1.84446422364991,0.158162066300866,-1.84446422364991,45133.1428571429,421.100938018428,1157.53198042831,0.102632028788938,12.7895046257245,26.5858895621253,19.6104928181683,24.4910090402483,348.283888037714,42.3786783766599,37.0983249525597,65.2832655579112,1.06066017177982,62.5562603924317,76.2074237103671,90.2897452385269,908.308841959029,230.666219377491,0.175681325907848,0.0277300293685731,0.00437849015264653,0.0277300293685728,1078.49655053867,85.38,14.62,0.73,68.09,3.4,39.5,3.41,4.9832,13.8333,1.0321,0.1767,0.4993,0.0172,0.0499,290,854.0198817,9.735826651,2161.527815,389.0750067,11153.06418,1449.898343,705.6349353,98.78889094,105.939325,12.712719,8155.795786,1468.043241,3.220383438,0.225426841,4.967669945,2.68254177,20.15831002,2.822163403,25.45930847,2.291337762,2.141098004,0.05309923,4.725737967,0.756118075,157.6321242,3.152642484,8.263321109,0.413166055,3.548335675,0.050386367,0.79622502,0.008519608
"Isla Hermite","HER42PB","HER42PB1H",278,309.3,309.9,309.6,309.6,0.6,3339,3837,3573,3576,249,0.1135,0.00813,20365.4285714286,51957,1.28714285714286,37,344.142857142857,77.1428571428571,67.7142857142857,4287.71428571429,128.285714285714,200.285714285714,118,0.375,37,663.857142857143,800.571428571429,35924.8571428571,5911.14285714286,6.08103534705935,1.80452939718885,0.164658041148432,-1.80452939718885,41836,375.607888248218,1119.88154135456,0.0629058253037258,8.38649708360608,34.1146526262473,26.9222867492627,15.6494332774309,764.731698982441,42.3505776651444,48.5376633337943,71.6798437498297,1.06066017177982,52.9622507074614,70.7305416620679,109.475807286141,1011.92167492869,151.618411999146,0.236107583171108,0.0388049498012984,0.00638412750585235,0.0388049498012986,1016.08743062134,80.51,19.49,0.97,57.07,2.85,33.1,2.86,5.0786,14.3495,1.1668,0.2825,0.8122,0.0321,0.0945,294.7,1007.162444,3.122203575,3158.319141,568.4974454,13037.74795,1694.907234,1244.681812,174.2554537,206.3664659,24.76397591,12716.46571,2288.963828,4.839313706,0.338751959,5.338448611,2.88276225,42.22566553,5.911593174,22.96594282,2.066934854,2.283111902,0.109132749,9.013114206,1.442098273,168.1855143,3.363710286,6.305163916,0.315258196,4.678672587,0.112756009,0.969583896,0.004654003
"Isla Hermite","HER42PB","HER42PB1H",281,313.5,314.2,313.9,313.9,0.6,3387,3864,3612,3613,238,0.1145,0.00779,20227,52898.375,1.30125,53,381.375,154.75,87.5,5864.875,128.75,188.75,122.125,0.375,61.375,712.75,774.25,34956.625,5984.25,5.84345277996857,1.7651160098877,0.17120193854676,-1.7651160098877,40940.875,229.384891768025,1297.80902595765,0.0657783073230507,10.515294982616,53.2646693409431,107.256368442291,20.5981968697679,665.513644273568,52.0103011774728,40.0633427034169,36.9456647369775,1.06066017177982,40.5742265131802,88.001217524045,98.235504201456,511.568718327683,136.683941997588,0.127170800797876,0.0216559682296815,0.00368997626369821,0.0216559682296811,582.176074862972,78.8,21.2,1.06,41.78,2.09,24.24,2.09,4.0237,11.4697,1.1684,0.3144,0.9119,0.036,0.1069,296.8,1018.047839,14.45627932,4932.545491,887.8581884,17576.4553,2284.939189,1777.250694,248.8150972,298.9077106,35.86892527,13604.27869,2448.770164,4.807527056,0.336526894,9.578116848,5.172183098,20.93774638,2.931284493,26.98125114,2.428312603,2.200608573,0.06931917,15.03062537,2.404900059,209.1785709,4.183571418,13.76339306,0.688169653,4.227896135,0.094282084,1.85283002,0.029830563
"Isla Hermite","HER42PB","HER42PB1I",293,321,321.6,321.3,321.3,0.6,3451,3936,3678,3680,243,0.1032,0.007,21201.3333333333,54004.5,1.27833333333333,29.8333333333333,270,51.8333333333333,53.6666666666667,3091.16666666667,82.5,207.333333333333,121.833333333333,5.16666666666667,64.6666666666667,497.5,868.5,38393.6666666667,6108.83333333333,6.28546361512216,1.83818799541043,0.15911367740119,-1.83818799541043,44502.5,225.547925431973,1005.23803151293,0.122868493384865,7.46770826068257,30.7180728562194,13.5855315194757,24.0887248866906,380.161237722452,56.0562217777831,25.5708166992505,44.8348822532932,12.6556970043798,69.1886310506767,64.2020248901855,124.787419237678,441.766303226793,88.4090870140998,0.0699486794920593,0.0111297242644439,0.00177103598031829,0.0111297242644429,503.966169499501,81.13,18.87,0.94,66.27,3.31,38.44,3.31,5.4259,16.1584,0.9089,0.2114,0.6402,0.0218,0.0675,309.6,1154.027064,21.69570879,3296.461851,593.3631332,14146.65191,1839.064748,1032.997546,144.6196564,170.6622359,20.47946831,9836.302432,1770.534438,3.707856044,0.259549923,5.191529292,2.803425818,23.03276646,3.224587304,31.26595862,2.813936276,2.046619753,0.043593001,8.511878548,1.361900568,192.532482,3.85064964,4.206837387,0.210341869,3.105362613,0.037264351,0.805270955,0.010307468
"Isla Hermite","HER42PB","HER42PB1I",301,332.1,332.7,332.4,332.4,0.6,3603,4031,3782,3789,214,0.0974,0.00567,21696,54046.1428571429,1.34285714285714,25.5714285714286,297.571428571429,38,29.5714285714286,2765.42857142857,101,220.285714285714,127.142857142857,0.375,26.2857142857143,405,820,39013.2857142857,5974.42857142857,6.53313816135384,1.87663587835612,0.153142987307562,-1.87663587835612,44987.7142857143,243.496748780485,837.615748930942,0.105785047102491,10.952277432223,27.8858216235249,14.742229591664,12.6340432015665,422.708669236413,37.9956137819442,37.0617245763258,70.5205137328342,1.06066017177982,46.6537397061739,109.021404626186,102.957920206914,571.602342625744,162.646710329328,0.157922552560214,0.0242531671195087,0.00372652538268693,0.0242531671195086,660.406116034095,83.96,16.04,0.8,67.6,3.38,39.21,3.38,5.0921,15.564,0.9984,0.1907,0.5925,0.0186,0.0588,316.5,886.6798883,4.433399441,3630.013724,653.4024703,15132.67009,1967.247112,1399.073387,195.8702742,224.410619,26.92927428,11924.50104,2146.410187,4.871365568,0.34099559,5.051388454,2.727749765,32.86089404,4.600525166,47.12837952,4.241554157,2.550413788,0.03519571,9.181167207,1.468986753,187.3581473,3.747162946,6.169142495,0.308457125,4.806879758,0.040858478,0.913011594,0.007395394
"Isla Hermite","HER42PB","HER42PB1I",303,334.9,335.6,335.3,335.3,0.7,3659,4052,3811,3819,197,0.0974,0.0052,21537,54131.75,1.33,26.375,285.25,40.375,33,3311.5,60.875,202.875,110.375,0.375,68.625,498.75,761.75,38551,6039.25,6.38419269633034,1.85375999148956,0.156657211796294,-1.85375999148956,44590.25,191.126734318955,777.33753470236,0.0563154381269343,7.94512429103535,43.8886578253914,29.0513707569392,17.6311412806189,528.059520454709,33.3999037637621,34.1945588821212,46.4387076847383,1.06066017177982,57.4628762146235,96.702415393087,88.746428499566,77.4928568136629,70.355728774767,0.0780204095316215,0.0121805308969793,0.00190187746620347,0.012180530896979,95.4219950685226,87.11,12.89,0.64,78.04,3.9,45.27,3.9,6.0012,18.4746,0.9314,0.1378,0.4312,0.0134,0.0427,318.2,668.8032448,7.824997965,1910.49941,343.8898938,11158.13864,1450.558023,439.3035398,61.50249557,71.0193117,8.522317404,11671.94395,2100.949911,4.458688299,0.312108181,5.180870206,2.797669911,45.18632252,6.326085153,53.63556539,4.827200885,2.459414749,0.055336832,3.476749263,0.556279882,170.2979154,3.405958308,4.344509341,0.217225467,3.550965585,0.113985995,0.488971386,0.012077593
"Isla Hermite","HER42PB","HER42PB1I",312,347.6,348.2,347.9,347.9,0.6,3787,4310,3997,4013,262,0.055,0.00368,22467.8571428571,54889.8571428571,1.30285714285714,17,309.142857142857,47,32.8571428571429,1735.57142857143,76.5714285714286,208.428571428571,128.571428571429,0.375,25.2857142857143,507,868.571428571429,40399.7142857143,6398.71428571429,6.3167298112872,1.84297014626273,0.158383426708643,-1.84297014626273,46798.4285714286,173.476634902637,639.998549105498,0.0948181216354564,10.1980390271856,39.9475847055804,20.2649122047609,23.0103496382865,406.059871259915,47.5424622236345,23.6985030670515,54.9540933957825,1.06066017177982,27.662937212778,97.4354487169155,140.234157920312,525.538046287077,174.203630162821,0.146112722784511,0.0232969490445935,0.00371637314612906,0.0232969490445933,632.965469606586,87.16,12.84,0.64,65.3,3.26,37.87,3.27,4.8754,15.4332,1.0377,0.1529,0.4915,0.0084,0.0276,328.2,847.0944128,3.473087092,1824.238565,328.3629417,11213.62735,1457.771556,512.3554916,71.72976882,81.69856209,9.803827451,3792.695713,682.6852283,1.647634055,0.115334384,4.609934349,2.489364548,15.18090345,2.125326483,12.9771423,1.167942807,2.455005104,0.067021639,3.653537431,0.584565989,172.0502391,3.441004782,2.975457077,0.148772854,1.910263685,0.05367841,0.480981624,0.013467485
"Isla Hermite","HER42PB","HER42PB1I",317,354.3,354.9,354.6,354.6,0.6,3880,4476,4140,4150,298,0.0466,0.00342,18684.7142857143,49720.8571428571,1.23857142857143,66.4285714285714,561.571428571429,169.285714285714,128.428571428571,6776.14285714286,121.714285714286,195.142857142857,165.857142857143,0.375,171.571428571429,1046.71428571429,668.714285714286,30763.1428571429,5509.42857142857,5.58631970452328,1.71991928735099,0.179152927032366,-1.71991928735098,36272.5714285714,353.551370282412,1150.85467205485,0.0389138242053607,10.2933172958178,54.347208278062,34.8124225227829,18.9636243270913,583.754351467416,47.0060786342727,18.5331106529959,49.3606745342503,1.06066017177982,59.4722824595826,77.3341543470376,94.1235257267709,932.478494581587,179.105050312991,0.17044814226776,0.030651016692517,0.00551491183906514,0.0306510166925173,1038.95570280015,72.76,27.24,1.36,34.33,1.72,19.91,1.72,4.7755,15.3582,0.9879,0.3699,1.2081,0.0172,0.0576,333.9,1214.447578,20.03838504,6392.588844,1150.665992,21625.13237,2811.267208,2190.796475,306.7115065,370.2795254,44.43354305,14268.60462,2568.348832,5.815379919,0.407076594,9.34212645,5.044748283,26.73054531,3.742276343,30.15916633,2.71432497,2.900474848,0.099776335,19.34515712,3.095225139,233.1635452,4.663270904,13.66253525,0.683126763,6.118414604,0.130934073,1.878815051,0.006951616
"Isla Hermite","HER42PB","HER42PB1I",320,358.3,358.9,358.6,358.6,0.7,3920,4598,4230,4236,339,0.0474,0.00387,17821,46478.1428571429,1.33142857142857,81.1428571428571,548.428571428571,136.285714285714,104.857142857143,5390.28571428571,79.8571428571429,191.857142857143,129.142857142857,1.42857142857143,123.571428571429,923.142857142857,660.142857142857,29716.8571428571,5279,5.63318610530905,1.72796580218846,0.177768921237512,-1.72796580218846,34995.8571428571,466.690475583121,2494.61763459997,0.0825486869325352,42.2824966600782,187.323122921204,47.6295226573963,40.3956621905066,2041.32454665149,64.1649659638564,26.7172139978989,28.8988383355258,3.77964473009227,44.90678175531,238.252267265482,96.5357076792979,1252.78362438364,220.51303816328,0.231532465594539,0.0404795947427704,0.00708588052283259,0.0404795947427691,1378.89344869614,79.77,20.23,1.01,51.41,2.57,29.82,2.57,5.3984,17.5234,0.9361,0.2374,0.7824,0.0113,0.038,337.8,1200.562927,35.77677523,4495.825694,809.2486249,17533.72021,2279.383627,1567.919211,219.5086895,262.5621361,31.50745633,10730.82606,1931.548691,4.010749764,0.280752483,8.272910832,4.467371849,24.02900522,3.364060731,26.45734265,2.381160839,2.833849077,0.096917638,13.39282812,2.142852499,213.4629871,4.269259742,10.06828333,0.503414167,4.271034409,0.057658965,1.550468308,0.032404788
"Isla Hermite","HER42PB","HER42PB1J",329,361.3,361.9,361.6,361.6,0.6,3981,4660,4290,4297,340,0.0511,0.00412,16970.8571428571,46997.1428571429,1.31714285714286,112.571428571429,626,279,163.428571428571,9278.42857142857,96.1428571428571,174.571428571429,80.4285714285714,3,185,1246.28571428571,605.285714285714,26105.1428571429,5153.42857142857,5.06744532104916,1.62251696975749,0.197464331975624,-1.62251696975749,31258.5714285714,396.97624973938,1182.6028395833,0.0423140188409963,39.7192528582682,44.0492149003059,60.00833275471,32.9537916020658,424.136714257269,40.9325810385345,38.5783062651241,39.4328845121985,7.93725393319377,70.0238054759475,124.18764603845,76.0300692395544,757.020349478011,157.372019053428,0.138462728052746,0.0273155956418567,0.00539100554481193,0.0273155956418575,858.168564860241,66.62,33.38,1.67,26.74,1.34,15.51,1.34,5.4259,18.1117,0.9275,0.4647,1.5746,0.0237,0.0824,346.9,861.3822804,18.60585726,7640.061698,1375.211106,25617.84304,3330.319595,2459.596002,344.3434403,478.1053801,57.37264561,19294.05726,3472.930307,8.019375617,0.561356293,8.373213228,4.521535143,34.81762093,4.87446693,40.93193485,3.683874137,3.144908687,0.047488121,22.50407206,3.60065153,261.5567621,5.231135242,15.26880059,0.76344003,7.974084403,0.171442815,1.760695953,0.022889047
"Isla Hermite","HER42PB","HER42PB1J",335,369.7,370.2,370,370,0.6,4092,4837,4458,4460,372,0.0516,0.00438,17845,48686.6666666667,1.32333333333333,76.6666666666667,508.833333333333,166.166666666667,133,8776.5,52.6666666666667,183.5,94.8333333333333,3.5,129.666666666667,931,715.5,28629,5251.33333333333,5.45211887983193,1.69571474335781,0.183521372173045,-1.69571474335781,33880.3333333333,293.795847485971,552.781572292951,0.0960555394897487,18.4788167009326,33.6060510424338,33.7663540623898,20.794229968912,987.718330294624,42.3729473445814,51.1810511810768,59.4286687270266,8.57321409974112,62.0827404893394,44.2221663874578,97.5515248471289,873.005383717649,102.502032500174,0.143474819045452,0.026386409731717,0.0048549735325633,0.0263864097317162,929.225196960708,64.71,35.29,1.76,20.51,1.03,11.9,1.03,4.4692,15.175,1.0516,0.5734,1.9757,0.0296,0.1045,353,1059.70837,14.83591718,7405.052803,1332.909505,23158.71471,3010.632912,2487.088223,348.1923512,488.9858648,58.67830378,21529.71781,3875.349206,9.69654668,0.678758268,9.940322624,5.367774217,43.85099046,6.139138664,64.61496501,5.815346851,3.303881034,0.113323119,26.16719666,4.186751466,242.5140453,4.850280906,20.70374755,1.035187378,8.380156581,0.092181722,2.132896115,0.018769486
"Isla Hermite","HER42PB","HER42PB1J",340,376.7,377.3,377,377,0.6,4223,4930,4602,4596,353,0.0518,0.00407,20578.4285714286,54970.1428571429,1.37571428571429,27,324,57.4285714285714,39.8571428571429,7463.85714285714,163,215.857142857143,119.142857142857,0.375,33.4285714285714,388,737.571428571429,35840.8571428571,5797.28571428571,6.18401458480194,1.82185410204456,0.161743845279489,-1.82185410204456,41638.1428571429,245.707724164882,814.137872961623,0.0355232988601109,18.7349939951952,50.8363387089721,20.0570614568963,20.3995798276057,606.837547885601,35.3128871660192,25.4978990731169,35.2629577669853,1.06066017177982,35.9251868139756,62.2146820828224,96.4258906152926,264.244475547064,117.321089729162,0.101050479659323,0.0162477054347014,0.00261292882022334,0.0162477054347005,355.699980588243,73.49,26.51,1.33,30.47,1.52,17.67,1.53,4.6419,15.9845,1.0527,0.3798,1.3267,0.0197,0.0703,357.2,1223.037067,26.17299323,6938.306145,1248.895106,20268.84804,2634.950245,2279.040838,319.0657173,412.4972905,49.49967486,23564.0081,4241.521458,6.815172626,0.477062084,14.36379274,7.75644808,35.30719832,4.943007765,38.30523184,3.447470866,3.635115642,0.109053469,23.87451872,3.819922995,229.7243184,4.594486368,10.85448743,0.542724372,7.058762849,0.09882268,2.037859749,0.04605563
"Isla Hermite","HER42PB","HER42PB1J",342,379.6,380.3,380,380,0.6,4267,4992,4665,4654,362,0.0557,0.00443,20230.5,52165.25,1.32875,23.125,276.875,58.375,37.875,4447,82.75,177.625,109.5,3,51.125,388,751.375,36434.625,5663.75,6.43615001413887,1.86172471229617,0.155436681645987,-1.86172471229617,42098.375,102.590726397941,893.352553986547,0.0967230951885698,8.6427095619041,24.4215215391202,10.5686531105637,26.8776992000006,733.49944006211,43.1798564147682,26.060026861076,37.7132034476749,8.48528137423857,66.6321190246437,99.3636898325684,64.4757706429322,346.336721991763,156.732483641941,0.138898892984283,0.0217447267422663,0.00340508865861358,0.0217447267422655,470.275584099366,61.16,38.84,1.94,16.76,0.84,9.72,0.84,4.431,15.3422,0.9168,0.5822,2.045,0.0324,0.1165,359.2,871.6765028,9.32693858,8950.558177,1611.100472,24808.64122,3225.123359,2482.192492,347.5069489,468.1176464,56.17411757,19367.63702,3486.174664,6.870330497,0.480923135,8.283716354,4.473206831,39.39945912,5.515924277,38.04452155,3.42400694,3.562688785,0.089423488,26.1051305,4.17682088,258.8993453,5.177986906,16.12641381,0.806320691,7.577023425,0.208368144,2.518058486,0.066476744
"Isla Hermite","HER42PB","HER42PB1J",346,385.3,385.9,385.6,385.6,0.6,4432,5044,4758,4755,306,0.0555,0.00366,19025.1428571429,49001.7142857143,1.32857142857143,37.8571428571429,327.571428571429,93,82.1428571428571,4640.14285714286,89.2857142857143,174.428571428571,103,0.375,94.8571428571429,639.142857142857,759.857142857143,33196.7142857143,5464.28571428571,6.077630091394,1.80409729434909,0.164707643995773,-1.80409729434909,38661,443.498000210233,1301.55249788931,0.0625642526870234,23.2194499750286,45.4784093200907,21.6794833886788,35.1351133551066,601.640099664084,52.8574002567735,22.2100363413866,35.5011736895181,1.06066017177982,61.5830836389036,117.870590863354,108.694416556124,1452.94559594016,222.476751059307,0.211922593699694,0.0346930806641856,0.00568549657601827,0.0346930806641853,1607.98103222644,84.78,15.22,0.76,72.9,3.65,42.29,3.65,4.3544,15.2534,1.0203,0.1832,0.6509,0.0102,0.0368,361.9,1227.016938,40.73696234,2336.807871,420.6254168,10578.61869,1375.22043,931.8953279,130.4653459,132.2391605,15.86869926,28458.15526,5122.467947,4.4576731,0.312037117,6.187784978,3.341403888,33.54823181,4.696752453,28.66381491,2.579743342,3.280271554,0.124322292,6.326605247,1.01225684,150.1829657,3.003659314,3.63246372,0.181623186,4.534795472,0.040813159,1.002590836,0.011529795
"Isla Hermite","HER42PB","HER42PB1J",349,389.6,390.2,389.9,389.9,0.6,4505,5110,4840,4833,302,0.0566,0.00363,16655.8571428571,44073.7142857143,1.35,78.2857142857143,434.714285714286,123.285714285714,101.571428571429,4720.71428571429,64.2857142857143,131,81,14.7142857142857,159.428571428571,912.571428571429,645.428571428571,28745,5057.14285714286,5.68321508809916,1.73711800110522,0.1760981006136,-1.73711800110522,33802.1428571429,566.496080766504,1934.41616638248,0.16062378404209,18.0158660233537,69.4327355208245,45.3273805615483,11.0883894661209,897.064418773017,66.0976910482111,34.4867124170068,32.7414110874898,18.1724542986933,42.5670339694038,96.9086462307967,80.5602406957203,1331.4621036039,152.12980046814,0.172381133244084,0.0306097487852663,0.00543886231289281,0.0306097487852655,1450.99545468751,77.35,22.65,1.13,58.85,2.94,34.13,2.94,4.6419,16.4022,1.0018,0.2933,1.051,0.0166,0.0606,364.8,1126.513631,14.53202584,4675.210641,841.5379154,15306.70025,1989.871033,1260.681432,176.4954005,253.2933803,30.39520564,22717.61164,4089.170095,4.917649378,0.344235456,6.573395751,3.549633706,29.94669397,4.192537156,23.73971131,2.136574018,3.658620938,0.113783111,14.32868034,2.292588854,171.0846086,3.421692172,7.44121623,0.372060812,4.388692134,0.083385151,1.4011857,0.017374703
"Isla Hermite","HER42PB","HER42PB1J",352,394,394.6,394.3,394.3,0.6,4674,5148,4912,4910,237,0.0562,0.0028,19082.5714285714,50454.4285714286,1.33285714285714,41,368.285714285714,118.428571428571,78.2857142857143,6350,90.7142857142857,166.714285714286,116.285714285714,0.375,84.1428571428571,670.142857142857,732.571428571429,32928.1428571429,5305.71428571429,6.2061869598659,1.8251405477129,0.161260645627585,-1.8251405477129,38233.8571428571,425.40719988534,1283.97415045928,0.0453557367611072,12.5299640861417,40.7419287946062,20.4357296815907,21.1006657534329,721.740950757264,78.7352404913968,41.7840251998866,27.9625600027029,1.06066017177982,55.7776196797861,107.869409583114,93.640904777875,1111.60685924647,74.1096356436739,0.190797273314265,0.0308059806526234,0.00497777036723447,0.0308059806526225,1143.00443693677,81.35,18.65,0.93,58.47,2.92,33.91,2.92,4.2537,15.1539,1.0051,0.2304,0.8322,0.0129,0.0474,366.2,998.2394004,14.77394313,3450.956197,621.1721155,14483.51439,1882.856871,1130.676773,158.2947482,183.982931,22.07795172,10907.12191,1963.281944,2.854988022,0.199849162,7.039017163,3.801069268,21.79382396,3.051135354,16.6275996,1.496483964,2.911871915,0.024459724,11.48762934,1.838020694,184.4496706,3.688993412,5.635881127,0.281794056,3.882690362,0.097843797,1.11492431,0.015162971
"Isla Hermite","HER42PB","HER42PB1J",353,395.4,396,395.7,395.7,0.6,4721,5164,4936,4935,221,0.0562,0.00261,18728.7142857143,50460.8571428571,1.29571428571429,65.1428571428571,469,166.142857142857,99.5714285714286,7525,97.7142857142857,183,103.857142857143,0.375,86.8571428571429,727.428571428571,742.142857142857,31663.7142857143,5302.71428571429,5.9732084635316,1.78709391450363,0.167477634166948,-1.78709391450363,36966.4285714286,362.571700626563,1007.76112059876,0.090527554342521,24.5521796142323,56.8125572973675,50.0047616780261,24.1651066819988,671.531830965592,32.0245441586829,47.9200723427389,25.2548910868672,1.06066017177982,62.7785222599486,124.911778391601,74.1179883056481,482.789365488275,125.575626995202,0.126480393580973,0.0210210875284858,0.00349471515546116,0.0210210875284852,554.610030304435,67.39,32.61,1.63,48.85,2.44,28.33,2.44,3.768,13.4518,0.9787,0.4737,1.7147,0.0266,0.0976,366.6,1038.253805,16.5082355,6847.805483,1232.604987,20434.06435,2656.428366,2039.268789,285.4976305,341.6514086,40.99816903,13769.49752,2478.509554,4.926755175,0.344872862,7.826063409,4.226074241,21.85564158,3.059789821,27.36166731,2.462550058,3.209631745,0.053279887,19.78681817,3.165890907,233.8952637,4.677905274,9.132377618,0.456618881,4.864690472,0.059349224,1.426305967,0.046925466
