"Location","Site","Section","sample","min_depth","max_depth","midpoint","SH20_age","Rb","Rb_sd","Rb_ICP","Rb_ICP_sd","fit","lwr","upr"
"Bird Island","BI10","BI10.1",1,0,1.1,0.6,-55.4909090909091,0.0495276531430358,0.0745971463045873,2.288761162,0.010158086,7.98921069340258,-17.99623783899,33.9746592257952
"Bird Island","BI10","BI10.1",4,3.9,5,4.5,5.21666666666667,0.0946376790959899,0.119487919370018,1.525038372,0.011740776,10.0636313701638,-15.9082145528829,36.0354772932106
"Bird Island","BI10","BI10.1",10,11.7,12.8,12.3,132.083333333333,0.0535998851777897,0.0839130883631707,4.398970104,0.046912281,8.1764755453952,-17.8073052227477,34.1602563135381
"Bird Island","BI10","BI10.1",22,26.7,27.8,27.2,382.866666666667,0.143158128365599,0.150922091735009,19.01381163,0.109765839,12.2948830949045,-13.6742975794062,38.2640637692152
"Bird Island","BI10","BI10.1",30,36.3,37.2,36.7,541.72,0.0821909742306216,0.063958938199115,43.16823811,0.83280191,9.49125967706855,-16.4832691405409,35.465788494678
"Bird Island","BI10","BI10.1",34,40.9,41.9,41.4,618.7,0.00948260506332067,0.0169490648844932,21.08188416,0.09353744,6.14770708121013,-19.8587850189912,32.1541991814114
"Bird Island","BI10","BI10.2",45,44,45,44.5,670.06,0.0794427345737734,0.0858957324014482,138.1998527,2.068052956,9.36487967509722,-16.6103515018025,35.340110851997
"Bird Island","BI10","BI10.2",51,51.9,52.9,52.4,800.245454545455,0.0559833560522104,0.108376896422831,5.28425398,0.054223017,8.28608136272532,-17.6967637399591,34.2689264654097
"Bird Island","BI10","BI10.2",54,55.3,56.3,55.8,856.145454545455,0.0508426900874298,0.0650719391460696,58.41930414,1.652885172,8.04968372064049,-17.9352167076442,34.0345841489251
"Bird Island","BI10","BI10.2",62,64.4,65.4,64.9,1005.71818181818,0.258634821046909,0.216379693467356,3.560602291,0.038361736,17.6051713051561,-8.40753128825405,43.6178738985662
"Bird Island","BI10","BI10.2",67,70.1,71.2,70.6,1100.56666666667,0.0821498884784982,0.0950746468539235,30.36236272,0.256345549,9.4893703158473,-16.4851687090408,35.4639093407354
"Bird Island","BI10","BI10.2",71,74.7,75.8,75.2,1174.81666666667,0.0694887799447572,0.0992778616139092,7.795499709,0.115748702,8.90713909832368,-17.0709688754615,34.8852470721089
"Bird Island","BI10","BI10.2",81,86.5,87.5,87,1349.67272727273,0.101928867159323,0.0745674548644458,50.21714125,0.70380336,10.3989224935276,-15.5717308771905,36.3695758642456
"Bird Island","BI10","BI10.3",88,84.8,85.8,85.3,1324,0.0952747151147943,0.133495168251957,13.30255749,0.023181323,10.092925981757,-15.8788045807284,36.0646565442424
"Bird Island","BI10","BI10.3",95,93,94,93.5,1444.54545454545,0.211958840525194,0.16629089739368,10.28410137,0.050822268,15.4587389532143,-10.5279258133651,41.4454037197938
"Bird Island","BI10","BI10.3",98,96.3,97.3,96.8,1492.28181818182,0.376840111678698,0.234007261246505,9.694363956,0.203712654,23.0409362777785,-3.08868095198138,49.1705535075384
"Bird Island","BI10","BI10.3",104,103.2,104.2,103.7,1595.6,0.107111919599746,0.130327540389072,6.266500548,0.095875453,10.6372693116466,-15.3327066443351,36.6072452676282
"Bird Island","BI10","BI10.3",114,114.9,115.9,115.4,1769.91818181818,0.0544598713943762,0.0758548016627205,6.037782671,0.042295483,8.21602270041739,-17.7674170213011,34.1994624221359
"Bird Island","BI10","BI10.3",120,121.8,122.7,122.3,1872.71,0.0883781740028537,0.117492291150385,2.592646444,0.02182641,9.77578301456688,-16.197310146923,35.7488761760567
"Bird Island","BI10","BI10.4",135,129.4,130.4,129.9,1986.59090909091,0.0246097553152671,0.0350235139480973,6.954876946,0.093655521,6.8433412024549,-19.1542114829293,32.8408938878391
"Bird Island","BI10","BI10.4",145,141,142,141.5,2162.97272727273,0.0405223134071041,0.0597610452051917,9.787053209,0.059603308,7.57509293233192,-18.4143533989311,33.564539263595
"Bird Island","BI10","BI10.4",155,152.7,153.8,153.2,2335.40833333333,0.0397530892051855,0.0636433094921565,20.81297886,0.274237825,7.53971954125497,-18.4500880448581,33.5295271273681
"Bird Island","BI10","BI10.4",165,164.8,165.8,165.3,2517.27272727273,0.0341608113401124,0.0567107587585403,4.260143181,0.051289903,7.28255416419222,-18.7099732602665,33.275081588651
"Bird Island","BI10","BI10.4",168,168.4,170,169.2,2576.01176470588,0.084400210793861,0.0848004593335572,43.16608535,0.550658986,9.59285319003661,-16.3811398601037,35.5668462401769
"Bird Island","BI10","BI10.5",181,174.6,175.6,175.1,2667,0.0520653257342499,0.0548015019578542,2.564526013,0.044583218,8.10590760019565,-17.8784913970419,34.0903065974332
"Bird Island","BI10","BI10.5",191,186.6,187.6,187.1,2847.45454545455,0.0318293248325778,0.0910376272723683,24.03856275,0.33159449,7.17533888961305,-18.818371017574,33.1690487968001
"Bird Island","BI10","BI10.5",194,190.3,191.3,190.8,2903.10909090909,0.0203819330209546,0.0383964886301629,58.90663431,0.829134942,6.64892140774805,-19.3510087461297,32.6488515616258
"Bird Island","BI10","BI10.5",197,194,195,194.5,2954.41818181818,0.0591162819957275,0.0646186312061281,12.67353344,0.313961187,8.4301514717244,-17.5515092230444,34.4118121664932
"Bird Island","BI10","BI10.5",202,199.9,200.8,200.3,3041.91111111111,0.0902666107084865,0.0853834210967937,2.553601126,0.066508029,9.8626242891209,-16.1100708500843,35.8353194283261
"Bird Island","BI10","BI10.6",218,209.5,210.5,210,3183,0.0853569764821091,0.0885188460765809,25.70637949,0.437908223,9.63685082658391,-16.3369181729291,35.610619826097
"Bird Island","BI10","BI10.6",228,221.4,222.4,221.9,3362.6,0.067710314106165,0.0499512474140857,6.149324503,0.106149158,8.82535492217763,-17.1533219751126,34.8040318194679
"Bird Island","BI10","BI10.6",239,234.2,235.2,234.7,3550.09090909091,0.0722128492908909,0.0501116523237666,4.534790413,0.043240663,9.03240760919628,-16.9448612317065,35.0096764500991
"Bird Island","BI10","BI10.6",247,243.9,245,244.5,3699.925,0.078481908109249,0.070996323261763,3.037488827,0.043979182,9.32069530050015,-16.6547908158093,35.2961814168096
"Bird Island","BI10","BI10.7",259,250.7,251.7,251.2,3790.45,0.0677772491259168,0.0929464139855938,5.026836978,0.140151798,8.82843298267614,-17.1502222008543,34.8070881662065
"Bird Island","BI10","BI10.7",271,265,266,265.5,3978.94545454545,0.0214449067766733,0.0477151313997185,2.699363842,0.043626306,6.69780310735109,-19.3015204612271,32.6971266759293
"Bird Island","BI10","BI10.7",280,275.9,276.9,276.4,4128.55454545455,0.0509338417444439,0.0448662294222328,2.511699688,0.052718839,8.05387540260113,-17.9309873710181,34.0387381762203
"Bird Island","BI10","BI10.8",300,289.7,290.8,290.3,4314.73333333333,0.030953647801374,0.0501242248012011,3.349219592,0.075375837,7.13507017991227,-18.8590912322573,33.1292315920818
"Bird Island","BI10","BI10.8",303,293.4,294.4,293.9,4365.28181818182,0.0412725468260835,0.0643489194379493,3.120629768,0.061658011,7.60959301704372,-18.3795039747757,33.5986900088631
"Bird Island","BI10","BI10.8",311,303.1,304,303.6,4492.98,0.0628173158620795,0.0695673780671871,9.077687309,0.090928537,8.60034647861182,-17.3799815832075,34.5806745404312
"Bird Island","BI10","BI10.8",318,311.7,312.8,312.2,4610.66666666667,0.0271395150990332,0.0619766274379678,2.400125578,0.053500798,6.95967423245929,-19.0365007662308,32.9558492311494
"Bird Island","BI10","BI10.8",326,321.7,322.8,322.2,4729.33333333333,0.104640293627033,0.111473883571752,13.28023284,0.106355187,10.5236096115089,-15.4466717250361,36.4938909480539
"Bird Island","BI10","BI10.9",342,332.1,333.1,332.6,4891.35454545455,0.0351694578307053,0.0392991557997064,2.02301219,0.013793806,7.32893758099209,-18.6630871313963,33.3209622933805
"Bird Island","BI10","BI10.9",348,339.5,340.5,340,5008.74545454545,0.110457017560509,0.0713215381444447,3.033425815,0.053768638,10.7910963208094,-15.178517597902,36.7607102395207
"Bird Island","BI10","BI10.9",361,355.7,356.7,356.2,5262.19090909091,0.0649719901277546,0.0757646162165832,12.19802273,0.459798787,8.69943090062175,-17.280154528496,34.6790163297395
"Bird Island","BI10","BI10.9",365,360.7,361.7,361.2,5341.56,0.0362435087798418,0.0436011338064873,4.992973415,0.124594431,7.37832867420732,-18.6131666069786,33.3698239553932
"Bird Island","BI10","BI10.9",372,369.1,371,370.1,5483.135,0.0330091910307444,0.0505405800081117,9.175578982,0.009274375,7.22959598181337,-18.7635119507825,33.2227039144093
"Bird Island","BI10","BI10.10",379,367.3,368.4,367.9,5447.30909090909,0.143533400746307,0.0649588657459294,7.537000498,0.16325235,12.312140295926,-13.6570681142687,38.2813487061208
"Bird Island","BI10","BI10.10",386,375.7,376.6,376.1,5581.52,0.200547310047188,0.112263254947325,7.097707001,0.184578085,14.9339705835008,-11.0480702542702,40.9160114212718
"Bird Island","BI10","BI10.10",390,380.5,381.5,381,5660.04545454545,0.0474643949435805,0.0547009513807837,14.36128756,0.211659558,7.8943301124224,-18.0919967123884,33.8806569372332
"Bird Island","BI10","BI10.10",392,382.9,384,383.4,5698.00833333333,0.0643771738552548,0.0897980337998239,9.248141245,0.206388311,8.67207779788059,-17.3077101996081,34.6518657953693
"Bird Island","BI10","BI10.10",396,387.7,388.8,388.2,5774.45833333333,0.0403438372087417,0.0686981463666561,20.02750394,0.356503119,7.56688556139007,-18.4226443114399,33.55641543422
"Bird Island","BI10","BI10.10",403,396.3,397.4,396.8,5914.69166666667,0.0667007233855565,0.112493107090485,10.62373635,0.249305115,8.77892808420416,-17.2000791855157,34.757935353924
"Bird Island","BI10","BI10.10",410,404.6,405.6,405.1,6045.02727272727,0.0447398373855072,0.0624464418488419,4.89161886,0.051066703,7.76903915073269,-18.2184817733804,33.7565600748458
"Bird Island","BI10","BI10.11",422,409.9,410.9,410.4,6127.60909090909,0.136271782387094,0.153306751989253,11.2517643,0.064356608,11.9782089590917,-13.9905945191274,37.9470124373109
"Bird Island","BI10","BI10.11",424,412.2,413.2,412.7,6161.61818181818,0.0851214114505103,0.100547783878554,7.62089899,0.13765217,9.62601817991729,-16.3478055356366,35.5998418954712
"Bird Island","BI10","BI10.11",427,415.8,416.8,416.3,6233.21818181818,0.0702302833387157,0.0840800164660069,14.21907028,0.130453023,8.9412377258421,-17.0366379626335,34.9191134143177
"Bird Island","BI10","BI10.11",439,430.3,431.3,430.8,6633.50909090909,0.0817514135714788,0.070968993201756,15.34553868,0.315986762,9.47104612806799,-16.5035923545209,35.4456846106569
"Bird Island","BI10","BI10.11",443,435.2,436.3,435.7,6779.31666666667,0.113981641304558,0.0953934179852317,5.803580829,0.179162331,10.9531789669174,-15.0161172815216,36.9224752153565
"Bird Island","BI10","BI10.11",449,442.8,443.8,443.3,6996.89090909091,0.0466791215438708,0.0507746928450754,4.177557871,0.07241503,7.85821868612955,-18.1284482981217,33.8448856703808
"Bird Island","BI10","BI10.12",461,447.5,448.7,448.1,7135.69230769231,0.101194731242829,0.0904003066780171,25.0506238,0.531009602,10.3651626653617,-15.6055980999983,36.3359234307218
"Bird Island","BI10","BI10.12",465,452.8,453.9,453.4,7290.50833333333,0.294907107530329,0.103894470569376,21.73821403,0.324179306,19.2731814533455,-6.76764484620032,45.3140077528913
"Bird Island","BI10","BI10.12",469,458.3,459.3,458.8,7450.61818181818,0.151673305852069,0.14625889735933,21.04953065,0.452109582,12.6864603523117,-13.2835322966282,38.6564530012516
"Bird Island","BI10","BI10.12",475,466.1,467.2,466.6,7672.18333333333,0.100002199135581,0.0994817192972235,23.73857998,0.966107219,10.3103231211869,-15.6606181492183,36.281264391592
"Bird Island","BI10","BI10.12",479,471.4,472.4,471.9,7821.06363636364,0.148614317114332,0.105685745213045,30.35980649,0.744553021,12.5457903049444,-13.4238666744948,38.5154472843835
"Bird Island","BI10","BI10.12",484,478.2,479.2,478.7,8011.50909090909,0.164028073933858,0.139271202545668,28.7689376,1.015325028,13.2546042587723,-12.7172458136326,39.2264543311773
"Bird Island","BI10","BI10.13",506,473.4,474.5,474,7881.69166666667,0.247084118141868,0.0792796862963115,10.73581104,0.228115294,17.0740029799076,-8.93119098415941,43.0791969439747
"Bird Island","BI10","BI10.13",519,491,492,491.5,8384.23636363636,0.11202203823333,0.0769411566211582,3.470088908,0.051336491,10.863065050037,-15.1063997345585,36.8325298346324
"Bird Island","BI10","BI10.13",522,494.8,495.8,495.3,8490.03636363636,0.0758203244197443,0.0855169697807073,14.31278916,0.159446453,9.19830024259889,-16.7779174662753,35.1745179514731
"Bird Island","BI10","BI10.13",525,498.7,499.7,499.2,8597.97,0.117075178568491,0.0576637335116592,25.23019472,0.998221456,11.0954377559353,-14.8736336211083,37.064509132979
"Bird Island","BI10","BI10.13",529,503.9,505.1,504.5,8738.44,0.00557758494267895,0.0139351399174266,4.409343496,0.109085804,5.96813160302539,-20.0408632158384,31.9771264218892
"Isla Hermite","HER42PB","HER42PB_1A",3,2.5,3.7,3.1,-30.6269230769231,0.206028814561023,0.149831531545814,17.13305574,0.606510173,15.186041959277,-10.7981344721325,41.1702183906865
"Isla Hermite","HER42PB","HER42PB_1A",5,5.3,6.5,5.9,-1.38846153846154,0.331891015654587,0.175197074243786,22.17089462,0.341431777,20.9739160927006,-5.10266509827219,47.0504972836735
"Isla Hermite","HER42PB","HER42PB_1A",7,8.1,9.3,8.7,27.85,0.192112062050897,0.0598818201610941,20.66172394,0.413234479,14.5460689477233,-11.4329943895654,40.5251322850121
"Isla Hermite","HER42PB","HER42PB_1A",9,10.9,12.1,11.5,56.4453846153846,0.191040735905836,0.0911772678782276,18.82353425,0.246588299,14.4968031568061,-11.4819088230302,40.4755151366424
"Isla Hermite","HER42PB","HER42PB_1A",13,16.3,17.5,16.9,110.519230769231,0.240668828514479,0.153567499451182,20.45548446,0.186144909,16.778990747719,-9.2223353006974,42.7803167961354
"Isla Hermite","HER42PB","HER42PB_1A",16,20.5,21.6,21.1,152.406666666667,0.273820113957377,0.100082968052506,22.53472619,0.574635518,18.3034791631255,-7.72015904983913,44.3271173760901
"Isla Hermite","HER42PB","HER42PB_1A",20,26.1,27.3,26.7,210.763076923077,0.327662057743336,0.104276994058599,22.63461313,0.371207655,20.7794440757392,-5.29268761369726,46.8515757651757
"Isla Hermite","HER42PB","HER42PB_1A",25,33.1,34.1,33.6,281.104545454545,0.388830280465286,0.251656599438645,34.84930473,0.4460711,23.5923137936039,-2.55321951433555,49.7378471015433
"Isla Hermite","HER42PB","HER42PB_1A",28,37.1,38.2,37.7,321.895,0.4216431654954,0.0967117565211939,30.00680597,0.483109576,25.1012405949683,-1.09164098670072,51.2941221766373
"Isla Hermite","HER42PB","HER42PB_1A",31,41.2,42.3,41.7,363.2825,0.283340196011742,0.148007978351551,30.61922635,0.814471421,18.74126776202,-7.28984223760055,44.7723777616405
"Isla Hermite","HER42PB","HER42PB_1B",40,43.1,44.2,43.7,382.52,0.227635787747215,0.138182895360747,22.88497366,0.157906318,16.1796559285176,-9.81447771998011,42.1737895770153
"Isla Hermite","HER42PB","HER42PB_1B",48,54,55.1,54.5,493.1425,0.255967479949975,0.123512078151071,17.215285,0.129114638,17.4825114882625,-8.52839503381106,43.493418010336
"Isla Hermite","HER42PB","HER42PB_1B",50,56.7,57.8,57.2,520.634166666667,0.252807704841902,0.132532108731623,12.67297664,0.01647487,17.337206698925,-8.67162045105391,43.3460338489039
"Isla Hermite","HER42PB","HER42PB_1B",56,64.7,65.8,65.2,601.545833333333,0.20545050217662,0.165034265021313,16.21679654,0.37298632,15.1594478010496,-10.8244958605934,41.1433914626926
"Isla Hermite","HER42PB","HER42PB_1B",60,69.9,70.9,70.4,653.46,0.333852696384686,0.144033201404478,25.92994062,0.739003308,21.0641255523885,-5.01455123050001,47.142802335277
"Isla Hermite","HER42PB","HER42PB_1B",63,73.7,74.8,74.3,692.363333333333,0.241912650116801,0.113411846776027,20.04468741,0.567264654,16.836188880408,-9.1658702115605,42.8382479723764
"Isla Hermite","HER42PB","HER42PB_1B",69,81.5,82.5,82,770.521818181818,0.396978682529059,0.118758047329333,36.0531191,0.504743667,23.9670245894097,-2.18974890733456,50.123798086154
"Isla Hermite","HER42PB","HER42PB_1C",80,86.5,87.8,87.2,822.286923076923,0.368354791742358,0.121701548698516,32.92937976,0.625658215,22.6507320437301,-3.46807087467899,48.7695349621391
"Isla Hermite","HER42PB","HER42PB_1C",86,94.8,96,95.4,906.45,0.227722753546108,0.123180140204359,20.28673632,0.730322508,16.1836551204397,-9.81052356366316,42.1778338045425
"Isla Hermite","HER42PB","HER42PB_1C",90,100.2,101.4,100.8,961.955384615385,0.140983448372698,0.0927036809109943,24.33687143,0.484303741,12.1948786935034,-13.7741558647372,38.163913251744
"Isla Hermite","HER42PB","HER42PB_1C",91,101.6,103.1,102.3,977.5775,0.161463653935234,0.129469931990337,17.07719827,0.285189211,13.1366773510247,-12.8347210448676,39.1080757469171
"Isla Hermite","HER42PB","HER42PB_1C",97,109.8,111,110.4,1058.64692307692,0.322272546523458,0.209963729925622,24.826568,0.44191291,20.5316030852727,-5.53499301179637,46.5981991823417
"Isla Hermite","HER42PB","HER42PB_1C",104,119.2,120.3,119.8,1151.60416666667,0.126972413494574,0.120224082646524,19.90308814,0.256749837,11.5505700317368,-14.418120697544,37.5192607610176
"Isla Hermite","HER42PB","HER42PB_1D",118,127.3,128.4,127.8,1233.23666666667,0.0762880113848659,0.0875841658998146,18.26896274,0.575472326,9.21980720230917,-16.7562792514269,35.1958936560452
"Isla Hermite","HER42PB","HER42PB_1D",121,130.9,132.2,131.6,1270.93,0.112459700480836,0.104738095869408,10.8681745,0.236926204,10.8831912990578,-15.0862340892106,36.8526166873261
"Isla Hermite","HER42PB","HER42PB_1D",131,143.2,144.4,143.8,1396.85230769231,0.0763912860381144,0.0952005884014573,15.70363184,0.348620627,9.22455636996222,-16.7515012552559,35.2006139951803
"Isla Hermite","HER42PB","HER42PB_1D",137,150.7,151.9,151.3,1480.03461538462,0.0939202010807143,0.111552582046782,9.202783759,0.122397024,10.0306375689286,-15.9413408418116,36.0026159796688
"Isla Hermite","HER42PB","HER42PB_1D",144,159.2,160.3,159.8,1611.23,0.150346883252285,0.128094845602098,21.18442756,0.491478719,12.6254637465907,-13.3443772961802,38.5953047893616
"Isla Hermite","HER42PB","HER42PB_1D",147,162.9,164.1,163.5,1669.44846153846,0.267707609903351,0.134776589289315,15.49870515,0.173585498,18.0223907680604,-7.99670025398121,44.041481790102
"Isla Hermite","HER42PB","HER42PB_1E",158,169.3,170.5,169.9,1768.77461538462,0.107658141152036,0.117709043419291,4.023302013,0.0599472,10.6623877472543,-15.3075250636059,36.6323005581145
"Isla Hermite","HER42PB","HER42PB_1E",162,175.6,176.8,176.2,1865.00538461538,0.162981407937172,0.137858540257922,12.28390196,0.234622527,13.206472484531,-12.7651890518427,39.1781340209047
"Isla Hermite","HER42PB","HER42PB_1E",166,181.9,183.1,182.5,1961.41923076923,0.030724268764835,0.0489388119721653,7.299756414,0.150374982,7.12452200118348,-18.8697583463431,33.11880234871
"Isla Hermite","HER42PB","HER42PB_1E",174,194.9,196.1,195.5,2158.50153846154,0.151365295769813,0.111931716661517,8.233526579,0.141616657,12.6722962619618,-13.2976603558815,38.6422528798051
"Isla Hermite","HER42PB","HER42PB_1E",179,202.5,203.6,203,2273.88416666667,0.104929410519302,0.109945277422452,7.965558382,0.084434919,10.5369048833837,-15.4333390690078,36.5071488357752
"Isla Hermite","HER42PB","HER42PB_1F",184,201.4,202.5,202,2256.42833333333,0.24097410078785,0.139726091847185,19.53359169,0.455132686,16.7930289377343,-9.20847627011157,42.7945341455802
"Isla Hermite","HER42PB","HER42PB_1F",189,208.1,209.3,208.7,2363.54384615385,0.226870347174899,0.131539915610826,7.558500739,0.287978878,16.1444565306786,-9.84928244547811,42.1381955068354
"Isla Hermite","HER42PB","HER42PB_1F",191,210.9,212.2,211.5,2407.86357142857,0.136125280735285,0.139728442391299,7.439046804,0.184488361,11.9714719632849,-13.9973262053012,37.9402701318709
"Isla Hermite","HER42PB","HER42PB_1F",197,219.3,220.5,219.9,2535.41461538462,0.224830745573825,0.169930644349416,7.303239025,0.077414334,16.050663817324,-9.94203854303635,42.0433661776845
"Isla Hermite","HER42PB","HER42PB_1F",200,223.4,224.6,224,2595.94769230769,0.116286897977122,0.125624976702553,4.662067798,0.062005502,11.0591880415253,-14.9099358480053,37.0283119310559
"Isla Hermite","HER42PB","HER42PB_1F",205,230.3,231.5,230.9,2697.92846153846,0.198806893044576,0.135912053016143,4.800340815,0.12000852,14.8539361135546,-11.1274597258187,40.8353319529279
"Isla Hermite","HER42PB","HER42PB_1F",209,235.8,236.9,236.4,2780.0925,0.250139738754321,0.1550995876878,18.92485386,0.140043919,17.2145181413359,-8.79259406517301,43.2216303478447
"Isla Hermite","HER42PB","HER42PB_1F",211,238.4,239.5,239,2819.29,0.13160341629265,0.107147999706159,21.81206384,0.163590479,11.7635304048584,-14.2051595040364,37.7322203137533
"Isla Hermite","HER42PB","HER42PB_1F",213,241.1,242.3,241.7,2859.43,0.164874217339213,0.146776134660294,16.08852231,0.061136385,13.2935148410319,-12.6784918660358,39.2655215480996
"Isla Hermite","HER42PB","HER42PB_1G",224,246.9,248.1,247.5,2943.97461538462,0.0844283249851376,0.129407039803854,3.265430798,0.119514767,9.59414604364204,-16.3798403541009,35.568132441385
"Isla Hermite","HER42PB","HER42PB_1G",231,256.4,257.6,257,3049.39,0.0614639269515138,0.0702201638716489,13.37718549,0.291622644,8.53810980548942,-17.4426972111306,34.5189168221094
"Isla Hermite","HER42PB","HER42PB_1G",232,257.7,258.9,258.3,3062.22846153846,0.0726576007481673,0.114173468192441,4.424370634,0.133615993,9.05285986120687,-16.9242756866763,35.02999540909
"Isla Hermite","HER42PB","HER42PB_1G",236,263.2,264.4,263.8,3116.22307692308,0.0741443051546944,0.11029636478783,3.053481296,0.058016145,9.12122715419731,-16.8554703843675,35.0979246927621
"Isla Hermite","HER42PB","HER42PB_1G",240,268.6,269.8,269.2,3169.09230769231,0.0219257259704851,0.0342668827935266,7.318389831,0.119289754,6.71991396311666,-19.2791371753458,32.7189651015791
"Isla Hermite","HER42PB","HER42PB_1G",245,275.2,276.4,275.8,3233.34153846154,0.035744124687734,0.0743727941037726,5.332748571,0.09225655,7.35536409672305,-18.6363765913198,33.3471047847659
"Isla Hermite","HER42PB","HER42PB_1G",253,285.8,286.9,286.3,3335.24833333333,0.180583082367778,0.12578032541474,9.789818065,0.026432509,14.0158995822354,-11.959700023195,39.9914991876658
"Isla Hermite","HER42PB","HER42PB_1H",260,285,286.2,285.6,3328.03692307692,0.206769411835128,0.178512239687113,10.85946901,0.114024425,15.2200989181481,-10.7643781717165,41.2045760080128
"Isla Hermite","HER42PB","HER42PB_1H",264,290.3,291.5,290.9,3378.91846153846,0.0817194163114806,0.0873491861090605,4.53509703,0.070294004,9.46957470843703,-16.5050717968072,35.4442212136813
"Isla Hermite","HER42PB","HER42PB_1H",269,297,298.2,297.6,3442.75846153846,0.109526545780432,0.121572440155979,9.064433171,0.045322166,10.7483078306908,-15.2214008726197,36.7180165340014
"Isla Hermite","HER42PB","HER42PB_1H",273,302.3,303.5,302.9,3494.21153846154,0.157369322647285,0.116151253404922,4.725737967,0.043476789,12.9483962471724,-13.022352824617,38.9191453189617
"Isla Hermite","HER42PB","HER42PB_1H",278,309.3,310.6,309.9,3563.64071428571,0.0676634350184671,0.0841800113592953,9.013114206,0.041460325,8.8231991497795,-17.1554929691577,34.8018912687167
"Isla Hermite","HER42PB","HER42PB_1H",281,313.5,314.8,314.2,3603.44,0.172561029377923,0.141994315939451,15.03062537,0.214937943,13.6469990497998,-12.3266033720612,39.6206014716607
"Isla Hermite","HER42PB","HER42PB_1H",286,320.5,321.8,321.1,3669.60384615385,0.140656008546637,0.122559348854365,8.511878548,0.109803233,12.1798211108213,-13.78919360565,38.1488358272927
"Isla Hermite","HER42PB","HER42PB_1I",301,332.1,333.3,332.7,3782.35692307692,0.0587383564906211,0.0813574941811519,9.181167207,0.080794271,8.41277226465222,-17.569028566126,34.3945730954305
"Isla Hermite","HER42PB","HER42PB_1I",303,334.9,336.2,335.6,3810.93642857143,0.130837539966565,0.112849163701102,3.476749263,0.059800087,11.7283109685334,-14.2403712756337,37.6969932127004
"Isla Hermite","HER42PB","HER42PB_1I",312,347.6,348.8,348.2,4016.98,0.0379454874465968,0.0439044640655494,3.653537431,0.035804667,7.4565955264899,-18.5340732170014,33.4472642699812
"Isla Hermite","HER42PB","HER42PB_1I",317,354.3,355.4,354.9,4144.90083333333,0.304877212466098,0.130949374949215,19.34515712,0.118005458,19.7316647149115,-6.31809771305656,45.7814271428796
"Isla Hermite","HER42PB","HER42PB_1I",320,358.3,359.6,358.9,4223.08571428571,0.23779400227149,0.122183683015953,13.39282812,0.081696252,16.6467895601876,-9.35287329985997,42.6464524202352
"Isla Hermite","HER42PB","HER42PB_1I",322,361,362.2,361.6,4273.55307692308,0.425600301924588,0.13893378296534,22.50407206,0.393821261,25.2832126833469,-0.915753225451514,51.4821785921454
"Isla Hermite","HER42PB","HER42PB_1J",335,369.7,370.8,370.2,4438.2275,0.200718824342953,0.142303034388266,26.16719666,0.423908586,14.9418578057752,-11.0402474579733,40.9239630695237
"Isla Hermite","HER42PB","HER42PB_1J",340,376.7,377.9,377.3,4574.44,0.0664620430808818,0.069492967261062,23.87451872,0.272169513,8.7679521792098,-17.2111339789886,34.7470383374082
"Isla Hermite","HER42PB","HER42PB_1J",342,379.6,380.9,380.3,4631.57428571429,0.139158425897172,0.128783082390673,26.1051305,0.253219766,12.1109535731159,-13.8579775965555,38.0798847427873
"Isla Hermite","HER42PB","HER42PB_1J",346,385.3,386.5,385.9,4743.01769230769,0.224358450563639,0.127163166424789,6.326605247,0.032898347,16.0289449529704,-9.96352048355972,42.0214103895006
"Isla Hermite","HER42PB","HER42PB_1J",349,389.6,390.9,390.2,4828.70428571429,0.331287597146348,0.128450791205206,14.32868034,0.222094545,20.9461674092586,-5.12977319976345,47.0221080182806
"Isla Hermite","HER42PB","HER42PB_1J",352,394,395.2,394.6,4912.70923076923,0.171379365138262,0.104820556715571,11.48762934,0.079264642,13.5926592732211,-12.3806775998743,39.5659961463164
"Isla Hermite","HER42PB","HER42PB_1J",353,395.4,396.6,396,4939.73076923077,0.199142218982032,0.120787345202572,19.78681817,0.316589091,14.8693563453859,-11.1121625260547,40.8508752168266
"Kerguelen","KER1","CAT1-S1-1A",1,0,1.4,0.7,-43.6,0.246093049406299,0.199092492125039,4.612179656,0.039321744,17.0284278902524,-8.97615442872954,43.0330102092344
"Kerguelen","KER1","CAT1-S1-1A",3,3.1,4.7,3.9,3.97058823529412,0.176908295337565,0.0965930308150581,6.928285046,0.072325223,13.8469115571316,-12.1277310997752,39.8215542140384
"Kerguelen","KER1","CAT1-S1-1A",5,6.4,7.8,7.1,59.76,0.147239048355324,0.113490297934874,8.457485532,0.069317299,12.4825474694655,-13.4869746663403,38.4520696052714
"Kerguelen","KER1","CAT1-S1-1A",7,9.3,10.6,9.9,108.485714285714,0.0866048061061052,0.0813799995775612,2.597921886,0.063207346,9.69423327135999,-16.2792507623929,35.6677173051129
"Kerguelen","KER1","CAT1-S1-1A",8,10.7,12,11.4,130.207142857143,0.127834900190609,0.129350201110714,4.555799076,0.017626227,11.5902321733093,-14.3784498383761,37.5589141849947
"Kerguelen","KER1","CAT1-S1-1A",9,12.1,13.6,12.8,153.175,0.115402415517452,0.111612389310953,4.22647584,0.084413495,11.0185144071433,-14.9506723019908,36.9877011162774
"Kerguelen","KER1","CAT1-S1-1A",11,15.1,16.5,15.8,212.526666666667,0.16080195447519,0.136298478489177,2.954910964,0.027519532,13.1062485713306,-12.8650389014252,39.0775360440865
"Kerguelen","KER1","CAT1-S1-1A",13,18,19.4,18.7,308.48,0.0655779146045276,0.0816861096697806,0.811121884,0.025344872,8.72729482303414,-17.2520861695098,34.7066758155781
"Kerguelen","KER1","CAT1-S1-1A",17,24,25.5,24.7,466.2125,0.105770625059253,0.0999356763837354,3.976518253,0.100787663,10.5755888078196,-15.3945488767632,36.5457264924024
"Kerguelen","KER1","CAT1-S1-1A",20,28.6,30,29.3,587.28,0.0495976763745939,0.0893681227350501,3.67902566,0.046467408,7.99243076779467,-17.9929883498032,33.9778498853925
"Kerguelen","KER1","CAT1-S1-1A",23,33,34.4,33.7,665.746666666667,0.215885140329879,0.136001394404036,7.20558062,0.087693813,15.6392929947149,-10.3491210775835,41.6277070670134
"Kerguelen","KER1","CAT1-S1-1A",25,35.9,37.2,36.6,716.192857142857,0.193516514058823,0.133528810680959,2.109290233,0.016655159,14.6106537982796,-11.3688793015414,40.5901868981006
"Kerguelen","KER1","CAT1-S1-1A",26,37.3,38.7,38,744.413333333333,0.140968323778306,0.154713115532137,3.963633199,0.075817522,12.1941831769154,-13.7748504523782,38.163216806209
"Kerguelen","KER1","CAT1-S1-1A",27,38.8,40.1,39.4,772.55,0.218237931894627,0.133846166546949,4.206801091,0.021598758,15.7474879994155,-10.2420131664998,41.7369891653308
"Kerguelen","KER1","CAT1-S1-1A",28,40.2,41.6,40.9,799.733333333333,0.227699809427588,0.13708506444756,1.945757248,0.05221292,16.1826000167712,-9.8115667817639,42.1767668153063
"Kerguelen","KER1","CAT1-S1-1B",36,45.1,46.2,45.6,888.225,0.280807814645911,0.0842286526735766,5.765444277,0.078340462,18.6248141764644,-7.40426198526604,44.6538903381949
"Kerguelen","KER1","CAT1-S1-1B",40,50.7,52.1,51.4,1089.45333333333,0.159197750776727,0.126625828159838,2.362468842,0.050752787,13.0324779792831,-12.9385501504815,39.0035061090477
"Kerguelen","KER1","CAT1-S1-1B",41,52.3,53.6,53,1213.32142857143,0.255951707549206,0.174678589335102,14.53891486,0.264350315,17.4817861817793,-8.52910983081112,43.4926821943698
"Kerguelen","KER1","CAT1-S1-1B",46,59.9,61.2,60.5,1808.84285714286,0.0693213692780528,0.0852554517247787,7.56864323,0.254801003,8.89944058471865,-17.0787202330997,34.877601402537
"Kerguelen","KER1","CAT1-S1-1B",49,64.4,65.8,65.1,2110.62666666667,0.476372703894309,0.254194076335272,36.56109383,0.912413514,27.6180222568255,1.33388046954876,53.9021640441022
"Kerguelen","KER1","CAT1-S1-1B",51,67.6,68.9,68.3,2364.32142857143,0.0487334864354671,0.0747508795579342,2.802966071,0.034857543,7.95269030122426,-18.0330936432866,33.9384742457351
"Kerguelen","KER1","CAT1-S1-1B",57,76.5,77.9,77.2,3056.76,0.0469351354923574,0.0635042971334491,1.221309035,0.010561385,7.86999169261893,-18.1165640369214,33.8565474221593
"Kerguelen","KER1","CAT1-S1-1C",69,86.1,87.5,86.8,3452.74666666667,0.0783259521560812,0.0899407723989745,0.934094849,0.015066063,9.31352354107237,-16.6620044141626,35.2890514963074
"Kerguelen","KER1","CAT1-S1-1C",73,92.4,93.7,93.1,3631.13571428571,0.0529899449900695,0.0705169324619985,1.203244441,0.007084839,8.14842695729831,-17.8355980544472,34.1324519690438
"Kerguelen","KER1","CAT1-S1-1C",80,103.1,104.5,103.8,3940.82666666667,0.0488891493157715,0.0983420952210172,0.700899472,0.003215039,7.95984858346166,-18.0258693562612,33.9455665231845
"Kerguelen","KER1","CAT1-S1-1C",86,112.2,113.6,112.9,4208.64,0.069761200208942,0.11190280443983,1.072921849,0.004038338,8.91966656238195,-17.0583557359433,34.8976888607072
"Kerguelen","KER1","CAT1-S1-1C",93,122.9,124.1,123.5,4497.10769230769,0.0339735538836547,0.0518278467860392,0.714706415,0.006330412,7.27394298006303,-18.7186783624984,33.2665643226245
"Kerguelen","KER1","CAT1-S1-1D",105,130.3,131.4,130.8,4654.675,0.0241214695336444,0.0532466738355949,1.060803729,0.017051544,6.82088698966808,-19.1769354826846,32.8187094620208
"Kerguelen","KER1","CAT1-S1-1D",108,134.6,135.8,135.2,4745.8,0.00549985438722509,0.0139792511167662,0.994535425,0.022361288,5.96455710117035,-20.0444883470958,31.9736025494364
"Kerguelen","KER1","CAT1-S1-1D",110,137.6,138.8,138.2,4810.63076923077,0.0558455406369058,0.0848894732932907,0.562762357,0.014474014,8.27974381046183,-17.7031545794698,34.2626422003935
"Kerguelen","KER1","CAT1-S1-1D",114,143.4,144.6,144,4936.93076923077,0.0370014316772024,0.0545441019219133,0.765652204,0.002890113,7.41318236574178,-18.5779429621808,33.4043076936644
"Kerguelen","KER1","CAT1-S1-1D",117,147.8,148.9,148.4,5072.725,0.150729169240437,0.132904768869045,10.74847022,0.148107154,12.6430434739685,-13.3268403120097,38.6129272599467
"Kerguelen","KER1","CAT1-S1-1D",119,150.7,151.8,151.3,5184.44166666667,0.0443452273659536,0.0770175540273271,0.706861739,0.012775555,7.75089269289928,-18.2368044145141,33.7385898003126
"Kerguelen","KER1","CAT1-S1-1D",123,156.5,157.7,157.1,5436.62307692308,0.0175644123159702,0.0429675035602944,0.749489114,0.014813114,6.51935546128377,-19.4822112144907,32.5209221370582
"Kerguelen","KER1","CAT1-S1-1D",124,158,159.2,158.6,5499.66923076923,0.0801369100352838,0.105745011300423,1.919467031,0.062970521,9.39680188973215,-16.5782481242414,35.3718519037057
"Kerguelen","KER1","CAT1-S1-1E",132,161.5,162.7,162.1,5646.26923076923,0.0699556668483511,0.0996728411896067,6.739390951,0.214985846,8.92860926656375,-17.0493521115039,34.9065706446314
"Kerguelen","KER1","CAT1-S1-1E",137,168.8,170,169.4,5947.94615384615,0.0761853215189329,0.120105121126184,0.841708562,0.011120136,9.21508492656924,-16.7610302481304,35.1912001012689
"Kerguelen","KER1","CAT1-S1-1E",144,179,180.2,179.6,6370.75384615385,0.0630034984095048,0.0750595835188878,7.805442382,0.168696462,8.60890823218815,-17.3713546952363,34.5891711596126
"Kerguelen","KER1","CAT1-S1-1E",145,180.4,181.6,181,6433.53846153846,0.427018719836407,0.33456658867672,16.42557783,0.089593448,25.3484397671805,-0.852726611255306,51.5496061456162
"Kerguelen","KER1","CAT1-S1-1E",146,181.9,183,182.4,6500.14166666667,1.04953983223682,0.241644057508132,53.67294845,0.888153563,53.9755717628621,25.8639205571893,82.0872229685348
"Kerguelen","KER1","CAT1-S1-1E",147,183.3,184.4,183.8,6564.375,0.148591020407164,0.203465427121029,2.833581675,0.047351872,12.5447189872045,-13.4249356250303,38.5143735994394
"Kerguelen","KER1","CAT1-S1-1E",151,189,190.3,189.7,6812.30714285714,0.0349738023325821,0.063291868143617,1.131785621,0.008609119,7.31994020619004,-18.6721816033996,33.3120620157797
"Kerguelen","KER1","CAT1-S1-1E",157,198.4,199.7,199,7055.1,0.060489393899841,0.0758942645717685,1.396313321,0.022774434,8.4932951225033,-17.4878627442133,34.4744529892199
"Kerguelen","KER1","CAT1-S1-1E",161,204.5,205.8,205.2,7160.46428571429,0.0562643389679671,0.0829776163719938,2.016254156,0.046625543,8.29900258717485,-17.6837341811737,34.2817393555234
"Kerguelen","KER1","CAT1-S1-1F",170,210.3,211.7,211,7263.93333333333,0.0726941460638603,0.0874713508791515,0.501927094,0.00814485,9.05454042682196,-16.9225842146507,35.0316650682946
"Kerguelen","KER1","CAT1-S1-1F",177,220.9,222.2,221.6,7451.67142857143,0.0912227490029244,0.106670976585527,0.931349705,0.008008611,9.9065930744613,-16.0659077048043,35.8790938537269
"Kerguelen","KER1","CAT1-S1-1F",179,224,225.4,224.7,7505.43333333333,0.0459071917433502,0.064165252971407,1.320375223,0.044350605,7.8227208759337,-18.1642836486039,33.8097254004713
"Kerguelen","KER1","CAT1-S1-1F",180,225.6,226.8,226.2,7531.69230769231,0.28702176848073,0.272326854877373,27.76757005,0.379906928,18.9105678209609,-7.12355881763188,44.9446944595538
"Kerguelen","KER1","CAT1-S1-1F",185,233.2,234.5,233.8,7669.85,0.882770150310331,0.329267975307851,28.3155083,0.502166441,46.3065343562775,18.8827279611816,73.7303407513733
"Kerguelen","KER1","CAT1-S1-1F",186,234.7,235.9,235.3,7695.93846153846,0.213010856741967,0.160557133967066,27.8515667,0.320567732,15.5071167616119,-10.4800087647283,41.4942422879521
"Kerguelen","KER1","CAT1-S1-1F",188,237.8,239.1,238.4,7751.90714285714,0.0449793091134215,0.0632246723011622,0.79837406,0.015453079,7.78005144995866,-18.207362955394,33.7674658553113
"Kerguelen","KER1","CAT1-S1-1F",191,242.3,243.6,242.9,7831.4,0.0129628978201694,0.0352629235914676,0.651451824,0.021712737,6.3077511313625,-19.6965778909889,32.3120801537139
"Kerguelen","KER3","CAT2-S3-1A",6,7.9,9.1,8.5,386.276923076923,0.111766028120023,0.141225766398096,6.303556106,0.104558215,10.8512922199114,-15.1181960774431,36.8207805172659
"Kerguelen","KER3","CAT2-S3-1A",9,12.3,13.5,12.9,621.707692307692,0.0831580061881434,0.0842132166115997,3.688021304,0.079731647,9.53572941623173,-16.4385617206884,35.5100205531519
"Kerguelen","KER3","CAT2-S3-1A",13,18.1,19.3,18.7,928.807692307692,0.0869328786556143,0.154729645853957,6.207609895,0.185004911,9.70931995033661,-16.2640905233743,35.6827304240476
"Kerguelen","KER3","CAT2-S3-1A",15,21,22.1,21.6,1082.7,0.0599607559167134,0.0550609439844549,5.547019557,0.091658311,8.46898528140799,-17.5123649957782,34.4503355585941
"Kerguelen","KER3","CAT2-S3-1A",20,28.2,29.4,28.8,1469.79230769231,0.0368315888073041,0.0633340486413134,2.92778834,0.037964937,7.40537200532467,-18.5858359628798,33.3965799735292
"Kerguelen","KER3","CAT2-S3-1A",21,29.6,30.7,30.2,1540.33333333333,0.0844885812629286,0.104292282004562,4.597352978,0.107216345,9.59691697684179,-16.3770551770463,35.5708891307299
"Kerguelen","KER3","CAT2-S3-1A",22,31,32.1,31.6,1613.25833333333,0.135343224236928,0.132030706058646,17.22708873,0.188428708,11.9355084687775,-14.0332632694099,37.9042802069648
"Kerguelen","KER3","CAT2-S3-1A",27,38.2,39.3,38.7,1994.20833333333,0.204155653208828,0.151527754848156,12.64697374,0.1608634,15.0999031340864,-10.8835257331252,41.083332001298
"Kerguelen","KER3","CAT2-S3-1A",28,39.5,40.7,40.1,2065.98461538462,0.206647305480126,0.199524460523407,30.0068369,0.064964968,15.2144837596057,-10.7699435603961,41.1989110796075
"Kerguelen","KER3","CAT2-S3-1A",32,45.1,47,46.1,2386.005,0.0889111588991077,0.104439547822957,14.07224116,0.318548124,9.8002927519442,-16.1726861705661,35.7732716744545
"Kerguelen","KER3","CAT2-S3-1B",38,46.4,47.6,47,2436.8,0.126026476839573,0.144188849769346,12.29867694,0.24860925,11.5070703769575,-14.4616344211035,37.4757751750184
"Kerguelen","KER3","CAT2-S3-1B",42,51.6,52.7,52.2,2712.45833333333,0.210799676387574,0.104625275950111,10.32724622,0.12519598,15.4054338618507,-10.5807299565971,41.3915976802985
"Kerguelen","KER3","CAT2-S3-1B",45,55.3,56.5,55.9,2912.56153846154,0.375919544565807,0.139876620116667,15.69566935,0.133332164,22.9986032617142,-3.12982270836993,49.1270292317984
"Kerguelen","KER3","CAT2-S3-1B",47,58.1,59.3,58.7,3063.31538461538,0.0491536433663349,0.0715267334738857,3.465695798,0.035575797,7.97201155423763,-18.0135945259348,33.9576176344101
"Kerguelen","KER3","CAT2-S3-1B",52,64.6,65.7,65.1,3406.90833333333,0.0279437561579529,0.0692019353955269,3.393843761,0.073792722,6.99665790175407,-18.9990861566799,32.9924019601881
"Kerguelen","KER3","CAT2-S3-1B",55,68.3,69.4,68.9,3606.60833333333,0.254059643385563,0.297872897363928,83.78057199,1.363236969,17.3947780956631,-8.61486666090748,43.4044228522337
"Kerguelen","KER3","CAT2-S3-1B",56,69.5,70.7,70.1,3672.84615384615,0.0817435944653383,0.0945570745866164,3.510079214,0.03683938,9.47068656020898,-16.5039538823622,35.4453270027802
"Kerguelen","KER3","CAT2-S3-1B",62,77.2,78.2,77.7,4072.19090909091,0.0563366818328585,0.0985349399535302,2.572375363,0.05517544,8.30232933176381,-17.6803796116846,34.2850382752122
"Kerguelen","KER3","CAT2-S3-1B",65,80.8,81.9,81.4,4264.50833333333,0.0160062578963056,0.0303573532705415,1.737402116,0.031082893,6.44770248220745,-19.5547871265769,32.4501920909918
"Kerguelen","KER3","CAT2-S3-1B",68,84.5,85.6,85.1,4460.44166666667,0.066085694944737,0.101527930927572,2.185976834,0.033527629,8.75064550871279,-17.2285656490533,34.7298566664789
"Kerguelen","KER3","CAT2-S3-1C",78,89.2,90.2,89.7,4699.99090909091,0.0787806387340022,0.111471413201149,2.353416213,0.042715053,9.33443266756387,-16.6409736647293,35.309838999857
"Kerguelen","KER3","CAT2-S3-1C",83,95.7,96.8,96.2,5048.06666666667,0.0638962217492644,0.0960983207288447,1.352744031,0.017037809,8.64996083004203,-17.3299923202983,34.6299139803824
"Kerguelen","KER3","CAT2-S3-1C",85,98.3,99.3,98.8,5181.87272727273,0.0382378887495123,0.0642920837830001,2.218682082,0.061778728,7.4700418346191,-18.5204864417694,33.4605701110076
"Kerguelen","KER3","CAT2-S3-1C",89,103.5,104.7,104.1,5467.83076923077,0.0661651722325101,0.0864916837435923,2.192335728,0.038135678,8.75430033545267,-17.2248843627771,34.7334850336824
"Kerguelen","KER3","CAT2-S3-1C",91,106.1,107.2,106.7,5603.63333333333,0.0364447641987721,0.0561757993908945,3.100416737,0.06007617,7.38758356585324,-18.6038131851726,33.3789803168791
"Kerguelen","KER3","CAT2-S3-1C",96,112.8,113.9,113.3,5955.025,0.0565729803463686,0.0752055508216479,3.23903741,0.033151655,8.31319570818365,-17.6694225407352,34.2958139571025
"Kerguelen","KER3","CAT2-S3-1C",101,118.9,119.9,119.4,6277.73636363636,0.0896780041923506,0.0952881935807088,1.576869911,0.009027742,9.83555674700018,-16.1372604366047,35.8083739306051
"Kerguelen","KER3","CAT2-S3-1D",110,122.4,123.5,123,6466.25,0.0620636137019678,0.0634549764389672,1.773412408,0.018119634,8.56568688106058,-17.414906721259,34.5462804833801
"Kerguelen","KER3","CAT2-S3-1D",115,128.9,130,129.5,6808.05,0.0895651535837663,0.0893408026042539,1.262753928,0.025481318,9.83036722137063,-16.1424735696959,35.8032080124372
"Kerguelen","KER3","CAT2-S3-1D",117,131.4,132.4,131.9,6937.85454545455,0.127336330270632,0.109294356682222,1.508044061,0.003317215,11.5673050361826,-14.4013815367005,37.5359916090658
"Kerguelen","KER3","CAT2-S3-1D",121,136.5,137.6,137.1,7212.99166666667,0.0813567923999223,0.0734064344430306,3.948114024,0.04346386,9.4528991574008,-16.5218386451542,35.4276369599558
"Kerguelen","KER3","CAT2-S3-1D",124,140.5,141.6,141,7429.425,0.0268549609036562,0.0533800840350551,1.526329795,0.02151901,6.9465887798558,-19.049739506669,32.9429170663807
"Kerguelen","KER3","CAT2-S3-1D",130,148.3,149.4,148.9,7841.69166666667,0.0645715563351946,0.0854001231863789,4.097635166,0.062528045,8.68101663192178,-17.2987049625606,34.6607382264042
"Kerguelen","KER3","CAT2-S3-1D",133,152.3,153.4,152.8,8051.725,0.135173416896233,0.11954446316618,5.543690999,0.120465949,11.9276997421992,-14.0410666830886,37.8964661674871
"Kerguelen","KER3","CAT2-S3-1D",134,153.6,154.8,154.2,8122.73846153846,0.106153866000504,0.0901448483205279,9.271372537,0.077027155,10.5932124494806,-15.3768780578939,36.563302956855
"Kerguelen","KER3","CAT2-S3-1D",136,156.4,157.6,157,8271.9,0.101076665483917,0.147307464188128,6.530373442,0.078511178,10.359733316867,-15.6110449850635,36.3305116187976
"Kerguelen","KER3","CAT2-S3-1D",139,160.4,161.5,160.9,8483.125,0.0523690120797458,0.091328349058033,1.196850042,0.006959579,8.11987286004728,-17.8644028076134,34.104148527708
"Kerguelen","KER3","CAT2-S3-1D",141,163,164.1,163.5,8623.30833333333,0.0477817433562898,0.113014890923119,0.766206838,0.008232845,7.90892363337821,-18.0772666447576,33.895113911514
"Kerguelen","KER3","CAT2-S3-1D",142,164.3,165.5,164.9,8696.08461538462,0.0447545846655218,0.0660320423449919,1.004100827,0.01245794,7.76971731621679,-18.2177970394853,33.7572316719189
"Kerguelen","KER3","CAT2-S3-1E",150,166.5,167.5,167,8805.21818181818,0.0487257733086437,0.0479698809279604,1.1035724,0.013960696,7.95233560690904,-18.0334516114663,33.9381228252844
"Kerguelen","KER3","CAT2-S3-1E",152,169.1,170.2,169.6,8943.06666666667,0.0165079523555591,0.0349006766465,2.065153229,0.037411213,6.47077330377553,-19.5314177478252,32.4729643553762
"Kerguelen","KER3","CAT2-S3-1E",156,174.6,175.7,175.1,9234.5,0.0718558396441916,0.0987202578561401,1.239803204,0.012690292,9.01599023462663,-16.9613863563867,34.9933668256399
"Kerguelen","KER3","CAT2-S3-1E",158,177.2,178.3,177.8,9367.74166666667,0.0347683161542514,0.0582829706824743,1.357751212,0.01906806,7.31049075968424,-18.6817332423609,33.3027147617294
"Kerguelen","KER3","CAT2-S3-1E",159,178.6,179.6,179.1,9437.28181818182,0.0323300491550259,0.0541157616449659,0.717833958,0.009858614,7.19836509866305,-18.7950884425266,33.1918186398527
"Kerguelen","KER3","CAT2-S3-1E",163,183.8,184.9,184.3,9717.925,0.183073082258676,0.293003411837583,75.21650139,1.194792062,14.1304042217184,-11.8458842202682,40.1066926637049
"Kerguelen","KER3","CAT2-S3-1E",165,186.4,187.5,187,9857.625,0.069128795981102,0.130121570736966,0.590156647,0.005197337,8.89058494740637,-17.0876368396309,34.8688067344436
"Kerguelen","KER3","CAT2-S3-1E",168,190.4,191.5,190.9,10071.1416666667,0.256011113567229,0.139115961741901,35.06414579,0.208148053,17.4845180151026,-8.52641758776696,43.4954536179722
"Kerguelen","KER3","CAT2-S3-1E",171,194,195,194.5,10256.1727272727,0.30324071465126,0.239029102572142,5.22738231,0.137212202,19.6564090520548,-6.39185097849618,45.7046690826057
"Kerguelen","KER3","CAT2-S3-1E",174,197.7,198.6,198.1,10446.9,1.1942990246047,0.135227776396433,56.48226198,0.752100687,60.6324391766022,31.8297491097281,89.4351292434763
"Kerguelen","KER3","CAT2-S3-1E",177,201.6,202.7,202.1,10658.8916666667,0.0182676117887769,0.0279721982640216,15.78377328,0.289826678,6.55169265230643,-19.4494616755114,32.5528469801243
"Kerguelen","KER3","CAT2-S3-1E",181,207,208.1,207.5,10924.02,0.00587089599065522,0.00862752334591925,2.277013402,0.045192338,5.98161974650992,-20.0271843111413,31.9904238041612
"Marion Island","PB1","PB1_1A",4,5,6.3,5.7,154.78,0.072156157,0.104152672,0.868594897,0.021367434,9.02980056878891,-16.9474853377582,35.007086475336
"Marion Island","PB1","PB1_1A",7,9.8,11.1,10.4,333.91,0.039853821,0.086834366,1.338842032,0.034006588,7.5443517735261,-18.4454083283659,33.5341118754181
"Marion Island","PB1","PB1_1A",9,12.6,13.8,13.2,440.63,0.010369083,0.02659682,1.014046175,0.012776982,6.18847247920077,-19.8174626223769,32.1944075807785
"Marion Island","PB1","PB1_1A",14,19.4,20.7,20.1,704.72,0.057570421,0.092639205,1.446039186,0.048731521,8.35906381559492,-17.6231748397699,34.3413024709598
"Marion Island","PB1","PB1_1A",16,22.3,23.5,22.9,810.69,0.030454699,0.067497793,1.729952721,0.020759433,7.11212561962106,-18.8822948559393,33.1065460951815
"Marion Island","PB1","PB1_1A",17,23.7,24.9,24.3,862.94,0.068040915,0.088714218,1.406166493,0.015186598,8.84055786909329,-17.1380120105038,34.8191277486904
"Marion Island","PB1","PB1_1A",22,30.4,31.6,31,1116.79,0.079806854,0.112784581,1.945437912,0.058363137,9.38162399857339,-16.5935118355567,35.3567598327035
"Marion Island","PB1","PB1_1A",28,38.5,39.8,39.2,1426.52,0.024485473,0.035352622,6.18584993,0.060621329,6.8376259806367,-19.1599952542254,32.8352472154988
"Marion Island","PB1","PB1_1A",32,44,45.3,44.7,1634.77,0.126517671,0.078400509,8.593039332,0.140925845,11.5296583338732,-14.4390385701379,37.4983552378844
"Marion Island","PB1","PB1_1B",39,46.4,47.6,47,1723.12,0.071131017,0.081555306,8.614199678,0.074082117,8.98265868474759,-16.9949387312605,34.9602561007557
"Marion Island","PB1","PB1_1B",41,49.3,50.5,49.9,1830.5,0.113828177,0.071066395,16.4500648,0.17272568,10.9461217879468,-15.0231869288982,36.9154305047918
"Marion Island","PB1","PB1_1B",42,50.6,51.8,51.2,1878.53,0.093468536,0.077988228,11.75398313,0.049366729,10.0098673884064,-15.9621958166352,35.9819305934479
"Marion Island","PB1","PB1_1B",44,53.3,54.5,53.9,1980.2,0.078406631,0.087872201,12.38336299,0.194418799,9.31723362233406,-16.6582726728748,35.2927399175429
"Marion Island","PB1","PB1_1B",45,54.7,55.8,55.2,2030.05,0.082410027,0.082973995,11.91461022,0.141783862,9.50133299413058,-16.4731415524156,35.4758075406767
"Marion Island","PB1","PB1_1B",46,56,57.7,56.8,2091.11,0.109334736,0.053869319,14.90909256,0.037272731,10.7394873042972,-15.2302415053225,36.709216113917
"Marion Island","PB1","PB1_1B",52,64.3,65.4,64.9,2400.08,0.08256449,0.043704403,10.19846496,0.076488487,9.50843609891107,-16.466000330833,35.4828725286552
"Marion Island","PB1","PB1_1B",54,66.9,68.1,67.5,2499.09,0.076267714,0.064898678,10.06049975,0.059356949,9.21887381080783,-16.7572183154286,35.1949659370443
"Marion Island","PB1","PB1_1B",57,70.8,72,71.4,2647.86,0.121345941,0.076556121,10.71782217,0.168269808,11.2918321872464,-14.6770116180414,37.2606759925342
"Marion Island","PB1","PB1_1B",62,77.7,78.9,78.3,2906.71,0.07888193,0.075293392,9.441136029,0.167108108,9.3390906275655,-16.6362887588686,35.3144700139996
"Marion Island","PB1","PB1_1B",64,80.4,81.5,81,3009.64,0.054163836,0.071179362,6.637758174,0.077661771,8.20240927568145,-17.7811474062064,34.1859659575693
"Marion Island","PB1","PB1_1B",65,81.7,82.8,82.3,3058.43,0.050252659,0.065876897,7.745921289,0.226955494,8.02255066846772,-17.9625945582154,34.0076958951509
"Marion Island","PB1","PB1_1B",66,83,84.1,83.6,3107.49,0.059362254,0.075752272,7.807503175,0.064802276,8.44146269136545,-17.5401071999593,34.4230325826902
"Marion Island","PB1","PB1_1B",67,84.3,85.4,84.9,3155.81,0.100588917,0.06725399,9.523142377,0.158084163,10.3373038121456,-15.6335477145928,36.3081553388839
"Marion Island","PB1","PB1_1B",68,85.6,86.6,86.1,3200.37,0.074103305,0.106888975,6.271993137,0.079027114,9.11934172924239,-16.8573677326455,35.0960511911302
"Marion Island","PB1","PB1_1C",77,89.2,90.3,89.7,3335.04,0.096306616,0.068878213,5.218707731,0.029224763,10.14037877052,-15.8311694620039,36.1119270030439
"Marion Island","PB1","PB1_1C",79,91.8,92.9,92.4,3436.21,0.063105367,0.062402384,4.718754893,0.030671907,8.61359274091923,-17.3666346258563,34.5938201076948
"Marion Island","PB1","PB1_1C",81,94.5,95.6,95.1,3538.8,0.084424503,0.070313336,4.905904271,0.082419192,9.59397028659406,-16.3800170152649,35.567957588453
"Marion Island","PB1","PB1_1C",84,98.5,99.6,99.1,3690.04,0.013014537,0.022944658,4.98017436,0.036355273,6.31012580041021,-19.6941716056548,32.3144232064752
"Marion Island","PB1","PB1_1C",86,101.2,102.3,101.8,3791.98,0.080495832,0.074583108,6.283935762,0.038960402,9.41330720377758,-16.5616501355585,35.3882645431136
"Marion Island","PB1","PB1_1C",87,102.6,103.7,103.1,3841.55,0.04892478,0.040375964,5.159189381,0.080483354,7.96148708901623,-18.0242157603687,33.9471899384011
"Marion Island","PB1","PB1_1C",88,103.9,105,104.4,3891.1,0.043306931,0.046212514,4.813081963,0.090485941,7.70314580283128,-18.2850187891915,33.6913103948541
