"Site","Element","Model","R2","RMSE","RMSE_ppm","RMSEP","Mean_ppm","Mean_CI_width","SNR_model","SNR_CI","SNR_smooth","Roughness","SNR_CI_s","SNR_smooth_s","Roughness_norm","Robustness_score","Robust_Rank","Global_Rank","Robustness_Class","Stability_class","Confidence_class","Confidence_Flag","Unstable_flag","Bootstrap_Unstable","R2_q05","R2_q95","Robustness_low","Robustness_high","Is_Production_Model","Rank_site","Robustness_score_site","n_mean","R2_overall","RMSE_overall","RMSEP_overall"
"ALL","Ca","RF",0.682203721520104,0.401150756423534,4911.79054471344,0.405320083182145,10920.0910975266,18996.7410319403,2.22324038415684,0.39380271117278,2.79869444838166,2673.02067439021,0.856025854174437,0,1,0.642410341669775,1,1,"Unstable","Unstable","Moderate confidence","Low confidence (noise-dominated)",TRUE,FALSE,0.55950837749974,0.718782683886617,0.642410341669775,0.642410341669775,NA,NA,NA,NA,NA,NA,NA
"ALL","Ca","Bayes",NA,NA,NA,NA,NA,NA,NA,NA,NA,NA,0.740687069612545,1,NA,0.634509260499655,NA,4,"Acceptable 4",NA,NA,"Moderate confidence",NA,FALSE,NA,NA,NA,NA,NA,1,0.844412241767527,13757,0.636884102731344,0.428801053115093,5546.07861545861
"ALL","Ca","PLS_LOO",0.605172814508826,0.447133012734933,5921.70892622602,0.450351241681476,10800.199565855,21448.147284187,1.82383154937305,0.374520162924147,5.02767378492198,1597.70978765272,0.805915698467802,1,0,0.638537096368868,2,2,"Acceptable 2","Acceptable","Moderate confidence","Moderate confidence",FALSE,FALSE,0.498378819979044,0.669798592015465,0.622366279387121,0.653319390092195,NA,NA,NA,NA,NA,NA,NA
"ALL","Ca","RF",NA,NA,NA,NA,NA,NA,NA,NA,NA,NA,0.856025854174437,0.78918072168034,NA,0.642410341669775,NA,1,"Unstable",NA,NA,"Low confidence (noise-dominated)",NA,FALSE,NA,NA,NA,NA,NA,2,0.829287801176798,13757,0.682203721520104,0.401150756423534,4911.79054471344
"ALL","Ca","PLS_kfold",0.605172814508826,0.447133012734933,5921.70892622602,0.450351241681476,10800.199565855,21448.147284187,1.82383154937305,0.374520162924147,5.02767378492198,1597.70978765272,0.805915698467802,1,0,0.638537096368868,3,3,"Acceptable 3","Acceptable","Moderate confidence","Moderate confidence",FALSE,FALSE,0.498378819979044,0.669798592015465,0.622366279387121,0.653319390092195,NA,NA,NA,NA,NA,NA,NA
"ALL","Ca","OLS_weighted",NA,NA,NA,NA,NA,NA,NA,NA,NA,NA,1,0,NA,0.588405803230984,NA,5,"Unstable",NA,NA,"Low confidence",NA,FALSE,NA,NA,NA,NA,NA,3,0.6,14519,0.60078407376705,0.449611220751241,5620.88386479327
"ALL","Ca","Bayes",0.636884102731344,0.428801053115093,5546.07861545861,0.437812064252784,11114.521610419,20960.8035640108,2.00403246709114,0.349419977834777,4.32346304827183,1694.04096553187,0.740687069612545,0.684065829994105,0.08958449046436,0.634509260499655,4,4,"Acceptable 4","Acceptable","Moderate confidence","Moderate confidence",FALSE,FALSE,0.517873635021689,0.683384680507303,0.597167517234048,0.607069768039878,NA,NA,NA,NA,NA,NA,NA
"ALL","Ca","PLS_LOO",NA,NA,NA,NA,NA,NA,NA,NA,NA,NA,0.805915698467802,0.173331448090944,NA,0.638537096368868,NA,2,"Acceptable 2",NA,NA,"Moderate confidence",NA,FALSE,NA,NA,NA,NA,NA,4,0.552881998317059,13757,0.605172814508826,0.447133012734933,5921.70892622602
"ALL","Ca","OLS_weighted",0.60078407376705,0.449611220751241,5620.88386479327,NA,10492.425843022,18035.9437498918,1.86668611119008,0.449204423146897,4.19853658933548,1929.67848098767,1,0.628019344103281,0.308718806281367,0.588405803230984,5,5,"Unstable","Acceptable","Low confidence","Low confidence",FALSE,FALSE,0.506693877391423,0.664163105864895,0.629212858359254,0.588405803230984,NA,NA,NA,NA,NA,NA,NA
"ALL","Ca","PLS_kfold",NA,NA,NA,NA,NA,NA,NA,NA,NA,NA,0.805915698467802,0.173331448090944,NA,0.638537096368868,NA,3,"Acceptable 3",NA,NA,"Moderate confidence",NA,FALSE,NA,NA,NA,NA,NA,5,0.552881998317059,13757,0.605172814508826,0.447133012734933,5921.70892622602
"ALL","Ca","OLS",0.605349695781694,0.447032844459699,5504.63271481712,0.450923989941031,10921.4227828969,22038.6753023897,1.98404205125242,0.367288108355072,4.20176309327957,1926.46353037206,0.787121534135248,0.629466869385905,0.305729019183265,0.520511230722479,6,6,"Unstable","Acceptable","Low confidence","Low confidence",FALSE,FALSE,0.506693877391423,0.664163105864895,0.54449572959814,0.503688674469871,NA,NA,NA,NA,NA,NA,NA
"ALL","Ca","OLS",NA,NA,NA,NA,NA,NA,NA,NA,NA,NA,0.787121534135248,0.00268958734750736,NA,0.520511230722479,NA,6,"Unstable",NA,NA,"Low confidence",NA,FALSE,NA,NA,NA,NA,NA,6,0.473348755420152,14519,0.605349695781694,0.447032844459699,5504.63271481712
"ALL","Ca","WLS_weighted",0.604732452698864,0.447382293228408,5447.03371534874,NA,10873.2672025233,114937.491193476,1.99618136599456,0.066580398464715,4.20378299807899,1820.40413734327,0.00566308940610476,0.630373071056917,0.207097642586147,0.205925410630512,7,7,"Unstable","Unstable","Low confidence","Low confidence (uncertainty-dominated)",FALSE,FALSE,0.506693877391423,0.664163105864895,0.232184212207787,0.191377157079517,NA,NA,NA,NA,NA,NA,NA
"ALL","Ca","WLS",NA,NA,NA,NA,NA,NA,NA,NA,NA,NA,0,0.512480191683846,NA,0.203490077962097,NA,8,"Unstable",NA,NA,"Low confidence (uncertainty-dominated)",NA,FALSE,NA,NA,NA,NA,NA,7,0.204992076673538,14519,0.604685117514639,0.447409080513934,5446.04597912254
"ALL","Ca","WLS",0.604685117514639,0.447409080513934,5446.04597912254,NA,10872.2684867972,118586.161886132,1.99636002495685,0.064401223541595,4.20381505816965,1816.70549605334,0,0.630387454362375,0.203658040759781,0.203490077962097,8,8,"Unstable","Unstable","Low confidence","Low confidence (uncertainty-dominated)",FALSE,FALSE,0.506693877391423,0.664163105864895,0.229923291436982,0.189116236308712,NA,NA,NA,NA,NA,NA,NA
"ALL","Ca","WLS_weighted",NA,NA,NA,NA,NA,NA,NA,NA,NA,NA,0.00566308940610476,0.494227419228363,NA,0.205925410630512,NA,7,"Unstable",NA,NA,"Low confidence (uncertainty-dominated)",NA,FALSE,NA,NA,NA,NA,NA,8,0.201088821335008,14519,0.604732452698864,0.447382293228408,5447.03371534874
"ALL","Sr","Bayes",0.635271572146413,0.373704733132646,56.5643915636821,0.385058169520708,147.071853655315,235.23700439692,2.60007841664373,0.293986430286965,3.31289626071891,20.8749329141512,0.799649049049403,0.846473044489889,0.268858259380167,0.734632075858658,1,1,"Preferred 1","Acceptable","Moderate confidence","Moderate confidence",FALSE,FALSE,0.506111970895487,0.684515622721029,0.638973606171947,0.638995424908899,TRUE,NA,NA,NA,NA,NA,NA
"ALL","Sr","OLS",NA,NA,NA,NA,NA,NA,NA,NA,NA,NA,0.697028491676238,0.564322860149515,NA,0.476601104377288,NA,5,"Unstable",NA,NA,"Low confidence",NA,FALSE,NA,NA,NA,NA,NA,1,0.643946239065549,14005,0.605940022011523,0.388440903375382,59.7735590156883
"ALL","Sr","PLS_LOO",0.619560933054721,0.381668523678026,58.9814163562467,0.387403145926133,145.259398881809,238.17309736281,2.46279943507028,0.283603215058894,3.41960519724994,19.7527645024488,0.771401682998948,1,0.161908509572326,0.715434657119346,2,2,"Acceptable 2","Acceptable","Moderate confidence","Moderate confidence",FALSE,FALSE,0.495841677209496,0.683634607729772,0.633054729325594,0.669151720053799,FALSE,NA,NA,NA,NA,NA,NA
"ALL","Sr","PLS_LOO",NA,NA,NA,NA,NA,NA,NA,NA,NA,NA,0.771401682998948,0.348022189997548,NA,0.715434657119346,NA,2,"Acceptable 2",NA,NA,"Moderate confidence",NA,FALSE,NA,NA,NA,NA,NA,2,0.602049885798388,13757,0.619560933054721,0.381668523678026,58.9814163562467
"ALL","Sr","PLS_kfold",0.619560933054721,0.381668523678026,58.9814163562467,0.387403145926133,145.259398881809,238.17309736281,2.46279943507028,0.283603215058894,3.41960519724994,19.7527645024488,0.771401682998948,1,0.161908509572326,0.715434657119346,3,3,"Acceptable 3","Acceptable","Moderate confidence","Moderate confidence",FALSE,FALSE,0.495841677209496,0.683634607729772,0.633054729325594,0.669151720053799,FALSE,NA,NA,NA,NA,NA,NA
"ALL","Sr","PLS_kfold",NA,NA,NA,NA,NA,NA,NA,NA,NA,NA,0.771401682998948,0.348022189997548,NA,0.715434657119346,NA,3,"Acceptable 3",NA,NA,"Moderate confidence",NA,FALSE,NA,NA,NA,NA,NA,3,0.602049885798388,13757,0.619560933054721,0.381668523678026,58.9814163562467
"ALL","Sr","RF",0.675793821060387,0.35233390312532,45.3389098498978,0.346757684558846,141.647129261848,211.560346352752,3.12418471751516,0.367631776233657,2.7245550272229,28.5464250613966,1,0,1,0.7,4,4,"Unstable","Unstable","Moderate confidence","Low confidence (noise-dominated)",TRUE,FALSE,0.56540079436884,0.729459064719332,0.7,0.7,FALSE,NA,NA,NA,NA,NA,NA
"ALL","Sr","RF",NA,NA,NA,NA,NA,NA,NA,NA,NA,NA,1,0,NA,0.7,NA,4,"Unstable",NA,NA,"Low confidence (noise-dominated)",NA,FALSE,NA,NA,NA,NA,NA,4,0.6,13757,0.675793821060387,0.35233390312532,45.3389098498978
"ALL","Sr","OLS",0.605940022011523,0.388440903375382,59.7735590156883,0.391554198151312,143.231154722705,243.139630055274,2.39622932081244,0.256264989918794,3.0435722326859,20.4720539160617,0.697028491676238,0.458984429067312,0.230461341770324,0.476601104377288,5,5,"Unstable","Marginal","Low confidence","Low confidence",FALSE,FALSE,0.489657473355962,0.672037080636319,0.416506725390689,0.416506725390689,FALSE,NA,NA,NA,NA,NA,NA
"ALL","Sr","Bayes",NA,NA,NA,NA,NA,NA,NA,NA,NA,NA,0.799649049049403,0.296032860319586,NA,0.734632075858658,NA,1,"Preferred 1",NA,NA,"Moderate confidence",NA,FALSE,NA,NA,NA,NA,NA,5,0.598202573557477,13757,0.635271572146413,0.373704733132646,56.5643915636821
"ALL","Sr","WLS",0.605899324973479,0.388460961218056,59.3656290640811,NA,143.397140314445,2053.6686365944,2.41549095958636,0.030648910220976,3.05449018354233,20.6066157965584,0.083243662015412,0.474692576949646,0.243285940380232,0.23565984712543,6,6,"Unstable","Unstable","Low confidence","Low confidence (uncertainty-dominated)",FALSE,FALSE,0.489657473355962,0.672037080636319,0.175705237891059,0.175705237891059,FALSE,NA,NA,NA,NA,NA,NA
"ALL","Sr","OLS_weighted",NA,NA,NA,NA,NA,NA,NA,NA,NA,NA,0,1,NA,0.103567518923187,NA,8,"Unstable",NA,NA,"Low confidence (uncertainty-dominated)",NA,FALSE,NA,NA,NA,NA,NA,6,0.4,14005,0.588442221601662,0.396971381054182,68.563181097856
"ALL","Sr","WLS_weighted",0.605197017350042,0.38880693583257,61.616501941787,NA,142.461659924356,1720.05445347286,2.31206990716462,0.0346514105471945,2.99705140125776,19.8869839221994,0.0941323982448324,0.392052812567841,0.174700469506317,0.212811409679503,7,7,"Unstable","Unstable","Low confidence","Low confidence (uncertainty-dominated)",FALSE,FALSE,0.489657473355962,0.672037080636319,0.155268803068285,0.155268803068285,FALSE,NA,NA,NA,NA,NA,NA
"ALL","Sr","WLS_weighted",NA,NA,NA,NA,NA,NA,NA,NA,NA,NA,0.0941323982448324,0.685071402550028,NA,0.212811409679503,NA,7,"Unstable",NA,NA,"Low confidence (uncertainty-dominated)",NA,FALSE,NA,NA,NA,NA,NA,7,0.330507999966911,14005,0.605197017350042,0.38880693583257,61.616501941787
"ALL","Sr","OLS_weighted",0.588442221601662,0.396971381054182,68.563181097856,NA,131.570344226979,1069088.3690725,1.91896499141714,5.006225989857e-05,2.96450376601237,18.0539422484993,0,0.34522506307729,0,0.103567518923187,8,8,"Unstable","Unstable","Low confidence","Low confidence (uncertainty-dominated)",FALSE,FALSE,0.489657473355962,0.672037080636319,0.103567518923187,0.103567518923187,FALSE,NA,NA,NA,NA,NA,NA
"ALL","Sr","WLS",NA,NA,NA,NA,NA,NA,NA,NA,NA,NA,0.083243662015412,0.537515896738383,NA,0.23565984712543,NA,6,"Unstable",NA,NA,"Low confidence (uncertainty-dominated)",NA,FALSE,NA,NA,NA,NA,NA,8,0.2649525559046,14005,0.605899324973479,0.388460961218056,59.3656290640811
"ALL","Ti","PLS_LOO",0.756227776634957,0.607666319730726,1919.97750377683,0.620336808479536,2139.04947431541,6388.36995589027,1.11410132155592,0.677802227960793,5.76089963353566,751.62763883854,0.985781032588366,0.5294983040467,0.457077270589932,0.840792000457897,1,1,"Preferred 1","Stable","High confidence","High confidence (signal-dominated)",FALSE,FALSE,0.666118384525011,0.800144234795754,0.79452451960984,0.853161904249357,TRUE,NA,NA,NA,NA,NA,NA
"ALL","Ti","RF",NA,NA,NA,NA,NA,NA,NA,NA,NA,NA,0.813202921947396,1,NA,0.467170786497582,NA,6,"Unstable",NA,NA,"Low confidence (noise-dominated)",NA,FALSE,NA,NA,NA,NA,NA,1,0.887921753168437,13757,0.737139589077221,0.631009137231014,1647.90252563752
"ALL","Ti","PLS_kfold",0.756227776634957,0.607666319730726,1919.97750377683,0.620336808479536,2139.04947431541,6388.36995589027,1.11410132155592,0.677802227960793,5.76089963353566,751.62763883854,0.985781032588366,0.5294983040467,0.457077270589932,0.840792000457897,2,2,"Acceptable 2","Stable","High confidence","High confidence (signal-dominated)",FALSE,FALSE,0.666118384525011,0.800144234795754,0.79452451960984,0.853161904249357,FALSE,NA,NA,NA,NA,NA,NA
"ALL","Ti","PLS_LOO",NA,NA,NA,NA,NA,NA,NA,NA,NA,NA,0.985781032588366,0.443806756539711,NA,0.840792000457897,NA,1,"Preferred 1",NA,NA,"High confidence (signal-dominated)",NA,FALSE,NA,NA,NA,NA,NA,2,0.768991322168904,13757,0.756227776634957,0.607666319730726,1919.97750377683
"ALL","Ti","OLS",0.729930592021033,0.639603384224678,2035.54425020404,0.644447515724916,2121.49959929056,6993.83718311646,1.04222720733185,0.64362324768362,6.5074019789329,691.734768520636,0.919262770647259,0.963613516613628,0.221554724916626,0.743637270225016,3,3,"Acceptable 3","Acceptable","Moderate confidence","Moderate confidence",FALSE,FALSE,0.647980042492791,0.783176150339138,0.656789163242992,0.733582618514229,FALSE,NA,NA,NA,NA,NA,NA
"ALL","Ti","PLS_kfold",NA,NA,NA,NA,NA,NA,NA,NA,NA,NA,0.985781032588366,0.443806756539711,NA,0.840792000457897,NA,2,"Acceptable 2",NA,NA,"High confidence (signal-dominated)",NA,FALSE,NA,NA,NA,NA,NA,3,0.768991322168904,13757,0.756227776634957,0.607666319730726,1919.97750377683
"ALL","Ti","Bayes",0.757847910218222,0.605643649083077,2132.72586760655,0.617880211717454,2140.41045976442,6361.9847129266,1.00360317857752,0.68510833898267,4.89905519927455,889.691706260365,1,0.0283079433120716,1,0.708492382993621,4,4,"Unstable","Unstable","Moderate confidence","Low confidence (noise-dominated)",TRUE,FALSE,0.670524969765554,0.799989588472668,0.708492382993621,0.706458089050811,FALSE,NA,NA,NA,NA,NA,NA
"ALL","Ti","Bayes",NA,NA,NA,NA,NA,NA,NA,NA,NA,NA,1,0.4120150721951,NA,0.708492382993621,NA,4,"Unstable",NA,NA,"Low confidence (noise-dominated)",NA,FALSE,NA,NA,NA,NA,NA,4,0.76480602887804,13757,0.757847910218222,0.605643649083077,2132.72586760655
"ALL","Ti","OLS_weighted",0.718555763474536,0.652933928562262,2173.73266969499,NA,2011.43951913123,7272.03003890279,0.92533895596898,0.635443775627134,6.56997199353357,703.346411361033,0.903344090207377,1,0.267216314797081,0.661337636082951,5,5,"Unstable","Acceptable","Moderate confidence","Moderate confidence",FALSE,FALSE,0.647980042492791,0.783176150339138,0.661337636082951,0.738131091354188,FALSE,NA,NA,NA,NA,NA,NA
"ALL","Ti","OLS",NA,NA,NA,NA,NA,NA,NA,NA,NA,NA,0.919262770647259,0.156305663053533,NA,0.743637270225016,NA,3,"Acceptable 3",NA,NA,"Moderate confidence",NA,FALSE,NA,NA,NA,NA,NA,5,0.614079927609769,14219,0.729930592021033,0.639603384224678,2035.54425020404
"ALL","Ti","RF",0.737139589077221,0.631009137231014,1647.90252563752,0.624680929647959,2144.13444529326,6762.98370805478,1.30112941265368,0.589126672290205,4.85037700172676,821.431836177017,0.813202921947396,0,0.731575089254762,0.467170786497582,6,6,"Unstable","Unstable","Low confidence","Low confidence (noise-dominated)",TRUE,FALSE,0.651065071739218,0.777338338386351,0.366332921252179,0.325281168778958,FALSE,NA,NA,NA,NA,NA,NA
"ALL","Ti","OLS_weighted",NA,NA,NA,NA,NA,NA,NA,NA,NA,NA,0.903344090207377,0,NA,0.661337636082951,NA,5,"Unstable",NA,NA,"Moderate confidence",NA,FALSE,NA,NA,NA,NA,NA,6,0.542006454124426,14219,0.718555763474536,0.652933928562262,2173.73266969499
"ALL","Ti","WLS_weighted",0.72919658362992,0.640471967780676,1893.08238585334,NA,2056.34869670063,22898.1279739593,1.08624363739653,0.180944811062021,6.45183560439914,642.188935672347,0.018809767306703,0.931299876018888,0.0267208387128946,0.368157739335141,7,7,"Unstable","Marginal","Low confidence","Low confidence (uncertainty-dominated)",FALSE,FALSE,0.647980042492791,0.783176150339138,0.286913869728348,0.363707324999585,FALSE,NA,NA,NA,NA,NA,NA
"ALL","Ti","WLS",NA,NA,NA,NA,NA,NA,NA,NA,NA,NA,0,0.768050491073074,NA,0.356894570181163,NA,8,"Unstable",NA,NA,"Low confidence (uncertainty-dominated)",NA,FALSE,NA,NA,NA,NA,NA,7,0.307220196429229,14219,0.728935134347202,0.640781067535794,1882.89538666468
"ALL","Ti","WLS",0.728935134347202,0.640781067535794,1882.89538666468,NA,2048.48407539001,23897.2029063303,1.08794364779801,0.171279816111263,6.44184437182847,635.393884594575,0,0.92548965174034,0,0.356894570181163,8,8,"Unstable","Marginal","Low confidence","Low confidence (uncertainty-dominated)",FALSE,FALSE,0.647980042492791,0.783176150339138,0.277646895522102,0.354440350793339,FALSE,NA,NA,NA,NA,NA,NA
"ALL","Ti","WLS_weighted",NA,NA,NA,NA,NA,NA,NA,NA,NA,NA,0.018809767306703,0.686380478647564,NA,0.368157739335141,NA,7,"Unstable",NA,NA,"Low confidence (uncertainty-dominated)",NA,FALSE,NA,NA,NA,NA,NA,8,0.285838051843047,14219,0.72919658362992,0.640471967780676,1893.08238585334
"ALL","Zr","OLS",0.608456680906178,0.822327315016661,148.16046066862,0.829368800202076,51.8863941021318,260.954175716361,0.350204054900872,0.831579406470902,2.53435338780609,85.6250432960216,1,1,0.797697435649494,0.881052876763792,1,1,"Unstable","Unstable","Moderate confidence","Low confidence (noise-dominated)",TRUE,FALSE,0.528841519099038,0.653437468116439,0.7,0.7,NA,NA,NA,NA,NA,NA,NA
"ALL","Zr","RF",NA,NA,NA,NA,NA,NA,NA,NA,NA,NA,0.523808211297953,1,NA,0.759702310441133,NA,3,"Acceptable 3",NA,NA,"High confidence (signal-dominated)",NA,FALSE,NA,NA,NA,NA,NA,1,0.714284926778772,13757,0.744624310661954,0.664116978438206,47.763991633004
"ALL","Zr","WLS_weighted",0.608229412035276,0.822565937768544,162.575252795128,NA,54.1513484129792,384.798485710846,0.333084817535045,0.61619706946638,2.52029249923507,94.081024048633,0.7409938656634,0.975892299015989,0.90862166453831,0.770019585533002,2,2,"Unstable","Unstable","Moderate confidence","Low confidence (noise-dominated)",TRUE,FALSE,0.528841519099038,0.653437468116439,0.589165235970157,0.589165235970157,NA,NA,NA,NA,NA,NA,NA
"ALL","Zr","Bayes",NA,NA,NA,NA,NA,NA,NA,NA,NA,NA,0.935087433460112,0.289223429925846,NA,0.654203921526356,NA,7,"Unstable",NA,NA,"Moderate confidence",NA,FALSE,NA,NA,NA,NA,NA,2,0.676741832046406,13757,0.7219222288162,0.693007515213175,84.3816359771264
"ALL","Zr","RF",0.744624310661954,0.664116978438206,47.763991633004,0.675449546082181,40.8009743967394,138.859980572686,0.854220365630974,0.435591486819081,2.43749261491097,24.814936885269,0.523808211297953,0.833930086406507,0,0.759702310441133,3,3,"Acceptable 3","Stable","High confidence","High confidence (signal-dominated)",FALSE,FALSE,0.650956013976062,0.766047255142004,0.759702310441133,0.759702310441133,NA,NA,NA,NA,NA,NA,NA
"ALL","Zr","PLS_LOO",NA,NA,NA,NA,NA,NA,NA,NA,NA,NA,0.856824502964999,0.361599553800799,NA,0.706487262772948,NA,4,"Acceptable 4",NA,NA,"Moderate confidence",NA,FALSE,NA,NA,NA,NA,NA,3,0.658734523299319,13757,0.72037835645274,0.69492862207945,77.8910261396823
"ALL","Zr","PLS_LOO",0.72037835645274,0.69492862207945,77.8910261396823,0.711474071275561,44.1624715556574,161.108915768419,0.566977657688842,0.712518623481466,2.11623320246349,54.2440704362239,0.856824502964999,0.283123797424938,0.386046756906056,0.706487262772948,4,4,"Acceptable 4","Acceptable","Moderate confidence","Moderate confidence",FALSE,FALSE,0.623568769711589,0.756258896754447,0.66038440128808,0.701590099369457,NA,NA,NA,NA,NA,NA,NA
"ALL","Zr","PLS_kfold",NA,NA,NA,NA,NA,NA,NA,NA,NA,NA,0.856824502964999,0.361599553800799,NA,0.706487262772948,NA,5,"Unstable",NA,NA,"Moderate confidence",NA,FALSE,NA,NA,NA,NA,NA,4,0.658734523299319,13757,0.72037835645274,0.69492862207945,77.8910261396823
"ALL","Zr","PLS_kfold",0.72037835645274,0.69492862207945,77.8910261396823,0.711474071275561,44.1624715556574,161.108915768419,0.566977657688842,0.712518623481466,2.11623320246349,54.2440704362239,0.856824502964999,0.283123797424938,0.386046756906056,0.706487262772948,5,5,"Unstable","Acceptable","Moderate confidence","Moderate confidence",FALSE,FALSE,0.623568769711589,0.756258896754447,0.66038440128808,0.701590099369457,NA,NA,NA,NA,NA,NA,NA
"ALL","Zr","OLS",NA,NA,NA,NA,NA,NA,NA,NA,NA,NA,1,0.0408925539520257,NA,0.881052876763792,NA,1,"Unstable",NA,NA,"Low confidence (noise-dominated)",NA,FALSE,NA,NA,NA,NA,NA,5,0.61635702158081,14519,0.608456680906178,0.822327315016661,148.16046066862
"ALL","Zr","WLS",0.608323185716187,0.822467487738816,159.077231156446,NA,53.6040944885685,577.090663848485,0.336968993606954,0.402422891988473,2.52358951610789,92.025463096561,0.483921609416238,0.981545106554268,0.881657138457509,0.668968439841682,6,6,"Unstable","Unstable","Moderate confidence","Low confidence (noise-dominated)",TRUE,FALSE,0.528841519099038,0.653437468116439,0.488032175732776,0.488032175732776,NA,NA,NA,NA,NA,NA,NA
"ALL","Zr","WLS_weighted",NA,NA,NA,NA,NA,NA,NA,NA,NA,NA,0.7409938656634,0.0105690988222861,NA,0.770019585533002,NA,2,"Unstable",NA,NA,"Low confidence (noise-dominated)",NA,FALSE,NA,NA,NA,NA,NA,6,0.448823958926955,14519,0.608229412035276,0.822565937768544,162.575252795128
"ALL","Zr","Bayes",0.7219222288162,0.693007515213175,84.3816359771264,0.70718613446717,45.422868267256,164.996573779594,0.538302768620994,0.777599911668075,1.95110040236637,65.7584412575279,0.935087433460112,0,0.53709046689778,0.654203921526356,7,7,"Unstable","Acceptable","Moderate confidence","Moderate confidence",FALSE,FALSE,0.634646454317492,0.757423994564706,0.633967101814021,0.651062030787129,NA,NA,NA,NA,NA,NA,NA
"ALL","Zr","WLS",NA,NA,NA,NA,NA,NA,NA,NA,NA,NA,0.483921609416238,0.0174415413357488,NA,0.668968439841682,NA,6,"Unstable",NA,NA,"Low confidence (noise-dominated)",NA,FALSE,NA,NA,NA,NA,NA,7,0.297329582184042,14519,0.608323185716187,0.822467487738816,159.077231156446
"ALL","Zr","OLS_weighted",0.401191970178938,1.01694769214115,153.784821913486,NA,42.0668288564161,34663157.0601033,0.273543437726784,7.0672435446541e-06,2.42434726515991,101.046981383745,0,0.81139209675327,1,0.243417629025981,8,8,"Unstable","Unstable","Low confidence","Low confidence (uncertainty-dominated)",TRUE,FALSE,0.528841519099038,0.653437468116439,0.243417629025981,0.243417629025981,NA,NA,NA,NA,NA,NA,NA
"ALL","Zr","OLS_weighted",NA,NA,NA,NA,NA,NA,NA,NA,NA,NA,0,0,NA,0.243417629025981,NA,8,"Unstable",NA,NA,"Low confidence (uncertainty-dominated)",NA,FALSE,NA,NA,NA,NA,NA,8,0,14519,0.401191970178938,1.01694769214115,153.784821913486
"BI10","Ca","OLS_weighted",NA,NA,NA,NA,NA,NA,NA,NA,NA,NA,0.868458374801672,0.989034686350044,NA,0.588405803230984,NA,5,"Unstable",NA,NA,"Low confidence",NA,FALSE,NA,NA,NA,NA,NA,1,0.916688899421021,5017,0.60078407376705,0.449611220751241,5620.88386479327
"BI10","Ca","OLS",NA,NA,NA,NA,NA,NA,NA,NA,NA,NA,0.693993386198165,0.950521263751669,NA,0.520511230722479,NA,6,"Unstable",NA,NA,"Low confidence",NA,FALSE,NA,NA,NA,NA,NA,2,0.796604537219567,5017,0.605349695781694,0.447032844459699,5504.63271481712
"BI10","Ca","PLS_LOO",NA,NA,NA,NA,NA,NA,NA,NA,NA,NA,0.684897003192764,0.886745294475947,NA,0.638537096368868,NA,2,"Acceptable 2",NA,NA,"Moderate confidence",NA,FALSE,NA,NA,NA,NA,NA,3,0.765636319706037,4709,0.605172814508826,0.447133012734933,5921.70892622602
"BI10","Ca","PLS_kfold",NA,NA,NA,NA,NA,NA,NA,NA,NA,NA,0.684897003192764,0.886745294475947,NA,0.638537096368868,NA,3,"Acceptable 3",NA,NA,"Moderate confidence",NA,FALSE,NA,NA,NA,NA,NA,4,0.765636319706037,4709,0.605172814508826,0.447133012734933,5921.70892622602
"BI10","Ca","Bayes",NA,NA,NA,NA,NA,NA,NA,NA,NA,NA,0.743598687156478,0.694469393239886,NA,0.634509260499655,NA,4,"Acceptable 4",NA,NA,"Moderate confidence",NA,FALSE,NA,NA,NA,NA,NA,5,0.723946969589841,4709,0.636884102731344,0.428801053115093,5546.07861545861
"BI10","Ca","RF",NA,NA,NA,NA,NA,NA,NA,NA,NA,NA,1,0,NA,0.642410341669775,NA,1,"Unstable",NA,NA,"Low confidence (noise-dominated)",NA,FALSE,NA,NA,NA,NA,NA,6,0.6,4709,0.682203721520104,0.401150756423534,4911.79054471344
"BI10","Ca","WLS_weighted",NA,NA,NA,NA,NA,NA,NA,NA,NA,NA,0.00498875364089678,0.998287957727436,NA,0.205925410630512,NA,7,"Unstable",NA,NA,"Low confidence (uncertainty-dominated)",NA,FALSE,NA,NA,NA,NA,NA,7,0.402308435275512,5017,0.604732452698864,0.447382293228408,5447.03371534874
"BI10","Ca","WLS",NA,NA,NA,NA,NA,NA,NA,NA,NA,NA,0,1,NA,0.203490077962097,NA,8,"Unstable",NA,NA,"Low confidence (uncertainty-dominated)",NA,FALSE,NA,NA,NA,NA,NA,8,0.4,5017,0.604685117514639,0.447409080513934,5446.04597912254
"BI10","Sr","PLS_LOO",NA,NA,NA,NA,NA,NA,NA,NA,NA,NA,0.876666897328634,0.919832342138178,NA,0.715434657119346,NA,2,"Acceptable 2",NA,NA,"Moderate confidence",NA,FALSE,NA,NA,NA,NA,NA,1,0.893933075252452,4709,0.619560933054721,0.381668523678026,58.9814163562467
"BI10","Sr","PLS_kfold",NA,NA,NA,NA,NA,NA,NA,NA,NA,NA,0.876666897328634,0.919832342138178,NA,0.715434657119346,NA,3,"Acceptable 3",NA,NA,"Moderate confidence",NA,FALSE,NA,NA,NA,NA,NA,2,0.893933075252452,4709,0.619560933054721,0.381668523678026,58.9814163562467
"BI10","Sr","OLS",NA,NA,NA,NA,NA,NA,NA,NA,NA,NA,0.890858358121893,0.699996164082529,NA,0.476601104377288,NA,5,"Unstable",NA,NA,"Low confidence",NA,FALSE,NA,NA,NA,NA,NA,3,0.814513480506147,4892,0.605940022011523,0.388440903375382,59.7735590156883
"BI10","Sr","Bayes",NA,NA,NA,NA,NA,NA,NA,NA,NA,NA,0.807227013881474,0.660871175156793,NA,0.734632075858658,NA,1,"Preferred 1",NA,NA,"Moderate confidence",NA,FALSE,NA,NA,NA,NA,NA,4,0.748684678391601,4709,0.635271572146413,0.373704733132646,56.5643915636821
"BI10","Sr","RF",NA,NA,NA,NA,NA,NA,NA,NA,NA,NA,1,0,NA,0.7,NA,4,"Unstable",NA,NA,"Low confidence (noise-dominated)",NA,FALSE,NA,NA,NA,NA,NA,5,0.6,4709,0.675793821060387,0.35233390312532,45.3389098498978
"BI10","Sr","OLS_weighted",NA,NA,NA,NA,NA,NA,NA,NA,NA,NA,0,1,NA,0.103567518923187,NA,8,"Unstable",NA,NA,"Low confidence (uncertainty-dominated)",NA,FALSE,NA,NA,NA,NA,NA,6,0.4,4892,0.588442221601662,0.396971381054182,68.563181097856
"BI10","Sr","WLS_weighted",NA,NA,NA,NA,NA,NA,NA,NA,NA,NA,0.12045621685716,0.768287063319114,NA,0.212811409679503,NA,7,"Unstable",NA,NA,"Low confidence (uncertainty-dominated)",NA,FALSE,NA,NA,NA,NA,NA,7,0.379588555441941,4892,0.605197017350042,0.38880693583257,61.616501941787
"BI10","Sr","WLS",NA,NA,NA,NA,NA,NA,NA,NA,NA,NA,0.106228816366277,0.684929487447867,NA,0.23565984712543,NA,6,"Unstable",NA,NA,"Low confidence (uncertainty-dominated)",NA,FALSE,NA,NA,NA,NA,NA,8,0.337709084798913,4892,0.605899324973479,0.388460961218056,59.3656290640811
"BI10","Ti","OLS_weighted",NA,NA,NA,NA,NA,NA,NA,NA,NA,NA,0.711685799917582,1,NA,0.661337636082951,NA,5,"Unstable",NA,NA,"Moderate confidence",NA,FALSE,NA,NA,NA,NA,NA,1,0.827011479950549,4790,0.718555763474536,0.652933928562262,2173.73266969499
"BI10","Ti","PLS_LOO",NA,NA,NA,NA,NA,NA,NA,NA,NA,NA,0.962603414285261,0.484152728862809,NA,0.840792000457897,NA,1,"Preferred 1",NA,NA,"High confidence (signal-dominated)",NA,FALSE,NA,NA,NA,NA,NA,2,0.77122314011628,4709,0.756227776634957,0.607666319730726,1919.97750377683
"BI10","Ti","PLS_kfold",NA,NA,NA,NA,NA,NA,NA,NA,NA,NA,0.962603414285261,0.484152728862809,NA,0.840792000457897,NA,2,"Acceptable 2",NA,NA,"High confidence (signal-dominated)",NA,FALSE,NA,NA,NA,NA,NA,3,0.77122314011628,4709,0.756227776634957,0.607666319730726,1919.97750377683
"BI10","Ti","Bayes",NA,NA,NA,NA,NA,NA,NA,NA,NA,NA,1,0.342891498773992,NA,0.708492382993621,NA,4,"Unstable",NA,NA,"Low confidence (noise-dominated)",NA,FALSE,NA,NA,NA,NA,NA,4,0.737156599509597,4709,0.757847910218222,0.605643649083077,2132.72586760655
"BI10","Ti","OLS",NA,NA,NA,NA,NA,NA,NA,NA,NA,NA,0.725643791018089,0.748212688179667,NA,0.743637270225016,NA,3,"Acceptable 3",NA,NA,"Moderate confidence",NA,FALSE,NA,NA,NA,NA,NA,5,0.73467134988272,4790,0.729930592021033,0.639603384224678,2035.54425020404
"BI10","Ti","RF",NA,NA,NA,NA,NA,NA,NA,NA,NA,NA,0.953246643079296,0,NA,0.467170786497582,NA,6,"Unstable",NA,NA,"Low confidence (noise-dominated)",NA,FALSE,NA,NA,NA,NA,NA,6,0.571947985847578,4709,0.737139589077221,0.631009137231014,1647.90252563752
"BI10","Ti","WLS_weighted",NA,NA,NA,NA,NA,NA,NA,NA,NA,NA,0.0145341440045349,0.795829801486759,NA,0.368157739335141,NA,7,"Unstable",NA,NA,"Low confidence (uncertainty-dominated)",NA,FALSE,NA,NA,NA,NA,NA,7,0.327052406997425,4790,0.72919658362992,0.640471967780676,1893.08238585334
"BI10","Ti","WLS",NA,NA,NA,NA,NA,NA,NA,NA,NA,NA,0,0.800599920511842,NA,0.356894570181163,NA,8,"Unstable",NA,NA,"Low confidence (uncertainty-dominated)",NA,FALSE,NA,NA,NA,NA,NA,8,0.320239968204737,4790,0.728935134347202,0.640781067535794,1882.89538666468
"BI10","Zr","PLS_LOO",NA,NA,NA,NA,NA,NA,NA,NA,NA,NA,0.954452174312747,0.431163112475033,NA,0.706487262772948,NA,4,"Acceptable 4",NA,NA,"Moderate confidence",NA,FALSE,NA,NA,NA,NA,NA,1,0.745136549577661,4709,0.72037835645274,0.69492862207945,77.8910261396823
"BI10","Zr","PLS_kfold",NA,NA,NA,NA,NA,NA,NA,NA,NA,NA,0.954452174312747,0.431163112475033,NA,0.706487262772948,NA,5,"Unstable",NA,NA,"Moderate confidence",NA,FALSE,NA,NA,NA,NA,NA,2,0.745136549577661,4709,0.72037835645274,0.69492862207945,77.8910261396823
"BI10","Zr","Bayes",NA,NA,NA,NA,NA,NA,NA,NA,NA,NA,0.997202090591957,0.300437600137665,NA,0.654203921526356,NA,7,"Unstable",NA,NA,"Moderate confidence",NA,FALSE,NA,NA,NA,NA,NA,3,0.71849629441024,4709,0.7219222288162,0.693007515213175,84.3816359771264
"BI10","Zr","RF",NA,NA,NA,NA,NA,NA,NA,NA,NA,NA,1,0,NA,0.759702310441133,NA,3,"Acceptable 3",NA,NA,"High confidence (signal-dominated)",NA,FALSE,NA,NA,NA,NA,NA,4,0.6,4709,0.744624310661954,0.664116978438206,47.763991633004
"BI10","Zr","OLS_weighted",NA,NA,NA,NA,NA,NA,NA,NA,NA,NA,0,1,NA,0.243417629025981,NA,8,"Unstable",NA,NA,"Low confidence (uncertainty-dominated)",NA,FALSE,NA,NA,NA,NA,NA,5,0.4,5017,0.401191970178938,1.01694769214115,153.784821913486
"BI10","Zr","OLS",NA,NA,NA,NA,NA,NA,NA,NA,NA,NA,0.534773822062235,0.147090881639536,NA,0.881052876763792,NA,1,"Unstable",NA,NA,"Low confidence (noise-dominated)",NA,FALSE,NA,NA,NA,NA,NA,6,0.379700645893155,5017,0.608456680906178,0.822327315016661,148.16046066862
"BI10","Zr","WLS_weighted",NA,NA,NA,NA,NA,NA,NA,NA,NA,NA,0.387626871665664,0.128761361531652,NA,0.770019585533002,NA,2,"Unstable",NA,NA,"Low confidence (noise-dominated)",NA,FALSE,NA,NA,NA,NA,NA,7,0.284080667612059,5017,0.608229412035276,0.822565937768544,162.575252795128
"BI10","Zr","WLS",NA,NA,NA,NA,NA,NA,NA,NA,NA,NA,0.253027170294928,0.133075361853922,NA,0.668968439841682,NA,6,"Unstable",NA,NA,"Low confidence (noise-dominated)",NA,FALSE,NA,NA,NA,NA,NA,8,0.205046446918526,5017,0.608323185716187,0.822467487738816,159.077231156446
"HER42PB","Ca","OLS_weighted",NA,NA,NA,NA,NA,NA,NA,NA,NA,NA,0.982669310008451,0.899248579757793,NA,0.588405803230984,NA,5,"Unstable",NA,NA,"Low confidence",NA,FALSE,NA,NA,NA,NA,NA,1,0.949301017908188,4009,0.60078407376705,0.449611220751241,5620.88386479327
"HER42PB","Ca","OLS",NA,NA,NA,NA,NA,NA,NA,NA,NA,NA,0.783828233303201,0.878367426741374,NA,0.520511230722479,NA,6,"Unstable",NA,NA,"Low confidence",NA,FALSE,NA,NA,NA,NA,NA,2,0.82164391067847,4009,0.605349695781694,0.447032844459699,5504.63271481712
"HER42PB","Ca","PLS_LOO",NA,NA,NA,NA,NA,NA,NA,NA,NA,NA,0.68891139362991,1,NA,0.638537096368868,NA,2,"Acceptable 2",NA,NA,"Moderate confidence",NA,FALSE,NA,NA,NA,NA,NA,3,0.813346836177946,3971,0.605172814508826,0.447133012734933,5921.70892622602
"HER42PB","Ca","PLS_kfold",NA,NA,NA,NA,NA,NA,NA,NA,NA,NA,0.68891139362991,1,NA,0.638537096368868,NA,3,"Acceptable 3",NA,NA,"Moderate confidence",NA,FALSE,NA,NA,NA,NA,NA,4,0.813346836177946,3971,0.605172814508826,0.447133012734933,5921.70892622602
"HER42PB","Ca","Bayes",NA,NA,NA,NA,NA,NA,NA,NA,NA,NA,0.688609794999761,0.844571855660739,NA,0.634509260499655,NA,4,"Acceptable 4",NA,NA,"Moderate confidence",NA,FALSE,NA,NA,NA,NA,NA,5,0.750994619264153,3971,0.636884102731344,0.428801053115093,5546.07861545861
"HER42PB","Ca","RF",NA,NA,NA,NA,NA,NA,NA,NA,NA,NA,1,0,NA,0.642410341669775,NA,1,"Unstable",NA,NA,"Low confidence (noise-dominated)",NA,FALSE,NA,NA,NA,NA,NA,6,0.6,3971,0.682203721520104,0.401150756423534,4911.79054471344
"HER42PB","Ca","WLS_weighted",NA,NA,NA,NA,NA,NA,NA,NA,NA,NA,0.00563720434531133,0.950215413155862,NA,0.205925410630512,NA,7,"Unstable",NA,NA,"Low confidence (uncertainty-dominated)",NA,FALSE,NA,NA,NA,NA,NA,7,0.383468487869532,4009,0.604732452698864,0.447382293228408,5447.03371534874
"HER42PB","Ca","WLS",NA,NA,NA,NA,NA,NA,NA,NA,NA,NA,0,0.952851549831384,NA,0.203490077962097,NA,8,"Unstable",NA,NA,"Low confidence (uncertainty-dominated)",NA,FALSE,NA,NA,NA,NA,NA,8,0.381140619932553,4009,0.604685117514639,0.447409080513934,5446.04597912254
"HER42PB","Sr","OLS",NA,NA,NA,NA,NA,NA,NA,NA,NA,NA,0.807112838308737,0.73897143137258,NA,0.476601104377288,NA,5,"Unstable",NA,NA,"Low confidence",NA,FALSE,NA,NA,NA,NA,NA,1,0.779856275534274,4009,0.605940022011523,0.388440903375382,59.7735590156883
"HER42PB","Sr","PLS_LOO",NA,NA,NA,NA,NA,NA,NA,NA,NA,NA,1,0.43578783968592,NA,0.715434657119346,NA,2,"Acceptable 2",NA,NA,"Moderate confidence",NA,FALSE,NA,NA,NA,NA,NA,2,0.774315135874368,3971,0.619560933054721,0.381668523678026,58.9814163562467
"HER42PB","Sr","PLS_kfold",NA,NA,NA,NA,NA,NA,NA,NA,NA,NA,1,0.43578783968592,NA,0.715434657119346,NA,3,"Acceptable 3",NA,NA,"Moderate confidence",NA,FALSE,NA,NA,NA,NA,NA,3,0.774315135874368,3971,0.619560933054721,0.381668523678026,58.9814163562467
"HER42PB","Sr","Bayes",NA,NA,NA,NA,NA,NA,NA,NA,NA,NA,0.849184921910615,0.395386049082651,NA,0.734632075858658,NA,1,"Preferred 1",NA,NA,"Moderate confidence",NA,FALSE,NA,NA,NA,NA,NA,4,0.667665372779429,3971,0.635271572146413,0.373704733132646,56.5643915636821
"HER42PB","Sr","RF",NA,NA,NA,NA,NA,NA,NA,NA,NA,NA,0.920094960366473,0,NA,0.7,NA,4,"Unstable",NA,NA,"Low confidence (noise-dominated)",NA,FALSE,NA,NA,NA,NA,NA,5,0.552056976219884,3971,0.675793821060387,0.35233390312532,45.3389098498978
"HER42PB","Sr","OLS_weighted",NA,NA,NA,NA,NA,NA,NA,NA,NA,NA,0,1,NA,0.103567518923187,NA,8,"Unstable",NA,NA,"Low confidence (uncertainty-dominated)",NA,FALSE,NA,NA,NA,NA,NA,6,0.4,4009,0.588442221601662,0.396971381054182,68.563181097856
"HER42PB","Sr","WLS_weighted",NA,NA,NA,NA,NA,NA,NA,NA,NA,NA,0.109276874827769,0.809781872465906,NA,0.212811409679503,NA,7,"Unstable",NA,NA,"Low confidence (uncertainty-dominated)",NA,FALSE,NA,NA,NA,NA,NA,7,0.389478873883024,4009,0.605197017350042,0.38880693583257,61.616501941787
"HER42PB","Sr","WLS",NA,NA,NA,NA,NA,NA,NA,NA,NA,NA,0.0962548526615804,0.723297677005901,NA,0.23565984712543,NA,6,"Unstable",NA,NA,"Low confidence (uncertainty-dominated)",NA,FALSE,NA,NA,NA,NA,NA,8,0.347071982399309,4009,0.605899324973479,0.388460961218056,59.3656290640811
"HER42PB","Ti","OLS_weighted",NA,NA,NA,NA,NA,NA,NA,NA,NA,NA,0.831674804411064,1,NA,0.661337636082951,NA,5,"Unstable",NA,NA,"Moderate confidence",NA,FALSE,NA,NA,NA,NA,NA,1,0.899004882646638,3971,0.718555763474536,0.652933928562262,2173.73266969499
"HER42PB","Ti","OLS",NA,NA,NA,NA,NA,NA,NA,NA,NA,NA,0.86978503520777,0.857197200206072,NA,0.743637270225016,NA,3,"Acceptable 3",NA,NA,"Moderate confidence",NA,FALSE,NA,NA,NA,NA,NA,2,0.864749901207091,3971,0.729930592021033,0.639603384224678,2035.54425020404
"HER42PB","Ti","PLS_LOO",NA,NA,NA,NA,NA,NA,NA,NA,NA,NA,0.870372664247135,0.831359990663874,NA,0.840792000457897,NA,1,"Preferred 1",NA,NA,"High confidence (signal-dominated)",NA,FALSE,NA,NA,NA,NA,NA,3,0.854767594813831,3971,0.756227776634957,0.607666319730726,1919.97750377683
"HER42PB","Ti","PLS_kfold",NA,NA,NA,NA,NA,NA,NA,NA,NA,NA,0.870372664247135,0.831359990663874,NA,0.840792000457897,NA,2,"Acceptable 2",NA,NA,"High confidence (signal-dominated)",NA,FALSE,NA,NA,NA,NA,NA,4,0.854767594813831,3971,0.756227776634957,0.607666319730726,1919.97750377683
"HER42PB","Ti","Bayes",NA,NA,NA,NA,NA,NA,NA,NA,NA,NA,0.839958972087245,0.77206931877872,NA,0.708492382993621,NA,4,"Unstable",NA,NA,"Low confidence (noise-dominated)",NA,FALSE,NA,NA,NA,NA,NA,5,0.812803110763835,3971,0.757847910218222,0.605643649083077,2132.72586760655
"HER42PB","Ti","RF",NA,NA,NA,NA,NA,NA,NA,NA,NA,NA,1,0,NA,0.467170786497582,NA,6,"Unstable",NA,NA,"Low confidence (noise-dominated)",NA,FALSE,NA,NA,NA,NA,NA,6,0.6,3971,0.737139589077221,0.631009137231014,1647.90252563752
"HER42PB","Ti","WLS_weighted",NA,NA,NA,NA,NA,NA,NA,NA,NA,NA,0.0171691508153443,0.964630101379767,NA,0.368157739335141,NA,7,"Unstable",NA,NA,"Low confidence (uncertainty-dominated)",NA,FALSE,NA,NA,NA,NA,NA,7,0.396153531041113,3971,0.72919658362992,0.640471967780676,1893.08238585334
"HER42PB","Ti","WLS",NA,NA,NA,NA,NA,NA,NA,NA,NA,NA,0,0.979305095554236,NA,0.356894570181163,NA,8,"Unstable",NA,NA,"Low confidence (uncertainty-dominated)",NA,FALSE,NA,NA,NA,NA,NA,8,0.391722038221694,3971,0.728935134347202,0.640781067535794,1882.89538666468
"HER42PB","Zr","PLS_LOO",NA,NA,NA,NA,NA,NA,NA,NA,NA,NA,0.779071306029327,1,NA,0.706487262772948,NA,4,"Acceptable 4",NA,NA,"Moderate confidence",NA,FALSE,NA,NA,NA,NA,NA,1,0.867442783617596,3971,0.72037835645274,0.69492862207945,77.8910261396823
"HER42PB","Zr","PLS_kfold",NA,NA,NA,NA,NA,NA,NA,NA,NA,NA,0.779071306029327,1,NA,0.706487262772948,NA,5,"Unstable",NA,NA,"Moderate confidence",NA,FALSE,NA,NA,NA,NA,NA,2,0.867442783617596,3971,0.72037835645274,0.69492862207945,77.8910261396823
"HER42PB","Zr","Bayes",NA,NA,NA,NA,NA,NA,NA,NA,NA,NA,0.870516083082886,0.779116982135273,NA,0.654203921526356,NA,7,"Unstable",NA,NA,"Moderate confidence",NA,FALSE,NA,NA,NA,NA,NA,3,0.833956442703841,3971,0.7219222288162,0.693007515213175,84.3816359771264
"HER42PB","Zr","RF",NA,NA,NA,NA,NA,NA,NA,NA,NA,NA,1,0.454754174276997,NA,0.759702310441133,NA,3,"Acceptable 3",NA,NA,"High confidence (signal-dominated)",NA,FALSE,NA,NA,NA,NA,NA,4,0.781901669710799,3971,0.744624310661954,0.664116978438206,47.763991633004
"HER42PB","Zr","OLS",NA,NA,NA,NA,NA,NA,NA,NA,NA,NA,0.97386233807808,0.0347420443232668,NA,0.881052876763792,NA,1,"Unstable",NA,NA,"Low confidence (noise-dominated)",NA,FALSE,NA,NA,NA,NA,NA,5,0.598214220576155,4009,0.608456680906178,0.822327315016661,148.16046066862
"HER42PB","Zr","WLS_weighted",NA,NA,NA,NA,NA,NA,NA,NA,NA,NA,0.727070871983923,0,NA,0.770019585533002,NA,2,"Unstable",NA,NA,"Low confidence (noise-dominated)",NA,FALSE,NA,NA,NA,NA,NA,6,0.436242523190354,4009,0.608229412035276,0.822565937768544,162.575252795128
"HER42PB","Zr","WLS",NA,NA,NA,NA,NA,NA,NA,NA,NA,NA,0.471378771294851,0.00803567649544675,NA,0.668968439841682,NA,6,"Unstable",NA,NA,"Low confidence (noise-dominated)",NA,FALSE,NA,NA,NA,NA,NA,7,0.286041533375089,4009,0.608323185716187,0.822467487738816,159.077231156446
"HER42PB","Zr","OLS_weighted",NA,NA,NA,NA,NA,NA,NA,NA,NA,NA,0,0.142313697910823,NA,0.243417629025981,NA,8,"Unstable",NA,NA,"Low confidence (uncertainty-dominated)",NA,FALSE,NA,NA,NA,NA,NA,8,0.0569254791643293,4009,0.401191970178938,1.01694769214115,153.784821913486
"KER1","Ca","PLS_LOO",NA,NA,NA,NA,NA,NA,NA,NA,NA,NA,0.70211059860584,1,NA,0.638537096368868,NA,2,"Acceptable 2",NA,NA,"Moderate confidence",NA,FALSE,NA,NA,NA,NA,NA,1,0.821266359163504,2293,0.605172814508826,0.447133012734933,5921.70892622602
"KER1","Ca","PLS_kfold",NA,NA,NA,NA,NA,NA,NA,NA,NA,NA,0.70211059860584,1,NA,0.638537096368868,NA,3,"Acceptable 3",NA,NA,"Moderate confidence",NA,FALSE,NA,NA,NA,NA,NA,2,0.821266359163504,2293,0.605172814508826,0.447133012734933,5921.70892622602
"KER1","Ca","Bayes",NA,NA,NA,NA,NA,NA,NA,NA,NA,NA,0.824664677257577,0.794989722040666,NA,0.634509260499655,NA,4,"Acceptable 4",NA,NA,"Moderate confidence",NA,FALSE,NA,NA,NA,NA,NA,3,0.812794695170813,2293,0.636884102731344,0.428801053115093,5546.07861545861
"KER1","Ca","OLS_weighted",NA,NA,NA,NA,NA,NA,NA,NA,NA,NA,0.863429441654497,0.527228754379055,NA,0.588405803230984,NA,5,"Unstable",NA,NA,"Low confidence",NA,FALSE,NA,NA,NA,NA,NA,4,0.72894916674432,2523,0.60078407376705,0.449611220751241,5620.88386479327
"KER1","Ca","OLS",NA,NA,NA,NA,NA,NA,NA,NA,NA,NA,0.6832803568515,0.506992968610952,NA,0.520511230722479,NA,6,"Unstable",NA,NA,"Low confidence",NA,FALSE,NA,NA,NA,NA,NA,5,0.612765401555281,2523,0.605349695781694,0.447032844459699,5504.63271481712
"KER1","Ca","RF",NA,NA,NA,NA,NA,NA,NA,NA,NA,NA,1,0,NA,0.642410341669775,NA,1,"Unstable",NA,NA,"Low confidence (noise-dominated)",NA,FALSE,NA,NA,NA,NA,NA,6,0.6,2293,0.682203721520104,0.401150756423534,4911.79054471344
"KER1","Ca","WLS_weighted",NA,NA,NA,NA,NA,NA,NA,NA,NA,NA,0.00491352448087392,0.635153157422756,NA,0.205925410630512,NA,7,"Unstable",NA,NA,"Low confidence (uncertainty-dominated)",NA,FALSE,NA,NA,NA,NA,NA,7,0.257009377657627,2523,0.604732452698864,0.447382293228408,5447.03371534874
"KER1","Ca","WLS",NA,NA,NA,NA,NA,NA,NA,NA,NA,NA,0,0.639865271689577,NA,0.203490077962097,NA,8,"Unstable",NA,NA,"Low confidence (uncertainty-dominated)",NA,FALSE,NA,NA,NA,NA,NA,8,0.255946108675831,2523,0.604685117514639,0.447409080513934,5446.04597912254
"KER1","Sr","Bayes",NA,NA,NA,NA,NA,NA,NA,NA,NA,NA,1,0.980890305122284,NA,0.734632075858658,NA,1,"Preferred 1",NA,NA,"Moderate confidence",NA,FALSE,NA,NA,NA,NA,NA,1,0.992356122048914,2293,0.635271572146413,0.373704733132646,56.5643915636821
"KER1","Sr","PLS_LOO",NA,NA,NA,NA,NA,NA,NA,NA,NA,NA,0.9739380393251,1,NA,0.715434657119346,NA,2,"Acceptable 2",NA,NA,"Moderate confidence",NA,FALSE,NA,NA,NA,NA,NA,2,0.98436282359506,2293,0.619560933054721,0.381668523678026,58.9814163562467
"KER1","Sr","PLS_kfold",NA,NA,NA,NA,NA,NA,NA,NA,NA,NA,0.9739380393251,1,NA,0.715434657119346,NA,3,"Acceptable 3",NA,NA,"Moderate confidence",NA,FALSE,NA,NA,NA,NA,NA,3,0.98436282359506,2293,0.619560933054721,0.381668523678026,58.9814163562467
"KER1","Sr","OLS",NA,NA,NA,NA,NA,NA,NA,NA,NA,NA,0.97399791770186,0.560341677896454,NA,0.476601104377288,NA,5,"Unstable",NA,NA,"Low confidence",NA,FALSE,NA,NA,NA,NA,NA,4,0.808535421779697,2310,0.605940022011523,0.388440903375382,59.7735590156883
"KER1","Sr","RF",NA,NA,NA,NA,NA,NA,NA,NA,NA,NA,0.987268965565328,0,NA,0.7,NA,4,"Unstable",NA,NA,"Low confidence (noise-dominated)",NA,FALSE,NA,NA,NA,NA,NA,5,0.592361379339197,2293,0.675793821060387,0.35233390312532,45.3389098498978
"KER1","Sr","OLS_weighted",NA,NA,NA,NA,NA,NA,NA,NA,NA,NA,0,0.908134241153297,NA,0.103567518923187,NA,8,"Unstable",NA,NA,"Low confidence (uncertainty-dominated)",NA,FALSE,NA,NA,NA,NA,NA,6,0.363253696461319,2310,0.588442221601662,0.396971381054182,68.563181097856
"KER1","Sr","WLS_weighted",NA,NA,NA,NA,NA,NA,NA,NA,NA,NA,0.131527303072531,0.625179190453602,NA,0.212811409679503,NA,7,"Unstable",NA,NA,"Low confidence (uncertainty-dominated)",NA,FALSE,NA,NA,NA,NA,NA,7,0.328988058024959,2310,0.605197017350042,0.38880693583257,61.616501941787
"KER1","Sr","WLS",NA,NA,NA,NA,NA,NA,NA,NA,NA,NA,0.11639614905192,0.546016076571622,NA,0.23565984712543,NA,6,"Unstable",NA,NA,"Low confidence (uncertainty-dominated)",NA,FALSE,NA,NA,NA,NA,NA,8,0.288244120059801,2310,0.605899324973479,0.388460961218056,59.3656290640811
"KER1","Ti","OLS",NA,NA,NA,NA,NA,NA,NA,NA,NA,NA,0.677262734427,0.848235057355582,NA,0.743637270225016,NA,3,"Acceptable 3",NA,NA,"Moderate confidence",NA,FALSE,NA,NA,NA,NA,NA,1,0.745651663598433,2505,0.729930592021033,0.639603384224678,2035.54425020404
"KER1","Ti","PLS_LOO",NA,NA,NA,NA,NA,NA,NA,NA,NA,NA,0.768691294962063,0.709746444873584,NA,0.840792000457897,NA,1,"Preferred 1",NA,NA,"High confidence (signal-dominated)",NA,FALSE,NA,NA,NA,NA,NA,2,0.745113354926672,2293,0.756227776634957,0.607666319730726,1919.97750377683
"KER1","Ti","PLS_kfold",NA,NA,NA,NA,NA,NA,NA,NA,NA,NA,0.768691294962063,0.709746444873584,NA,0.840792000457897,NA,2,"Acceptable 2",NA,NA,"High confidence (signal-dominated)",NA,FALSE,NA,NA,NA,NA,NA,3,0.745113354926672,2293,0.756227776634957,0.607666319730726,1919.97750377683
"KER1","Ti","OLS_weighted",NA,NA,NA,NA,NA,NA,NA,NA,NA,NA,0.652201318937609,0.862453071045644,NA,0.661337636082951,NA,5,"Unstable",NA,NA,"Moderate confidence",NA,FALSE,NA,NA,NA,NA,NA,4,0.736302019780823,2505,0.718555763474536,0.652933928562262,2173.73266969499
"KER1","Ti","Bayes",NA,NA,NA,NA,NA,NA,NA,NA,NA,NA,0.799884131448284,0.47639975697352,NA,0.708492382993621,NA,4,"Unstable",NA,NA,"Low confidence (noise-dominated)",NA,FALSE,NA,NA,NA,NA,NA,5,0.670490381658378,2293,0.757847910218222,0.605643649083077,2132.72586760655
"KER1","Ti","RF",NA,NA,NA,NA,NA,NA,NA,NA,NA,NA,1,0,NA,0.467170786497582,NA,6,"Unstable",NA,NA,"Low confidence (noise-dominated)",NA,FALSE,NA,NA,NA,NA,NA,6,0.6,2293,0.737139589077221,0.631009137231014,1647.90252563752
"KER1","Ti","WLS_weighted",NA,NA,NA,NA,NA,NA,NA,NA,NA,NA,0.0135064830472503,0.980406454430955,NA,0.368157739335141,NA,7,"Unstable",NA,NA,"Low confidence (uncertainty-dominated)",NA,FALSE,NA,NA,NA,NA,NA,7,0.400266471600732,2505,0.72919658362992,0.640471967780676,1893.08238585334
"KER1","Ti","WLS",NA,NA,NA,NA,NA,NA,NA,NA,NA,NA,0,1,NA,0.356894570181163,NA,8,"Unstable",NA,NA,"Low confidence (uncertainty-dominated)",NA,FALSE,NA,NA,NA,NA,NA,8,0.4,2505,0.728935134347202,0.640781067535794,1882.89538666468
"KER1","Zr","RF",NA,NA,NA,NA,NA,NA,NA,NA,NA,NA,0.448473505568505,1,NA,0.759702310441133,NA,3,"Acceptable 3",NA,NA,"High confidence (signal-dominated)",NA,FALSE,NA,NA,NA,NA,NA,1,0.669084103341103,2293,0.744624310661954,0.664116978438206,47.763991633004
"KER1","Zr","PLS_LOO",NA,NA,NA,NA,NA,NA,NA,NA,NA,NA,0.739839552870067,0.558029614606146,NA,0.706487262772948,NA,4,"Acceptable 4",NA,NA,"Moderate confidence",NA,FALSE,NA,NA,NA,NA,NA,2,0.667115577564498,2293,0.72037835645274,0.69492862207945,77.8910261396823
"KER1","Zr","PLS_kfold",NA,NA,NA,NA,NA,NA,NA,NA,NA,NA,0.739839552870067,0.558029614606146,NA,0.706487262772948,NA,5,"Unstable",NA,NA,"Moderate confidence",NA,FALSE,NA,NA,NA,NA,NA,3,0.667115577564498,2293,0.72037835645274,0.69492862207945,77.8910261396823
"KER1","Zr","OLS",NA,NA,NA,NA,NA,NA,NA,NA,NA,NA,1,0.113112423018407,NA,0.881052876763792,NA,1,"Unstable",NA,NA,"Low confidence (noise-dominated)",NA,FALSE,NA,NA,NA,NA,NA,4,0.645244969207363,2523,0.608456680906178,0.822327315016661,148.16046066862
"KER1","Zr","Bayes",NA,NA,NA,NA,NA,NA,NA,NA,NA,NA,0.820998990775221,0.257987203228452,NA,0.654203921526356,NA,7,"Unstable",NA,NA,"Moderate confidence",NA,FALSE,NA,NA,NA,NA,NA,5,0.595794275756513,2293,0.7219222288162,0.693007515213175,84.3816359771264
"KER1","Zr","WLS_weighted",NA,NA,NA,NA,NA,NA,NA,NA,NA,NA,0.744347239377013,0.0141192912944706,NA,0.770019585533002,NA,2,"Unstable",NA,NA,"Low confidence (noise-dominated)",NA,FALSE,NA,NA,NA,NA,NA,6,0.452256060143996,2523,0.608229412035276,0.822565937768544,162.575252795128
"KER1","Zr","WLS",NA,NA,NA,NA,NA,NA,NA,NA,NA,NA,0.484362772813466,0.0366215751823868,NA,0.668968439841682,NA,6,"Unstable",NA,NA,"Low confidence (noise-dominated)",NA,FALSE,NA,NA,NA,NA,NA,7,0.305266293761034,2523,0.608323185716187,0.822467487738816,159.077231156446
"KER1","Zr","OLS_weighted",NA,NA,NA,NA,NA,NA,NA,NA,NA,NA,0,0,NA,0.243417629025981,NA,8,"Unstable",NA,NA,"Low confidence (uncertainty-dominated)",NA,FALSE,NA,NA,NA,NA,NA,8,0,2523,0.401191970178938,1.01694769214115,153.784821913486
"KER3","Ca","OLS_weighted",NA,NA,NA,NA,NA,NA,NA,NA,NA,NA,1,0.972767355174248,NA,0.588405803230984,NA,5,"Unstable",NA,NA,"Low confidence",NA,FALSE,NA,NA,NA,NA,NA,1,0.989106942069699,2000,0.60078407376705,0.449611220751241,5620.88386479327
"KER3","Ca","OLS",NA,NA,NA,NA,NA,NA,NA,NA,NA,NA,0.792291507834117,0.929975881808806,NA,0.520511230722479,NA,6,"Unstable",NA,NA,"Low confidence",NA,FALSE,NA,NA,NA,NA,NA,2,0.847365257423993,2000,0.605349695781694,0.447032844459699,5504.63271481712
"KER3","Ca","PLS_LOO",NA,NA,NA,NA,NA,NA,NA,NA,NA,NA,0.837095524308569,0.660166914642747,NA,0.638537096368868,NA,2,"Acceptable 2",NA,NA,"Moderate confidence",NA,FALSE,NA,NA,NA,NA,NA,3,0.76632408044224,1837,0.605172814508826,0.447133012734933,5921.70892622602
"KER3","Ca","PLS_kfold",NA,NA,NA,NA,NA,NA,NA,NA,NA,NA,0.837095524308569,0.660166914642747,NA,0.638537096368868,NA,3,"Acceptable 3",NA,NA,"Moderate confidence",NA,FALSE,NA,NA,NA,NA,NA,4,0.76632408044224,1837,0.605172814508826,0.447133012734933,5921.70892622602
"KER3","Ca","Bayes",NA,NA,NA,NA,NA,NA,NA,NA,NA,NA,0.840710085229549,0.256229334729823,NA,0.634509260499655,NA,4,"Acceptable 4",NA,NA,"Moderate confidence",NA,FALSE,NA,NA,NA,NA,NA,5,0.606917785029658,1837,0.636884102731344,0.428801053115093,5546.07861545861
"KER3","Ca","RF",NA,NA,NA,NA,NA,NA,NA,NA,NA,NA,0.713000373164205,0,NA,0.642410341669775,NA,1,"Unstable",NA,NA,"Low confidence (noise-dominated)",NA,FALSE,NA,NA,NA,NA,NA,6,0.427800223898523,1837,0.682203721520104,0.401150756423534,4911.79054471344
"KER3","Ca","WLS_weighted",NA,NA,NA,NA,NA,NA,NA,NA,NA,NA,0.00569391551058415,0.997581921966485,NA,0.205925410630512,NA,7,"Unstable",NA,NA,"Low confidence (uncertainty-dominated)",NA,FALSE,NA,NA,NA,NA,NA,7,0.402449118092945,2000,0.604732452698864,0.447382293228408,5447.03371534874
"KER3","Ca","WLS",NA,NA,NA,NA,NA,NA,NA,NA,NA,NA,0,1,NA,0.203490077962097,NA,8,"Unstable",NA,NA,"Low confidence (uncertainty-dominated)",NA,FALSE,NA,NA,NA,NA,NA,8,0.4,2000,0.604685117514639,0.447409080513934,5446.04597912254
"KER3","Sr","PLS_LOO",NA,NA,NA,NA,NA,NA,NA,NA,NA,NA,0.910309783489366,1,NA,0.715434657119346,NA,2,"Acceptable 2",NA,NA,"Moderate confidence",NA,FALSE,NA,NA,NA,NA,NA,1,0.946185870093619,1837,0.619560933054721,0.381668523678026,58.9814163562467
"KER3","Sr","PLS_kfold",NA,NA,NA,NA,NA,NA,NA,NA,NA,NA,0.910309783489366,1,NA,0.715434657119346,NA,3,"Acceptable 3",NA,NA,"Moderate confidence",NA,FALSE,NA,NA,NA,NA,NA,2,0.946185870093619,1837,0.619560933054721,0.381668523678026,58.9814163562467
"KER3","Sr","Bayes",NA,NA,NA,NA,NA,NA,NA,NA,NA,NA,1,0.818459178912863,NA,0.734632075858658,NA,1,"Preferred 1",NA,NA,"Moderate confidence",NA,FALSE,NA,NA,NA,NA,NA,3,0.927383671565145,1837,0.635271572146413,0.373704733132646,56.5643915636821
"KER3","Sr","RF",NA,NA,NA,NA,NA,NA,NA,NA,NA,NA,0.897354557649365,0.427045092906561,NA,0.7,NA,4,"Unstable",NA,NA,"Low confidence (noise-dominated)",NA,FALSE,NA,NA,NA,NA,NA,4,0.709230771752243,1837,0.675793821060387,0.35233390312532,45.3389098498978
"KER3","Sr","OLS",NA,NA,NA,NA,NA,NA,NA,NA,NA,NA,0.968146741230707,0.00927047985995764,NA,0.476601104377288,NA,5,"Unstable",NA,NA,"Low confidence",NA,FALSE,NA,NA,NA,NA,NA,5,0.584596236682407,1846,0.605940022011523,0.388440903375382,59.7735590156883
"KER3","Sr","OLS_weighted",NA,NA,NA,NA,NA,NA,NA,NA,NA,NA,0,0.259975766217874,NA,0.103567518923187,NA,8,"Unstable",NA,NA,"Low confidence (uncertainty-dominated)",NA,FALSE,NA,NA,NA,NA,NA,6,0.10399030648715,1846,0.588442221601662,0.396971381054182,68.563181097856
"KER3","Sr","WLS_weighted",NA,NA,NA,NA,NA,NA,NA,NA,NA,NA,0.131143991367748,0.0518931289493589,NA,0.212811409679503,NA,7,"Unstable",NA,NA,"Low confidence (uncertainty-dominated)",NA,FALSE,NA,NA,NA,NA,NA,7,0.0994436464003926,1846,0.605197017350042,0.38880693583257,61.616501941787
"KER3","Sr","WLS",NA,NA,NA,NA,NA,NA,NA,NA,NA,NA,0.115505223118746,0,NA,0.23565984712543,NA,6,"Unstable",NA,NA,"Low confidence (uncertainty-dominated)",NA,FALSE,NA,NA,NA,NA,NA,8,0.0693031338712478,1846,0.605899324973479,0.388460961218056,59.3656290640811
"KER3","Ti","OLS_weighted",NA,NA,NA,NA,NA,NA,NA,NA,NA,NA,0.727076971695812,0.954190430346416,NA,0.661337636082951,NA,5,"Unstable",NA,NA,"Moderate confidence",NA,FALSE,NA,NA,NA,NA,NA,1,0.817922355156054,1984,0.718555763474536,0.652933928562262,2173.73266969499
"KER3","Ti","OLS",NA,NA,NA,NA,NA,NA,NA,NA,NA,NA,0.743170069032022,0.887947270308679,NA,0.743637270225016,NA,3,"Acceptable 3",NA,NA,"Moderate confidence",NA,FALSE,NA,NA,NA,NA,NA,2,0.801080949542684,1984,0.729930592021033,0.639603384224678,2035.54425020404
"KER3","Ti","RF",NA,NA,NA,NA,NA,NA,NA,NA,NA,NA,0.78791002406583,0.651673168657132,NA,0.467170786497582,NA,6,"Unstable",NA,NA,"Low confidence (noise-dominated)",NA,FALSE,NA,NA,NA,NA,NA,3,0.733415281902351,1837,0.737139589077221,0.631009137231014,1647.90252563752
"KER3","Ti","PLS_LOO",NA,NA,NA,NA,NA,NA,NA,NA,NA,NA,0.912323476898689,0.229678930006231,NA,0.840792000457897,NA,1,"Preferred 1",NA,NA,"High confidence (signal-dominated)",NA,FALSE,NA,NA,NA,NA,NA,4,0.639265658141706,1837,0.756227776634957,0.607666319730726,1919.97750377683
"KER3","Ti","PLS_kfold",NA,NA,NA,NA,NA,NA,NA,NA,NA,NA,0.912323476898689,0.229678930006231,NA,0.840792000457897,NA,2,"Acceptable 2",NA,NA,"High confidence (signal-dominated)",NA,FALSE,NA,NA,NA,NA,NA,5,0.639265658141706,1837,0.756227776634957,0.607666319730726,1919.97750377683
"KER3","Ti","Bayes",NA,NA,NA,NA,NA,NA,NA,NA,NA,NA,1,0,NA,0.708492382993621,NA,4,"Unstable",NA,NA,"Low confidence (noise-dominated)",NA,FALSE,NA,NA,NA,NA,NA,6,0.6,1837,0.757847910218222,0.605643649083077,2132.72586760655
"KER3","Ti","WLS_weighted",NA,NA,NA,NA,NA,NA,NA,NA,NA,NA,0.0148935923293629,0.986171721261233,NA,0.368157739335141,NA,7,"Unstable",NA,NA,"Low confidence (uncertainty-dominated)",NA,FALSE,NA,NA,NA,NA,NA,7,0.403404843902111,1984,0.72919658362992,0.640471967780676,1893.08238585334
"KER3","Ti","WLS",NA,NA,NA,NA,NA,NA,NA,NA,NA,NA,0,1,NA,0.356894570181163,NA,8,"Unstable",NA,NA,"Low confidence (uncertainty-dominated)",NA,FALSE,NA,NA,NA,NA,NA,8,0.4,1984,0.728935134347202,0.640781067535794,1882.89538666468
"KER3","Zr","OLS",NA,NA,NA,NA,NA,NA,NA,NA,NA,NA,1,0.0631732992978546,NA,0.881052876763792,NA,1,"Unstable",NA,NA,"Low confidence (noise-dominated)",NA,FALSE,NA,NA,NA,NA,NA,1,0.625269319719142,2000,0.608456680906178,0.822327315016661,148.16046066862
"KER3","Zr","RF",NA,NA,NA,NA,NA,NA,NA,NA,NA,NA,0.275611916487156,1,NA,0.759702310441133,NA,3,"Acceptable 3",NA,NA,"High confidence (signal-dominated)",NA,FALSE,NA,NA,NA,NA,NA,2,0.565367149892293,1837,0.744624310661954,0.664116978438206,47.763991633004
"KER3","Zr","Bayes",NA,NA,NA,NA,NA,NA,NA,NA,NA,NA,0.854036720236172,0.100142563513582,NA,0.654203921526356,NA,7,"Unstable",NA,NA,"Moderate confidence",NA,FALSE,NA,NA,NA,NA,NA,3,0.552479057547136,1837,0.7219222288162,0.693007515213175,84.3816359771264
"KER3","Zr","PLS_LOO",NA,NA,NA,NA,NA,NA,NA,NA,NA,NA,0.753267451410815,0.178392238349158,NA,0.706487262772948,NA,4,"Acceptable 4",NA,NA,"Moderate confidence",NA,FALSE,NA,NA,NA,NA,NA,4,0.523317366186152,1837,0.72037835645274,0.69492862207945,77.8910261396823
"KER3","Zr","PLS_kfold",NA,NA,NA,NA,NA,NA,NA,NA,NA,NA,0.753267451410815,0.178392238349158,NA,0.706487262772948,NA,5,"Unstable",NA,NA,"Moderate confidence",NA,FALSE,NA,NA,NA,NA,NA,5,0.523317366186152,1837,0.72037835645274,0.69492862207945,77.8910261396823
"KER3","Zr","WLS_weighted",NA,NA,NA,NA,NA,NA,NA,NA,NA,NA,0.73443960365491,0.0344467531245891,NA,0.770019585533002,NA,2,"Unstable",NA,NA,"Low confidence (noise-dominated)",NA,FALSE,NA,NA,NA,NA,NA,6,0.454442463442782,2000,0.608229412035276,0.822565937768544,162.575252795128
"KER3","Zr","WLS",NA,NA,NA,NA,NA,NA,NA,NA,NA,NA,0.482391287627857,0.0409010549069246,NA,0.668968439841682,NA,6,"Unstable",NA,NA,"Low confidence (noise-dominated)",NA,FALSE,NA,NA,NA,NA,NA,7,0.305795194539484,2000,0.608323185716187,0.822467487738816,159.077231156446
"KER3","Zr","OLS_weighted",NA,NA,NA,NA,NA,NA,NA,NA,NA,NA,0,0,NA,0.243417629025981,NA,8,"Unstable",NA,NA,"Low confidence (uncertainty-dominated)",NA,FALSE,NA,NA,NA,NA,NA,8,0,2000,0.401191970178938,1.01694769214115,153.784821913486
"PB1","Ca","Bayes",NA,NA,NA,NA,NA,NA,NA,NA,NA,NA,0.747159350996595,1,NA,0.634509260499655,NA,4,"Acceptable 4",NA,NA,"Moderate confidence",NA,FALSE,NA,NA,NA,NA,NA,1,0.848295610597957,947,0.636884102731344,0.428801053115093,5546.07861545861
"PB1","Ca","RF",NA,NA,NA,NA,NA,NA,NA,NA,NA,NA,0.71736888447434,0.82511132475908,NA,0.642410341669775,NA,1,"Unstable",NA,NA,"Low confidence (noise-dominated)",NA,FALSE,NA,NA,NA,NA,NA,2,0.760465860588236,947,0.682203721520104,0.401150756423534,4911.79054471344
"PB1","Ca","PLS_LOO",NA,NA,NA,NA,NA,NA,NA,NA,NA,NA,0.686868825759716,0.80781691449777,NA,0.638537096368868,NA,2,"Acceptable 2",NA,NA,"Moderate confidence",NA,FALSE,NA,NA,NA,NA,NA,3,0.735248061254937,947,0.605172814508826,0.447133012734933,5921.70892622602
"PB1","Ca","PLS_kfold",NA,NA,NA,NA,NA,NA,NA,NA,NA,NA,0.686868825759716,0.80781691449777,NA,0.638537096368868,NA,3,"Acceptable 3",NA,NA,"Moderate confidence",NA,FALSE,NA,NA,NA,NA,NA,4,0.735248061254937,947,0.605172814508826,0.447133012734933,5921.70892622602
"PB1","Ca","OLS_weighted",NA,NA,NA,NA,NA,NA,NA,NA,NA,NA,1,0,NA,0.588405803230984,NA,5,"Unstable",NA,NA,"Low confidence",NA,FALSE,NA,NA,NA,NA,NA,5,0.6,970,0.60078407376705,0.449611220751241,5620.88386479327
"PB1","Ca","OLS",NA,NA,NA,NA,NA,NA,NA,NA,NA,NA,0.812491924675323,0.0285186334170986,NA,0.520511230722479,NA,6,"Unstable",NA,NA,"Low confidence",NA,FALSE,NA,NA,NA,NA,NA,6,0.498902608172033,970,0.605349695781694,0.447032844459699,5504.63271481712
"PB1","Ca","WLS_weighted",NA,NA,NA,NA,NA,NA,NA,NA,NA,NA,0.00593467690114087,0.155077186258284,NA,0.205925410630512,NA,7,"Unstable",NA,NA,"Low confidence (uncertainty-dominated)",NA,FALSE,NA,NA,NA,NA,NA,7,0.0655916806439982,970,0.604732452698864,0.447382293228408,5447.03371534874
"PB1","Ca","WLS",NA,NA,NA,NA,NA,NA,NA,NA,NA,NA,0,0.159878544913233,NA,0.203490077962097,NA,8,"Unstable",NA,NA,"Low confidence (uncertainty-dominated)",NA,FALSE,NA,NA,NA,NA,NA,8,0.063951417965293,970,0.604685117514639,0.447409080513934,5446.04597912254
"PB1","Sr","OLS",NA,NA,NA,NA,NA,NA,NA,NA,NA,NA,0.743000576494652,0.693250283196162,NA,0.476601104377288,NA,5,"Unstable",NA,NA,"Low confidence",NA,FALSE,NA,NA,NA,NA,NA,1,0.723100459175256,948,0.605940022011523,0.388440903375382,59.7735590156883
"PB1","Sr","Bayes",NA,NA,NA,NA,NA,NA,NA,NA,NA,NA,0.979687411468163,0.072806581754324,NA,0.734632075858658,NA,1,"Preferred 1",NA,NA,"Moderate confidence",NA,FALSE,NA,NA,NA,NA,NA,2,0.616935079582628,947,0.635271572146413,0.373704733132646,56.5643915636821
"PB1","Sr","RF",NA,NA,NA,NA,NA,NA,NA,NA,NA,NA,1,0,NA,0.7,NA,4,"Unstable",NA,NA,"Low confidence (noise-dominated)",NA,FALSE,NA,NA,NA,NA,NA,3,0.6,947,0.675793821060387,0.35233390312532,45.3389098498978
"PB1","Sr","PLS_LOO",NA,NA,NA,NA,NA,NA,NA,NA,NA,NA,0.839202149048908,0.164237156754849,NA,0.715434657119346,NA,2,"Acceptable 2",NA,NA,"Moderate confidence",NA,FALSE,NA,NA,NA,NA,NA,4,0.569216152131284,947,0.619560933054721,0.381668523678026,58.9814163562467
"PB1","Sr","PLS_kfold",NA,NA,NA,NA,NA,NA,NA,NA,NA,NA,0.839202149048908,0.164237156754849,NA,0.715434657119346,NA,3,"Acceptable 3",NA,NA,"Moderate confidence",NA,FALSE,NA,NA,NA,NA,NA,5,0.569216152131284,947,0.619560933054721,0.381668523678026,58.9814163562467
"PB1","Sr","OLS_weighted",NA,NA,NA,NA,NA,NA,NA,NA,NA,NA,0,1,NA,0.103567518923187,NA,8,"Unstable",NA,NA,"Low confidence (uncertainty-dominated)",NA,FALSE,NA,NA,NA,NA,NA,6,0.4,948,0.588442221601662,0.396971381054182,68.563181097856
"PB1","Sr","WLS_weighted",NA,NA,NA,NA,NA,NA,NA,NA,NA,NA,0.102180442597992,0.772800170162983,NA,0.212811409679503,NA,7,"Unstable",NA,NA,"Low confidence (uncertainty-dominated)",NA,FALSE,NA,NA,NA,NA,NA,7,0.370428333623989,948,0.605197017350042,0.38880693583257,61.616501941787
"PB1","Sr","WLS",NA,NA,NA,NA,NA,NA,NA,NA,NA,NA,0.0888205512749717,0.675288167751696,NA,0.23565984712543,NA,6,"Unstable",NA,NA,"Low confidence (uncertainty-dominated)",NA,FALSE,NA,NA,NA,NA,NA,8,0.323407597865661,948,0.605899324973479,0.388460961218056,59.3656290640811
"PB1","Ti","RF",NA,NA,NA,NA,NA,NA,NA,NA,NA,NA,0.770214196273413,1,NA,0.467170786497582,NA,6,"Unstable",NA,NA,"Low confidence (noise-dominated)",NA,FALSE,NA,NA,NA,NA,NA,1,0.862128517764048,947,0.737139589077221,0.631009137231014,1647.90252563752
"PB1","Ti","PLS_LOO",NA,NA,NA,NA,NA,NA,NA,NA,NA,NA,0.940538873364696,0.274954807584768,NA,0.840792000457897,NA,1,"Preferred 1",NA,NA,"High confidence (signal-dominated)",NA,FALSE,NA,NA,NA,NA,NA,2,0.674305247052725,947,0.756227776634957,0.607666319730726,1919.97750377683
"PB1","Ti","PLS_kfold",NA,NA,NA,NA,NA,NA,NA,NA,NA,NA,0.940538873364696,0.274954807584768,NA,0.840792000457897,NA,2,"Acceptable 2",NA,NA,"High confidence (signal-dominated)",NA,FALSE,NA,NA,NA,NA,NA,3,0.674305247052725,947,0.756227776634957,0.607666319730726,1919.97750377683
"PB1","Ti","OLS",NA,NA,NA,NA,NA,NA,NA,NA,NA,NA,0.846928105405201,0.365025965139076,NA,0.743637270225016,NA,3,"Acceptable 3",NA,NA,"Moderate confidence",NA,FALSE,NA,NA,NA,NA,NA,4,0.654167249298751,969,0.729930592021033,0.639603384224678,2035.54425020404
"PB1","Ti","Bayes",NA,NA,NA,NA,NA,NA,NA,NA,NA,NA,1,0,NA,0.708492382993621,NA,4,"Unstable",NA,NA,"Low confidence (noise-dominated)",NA,FALSE,NA,NA,NA,NA,NA,5,0.6,947,0.757847910218222,0.605643649083077,2132.72586760655
"PB1","Ti","OLS_weighted",NA,NA,NA,NA,NA,NA,NA,NA,NA,NA,0.763737109527156,0.274945187334412,NA,0.661337636082951,NA,5,"Unstable",NA,NA,"Moderate confidence",NA,FALSE,NA,NA,NA,NA,NA,6,0.568220340650058,969,0.718555763474536,0.652933928562262,2173.73266969499
"PB1","Ti","WLS",NA,NA,NA,NA,NA,NA,NA,NA,NA,NA,0,0.550314185334658,NA,0.356894570181163,NA,8,"Unstable",NA,NA,"Low confidence (uncertainty-dominated)",NA,FALSE,NA,NA,NA,NA,NA,7,0.220125674133863,969,0.728935134347202,0.640781067535794,1882.89538666468
"PB1","Ti","WLS_weighted",NA,NA,NA,NA,NA,NA,NA,NA,NA,NA,0.016513639633561,0.524797733422835,NA,0.368157739335141,NA,7,"Unstable",NA,NA,"Low confidence (uncertainty-dominated)",NA,FALSE,NA,NA,NA,NA,NA,8,0.219827277149271,969,0.72919658362992,0.640471967780676,1893.08238585334
"PB1","Zr","RF",NA,NA,NA,NA,NA,NA,NA,NA,NA,NA,0.647751701538968,1,NA,0.759702310441133,NA,3,"Acceptable 3",NA,NA,"High confidence (signal-dominated)",NA,FALSE,NA,NA,NA,NA,NA,1,0.788651020923381,947,0.744624310661954,0.664116978438206,47.763991633004
"PB1","Zr","Bayes",NA,NA,NA,NA,NA,NA,NA,NA,NA,NA,1,0.121567549468629,NA,0.654203921526356,NA,7,"Unstable",NA,NA,"Moderate confidence",NA,FALSE,NA,NA,NA,NA,NA,2,0.648627019787452,947,0.7219222288162,0.693007515213175,84.3816359771264
"PB1","Zr","PLS_LOO",NA,NA,NA,NA,NA,NA,NA,NA,NA,NA,0.928107471460997,0.161042020694505,NA,0.706487262772948,NA,4,"Acceptable 4",NA,NA,"Moderate confidence",NA,FALSE,NA,NA,NA,NA,NA,3,0.6212812911544,947,0.72037835645274,0.69492862207945,77.8910261396823
"PB1","Zr","PLS_kfold",NA,NA,NA,NA,NA,NA,NA,NA,NA,NA,0.928107471460997,0.161042020694505,NA,0.706487262772948,NA,5,"Unstable",NA,NA,"Moderate confidence",NA,FALSE,NA,NA,NA,NA,NA,4,0.6212812911544,947,0.72037835645274,0.69492862207945,77.8910261396823
"PB1","Zr","OLS",NA,NA,NA,NA,NA,NA,NA,NA,NA,NA,0.930484835694725,0.0137520311517103,NA,0.881052876763792,NA,1,"Unstable",NA,NA,"Low confidence (noise-dominated)",NA,FALSE,NA,NA,NA,NA,NA,5,0.563791713877519,970,0.608456680906178,0.822327315016661,148.16046066862
"PB1","Zr","WLS_weighted",NA,NA,NA,NA,NA,NA,NA,NA,NA,NA,0.671008210837613,0.000605469980556713,NA,0.770019585533002,NA,2,"Unstable",NA,NA,"Low confidence (noise-dominated)",NA,FALSE,NA,NA,NA,NA,NA,6,0.402847114494791,970,0.608229412035276,0.822565937768544,162.575252795128
"PB1","Zr","WLS",NA,NA,NA,NA,NA,NA,NA,NA,NA,NA,0.441553072318118,0.00358200845754316,NA,0.668968439841682,NA,6,"Unstable",NA,NA,"Low confidence (noise-dominated)",NA,FALSE,NA,NA,NA,NA,NA,7,0.266364646773888,970,0.608323185716187,0.822467487738816,159.077231156446
"PB1","Zr","OLS_weighted",NA,NA,NA,NA,NA,NA,NA,NA,NA,NA,0,0,NA,0.243417629025981,NA,8,"Unstable",NA,NA,"Low confidence (uncertainty-dominated)",NA,FALSE,NA,NA,NA,NA,NA,8,0,970,0.401191970178938,1.01694769214115,153.784821913486
