"Location","Site","Section","sample","min_depth","max_depth","midpoint","Fe","Fe_sd","Fe_ICP","Fe_ICP_sd","Fe_fit_OLS","Fe_lwr_OLS","Fe_upr_OLS","Fe_fit_WLS","Fe_lwr_WLS","Fe_upr_WLS"
"Bird Island","BI10","BI10.1",1,0,1.1,0.6,-1.94747911924558,-4.25006421223963,9.54388200499906,5.1735301264337,9.26635314253771,7.96956491370297,10.5631413713725,9.27140682227803,7.97531339335734,10.5675002511987
"Bird Island","BI10","BI10.1",4,3.9,5,4.5,-2.18566127969683,-4.48824636379434,9.14377187171782,3.304647550641,9.10174218460748,7.80481169314738,10.3986726760676,9.11153807823472,7.77326100034444,10.449815156125
"Bird Island","BI10","BI10.1",10,11.7,12.8,12.3,-3.58289751158179,-5.88548242468768,8.27949587269265,3.88158857289427,8.13609306063587,6.83539078202653,9.43679533924521,8.17370796912801,6.58638110794065,9.76103483031537
"Bird Island","BI10","BI10.1",22,26.7,27.8,27.2,-3.30578547066899,-5.60837048185318,8.42689211285074,3.32582393071755,8.32760899290484,7.02805277039988,9.62716521540981,8.35970659243414,6.82195545368198,9.8974577311863
"Bird Island","BI10","BI10.1",30,36.3,37.2,36.7,-1.57319543752514,-3.87578052087512,9.82855417128756,3.50355067375237,9.5250257285489,8.22816581933078,10.821885637767,9.52262740907258,8.29261636707816,10.752638451067
"Bird Island","BI10","BI10.1",34,40.9,41.9,41.4,-1.34329776252592,-3.64588284019333,10.4469976275415,5.15703858194915,9.68391116495546,8.38682835884197,10.9809939710689,9.67693557594357,8.48737431154296,10.8664968403442
"Bird Island","BI10","BI10.2",45,44,45,44.5,-1.8433501194004,-4.14593520607678,10.1602156930854,3.64773917300838,9.33831812253604,8.04154618289446,10.6350900621776,9.34129859079754,8.06361630553857,10.6189808760565
"Bird Island","BI10","BI10.2",51,51.9,52.9,52.4,-3.75440487274134,-6.05699000844418,10.1783639253917,5.29616788707133,8.01756197098972,6.71605215013949,9.31907179183995,8.05859159613511,6.44054453208115,9.67663866018908
"Bird Island","BI10","BI10.2",54,55.3,56.3,55.8,-3.97679776780181,-6.2793829141418,9.93036942402266,7.00945463356136,7.86386319093237,6.56119465650151,9.16653172536323,7.90932066522192,6.25139944869498,9.56724188174885
"Bird Island","BI10","BI10.2",62,64.4,65.4,64.9,-2.7301808626685,-5.03276587898425,7.76434259814642,2.27103707812829,8.72541723233178,7.42761295245364,10.0232215122099,8.74605452702438,7.31101151420275,10.181097539846
"Bird Island","BI10","BI10.2",67,70.1,71.2,70.6,-3.03679429687885,-5.3393793898729,8.73921076841923,2.71722094895158,8.51351248252171,7.21488075429885,9.81214421074457,8.5402544597937,7.05054885596293,10.0299600636245
"Bird Island","BI10","BI10.2",71,74.7,75.8,75.2,-3.02506288103394,-5.32764793283739,8.21468216401249,3.35831851941963,8.52162022491707,7.22302459557588,9.82021585425826,8.54812862935125,7.06051656787354,10.035740690829
"Bird Island","BI10","BI10.2",81,86.5,87.5,87,-3.19972723493725,-5.50231242603466,8.74585699995511,3.66217734560713,8.40090729428525,7.10173771978394,9.70007686878656,8.43089327119194,6.91209510647564,9.94969143590824
"Bird Island","BI10","BI10.3",88,84.8,85.8,85.3,-3.59839219500776,-5.90097725146237,8.23051471759084,2.46944614218091,8.12538447239928,6.82461232044036,9.42615662435819,8.16330788049851,6.57320676264382,9.75340899835321
"Bird Island","BI10","BI10.3",95,93,94,93.5,-2.49347310531849,-4.79605821041577,9.34055718331538,4.53403149960049,8.88900921005624,7.59167850247013,10.1863399176423,8.90493364627145,7.51200784458655,10.2978594479563
"Bird Island","BI10","BI10.3",98,96.3,97.3,96.8,-2.48761123187513,-4.79019627673918,8.86409264544503,4.16270140553045,8.89306043119282,7.59573962280203,10.1903812395836,8.90886815733372,7.51698437527946,10.300751939388
"Bird Island","BI10","BI10.3",104,103.2,104.2,103.7,-3.29483677426283,-5.59742175936484,7.5945083648187,3.31438773523264,8.33517578716051,7.03566081249415,9.63469076182687,8.36705539781926,6.8312613848999,9.90284941073862
"Bird Island","BI10","BI10.3",114,114.9,115.9,115.4,-1.7961421692426,-4.09872723210487,9.67361768204715,1.68344586805776,9.37094418438163,8.07417042790428,10.667717940859,9.37298474095375,8.10364282882365,10.6423266530839
"Bird Island","BI10","BI10.3",120,121.8,122.7,122.3,-3.40021636301834,-5.70280145601238,8.35184985703952,3.72095422651058,8.26234650801351,6.96242179748278,9.56227121854425,8.29632422941342,6.74168797938646,9.85096047944037
"Bird Island","BI10","BI10.4",135,129.4,130.4,129.9,-0.914848112949401,-3.21743321592903,8.01280853633787,2.7498274927808,9.98001859427782,8.68215744177838,11.2778797467773,9.96451256002092,8.85000442501807,11.0790206950238
"Bird Island","BI10","BI10.4",145,141,142,141.5,-2.79727470525213,-5.09985986384574,10.5121855049979,5.17564528163103,8.67904775748116,7.38108304750468,9.97701246745765,8.70102089257182,7.25402643561114,10.1480153495325
"Bird Island","BI10","BI10.4",155,152.7,153.8,153.2,-1.70790588632624,-4.01049099587247,8.71190613126309,4.50899709495294,9.43192548973022,8.13513294474408,10.7287180347164,9.43220925928948,8.17844506779512,10.6859734507838
"Bird Island","BI10","BI10.4",165,164.8,165.8,165.3,-1.9452652990158,-4.24785041999179,10.8005846115197,6.40102950815504,9.26788314406267,7.97109555213388,10.5646707359915,9.27289274657649,7.97719094657035,10.5685945465826
"Bird Island","BI10","BI10.4",168,168.4,170,169.2,-2.02946360319369,-4.33204868096773,10.8571670692609,6.45126665198848,9.20969254120407,7.91287183543503,10.5065132469731,9.21637853445416,7.90577589272031,10.526981176188
"Bird Island","BI10","BI10.5",181,174.6,175.6,175.1,-1.80610646494266,-4.10869157011011,10.4378555921576,5.195126236626,9.36405772295572,8.06728482794137,10.6608306179701,9.3662966689511,8.09519467886678,10.6373986590354
"Bird Island","BI10","BI10.5",191,186.6,187.6,187.1,-1.13678928740083,-3.43937437727813,10.2790078874822,5.48800172047141,9.82663200452905,8.52923298687069,11.1240310221874,9.81554482564557,8.66221582084704,10.9688738304441
"Bird Island","BI10","BI10.5",194,190.3,191.3,190.8,-0.772079441674206,-3.07466453466825,10.1204160254,5.37069039559367,10.0786879811728,8.78046264606741,11.3769133162781,10.0603394184315,8.97073249701354,11.1499463398495
"Bird Island","BI10","BI10.5",197,194,195,194.5,-0.613182080205471,-2.91576717504581,10.2056468348869,5.85054459330883,10.1885041270772,8.88981193911598,11.4871963150385,10.166991913151,9.10502814421995,11.2289556820821
"Bird Island","BI10","BI10.5",202,199.9,200.8,200.3,-0.384768343906849,-2.68735342955453,11.1610073177993,6.75009657343813,10.3463639930945,9.04688728945493,11.6458406967341,10.3203040548963,9.29793390791974,11.3426742018729
"Bird Island","BI10","BI10.6",218,209.5,210.5,210,-0.522604592575543,-2.82518968388317,11.5829680732906,7.41406967584827,10.2511034711147,8.95211617948445,11.5500907627449,10.2277878567203,9.18154598718612,11.2740297262544
"Bird Island","BI10","BI10.6",228,221.4,222.4,221.9,-1.23279098789321,-3.53537608088726,10.7399098377358,6.26174273085966,9.76028391258529,8.46304554485818,11.0575222803124,9.75110813040919,8.58094811860192,10.9212681422165
"Bird Island","BI10","BI10.6",239,234.2,235.2,234.7,-0.492179982513576,-2.79476508205114,10.2519418682607,5.01178667700049,10.2721303364243,8.973039202528,11.5712214703206,10.2482089671401,9.2072419251284,11.2891760091519
"Bird Island","BI10","BI10.6",247,243.9,245,244.5,-1.54461961637468,-3.84720469531016,11.1310995537805,6.91195722841442,9.54477487048425,8.24789466259668,10.8416550783718,9.54180760556032,8.3168305357961,10.7667846753245
"Bird Island","BI10","BI10.7",259,250.7,251.7,251.2,-1.89389759569652,-4.19648267540013,10.076597018011,4.43455539823,9.30338406837221,8.00660770979506,10.6001604269494,9.30737093838768,8.0207537415704,10.593988135205
"Bird Island","BI10","BI10.7",271,265,266,265.5,-0.390067371053129,-2.69265246700134,10.9810035594278,6.5541796363862,10.3427017627537,9.04324477354706,11.6421587519603,10.3167473283433,9.29346067672113,11.3400339799655
"Bird Island","BI10","BI10.7",280,275.9,276.9,276.4,-1.23934927419338,-3.54193436373406,10.8172296000719,5.2756796014742,9.75575139097155,8.45852313263683,11.0529796493063,9.74670618447042,8.57539555996008,10.9180168089808
"Bird Island","BI10","BI10.8",300,289.7,290.8,290.3,0.739152336381814,-1.56343275613471,11.1987648930042,7.00878874675648,11.1231209906354,9.8178445935077,12.4283973877631,11.0746837583201,10.243903092077,11.9054644245633
"Bird Island","BI10","BI10.8",303,293.4,294.4,293.9,0.0754054948640773,-2.2271795944205,11.2230589765515,7.31892564511057,10.6643964446895,9.3629339364604,11.9658589529187,10.6291744316975,9.68597891551315,11.5723699478819
"Bird Island","BI10","BI10.8",311,303.1,304,303.6,-0.0145411590676838,-2.31712625510567,11.0838038999157,6.67766189127939,10.6022330784732,9.30120123157554,11.9032649253709,10.5688019060318,9.61019972152886,11.5274040905347
"Bird Island","BI10","BI10.8",318,311.7,312.8,312.2,-0.288035664291341,-2.5906207612868,11.3951650102964,7.4150808541178,10.4132172747362,9.11336805850343,11.7130664909689,10.3852313860146,9.37957388566785,11.3908888863613
"Bird Island","BI10","BI10.8",326,321.7,322.8,322.2,-1.44504253631398,-3.747627625066,11.2410963520968,6.05049713336689,9.61359395628661,8.31662658316343,10.9105613294098,9.60864410874194,8.40119530072571,10.8160929167582
"Bird Island","BI10","BI10.9",342,332.1,333.1,332.6,0.474889010065912,-1.82769608541595,12.4080433529741,7.83259710065387,10.9404849812538,9.63686095361906,12.2441090088886,10.8973092396123,10.0220667486533,11.7725517305713
"Bird Island","BI10","BI10.9",348,339.5,340.5,340,-0.556531764179254,-2.85911685891791,10.4060643912265,6.01879523958658,10.2276559374834,8.92878164503174,11.5265302299351,10.205015814083,9.15288821677519,11.2571434113909
"Bird Island","BI10","BI10.9",361,355.7,356.7,356.2,-0.639818183920959,-2.94240328260341,9.9005221972127,5.27433389563226,10.1700955504658,8.87148614079194,11.4687049601397,10.1491136621555,9.08252151294657,11.2157058113645
"Bird Island","BI10","BI10.9",365,360.7,361.7,361.2,0.361475435121128,-1.94110965787292,11.4267416940747,7.70076701106924,10.8621033040595,9.5591341566353,12.1650724514836,10.8211856300627,9.92673538574823,11.7156358743771
"Bird Island","BI10","BI10.9",372,369.1,371,370.1,-0.0923996538971006,-2.39498474250393,11.0561258807318,6.7077611748249,10.5484240048105,9.24774827952171,11.8490997300992,10.5165429973129,9.54457621935042,11.4885097752754
"Bird Island","BI10","BI10.10",379,367.3,368.4,367.9,-0.185423008527088,-2.48800810633604,11.1546227764023,6.47996572814451,10.4841342885424,9.18386375732632,11.7844048197585,10.4541053787977,9.46613785862809,11.4420728989672
"Bird Island","BI10","BI10.10",386,375.7,376.6,376.1,-0.48934337840653,-2.79192847140058,10.8976220776579,6.03398345369823,10.2740907524288,8.97498981603722,11.5731916888203,10.2501129062726,9.20963749742032,11.2905883151249
"Bird Island","BI10","BI10.10",390,380.5,381.5,381,-0.405661502392259,-2.70824659538631,10.5999305078092,5.68768357295285,10.3319244447003,9.03252505464554,11.631323834755,10.3062804899079,9.28029614054093,11.332264839275
"Bird Island","BI10","BI10.10",392,382.9,384,383.4,-0.064840966869671,-2.36742605986372,10.8995670742494,6.80379975441748,10.5674701914026,9.26667018251564,11.8682702002896,10.5350404896281,9.56780717016145,11.5022738090947
"Bird Island","BI10","BI10.10",396,387.7,388.8,388.2,-2.41318979092567,-4.71577487275018,9.90943932802911,5.71327117389138,8.94449410977744,7.64729129369523,10.2416969258596,8.95882010281924,7.58016136129824,10.3374788443402
"Bird Island","BI10","BI10.10",403,396.3,397.4,396.8,-0.300724588157962,-2.6033096770995,10.840000929173,7.27906111255176,10.4044477854141,9.1046487978325,11.7042467729956,10.3767145335434,9.36886671977742,11.3845623473094
"Bird Island","BI10","BI10.10",410,404.6,405.6,405.1,0.031542744576315,-2.27104234744878,10.4367072074209,6.14783017868893,10.634082296356,9.33283237811291,11.9353322145991,10.5997335920246,9.6490294713467,11.5504377127025
"Bird Island","BI10","BI10.11",422,409.9,410.9,410.4,-0.958663866290123,-3.26124896971701,10.2689600502149,6.27326050205897,9.94973692617897,8.65197704020609,11.2474968121518,9.9351032648721,8.81294145200609,11.0572650777381
"Bird Island","BI10","BI10.11",424,412.2,413.2,412.7,-0.802800744844831,-3.10538583560709,10.3396534788221,5.65280504371187,10.0574560671864,8.75931351800006,11.3555986163728,10.0397191665035,8.94475889930892,11.1346794336981
"Bird Island","BI10","BI10.11",427,415.8,416.8,416.3,-1.00946716473646,-3.31205225773051,10.4443299476404,6.09909001669502,9.91462606981834,8.6169774226881,11.2122747169486,9.90100390369204,8.76996133118052,11.0320464762036
"Bird Island","BI10","BI10.11",439,430.3,431.3,430.8,-1.01380397639444,-3.31638907214455,10.2847469871715,5.79471151429647,9.91162883979897,8.61398938119544,11.2092682984025,9.89809301972156,8.76629202450541,11.0298940149377
"Bird Island","BI10","BI10.11",443,435.2,436.3,435.7,-1.00075482050474,-3.30333992165979,10.3803317960264,5.90213540399061,9.92064729041305,8.62298003805862,11.2183145427675,9.9068516612544,8.77733255512678,11.036370767382
"Bird Island","BI10","BI10.11",449,442.8,443.8,443.3,-0.599957494687315,-2.90254259496953,9.72321135536732,5.41366496471041,10.1976438195137,8.89890985691462,11.4963777821127,10.1758683036971,9.1162016429596,11.2355349644347
"Bird Island","BI10","BI10.12",461,447.5,448.7,448.1,-0.972322001180235,-3.27490708888613,10.5207192537696,6.08042849049437,9.94029760182511,8.64256827370681,11.2380269299434,9.92593587438946,8.8013872078979,11.050484540881
"Bird Island","BI10","BI10.12",465,452.8,453.9,453.4,0.449924740792956,-1.85266035220109,10.2925368623624,3.46900555478215,10.9232318323561,9.61975475615563,12.2267089085566,10.8805531300571,10.001088824514,11.7600174356001
"Bird Island","BI10","BI10.12",469,458.3,459.3,458.8,-0.952963808610733,-3.25554891197832,10.4680502264298,6.42707387748989,9.95367631422165,8.65590353349972,11.2514490949436,9.93892916459714,8.8177633269428,11.0600950022515
"Bird Island","BI10","BI10.12",475,466.1,467.2,466.6,-1.20432517973619,-3.50691025939221,10.3357174866678,7.36247740797946,9.77995702303197,8.4826734934678,11.0772405525961,9.77021448577022,8.60504743701157,10.9353815345289
"Bird Island","BI10","BI10.12",479,471.4,472.4,471.9,-0.987992385766077,-3.29057748681763,9.48720661262688,4.86509082338325,9.92946758410706,8.63177272528818,11.2271624429259,9.91541785449381,8.78813006122065,11.042705647767
"Bird Island","BI10","BI10.12",484,478.2,479.2,478.7,-2.03685740656167,-4.3394425072222,9.2206794817005,6.36105409025073,9.20458258228504,7.90775809648625,10.5014070680838,9.21141578637973,7.89950405770951,10.52332751505
"Bird Island","BI10","BI10.13",506,473.4,474.5,474,-0.729098744489396,-3.03168383541023,10.4199476085342,5.03129705680506,10.1083925305088,8.81004730737375,11.4067377536439,10.0891882208105,9.00706620991811,11.1713102317028
"Bird Island","BI10","BI10.13",519,491,492,491.5,-0.867727753033165,-3.17031285317169,9.8575508967614,5.24858047034423,10.0125841213061,8.71460855969085,11.3105596829213,9.99613991928412,8.88985677659854,11.1024230619697
"Bird Island","BI10","BI10.13",522,494.8,495.8,495.3,-0.52484007909647,-2.82742517885127,9.74492905252694,3.87295380012497,10.2495584957187,8.95057874047963,11.5485382509579,10.2262873899273,9.17965782316192,11.2729169566928
"Bird Island","BI10","BI10.13",525,498.7,499.7,499.2,0.0552868331360163,-2.24729825891182,10.3759748290375,6.47224559360384,10.6504921616271,9.34912777148303,11.9518565517712,10.6156707117875,9.66903227855491,11.5623091450201
"Bird Island","BI10","BI10.13",529,503.9,505.1,504.5,-0.050870384879016,-2.35345547682088,10.6011333038366,5.09882486729562,10.5771254522331,9.27626169871622,11.87798920575,10.5444175957563,9.57958262779079,11.5092525637218
"Isla Hermite","HER42PB","HER42PB_1A",3,2.5,3.7,3.1,-1.40366021448268,-3.70624529119645,9.5943967832687,4.9273511934466,9.64219384649301,8.34518273915306,10.939204953833,9.63642007569191,8.43624938478676,10.8365907665971
"Isla Hermite","HER42PB","HER42PB_1A",5,5.3,6.5,5.9,-0.998009585370585,-3.30059468650326,9.69213420221314,5.03567072141488,9.92254456006717,8.62487140483046,11.2202177153039,9.90869427319549,8.77965516528193,11.037733381109
"Isla Hermite","HER42PB","HER42PB_1A",7,8.1,9.3,8.7,-0.118943328035315,-2.42152841652414,9.73713427247931,5.54407373718118,10.5300793075476,9.22952145534186,11.8306371597534,10.4987267853903,9.5221978916404,11.4752556791403
"Isla Hermite","HER42PB","HER42PB_1A",9,10.9,12.1,11.5,-0.345981243060328,-2.64856633322762,9.74905363576774,5.16368607668683,10.373170290483,9.07354709532575,11.6727934856402,10.3463380999552,9.33067337817283,11.3620028217376
"Isla Hermite","HER42PB","HER42PB_1A",13,16.3,17.5,16.9,-2.03755253006485,-4.34013763840251,9.52275758099223,4.77832532760335,9.20410217289787,7.90727732448088,10.5009270213149,9.21094921692215,7.89891441054241,10.5229840233019
"Isla Hermite","HER42PB","HER42PB_1A",16,20.5,21.6,21.1,-1.4174338783133,-3.72001897543386,9.39155639205623,3.64695192319262,9.63267467850381,8.33567861716722,10.9296707398404,9.62717514175856,8.42458242510681,10.8297678584103
"Isla Hermite","HER42PB","HER42PB_1A",20,26.1,27.3,26.7,-1.26148714973731,-3.56407225685402,9.55953187891748,4.08686112519108,9.74045160154601,8.44325665067915,11.0376465524129,9.73184716080429,8.55665182126902,10.9070425003396
"Isla Hermite","HER42PB","HER42PB_1A",25,33.1,34.1,33.6,-0.242101773121072,-2.54468687121081,10.4769492488063,6.50835589198521,10.4449628169408,9.14492832971978,11.7449973041619,10.4160623830821,9.41832871651491,11.4137960496493
"Isla Hermite","HER42PB","HER42PB_1A",28,37.1,38.2,37.7,-0.505209212041915,-2.8077943017213,10.1394031595937,5.27286820942501,10.2631256571918,8.9640792837637,11.56217203062,10.2394637002545,9.19623811433192,11.282689286177
"Isla Hermite","HER42PB","HER42PB_1A",31,41.2,42.3,41.7,-0.519641392045419,-2.82222647831377,10.3204944551402,5.57606220167468,10.2531513796435,8.95415407857427,11.5521486807128,10.2297767678386,9.18404877617781,11.2755047594993
"Isla Hermite","HER42PB","HER42PB_1B",40,43.1,44.2,43.7,-0.701473570938507,-3.00405866191583,10.2098801602127,5.73573823684408,10.1274846668493,8.82905988437734,11.4259094493213,10.1077303391252,9.03041619777987,11.1850444804706
"Isla Hermite","HER42PB","HER42PB_1B",48,54,55.1,54.5,-1.50322474139022,-3.80580984337659,9.53769812618272,5.45725646912961,9.57338343634697,8.27647009425959,10.8702967784344,9.56959199823297,8.35190410746926,10.7872798889967
"Isla Hermite","HER42PB","HER42PB_1B",50,56.7,57.8,57.2,-1.6258456562738,-3.92843072893698,9.2120458528166,4.87690280391964,9.48863844023548,8.19181042370066,10.7854664567703,9.48728838817779,8.24799799605835,10.7265787802972
"Isla Hermite","HER42PB","HER42PB_1B",56,64.7,65.8,65.2,-1.42045795954061,-3.72304304011761,9.80512681450682,5.49262624248155,9.63058469449012,8.33359187119149,10.9275775177888,9.62514536729191,8.42202082598105,10.8282699086028
"Isla Hermite","HER42PB","HER42PB_1B",60,69.9,70.9,70.4,-1.32703395978214,-3.62961903769681,9.83820515425722,5.39003871738443,9.69515130210163,8.39804757373208,10.9922550304712,9.68785190029418,8.50114778630584,10.8745560142825
"Isla Hermite","HER42PB","HER42PB_1B",63,73.7,74.8,74.3,-1.63914948709476,-3.94173460584274,9.54483336618875,4.34182617924985,9.47944398028335,8.18262289253236,10.7762650680343,9.47835880789234,8.23672279134026,10.7199948244444
"Isla Hermite","HER42PB","HER42PB_1B",69,81.5,82.5,82,-0.197782077095804,-2.50036717008985,10.2795797464345,5.90552128166588,10.4755927667409,9.17537440598737,11.7758111274944,10.4458099264183,9.45571392715774,11.4359059256789
"Isla Hermite","HER42PB","HER42PB_1C",80,86.5,87.8,87.2,-0.519424168860026,-2.82200926185407,10.0225149816138,4.30868217091574,10.2533015055663,8.95430346985039,11.5522995412823,10.2299225688413,9.18423224684256,11.27561289084
"Isla Hermite","HER42PB","HER42PB_1C",86,94.8,96,95.4,-1.38207566036481,-3.68466076530833,9.7126046538171,4.75075952389028,9.6571112278918,8.36007555970071,10.9541468960829,9.65090770797731,8.45453170019114,10.8472837157635
"Isla Hermite","HER42PB","HER42PB_1C",90,100.2,101.4,100.8,-2.01991862015943,-4.32250372069119,9.77657586466808,5.8545025234495,9.21628920989546,7.91947317571307,10.5131052440779,9.22278516224992,7.91387234034606,10.5316979841538
"Isla Hermite","HER42PB","HER42PB_1C",91,101.6,103.1,102.3,-1.74519668096247,-4.0477817911376,9.64272031763777,4.77618536759955,9.40615331008662,8.10937115243535,10.7029354677379,9.40717954047437,8.14683363970836,10.6675254412404
"Isla Hermite","HER42PB","HER42PB_1C",97,109.8,111,110.4,-0.746063294164491,-3.04864837872381,9.75124368857942,5.25043351812538,10.0966680975472,8.7983707608728,11.3949654342216,10.0778015525366,8.99272589604529,11.1628772090278
"Isla Hermite","HER42PB","HER42PB_1C",104,119.2,120.3,119.8,-1.45368736735973,-3.75627247746923,10.2786897661913,6.07898468842592,9.60761939498072,8.31066060124672,10.9045781887147,9.60284166627886,8.39387197569139,10.8118113568663
"Isla Hermite","HER42PB","HER42PB_1D",118,127.3,128.4,127.8,-2.20034806835937,-4.50293314329711,9.46831472718413,5.16324913358915,9.09159194352276,7.79464789764246,10.3885359894031,9.10168025154836,7.76079898798807,10.4425615151087
"Isla Hermite","HER42PB","HER42PB_1D",121,130.9,132.2,131.6,-2.66456720937748,-4.967152331095,8.98578370606067,4.24135145269735,8.77076372806041,7.47310515072686,10.068422305394,8.79009465296772,7.36673377689524,10.2134555290402
"Isla Hermite","HER42PB","HER42PB_1D",131,143.2,144.4,143.8,-2.82534349670083,-5.12792855596141,9.45766693483669,4.72466337716124,8.65964903072697,7.36161377351303,9.95768428794092,8.68218101628882,7.23018496172017,10.1341770708575
"Isla Hermite","HER42PB","HER42PB_1D",137,150.7,151.9,151.3,-2.95158689878467,-5.25417206832391,8.8532660887407,3.86243342184815,8.57240048402633,7.2740229176145,9.87077805043816,8.5974459794722,7.12294248442811,10.0719494745163
"Isla Hermite","HER42PB","HER42PB_1D",144,159.2,160.3,159.8,-1.87271198515163,-4.17529705862793,9.58284819899656,4.37984101193966,9.31802573439592,8.02125202908266,10.6147994397092,9.32159079827638,8.03871899327897,10.6044626032738
"Isla Hermite","HER42PB","HER42PB_1D",147,162.9,164.1,163.5,-1.68594565172704,-3.98853073932353,9.28368083617101,4.1508779082108,9.44710250906239,8.1503021712547,10.7439028468701,9.44694904969872,8.19705950989434,10.6968385895031
"Isla Hermite","HER42PB","HER42PB_1E",158,169.3,170.5,169.9,-2.66643467031516,-4.96901980647494,8.0782662800668,3.14459202722731,8.76947310019279,7.47181052894561,10.06713567144,8.78884120630282,7.36514791784246,10.2125344947632
"Isla Hermite","HER42PB","HER42PB_1E",162,175.6,176.8,176.2,-2.66474344336451,-4.96732856508708,9.3877562103865,4.79253635563298,8.77064193033479,7.47298297647508,10.0683008841945,8.78997636406602,7.36658411813205,10.21336861
"Isla Hermite","HER42PB","HER42PB_1E",166,181.9,183.1,182.5,-2.18961394481011,-4.49219906459945,9.27683052587651,5.28142591179408,9.099010443534,7.8020763587902,10.3959445282778,9.10888503484101,7.76990712455517,10.4478629451269
"Isla Hermite","HER42PB","HER42PB_1E",174,194.9,196.1,195.5,-2.95221888329068,-5.25480395713633,8.85320007534911,4.33420758560076,8.57196371086609,7.27358432790727,9.87034309382491,8.59702178914225,7.12240557143278,10.0716380068517
"Isla Hermite","HER42PB","HER42PB_1E",179,202.5,203.6,203,-2.57740909257757,-4.87999421189759,9.14237584852239,4.0263800387683,8.83099989801809,7.5335177498279,10.1284820462083,8.84859550223193,7.44074376595472,10.2564472385091
"Isla Hermite","HER42PB","HER42PB_1F",184,201.4,202.5,202,-1.66792728395835,-3.9705123928559,9.53177754928083,4.59810329603872,9.45955525016241,8.16274759060802,10.7563629097168,9.45904304456145,8.21233194965615,10.7057541394668
"Isla Hermite","HER42PB","HER42PB_1F",189,208.1,209.3,208.7,-2.48100015807243,-4.78358526301968,9.3365604876083,5.13016642168997,8.89762943497358,7.60031968491268,10.1949391850345,8.91330553443876,7.52259689297683,10.3040141759007
"Isla Hermite","HER42PB","HER42PB_1F",191,210.9,212.2,211.5,-2.6625081778642,-4.96509325652605,9.05772558018548,4.21683306076627,8.77218675298036,7.47453256887813,10.0698409370826,8.79147668250911,7.368482313464,10.2144710515542
"Isla Hermite","HER42PB","HER42PB_1F",197,219.3,220.5,219.9,-1.89973850354879,-4.20232356980625,8.94680591979604,4.76034606868668,9.29934733684319,8.00257004343812,10.5961246302483,9.30345049950743,8.01580054975932,10.5911004492555
"Isla Hermite","HER42PB","HER42PB_1F",200,223.4,224.6,224,-2.85099542223731,-5.15358051523135,9.16608643402768,5.69231835941605,8.64192063315381,7.3438191334548,9.94002213285283,8.66496334931477,7.20839549798126,10.1215312006483
"Isla Hermite","HER42PB","HER42PB_1F",205,230.3,231.5,230.9,-2.28689405376229,-4.58947913691202,8.60515430358127,4.57096366422755,9.03177882596937,7.73474362761263,10.3288140243261,9.04359026713415,7.68735622262308,10.3998243116452
"Isla Hermite","HER42PB","HER42PB_1F",209,235.8,236.9,236.4,-1.92395113568658,-4.22653623552859,9.31604091001985,4.18323798191888,9.28261365467882,7.98583154886064,10.579395760497,9.28719889156787,7.9952671641193,10.5791306190164
"Isla Hermite","HER42PB","HER42PB_1F",211,238.4,239.5,239,-2.04773557052805,-4.35032070227375,9.52338606306293,4.42391955494839,9.19706453396591,7.90023423080735,10.4938948371245,9.20411432262818,7.89027642588524,10.5179522193711
"Isla Hermite","HER42PB","HER42PB_1F",213,241.1,242.3,241.7,-2.0482986588344,-4.35088376733783,9.41235158808437,4.7558881074937,9.19667537591423,7.89984476333398,10.4935059884945,9.20373637568139,7.88979876891652,10.5176739824463
"Isla Hermite","HER42PB","HER42PB_1G",224,246.9,248.1,247.5,-3.00684683205724,-5.30943190482776,9.70801852021435,3.86497397811982,8.53420958621129,7.23566931001338,9.83274986240919,8.56035530856945,7.0759936940496,10.0447169230893
"Isla Hermite","HER42PB","HER42PB_1G",231,256.4,257.6,257,-3.10685216484353,-5.40943732488931,9.41491847819261,4.53531144624539,8.46509452907647,7.16623987751067,9.76394918064227,8.49323136057986,6.99102020944024,9.99544251171949
"Isla Hermite","HER42PB","HER42PB_1G",232,257.7,258.9,258.3,-3.29985835737211,-5.60244350458375,8.64573273778196,5.07374703536734,8.33170530219901,7.03217144743988,9.63123915695814,8.36368489272657,6.82699326627098,9.90037651918215
"Isla Hermite","HER42PB","HER42PB_1G",236,263.2,264.4,263.8,-3.17990232977079,-5.48248735063162,8.64293835084814,3.87524923536228,8.41460855815885,7.11550806192627,9.71370905439144,8.44419982061502,6.92894308487531,9.95945655635474
"Isla Hermite","HER42PB","HER42PB_1G",240,268.6,269.8,269.2,-3.65329156244247,-5.95587657823348,8.83585363076915,4.58835788901423,8.08744276658021,6.78641811459271,9.38846741856771,8.1264592227152,6.52652677601431,9.72639166941608
"Isla Hermite","HER42PB","HER42PB_1G",245,275.2,276.4,275.8,-3.54955318924113,-5.85213817784189,8.67131215554056,3.19864140194571,8.15913777914725,6.85858378826265,9.45969177003184,8.19608880119149,6.61473131681333,9.77744628556966
"Isla Hermite","HER42PB","HER42PB_1G",253,285.8,286.9,286.3,-1.63256591978286,-3.93515100765992,8.95402186727739,4.92546504591561,9.48399397395104,8.18716951438234,10.7808184335197,9.48277772253936,8.24230251199739,10.7232529330813
"Isla Hermite","HER42PB","HER42PB_1H",260,285,286.2,285.6,-2.19291575565562,-4.49550086657228,9.36147442263518,4.84248193272251,9.09672851677192,7.79979139958277,10.3936656339611,9.1066688472309,7.76710548600013,10.4462322084617
"Isla Hermite","HER42PB","HER42PB_1H",264,290.3,291.5,290.9,-3.5298325972904,-5.83241775852096,8.5373847936401,3.89139261319708,8.17276695072673,6.87229932452905,9.47323457692441,8.20932533519967,6.63149777036225,9.7871529000371
"Isla Hermite","HER42PB","HER42PB_1H",269,297,298.2,297.6,-2.31799029614778,-4.62057543991805,9.15588425481793,5.32082229033036,9.01028778634907,7.71321512752673,10.3073604451714,9.02271835462309,7.66096517958049,10.3844715296657
"Isla Hermite","HER42PB","HER42PB_1H",273,302.3,303.5,302.9,-2.584821473512,-4.88740657976697,9.00648409288161,3.35149178235981,8.82587709988808,7.52838070721948,10.1233734925567,8.84362028482643,7.43444997119848,10.2527905984544
"Isla Hermite","HER42PB","HER42PB_1H",278,309.3,310.6,309.9,-1.91322821527794,-4.21581332182184,9.4506529452984,4.89427292381676,9.29002441204592,7.99324462377815,10.5868042003137,9.29439615527124,8.00436080513598,10.5844315054065
"Isla Hermite","HER42PB","HER42PB_1H",281,313.5,314.8,314.2,-1.76883840343708,-4.0714235081592,9.51813963180376,5.66438553474923,9.38981419142092,8.09303676380544,10.6865916190364,9.39131112920512,8.12679115756937,10.6558311008409
"Isla Hermite","HER42PB","HER42PB_1H",286,320.5,321.8,321.1,-2.37464082167149,-4.67722595765415,9.19383515032171,4.217601282931,8.97113583115628,7.67398852976641,10.2682831325461,8.9846943130756,7.6128827373581,10.3565058887931
"Isla Hermite","HER42PB","HER42PB_1I",301,332.1,333.3,332.7,-2.50187998530753,-4.80446513932867,9.38635047337173,5.24491430395333,8.88319909998931,7.58585404104597,10.1805441589327,8.89929091743473,7.50487060515143,10.293711229718
"Isla Hermite","HER42PB","HER42PB_1I",303,334.9,336.2,335.6,-2.48851105385479,-4.79109611071885,9.36494328810062,6.10263790556233,8.89243855188096,7.59511622966593,10.189760874096,8.90826419350419,7.51622046026579,10.3003079267426
"Isla Hermite","HER42PB","HER42PB_1I",312,347.6,348.8,348.2,-3.06651040194988,-5.36909547347707,8.24083231516475,4.71746729922897,8.49297527472902,7.19425052723636,9.79170002222169,8.52030890053534,7.02529956561236,10.0153182354583
"Isla Hermite","HER42PB","HER42PB_1I",317,354.3,355.4,354.9,-1.53457611019597,-3.83716120319002,9.56581692152712,2.92042590722812,9.55171607535838,8.25482823366928,10.8486039170475,9.54854884392822,8.32534065479198,10.7717570330645
"Isla Hermite","HER42PB","HER42PB_1I",320,358.3,359.6,358.9,-1.66744441109045,-3.97002951998033,9.28087581868198,5.34353500541291,9.45988897022437,8.16308110294941,10.7566968374993,9.45936715061027,8.21274122580249,10.705993075418
"Isla Hermite","HER42PB","HER42PB_1I",322,361,362.2,361.6,-1.04029329689268,-3.34287838988673,9.86755241348809,4.02450787124817,9.89332170708225,8.59573732250826,11.1909060916562,9.8803132901625,8.74387876124057,11.0167478190844
"Isla Hermite","HER42PB","HER42PB_1J",335,369.7,370.8,370.2,-1.21675373692162,-3.51933882653945,9.97718948344483,5.08433722515978,9.77136747669438,8.47410392182986,11.0686310315589,9.76187239237523,8.59452558814314,10.9292191966073
"Isla Hermite","HER42PB","HER42PB_1J",340,376.7,377.9,377.3,-1.61875707121827,-3.92134214402506,10.0674757463862,5.28795217305126,9.49353745859247,8.19670556408453,10.7903693531004,9.49204627259585,8.2540055374844,10.7300870077073
"Isla Hermite","HER42PB","HER42PB_1J",342,379.6,380.9,380.3,-1.96196450127967,-4.26454956582057,9.87135875721964,6.00335263691675,9.25634209633635,7.95954938858007,10.5531348040926,9.26168418046309,7.96302804815989,10.5603403127663
"Isla Hermite","HER42PB","HER42PB_1J",346,385.3,386.5,385.9,-2.14711661612856,-4.44970171768274,10.2561900508501,6.43492140853961,9.12838093026774,7.83148336988843,10.425278490647,9.13740939849883,7.80596521741315,10.4688535795845
"Isla Hermite","HER42PB","HER42PB_1J",349,389.6,390.9,390.2,-1.60119211267694,-3.9037771957531,10.0308957458306,4.88099838430973,9.50567684235664,8.20883478086824,10.802518903845,9.50383593751389,8.26889131699058,10.7387805580372
"Isla Hermite","HER42PB","HER42PB_1J",352,394,395.2,394.6,-1.44531090209167,-3.7478960120584,9.29717124109191,5.32327283190667,9.61340848501682,8.31644138112192,10.9103755889117,9.60846398064275,8.40096796155641,10.8159599997291
"Isla Hermite","HER42PB","HER42PB_1J",353,395.4,396.6,396,-1.4813387558482,-3.78392385324107,9.5302111001346,5.36972673488655,9.58850914113734,8.29157649733606,10.8854417849386,9.58428195240134,8.37044647669005,10.7981174281126
"Kerguelen","KER1","CAT1-S1-1A",1,0,1.4,0.7,-2.86825282706818,-5.17083784963731,10.3944753828036,4.23639553797763,8.62999380397728,7.33184678861542,9.92814081933915,8.65338011558085,7.19373611586522,10.1130241152965
"Kerguelen","KER1","CAT1-S1-1A",3,3.1,4.7,3.9,0.0168398907626922,-2.28574520321465,10.7942299965342,6.91501151371816,10.623920952425,9.32274119710532,11.9251007077447,10.5898649823496,9.63664203830322,11.5430879263961
"Kerguelen","KER1","CAT1-S1-1A",5,6.4,7.8,7.1,0.321283299384501,-1.98130179070867,10.6185565877526,6.53083215220209,10.8343259677874,9.53158106422359,12.1370708713511,10.7942085204065,9.89293457110536,11.6954824697076
"Kerguelen","KER1","CAT1-S1-1A",7,9.3,10.6,9.9,-0.575436145717781,-2.87802124048973,9.83668676453478,4.51546271897546,10.2145908601147,8.91577825125732,11.5134034689721,10.1923271235121,9.13691832463816,11.2477359223861
"Kerguelen","KER1","CAT1-S1-1A",8,10.7,12,11.4,-0.766969167765107,-3.06955426506561,10.4809453958415,5.99133445039577,10.0822197615625,8.78398042053542,11.3804591025895,10.063769453116,8.97505275340851,11.1524861528235
"Kerguelen","KER1","CAT1-S1-1A",9,12.1,13.6,12.8,-1.3709703360428,-3.67355542903684,9.4733445962411,5.70345031082924,9.66478626984838,8.36773749772007,10.9618350419767,9.65836164259689,8.46393760649667,10.8527856786971
"Kerguelen","KER1","CAT1-S1-1A",11,15.1,16.5,15.8,-2.03423488011696,-4.33681995017181,9.20323742486761,5.60557670009412,9.20639504628085,7.90957191734458,10.5032181752171,9.21317603579615,7.90172864104145,10.5246234305509
"Kerguelen","KER1","CAT1-S1-1A",13,18,19.4,18.7,-1.61615867625752,-3.91874378938644,8.29913352423565,4.21571544481421,9.49533324498874,8.1984998965543,10.7921665934232,9.49379032487128,8.25620763921956,10.731373010523
"Kerguelen","KER1","CAT1-S1-1A",17,24,25.5,24.7,-1.42291276976659,-3.72549787935739,9.80958208381306,5.16333770168338,9.62888814147344,8.33189792935121,10.9258783535957,9.62349768961971,8.41994142269225,10.8270539565472
"Kerguelen","KER1","CAT1-S1-1A",20,28.6,30,29.3,-1.79186297858496,-4.09444804757653,9.33783499667785,4.71299804893958,9.37390159173734,8.07712738679954,10.6706757966751,9.37585694949641,8.10727085004338,10.6444430489494
"Kerguelen","KER1","CAT1-S1-1A",23,33,34.4,33.7,-0.283837933298204,-2.5864230302769,10.429734212255,5.8962479175527,10.4161183842005,9.11625246074475,11.7159843076562,10.3880489185302,9.38311588117011,11.3929819558902
"Kerguelen","KER1","CAT1-S1-1A",25,35.9,37.2,36.6,-0.26394287161236,-2.56652796981462,9.5872236322807,4.74341526546471,10.4298681342069,9.12992241426472,11.729813854149,10.4014025572676,9.39990219090543,11.4029029236298
"Kerguelen","KER1","CAT1-S1-1A",26,37.3,38.7,38,-0.42193781421095,-2.72452290415517,10.297455011271,4.69401623460467,10.3206756623609,9.02133572711232,11.6200155976095,10.2953557694201,9.26655478933612,11.3241567495042
"Kerguelen","KER1","CAT1-S1-1A",27,38.8,40.1,39.4,-0.235760819071756,-2.53834590826819,10.2225248148218,5.26075042795546,10.4493451372551,9.14928465048256,11.7494056240277,10.420318454813,9.42367800094307,11.4169589086829
"Kerguelen","KER1","CAT1-S1-1A",28,40.2,41.6,40.9,-0.378536597976316,-2.68112168512978,9.81659604872506,5.6913455642416,10.35067083818,9.05117085805894,11.6501708183011,10.3244868257353,9.3031943750192,11.3457792764515
"Kerguelen","KER1","CAT1-S1-1B",36,45.1,46.2,45.6,-0.0726764876782244,-2.37526157637074,10.5414994477039,5.46288411373516,10.562054955502,9.26129048031269,11.8628194306912,10.5297812591793,9.56120244175624,11.4983600766025
"Kerguelen","KER1","CAT1-S1-1B",40,50.7,52.1,51.4,-0.36124126085588,-2.66382636102547,10.3472410171728,6.24092168491446,10.3626238828822,9.06305878136825,11.6621889843961,10.3360955197619,9.31779333115536,11.3543977083683
"Kerguelen","KER1","CAT1-S1-1B",41,52.3,53.6,53,0.163873991136919,-2.13871110100828,10.4302823514772,6.33566555096398,10.7255382358738,9.42363203296338,12.0274444387842,10.6885548124941,9.76047675858167,11.6166328664065
"Kerguelen","KER1","CAT1-S1-1B",46,59.9,61.2,60.5,-1.02091332264331,-3.32349841841309,9.45786050702207,5.04883597886409,9.9067154730965,8.60909097266815,11.2043399735248,9.89332120031399,8.76027681342969,11.0263655871983
"Kerguelen","KER1","CAT1-S1-1B",49,64.4,65.8,65.1,-1.05565935373497,-3.35824444960288,9.5736164133521,4.43599675147967,9.88270201444185,8.58514875068492,11.1802552781988,9.86999953617009,8.73087632347291,11.0091227488673
"Kerguelen","KER1","CAT1-S1-1B",51,67.6,68.9,68.3,-1.41026417958888,-3.71284928897108,8.49365385311934,3.33705355169044,9.63762975562991,8.34062592324643,10.9346335880134,9.63198746997017,8.43065555910589,10.8333193808344
"Kerguelen","KER1","CAT1-S1-1B",57,76.5,77.9,77.2,-2.13629071298724,-4.43887579751332,9.09615365878051,5.56811964260386,9.13586286041387,7.8389738610798,10.4327518597479,9.14467578459196,7.81515030304597,10.474201266138
"Kerguelen","KER1","CAT1-S1-1C",69,86.1,87.5,86.8,-2.12894868481727,-4.43153381984144,8.82706836596598,4.53151255383147,9.14093703678342,7.84405367171503,10.4378204018518,9.14960378096264,7.82137943521237,10.4778281267129
"Kerguelen","KER1","CAT1-S1-1C",73,92.4,93.7,93.1,-2.18530948383449,-4.48789456793514,8.65014056028208,4.55716734873546,9.10198531555308,7.80505514195344,10.3989154891527,9.11177420491425,7.77355950143482,10.4499889083937
"Kerguelen","KER1","CAT1-S1-1C",80,103.1,104.5,103.8,-2.24549512482978,-4.54808018004347,8.07892837496622,4.22434510094115,9.06039019357119,7.76340100372945,10.3573793834129,9.07137738083167,7.72248873709242,10.4202660245709
"Kerguelen","KER1","CAT1-S1-1C",86,112.2,113.6,112.9,-2.57164588926495,-4.87423098225899,8.4212164895154,3.62054094455694,8.83498292687398,7.5375117562735,10.1324540974745,8.85246378553875,7.44563720478086,10.2592903662966
"Kerguelen","KER1","CAT1-S1-1C",93,122.9,124.1,123.5,-2.55224135821606,-4.85482648971763,8.39255577625649,3.93260542566559,8.84839366442919,7.55095882703445,10.1458285018239,8.8654881783046,7.46211292872213,10.2688634278871
"Kerguelen","KER1","CAT1-S1-1D",105,130.3,131.4,130.8,-2.45671121145627,-4.7592963161167,8.23773840186629,3.41871803828841,8.91441585912065,7.61714577164266,10.2116859465986,8.9296083649375,7.54321662990484,10.3160000999702
"Kerguelen","KER1","CAT1-S1-1D",108,134.6,135.8,135.2,-2.55528790892491,-4.85787296329394,8.06073179102156,3.85315661413064,8.84628815144864,7.54884767375378,10.1437286291435,8.86344332223912,7.4595262410919,10.2673604033863
"Kerguelen","KER1","CAT1-S1-1D",110,137.6,138.8,138.2,-2.62221303072342,-4.92479806865284,7.73407304352049,3.36674314556043,8.80003528184674,7.50246487925199,10.0976056844415,8.81852293379943,7.4026999500295,10.2343459175694
"Kerguelen","KER1","CAT1-S1-1D",114,143.4,144.6,144,-2.82320362783768,-5.12578877132378,8.13519857253177,3.42686318233996,8.66112792344816,7.36309811577373,9.9591577311226,8.68361730415741,7.23200258915323,10.1352320191616
"Kerguelen","KER1","CAT1-S1-1D",117,147.8,148.9,148.4,-2.36562310845354,-4.66820818014624,8.51260543654387,3.71521920357561,8.97736809644573,7.68023322956578,10.2745029633257,8.99074703542712,7.62053689189938,10.3609571789549
"Kerguelen","KER1","CAT1-S1-1D",119,150.7,151.8,151.3,-2.90027641345247,-5.20286156098402,7.877415006824,3.79144932484179,8.60786186420022,7.30962836188383,9.9060953665166,8.63188576635956,7.16653256282339,10.0972389698957
"Kerguelen","KER1","CAT1-S1-1D",123,156.5,157.7,157.1,-3.04417773214122,-5.34676272017146,8.17775253796191,3.60734454088443,8.50840968914268,7.2097550602624,9.80706431802296,8.53529867082998,7.04427536638621,10.0263219752737
"Kerguelen","KER1","CAT1-S1-1D",124,158,159.2,158.6,-3.16103198348739,-5.46361710007637,7.91883003626567,3.86140474147207,8.4276501132959,7.12861443382323,9.72668579276856,8.45686566659725,6.94497944004618,9.96875189314831
"Kerguelen","KER1","CAT1-S1-1E",132,161.5,162.7,162.1,-3.37496871038981,-5.67755377416049,10.0903947657844,5.54792065655541,8.27979550703509,6.9799715520657,9.57961946200449,8.31327054692149,6.76314971167849,9.86339138216448
"Kerguelen","KER1","CAT1-S1-1E",137,168.8,170,169.4,-2.24326771583795,-4.54585277113569,7.96779068673917,3.70520287446315,9.06192958647599,7.76494274696409,10.3589164259879,9.0728724259573,7.72437891537259,10.421365936542
"Kerguelen","KER1","CAT1-S1-1E",144,179,180.2,179.6,-2.79270281307569,-5.09528787341957,8.06111445179211,3.57998424405559,8.68220745487114,7.38425404408046,9.98016086566181,8.70408956345281,7.25790968112334,10.1502694457823
"Kerguelen","KER1","CAT1-S1-1E",145,180.4,181.6,181,-2.17465235362131,-4.47723741141885,8.40221510393704,3.51778890775286,9.10935060441373,7.81242990886546,10.406271299962,9.11892730999592,7.78260205226691,10.4552525677249
"Kerguelen","KER1","CAT1-S1-1E",146,181.9,183,182.4,-0.891231766886823,-3.19381686475713,9.49473571930961,5.26442825738115,9.99634017495711,8.69842239456844,11.2942579553458,9.98036393854886,8.86997887996584,11.0907489971319
"Kerguelen","KER1","CAT1-S1-1E",147,183.3,184.4,183.8,-2.02442867588284,-4.32701373858976,8.17833049808866,3.88976898847002,9.2131722485263,7.91635403623829,10.5099904608143,9.21975799622413,7.91004674473099,10.5294692477173
"Kerguelen","KER1","CAT1-S1-1E",151,189,190.3,189.7,-3.13993094266151,-5.44251596634874,7.9351645634755,3.49771874223629,8.44223333202686,7.14326905073804,9.74119761331568,8.47102876297881,6.96291101160004,9.97914651435758
"Kerguelen","KER1","CAT1-S1-1E",157,198.4,199.7,199,-2.86820113651234,-5.17078626471703,8.02137878576391,3.00472280434245,8.63002952802939,7.33188265014105,9.92817640591774,8.65341481047246,7.19378002519498,10.1130495957499
"Kerguelen","KER1","CAT1-S1-1E",161,204.5,205.8,205.2,-2.49667030708426,-4.7992554243623,8.05097099744366,2.91953512705605,8.88679958006395,7.58946343597034,10.1841357241576,8.90278767266125,7.5092935087692,10.2962818365533
"Kerguelen","KER1","CAT1-S1-1F",170,210.3,211.7,211,-2.68017928370222,-4.98276442045939,7.7591123213033,3.04766999230555,8.75997400936357,7.46228176689227,10.0576662518349,8.77961577113426,7.35347576737319,10.2057557748953
"Kerguelen","KER1","CAT1-S1-1F",177,220.9,222.2,221.6,-3.05746268778356,-5.36004767441006,8.03270877470802,4.154006669048,8.49922827408538,7.2005320881244,9.79792446004636,8.52638175963399,7.03298736858983,10.0197761506782
"Kerguelen","KER1","CAT1-S1-1F",179,224,225.4,224.7,-2.75387635180278,-5.05646150761037,7.89673892648962,3.41928371703695,8.70904095479014,7.4111813370344,10.0069005725459,8.73015002737499,7.29088678955532,10.1694132651947
"Kerguelen","KER1","CAT1-S1-1F",180,225.6,226.8,226.2,-1.68540170478813,-3.98798681396603,9.19468097978707,5.1338269567241,9.4474784382525,8.1506778916541,10.7442789848509,9.44731414888912,8.19752057081556,10.6971077269627
"Kerguelen","KER1","CAT1-S1-1F",185,233.2,234.5,233.8,-0.844604417962102,-3.14718950397498,9.05999751933094,4.68229130042292,10.0285649753271,8.73053118350958,11.3265987671447,10.0116603870173,8.90941119957808,11.1139095744565
"Kerguelen","KER1","CAT1-S1-1F",186,234.7,235.9,235.3,-1.72680777470836,-4.0293928452117,8.93716153648975,4.55264139121048,9.41886213541612,8.1220753032114,10.7156489676208,9.41952224213433,8.16242226116252,10.6766222231061
"Kerguelen","KER1","CAT1-S1-1F",188,237.8,239.1,238.4,-2.40495543922327,-4.70754051006145,7.63276395563538,3.9001967956638,8.95018498317911,7.6529943466604,10.2473756196978,8.96434703003402,7.58715107847167,10.3415429815964
"Kerguelen","KER1","CAT1-S1-1F",191,242.3,243.6,242.9,-2.54047398700311,-4.84305904194011,7.82305642858122,3.1376903543899,8.85652625607255,7.55911298028356,10.1539395318616,8.8733864812377,7.4721039474679,10.2746690150075
"Kerguelen","KER3","CAT2-S3-1A",6,7.9,9.1,8.5,-3.29929432814406,-5.60187952951216,8.85991823045975,5.48187145096766,8.33209511053458,7.03256337962401,9.63162684144516,8.36406347122346,6.82747266694385,9.90065427550308
"Kerguelen","KER3","CAT2-S3-1A",9,12.3,13.5,12.9,-3.04664976488015,-5.34923494205308,8.66677200365123,5.5760193556028,8.50670123341107,7.20803890596558,9.80536356085656,8.5336394333436,7.04217493819301,10.0251039284942
"Kerguelen","KER3","CAT2-S3-1A",13,18.1,19.3,18.7,-3.02025611988619,-5.32284123337678,8.69118701486174,5.47035372784041,8.52494224347452,7.22636130312028,9.82352318382877,8.55135494515152,7.06460063317493,10.0381092571281
"Kerguelen","KER3","CAT2-S3-1A",15,21,22.1,21.6,-2.98634820200527,-5.28893333462571,8.73036135324011,5.57777321231079,8.5483764705939,7.2498974656462,9.8468554755416,8.57411406461906,7.09340973297909,10.054818396259
"Kerguelen","KER3","CAT2-S3-1A",20,28.2,29.4,28.8,-2.86836151623355,-5.17094666205203,8.53168574539064,5.40451655801897,8.62991868740434,7.33177138295603,9.92806599185265,8.65330716301242,7.19364378818792,10.1129705378369
"Kerguelen","KER3","CAT2-S3-1A",21,29.6,30.7,30.2,-2.90132124331806,-5.20390631811393,8.55972610509524,5.11719254777739,8.6071397679495,7.30890339947948,9.90537613641952,8.6311844727025,7.16564497452618,10.0967239708788
"Kerguelen","KER3","CAT2-S3-1A",22,31,32.1,31.6,-2.42719274093065,-4.72977785657877,8.77786193283502,5.14882056054773,8.9348164789683,7.63759255023466,10.2320404077019,8.94942127116049,7.56827475069207,10.3305677916289
"Kerguelen","KER3","CAT2-S3-1A",27,38.2,39.3,38.7,-1.9287371477656,-4.23132220635557,8.58474578473369,5.07118097883646,9.27930597608736,7.9825227402662,10.5760892119085,9.28398650261901,7.99120829010055,10.5767647151375
"Kerguelen","KER3","CAT2-S3-1A",28,39.5,40.7,40.1,-1.83193993207377,-4.13452501257583,9.01154174122911,5.63713660608764,9.34620385949653,8.0494320068135,10.6429757121796,9.34895715058956,8.07329111608758,10.6246231850915
"Kerguelen","KER3","CAT2-S3-1A",32,45.1,47,46.1,-2.35118815666787,-4.65377320766977,8.75429387317478,5.31870088440834,8.98734428961072,7.69022889139376,10.2844596878277,9.00043582827344,7.63278889806783,10.368082758479
"Kerguelen","KER3","CAT2-S3-1B",38,46.4,47.6,47,-2.24200367211076,-4.5445887651048,8.47493400462976,4.81848738040404,9.06280318443313,7.76581767304045,10.3597886958258,9.0737208567663,7.72545157887186,10.4219901346607
"Kerguelen","KER3","CAT2-S3-1B",42,51.6,52.7,52.2,-2.25561113904111,-4.55819624157627,8.55597396415608,5.16580678129377,9.05339887740121,7.75639885254329,10.3503989022591,9.06458747480502,7.71390419461768,10.4152707549924
"Kerguelen","KER3","CAT2-S3-1B",45,55.3,56.5,55.9,-0.826392771743876,-3.12897785559768,9.44231755244841,6.0885366944173,10.0411512938146,8.74307067387574,11.3392319137534,10.0238841110878,8.92481094030905,11.1229572818665
"Kerguelen","KER3","CAT2-S3-1B",47,58.1,59.3,58.7,-3.40185574833794,-5.70444069123321,8.21128812201907,4.9859606248949,8.26121350633377,6.96128219715994,9.5611448155076,8.29522386794406,6.74029439963404,9.85015333625408
"Kerguelen","KER3","CAT2-S3-1B",52,64.6,65.7,65.1,-3.54629031203685,-5.84887530097767,7.97482255095675,4.78122383542737,8.16139279833587,6.86085316551753,9.46193243115422,8.1982788563981,6.61750544211856,9.77905227067764
"Kerguelen","KER3","CAT2-S3-1B",55,68.3,69.4,68.9,-2.25656571629428,-4.55915080928832,9.75771723575116,6.43421872461938,9.05273915596882,7.75573809508248,10.3497402168552,9.06394675903408,7.71309412338092,10.4147993946872
"Kerguelen","KER3","CAT2-S3-1B",56,69.5,70.7,70.1,-2.95835928562483,-5.26094432081987,8.64813939905273,5.63058312727025,8.56771999459286,7.26932290858429,9.86611708060143,8.59290032846181,7.11718886523016,10.0686117916935
"Kerguelen","KER3","CAT2-S3-1B",62,77.2,78.2,77.7,-3.65104081096418,-5.95362594247296,9.02285784192117,5.52463769296469,8.08899829179756,6.78798414291117,9.39001244068394,8.12796993540378,6.52844060698977,9.72749926381778
"Kerguelen","KER3","CAT2-S3-1B",65,80.8,81.9,81.4,-3.65418871659401,-5.95677369367957,8.33345154885762,5.06686257297197,8.08682273104096,6.78579388889389,9.38785157318802,8.12585704954174,6.52576391774509,9.7259501813384
"Kerguelen","KER3","CAT2-S3-1B",68,84.5,85.6,85.1,-3.36863738847378,-5.67122245242889,7.74435542388099,4.54508921620361,8.28417117044997,6.9843722261345,9.58397011476544,8.31752015352902,6.76853154058632,9.86650876647171
"Kerguelen","KER3","CAT2-S3-1C",78,89.2,90.2,89.7,-2.78918554673725,-5.09177062346354,7.98760181075811,4.62127207890816,8.68463828587951,7.38669353127825,9.98258304048077,8.70645036558394,7.26089713705232,10.1520035941156
"Kerguelen","KER3","CAT2-S3-1C",83,95.7,96.8,96.2,-3.23017851024067,-5.53276355266638,8.57982067862862,5.43047769056241,8.37986200026156,7.08058435985363,9.6791396406695,8.41045426296374,6.88621558820416,9.93469293772332
"Kerguelen","KER3","CAT2-S3-1C",85,98.3,99.3,98.8,-3.39992560071848,-5.70251078359815,8.98887346231249,6.00581853370985,8.26254745782696,6.96262391691768,9.56247099873625,8.29651939014084,6.7419351451871,9.85110363509458
"Kerguelen","KER3","CAT2-S3-1C",89,103.5,104.7,104.1,-2.50486994495057,-4.80745505018658,8.78357210086302,4.70970776842924,8.88113269787052,7.58378249094524,10.1784829047958,8.89728404550121,7.50233217706085,10.2922359139416
"Kerguelen","KER3","CAT2-S3-1C",91,106.1,107.2,106.7,-2.67158071140348,-4.97416586224878,7.8687756137129,4.61929835276603,8.76591660061493,7.46824297720905,10.0635902240208,8.78538716455584,7.36077784488186,10.2099964842298
"Kerguelen","KER3","CAT2-S3-1C",96,112.8,113.9,113.3,-2.60449749805333,-4.90708263162066,7.43188055558281,2.36878241911608,8.81227872945651,7.51474383976669,10.1098136191463,8.83041366462772,7.41774284830765,10.2430844809478
"Kerguelen","KER3","CAT2-S3-1C",101,118.9,119.9,119.4,-2.90985137364619,-5.21243641157803,6.79628974333337,3.27535650260802,8.60124447788276,7.30298460491265,9.89950435085286,8.62545901778387,7.1583985356899,10.0925194998778
"Kerguelen","KER3","CAT2-S3-1D",110,122.4,123.5,123,-3.79888666004585,-6.10147184234279,6.89022478841716,3.01858994366666,7.98681999768336,6.68508848886664,9.28855150650008,8.02873525653478,6.40271626058858,9.65475425248098
"Kerguelen","KER3","CAT2-S3-1D",115,128.9,130,129.5,-3.44937671892433,-5.75196178043761,6.93395194333401,3.42637655878763,8.22837111177668,6.92824554069116,9.5284966828622,8.26332761732239,6.69989742772075,9.82675780692402
"Kerguelen","KER3","CAT2-S3-1D",117,131.4,132.4,131.9,-3.47317682996165,-5.7757620519117,6.84592333740466,3.65899986367036,8.21192252860287,6.91169749499862,9.51214756220712,8.24735289506603,6.67966440361708,9.81504138651497
"Kerguelen","KER3","CAT2-S3-1D",121,136.5,137.6,137.1,-3.29182341667752,-5.59440856345528,7.2532055585205,3.68805031922659,8.33725835991812,7.03775468385274,9.6367620359835,8.36907797453787,6.83382258982575,9.90433335924999
"Kerguelen","KER3","CAT2-S3-1D",124,140.5,141.6,141,-3.24934853759874,-5.55193352749862,7.30895044585259,3.76411496733639,8.36661333142346,7.06726644201042,9.6659602208365,8.39758726993955,6.86992310945149,9.92525143042761
"Kerguelen","KER3","CAT2-S3-1D",130,148.3,149.4,148.9,-3.65122280963246,-5.95380774853955,7.10620331316176,3.87759205047086,8.08887251002167,6.78785751232119,9.38988750772215,8.12784777722678,6.52828585232414,9.72740970212942
"Kerguelen","KER3","CAT2-S3-1D",133,152.3,153.4,152.8,-3.21448557612884,-5.51707056956095,7.47019994358454,4.02199607874712,8.39070760226631,7.09148594977416,9.68992925475845,8.42098741818434,6.89955261284285,9.94242222352583
"Kerguelen","KER3","CAT2-S3-1D",134,153.6,154.8,154.2,-3.03616915473991,-5.33875422690864,7.92890002774527,4.68067414108977,8.51394452682822,7.21531473114217,9.81257432251427,8.54067405750166,7.05108001810653,10.0302680968968
"Kerguelen","KER3","CAT2-S3-1D",136,156.4,157.6,157,-3.14005293009478,-5.44263795377356,7.63237909971158,4.44950844064282,8.44214902483858,7.14318433406836,9.74111371560879,8.47094688456395,6.96280734864152,9.97908642048638
"Kerguelen","KER3","CAT2-S3-1D",139,160.4,161.5,160.9,-3.67227877110386,-5.97486390343936,6.82671634134461,3.18807201409707,8.07432044625089,6.77320667644115,9.37543421606062,8.11371493827411,6.51038162096001,9.7170482555882
"Kerguelen","KER3","CAT2-S3-1D",141,163,164.1,163.5,-3.81172958082034,-6.1143148999574,6.79367887373824,3.13648493804536,7.97794407898607,6.67614762617361,9.27974053179853,8.02011504077145,6.39179403467024,9.64843604687266
"Kerguelen","KER3","CAT2-S3-1D",142,164.3,165.5,164.9,-3.85895230156909,-6.16153758422574,6.98385265838092,3.64767676917153,7.94530780898249,6.64326894993825,9.24734666802672,7.98841897654016,6.35163235117486,9.62520560190546
"Kerguelen","KER3","CAT2-S3-1E",150,166.5,167.5,167,-4.24490246381333,-6.5474876963053,6.86971277507567,2.67192138194124,7.678572358267,6.37433989292515,8.98280482360884,7.72936780501495,6.02332147542508,9.43541413460482
"Kerguelen","KER3","CAT2-S3-1E",152,169.1,170.2,169.6,-3.95124747458848,-6.25383241158195,7.76172873676191,2.52675101111317,7.88152134901305,6.57899233367808,9.18405036434801,7.92647011620605,6.27313213580378,9.57980809660832
"Kerguelen","KER3","CAT2-S3-1E",156,174.6,175.7,175.1,-3.46566646521057,-5.76825155820462,7.41170606753018,3.02674166735345,8.21711304469249,6.91691955382596,9.51730653555902,8.25239387957044,6.68604919917594,9.81873855996494
"Kerguelen","KER3","CAT2-S3-1E",158,177.2,178.3,177.8,-1.24357117624998,-3.54615626577605,8.34191608444029,5.02086309866125,9.75283357655377,8.4556117675906,11.0500553855169,9.74387242824794,8.57182104164211,10.9159238148538
"Kerguelen","KER3","CAT2-S3-1E",159,178.6,179.6,179.1,-3.74778866558836,-6.05037371615525,7.6484592138504,3.65522122179922,8.02213452249927,6.72065724481293,9.3236118001856,8.06303241876379,6.44617094520114,9.67989389232644
"Kerguelen","KER3","CAT2-S3-1E",163,183.8,184.9,184.3,-2.76236200978155,-5.06494708693839,9.35377517071431,5.66857631683463,8.70317640017401,7.40529661436942,10.0010561859786,8.72445442246119,7.28367969234105,10.1652291525813
"Kerguelen","KER3","CAT2-S3-1E",165,186.4,187.5,187,-4.28504134955127,-6.58762658775643,7.9350569440355,4.2125626244259,7.65083182379935,6.34634953673348,8.95531411086522,7.70242643695419,5.98917024079609,9.4156826331123
"Kerguelen","KER3","CAT2-S3-1E",168,190.4,191.5,190.9,-2.56698069222572,-4.86956577219333,8.45217750557369,4.85366414169532,8.83820710853438,7.54074476151195,10.1356694555568,8.85559508298757,7.44959831153009,10.2615918544451
"Kerguelen","KER3","CAT2-S3-1E",171,194,195,194.5,-1.79942221521979,-4.10200732635229,8.01279750853564,4.28809638557708,9.36867729961856,8.07190385495604,10.6654507442811,9.37078316200349,8.10086188805608,10.6407044359509
"Kerguelen","KER3","CAT2-S3-1E",174,197.7,198.6,198.1,-0.820389706199089,-3.12297479692175,9.30106597592699,6.16168023685729,10.045300094749,8.74720385229441,11.3433963372036,10.027913390809,8.92988691429558,11.1259398673224
"Kerguelen","KER3","CAT2-S3-1E",177,201.6,202.7,202.1,-3.43529388682279,-5.73787901085737,8.56429155100529,5.3059432241429,8.23810395019839,6.93803655055215,9.53817134984462,8.27278006613879,6.71186930155602,9.83369083072156
"Kerguelen","KER3","CAT2-S3-1E",181,207,208.1,207.5,-1.59198769694904,-3.8945727997701,9.11068005571345,5.87844453699589,9.51203814031147,8.21519043380239,10.8088858468205,9.51001397527828,8.27669153513682,10.7433364154197
"Marion Island","PB1","PB1_1A",4,5,6.3,5.7,-3.65460800685806,-5.95719298389501,8.02307154090292,3.54892961727522,8.0865329537886,6.78550215264186,9.38756375493533,8.12557562037099,6.52540739119271,9.72574384954927
"Marion Island","PB1","PB1_1A",7,9.8,11.1,10.4,-2.57396434159786,-4.87654947394508,8.96842370782387,5.52952445915388,8.83338061266744,7.53590503621303,10.1308561891218,8.850907631787,7.44366865145602,10.258146612118
"Marion Island","PB1","PB1_1A",9,12.6,13.8,13.2,-2.69098837047776,-4.99357347821805,9.02940872796578,5.10733538691775,8.75250370123847,7.45478778350979,10.0502196189671,8.77236067224782,7.34429633885071,10.2004250056449
"Marion Island","PB1","PB1_1A",14,19.4,20.7,20.1,-1.86628141936653,-4.16886651236058,9.27724577514973,5.31917883160702,9.32246998660991,8.0256968579252,10.6192431152946,9.32590701773464,8.04417190801321,10.6076421274561
"Marion Island","PB1","PB1_1A",16,22.3,23.5,22.9,-2.99206353162522,-5.29464870432631,8.98552290532208,5.00629114995073,8.54442652790362,7.24593054798858,9.84292250781867,8.57027791431123,7.08855392629201,10.0520019023304
"Marion Island","PB1","PB1_1A",17,23.7,24.9,24.3,-2.27294095458791,-4.57552604758196,9.05605067538654,3.40105836499979,9.04142200418573,7.74440280550634,10.3384412028651,9.05295563873165,7.69919758490832,10.406713692555
"Marion Island","PB1","PB1_1A",22,30.4,31.6,31,-3.41612221496187,-5.71870739930923,9.03260017283864,2.76669877990945,8.25135375557496,6.95136473272064,9.55134277842927,8.28564816295935,6.72816689795624,9.84312942796245
"Marion Island","PB1","PB1_1A",28,38.5,39.8,39.2,-1.66163909250938,-3.96422418550342,10.1700309813492,6.62611729749077,9.46390110551993,8.16709069391938,10.7607115171205,9.46326370184051,8.21766169481363,10.7088657088674
"Marion Island","PB1","PB1_1A",32,44,45.3,44.7,-0.511730024279539,-2.81431510893271,10.6428691679794,3.04196670843731,10.2586190344167,8.95959489918212,11.5576431696513,10.2350869070446,9.19073075964672,11.2794430544425
"Marion Island","PB1","PB1_1B",39,46.4,47.6,47,-0.480214133076958,-2.78279923253669,10.6402370553207,4.26311002733032,10.2804000990903,8.98126747468846,11.5795327234921,10.2562404893886,9.2173471527174,11.2951338260597
"Marion Island","PB1","PB1_1B",41,49.3,50.5,49.9,0.843320294205762,-1.459264798358,11.2162973099178,7.0232367747931,11.1951128950272,9.88913665363061,12.5010891364238,11.1446016755786,10.3312228070214,11.9579805441358
"Marion Island","PB1","PB1_1B",42,50.6,51.8,51.2,0.825583107005435,-1.47700198774053,11.0947834963773,6.9470381575108,11.1828544816746,9.87699934048078,12.4887096228683,11.1326964101498,10.3163597737367,11.9490330465629
"Marion Island","PB1","PB1_1B",44,53.3,54.5,53.9,1.0322440149093,-1.27034107665992,11.0272800753757,6.6044314460732,11.3256806696323,10.0183653699905,12.632995969274,11.2714079732948,10.4893891319706,12.053426814619
"Marion Island","PB1","PB1_1B",45,54.7,55.8,55.2,1.1756678713227,-1.12691722136273,11.036343804156,5.83333661745625,11.4248028639626,10.1164110663193,12.7331946616058,11.3676745943852,10.6092738848101,12.1260753039604
"Marion Island","PB1","PB1_1B",46,56,57.7,56.8,1.37520100575303,-0.927384086229864,11.1421895027721,5.9021410444875,11.5627029499101,10.2527277328107,12.8726781670095,11.5016019697015,10.7757546655516,12.2274492738514
"Marion Island","PB1","PB1_1B",52,64.3,65.4,64.9,1.05927599064849,-1.24330910095873,10.9177233320813,6.19601932984134,11.3443628388289,10.0368485963003,12.6518770813575,11.2895519350518,10.5119976121997,12.0671062579039
"Marion Island","PB1","PB1_1B",54,66.9,68.1,67.5,0.513686880065308,-1.78889821053559,10.8139320987198,6.42387329234867,10.9672987213516,9.66344317511716,12.271154267586,10.9233505129663,10.0546622123327,11.7920388136
"Marion Island","PB1","PB1_1B",57,70.8,72,71.4,0.881801136162051,-1.42078395600392,10.9603070996198,6.96490248559262,11.221707532696,9.91546583678987,12.5279492286022,11.1704301585415,10.3634604392742,11.9773998778089
"Marion Island","PB1","PB1_1B",62,77.7,78.9,78.3,0.318920684624229,-1.98366440909675,10.8745090414078,7.32712914957284,10.8326931323216,9.52996128278616,12.1354249818569,10.7926227246707,9.89094739260521,11.6942980567362
"Marion Island","PB1","PB1_1B",64,80.4,81.5,81,-0.17524747005114,-2.47783255827902,10.6724026323974,7.10041692977065,10.4911667427481,9.19085296528912,11.791480520207,10.4609352377301,9.47471969393389,11.4471507815264
"Marion Island","PB1","PB1_1B",65,81.7,82.8,82.3,0.312454018968304,-1.99013107695234,10.680959731813,6.29893309727701,10.8282239309917,9.52552773884125,12.1309201231421,10.7882822748461,9.88550817702349,11.6910563726687
"Marion Island","PB1","PB1_1B",66,83,84.1,83.6,-0.134102410481335,-2.4366875057624,10.687554611205,5.6360973223745,10.5196026577513,9.21911131570867,11.820093999794,10.4885519533756,9.50941633454259,11.4676875722087
"Marion Island","PB1","PB1_1B",67,84.3,85.4,84.9,0.243547087440274,-2.05903800476993,10.9479147376343,6.08137978740665,10.7806014055038,9.47827856784138,12.0829242431661,10.7420316884109,9.82753609924022,11.6565272775816
"Marion Island","PB1","PB1_1B",68,85.6,86.6,86.1,0.187548146845042,-2.11503694366204,10.5982659901226,6.21623935539877,10.741899769592,9.43987145405137,12.0439280851326,10.7044449930692,9.7804060850976,11.6284839010408
"Marion Island","PB1","PB1_1C",77,89.2,90.3,89.7,0.254726258252984,-2.04785883164055,10.5418966651779,5.92667614328567,10.7883274837829,9.48594489500264,12.0907100725632,10.7495351890673,9.8369428854303,11.6621274927042
"Marion Island","PB1","PB1_1C",79,91.8,92.9,92.4,0.465478779410767,-1.83710631672245,10.534792993439,6.12024316692989,10.9339814417799,9.63041299278044,12.2375498907793,10.8909930581101,10.0141595779327,11.7678265382875
"Marion Island","PB1","PB1_1C",81,94.5,95.6,95.1,0.563403379090286,-1.73918171561156,10.5333289760592,6.10211209718556,11.0016584757258,9.69750068036602,12.3058162710857,10.9567204103688,10.0964179208512,11.8170228998864
"Marion Island","PB1","PB1_1C",84,98.5,99.6,99.1,0.421339845058767,-1.88124524465444,10.5080475174884,5.12634854181124,10.9034764188515,9.60016566551964,12.2067871721833,10.8613668426753,9.97706411717009,11.7456695681805
"Marion Island","PB1","PB1_1C",86,101.2,102.3,101.8,0.663375948221726,-1.63920914528743,10.7316227298263,6.1560113461752,11.0707508894494,9.76596637128587,12.375535407613,11.0238223672725,10.1803370545398,11.8673076800051
"Marion Island","PB1","PB1_1C",87,102.6,103.7,103.1,0.742752778363461,-1.55983231415478,10.5552088461132,4.98245463376742,11.1256093054716,9.82030917611187,12.4309094348313,11.0771003882496,10.2469224303916,11.9072783461076
"Marion Island","PB1","PB1_1C",88,103.9,105,104.4,0.546277389698407,-1.75630770155833,10.5263357874583,6.24324910077929,10.9898224695617,9.68576949780976,12.2938754413136,10.9452253831619,10.0820358651431,11.8084149011807
"South Georgia","POB4","POB_1A",15,30,31.3,30.7,-2.92396428560053,-5.22654941582445,9.93131162187201,4.63330782837475,8.59149085086221,7.29319168004776,9.88979002167666,8.61598637925939,7.14640926926627,10.0855634892525
"South Georgia","POB4","POB_1A",16,31.5,32.9,32.2,-2.84892886753163,-5.1515140123335,8.56492955157684,3.30486540506792,8.64334885745521,7.34525275693041,9.94144495798002,8.66635042845062,7.21015091770876,10.1225499391925
"South Georgia","POB4","POB_1A",19,36.1,37.4,36.8,-2.74696356509208,-5.04954864249092,8.50378515103946,3.07796841942064,8.71381847649982,7.41597515175923,10.0116618012404,8.734789915296,7.29675793661192,10.1728218939801
"South Georgia","POB4","POB_1A",21,39.2,40.6,39.9,-2.57487091170876,-4.87745605722129,9.20271896721311,3.49925421414196,8.83275406962953,7.53527676662167,10.1302313726374,8.85029913858691,7.44289889818624,10.2576993789876
"South Georgia","POB4","POB_1A",24,43.8,45.1,44.4,-2.59717102231684,-4.8997561690137,9.1362875865458,3.96824523997787,8.81734215732597,7.51982171854772,10.1148625961042,8.83533122214772,7.42396389887884,10.2466985454166
"South Georgia","POB4","POB_1A",28,49.9,51.2,50.5,-3.15472015044458,-5.45730512620626,8.56347697265907,2.06746283647936,8.43201230768318,7.13299810474941,9.73102651061695,8.46110219220123,6.95034325985172,9.97186112455074
"South Georgia","POB4","POB_1E",170,200.2,201.3,200.7,-3.04744582465808,-5.35003095977509,8.34670547507192,3.48974545441315,8.50615106558,7.20748625565714,9.80481587550286,8.53310511508635,7.04149854338358,10.0247116867891
"South Georgia","POB4","POB_1E",174,205.3,206.4,205.9,-3.28970553409488,-5.59229065392388,8.40362243578858,2.37005819995703,8.33872205761929,7.03922630865753,9.63821780658106,8.37049950513393,6.83562267953425,9.90537633073362
"South Georgia","POB4","POB_1E",177,209.4,210.5,209.9,-3.06588507464211,-5.36847012472928,8.2630408849942,3.26128158766911,8.49340744700825,7.19468468028171,9.79213021373478,8.52072862252929,7.02583090649995,10.0156263385586
"South Georgia","POB4","POB_1E",183,217.6,218.5,218.1,-3.2262824110349,-5.5288675292148,8.33776818987282,3.67748548240007,8.38255464786052,7.0832909664832,9.68181832923783,8.41306933911181,6.88952680850303,9.9366118697206
"South Georgia","POB4","POB_1F",196,225.1,226.2,225.7,-3.47182914897693,-5.77441408099309,8.05510193629488,2.32293195354099,8.21285392941584,6.91263456654165,9.51307329229004,8.24825746351058,6.68081011343027,9.81570481359089
"South Georgia","POB4","POB_1F",202,232.5,233.6,233,-3.55552001627279,-5.85810496924277,8.38703566797461,3.9873657969785,8.15501402314628,6.85443370533633,9.45559434095622,8.1920838448939,6.60965824424502,9.77450944554277
"South Georgia","POB4","POB_1F",208,240,241.2,240.6,-3.62278134975875,-5.92536636786967,8.56248879328062,3.66127745781823,8.10852879303579,6.80764541676299,9.4094121693086,8.14693778993031,6.55246943563797,9.74140614422265
"South Georgia","POB4","POB_1F",214,247.5,248.6,248.1,-4.05961159626708,-6.36219668926112,8.08383886963055,2.93155158332064,7.80662941822786,6.50349727391272,9.10976156254299,7.85373571830113,6.18095553035153,9.52651590625073
"South Georgia","POB4","POB_1F",219,253.8,254.8,254.3,-3.54413523089483,-5.84672025466939,7.49948830950778,2.72310646653649,8.16288220447163,6.86235204003101,9.46341236891226,8.19972535480433,6.61933770434972,9.78011300525895
"South Georgia","POB4","POB_1G",233,261.6,262.8,262.2,-3.87742043952037,-6.18000572571228,8.29180141799358,3.83587015226812,7.93254422554035,6.63040902099174,9.23467943008896,7.97602309427301,6.33592515358111,9.6161210349649
"South Georgia","POB4","POB_1G",239,269.2,270.5,269.8,-3.85154564151245,-6.15413078157225,7.90094730650399,2.66166151068505,7.95042665333539,6.64842618988257,9.2524271167882,7.99339035407141,6.35793165052851,9.6288490576143
"South Georgia","POB4","POB_1G",247,279.3,280.2,279.8,-2.87638638867181,-5.17897146391584,8.09207020917465,2.79575820044969,8.62437258799527,7.32620385556082,9.92254132042973,8.64792083905188,7.18682689715954,10.1090147809442
"South Georgia","POB4","POB_1G",255,289.2,290.5,289.9,-3.51609809395635,-5.81868301868611,9.81697044119529,4.3275177751041,8.18225905435964,6.88185099050154,9.48266711821773,8.21854398446338,6.64317462564184,9.79391334328493
"South Georgia","POB4","POB_1G",256,290.6,291.8,291.2,-3.31167237648451,-5.61425735975471,8.84111401905449,3.73047416800966,8.32354047155252,7.02396194403451,9.62311899907053,8.3557552795514,6.81695177924562,9.89455877985718
"South Georgia","POB4","POB_1G",261,297.2,298.5,297.9,-0.839586105553941,-3.14217120549421,9.56432701346576,4.30815909524851,10.0320331998622,8.73398658933883,11.3300798103857,10.0150286968034,8.9136547720356,11.1164026215711
"South Georgia","POB4","POB_1H",270,299.6,300.9,300.3,-1.47032427146524,-3.77290936010864,10.375922020523,6.04131478657995,9.59612140236611,8.29917857808599,10.8930642266462,9.59167491491899,8.37977784347751,10.8035719863605
"South Georgia","POB4","POB_1H",272,302.4,303.6,303,-0.767863000492626,-3.07044810426245,10.5129784633434,5.8716140798181,10.0816020215049,8.78336513507692,11.3798389079329,10.0631695092946,8.97429710741437,11.1520419111748
"South Georgia","POB4","POB_1H",274,305.3,306.6,305.9,-1.60972077243522,-3.91230584542361,10.1666696501792,5.23416272531914,9.49978256862089,8.20294554295328,10.7966195942885,9.49811146964717,8.26166360977643,10.7345593295179
"South Georgia","POB4","POB_1H",276,308.2,309.4,308.8,-1.16529800938966,-3.46788310238371,10.497173318477,5.87839736736542,9.80692923574461,8.50958039986472,11.1042780716245,9.79640966636244,8.63808487246657,10.9547344602583
"South Georgia","POB4","POB_1H",277,309.6,310.8,310.2,-1.09117642733654,-3.39376152628613,9.90391750209457,4.03093114267585,9.85815567773319,8.56067202303201,11.1556393324344,9.84616034545145,8.70082018055449,10.9915005103484
"South Georgia","POB4","POB_1H",278,311,312.3,311.6,-1.2377244086236,-3.54030949472213,10.4052339681454,4.93589857324457,9.75687435785305,8.45964360515275,11.0541051105533,9.74779680023018,8.57677125837637,10.918822342084
"South Georgia","POB4","POB_1H",280,313.9,315,314.5,-1.26804164733511,-3.57062673322138,9.94872845408966,4.1072137011547,9.73592169835645,8.43873636705504,11.0331070296579,9.72744775785653,8.55110202436325,10.9037934913498
"South Georgia","POB4","POB_1H",283,317.9,319.1,318.5,-1.348774439647,-3.65135953264104,10.2506641122074,5.93283983527837,9.68012615828046,8.38305024429013,10.9772020722708,9.67325961007266,8.4827360924565,10.8637831276888
