"Location","Site","Section","sample","min_depth","max_depth","midpoint","SH20_age","Co","Co_sd","Co_ICP","Co_ICP_sd","fit","lwr","upr"
"Bird Island","BI10","BI10.1",1,0,1.1,0.6,-55.4909090909091,0.0017958156076962,0.00148537201647492,0.738789575,0.008034972,3.05354096819306,-8.97646561435253,15.0835475507386
"Bird Island","BI10","BI10.1",4,3.9,5,4.5,5.21666666666667,0.00180656912858322,0.0009164712553725,0.761205508,0.003005595,3.07363440834469,-8.95626093302519,15.1035297497146
"Bird Island","BI10","BI10.1",10,11.7,12.8,12.3,132.083333333333,0.00080282918698467,0.00079015914802645,1.745989306,0.00454165,1.19810092901199,-10.8452202625075,13.2414221205315
"Bird Island","BI10","BI10.1",22,26.7,27.8,27.2,382.866666666667,0.00122733108785056,0.00081534826727306,1.171208352,0.012269219,1.9913019307041,-10.0455910509983,14.0281949124065
"Bird Island","BI10","BI10.1",30,36.3,37.2,36.7,541.72,0.00375654206877946,0.00143005122708389,14.98993637,0.050641414,6.71724704301414,-5.30417325517478,18.7386673412031
"Bird Island","BI10","BI10.1",34,40.9,41.9,41.4,618.7,0.00635096122658507,0.00148931843424536,4.788646274,0.037728077,11.5650365831386,-0.481182104656435,23.6112552709335
"Bird Island","BI10","BI10.2",45,44,45,44.5,670.06,0.00445073599960169,0.00173262137658507,6.375776882,0.021747503,8.01437980066162,-4.00964294733992,20.0384025486632
"Bird Island","BI10","BI10.2",51,51.9,52.9,52.4,800.245454545455,0.0013626356277762,0.00076663242340733,17.04437568,0.072771457,2.2441245832849,-9.79095045322552,14.2791996197953
"Bird Island","BI10","BI10.2",54,55.3,56.3,55.8,856.145454545455,0.000777527720442,0.00075188145558966,5.701846016,0.226259322,1.15082399440937,-10.8929150133093,13.194563002128
"Bird Island","BI10","BI10.2",62,64.4,65.4,64.9,1005.71818181818,0.00184351304018888,0.00044324819944041,1.54911114,0.010688746,3.14266577812715,-8.88685277679404,15.1721843330483
"Bird Island","BI10","BI10.2",67,70.1,71.2,70.6,1100.56666666667,0.00150977380536301,0.0007819266468509,4.068857773,0.02443965,2.51905892306276,-9.51416599676478,14.5522838428903
"Bird Island","BI10","BI10.2",71,74.7,75.8,75.2,1174.81666666667,0.002298966777155,0.00091245301017752,2.041238975,0.011991471,3.99370168550244,-8.03185731520888,16.0192606862138
"Bird Island","BI10","BI10.2",81,86.5,87.5,87,1349.67272727273,0.00179351873346239,0.00125507050008707,2.439569014,0.01043611,3.04924915480117,-8.98078127964622,15.0792795892486
"Bird Island","BI10","BI10.3",88,84.8,85.8,85.3,1324,0.0013598504725999,0.00087388522643763,2.601276107,0.027240957,2.23892039486736,-9.7961909366755,14.2740317264102
"Bird Island","BI10","BI10.3",95,93,94,93.5,1444.54545454545,0.00157624061073099,0.00102218963873099,5.745017677,0.069473871,2.64325515513996,-9.38917735400723,14.6756876642872
"Bird Island","BI10","BI10.3",98,96.3,97.3,96.8,1492.28181818182,0.00253945803625588,0.00115364324107243,3.633220643,0.018650539,4.44307048038395,-7.58090967174487,16.4670506325128
"Bird Island","BI10","BI10.3",104,103.2,104.2,103.7,1595.6,0.00148325106361053,0.00067579752386406,1.389287804,0.01419095,2.46949998049318,-9.56404867116366,14.50304863215
"Bird Island","BI10","BI10.3",114,114.9,115.9,115.4,1769.91818181818,0.00318484578910493,0.00120363542235289,1.543818014,0.018208205,5.64900668701924,-6.37248631041917,17.6704996844577
"Bird Island","BI10","BI10.3",120,121.8,122.7,122.3,1872.71,0.00113190158147187,0.00084910685024296,0.741821487,0.012050585,1.81298758182566,-10.2252547537344,13.8512299173857
"Bird Island","BI10","BI10.4",135,129.4,130.4,129.9,1986.59090909091,0.00461679747592075,0.00165224367794995,1.001920559,0.002420104,8.32467318000826,-3.70040935991659,20.3497557199331
"Bird Island","BI10","BI10.4",145,141,142,141.5,2162.97272727273,0.0014670328396277,0.00141523812955061,3.769043144,0.04959872,2.43919549544233,-9.59455322916878,14.4729442200534
"Bird Island","BI10","BI10.4",155,152.7,153.8,153.2,2335.40833333333,0.00583730262591667,0.00174985241980065,1.250579343,0.003346293,10.6052422553703,-1.43280280137315,22.6432873121137
"Bird Island","BI10","BI10.4",165,164.8,165.8,165.3,2517.27272727273,0.00246996250835402,0.00136454793176928,16.76515491,0.107585917,4.31321494326519,-7.71118509430162,16.337614980832
"Bird Island","BI10","BI10.4",168,168.4,170,169.2,2576.01176470588,0.00223813227595065,0.00137497687615473,14.16367715,0.137185591,3.88002966850016,-8.14598479628017,15.9060441332805
"Bird Island","BI10","BI10.5",181,174.6,175.6,175.1,2667,0.00334118060140244,0.0010967444895916,6.771422937,0.061270999,5.9411253547114,-6.08014891434308,17.9623996237659
"Bird Island","BI10","BI10.5",191,186.6,187.6,187.1,2847.45454545455,0.00581982216586394,0.00170305500540884,5.562421054,0.040340228,10.5725792251328,-1.46521596765559,22.6103744179211
"Bird Island","BI10","BI10.5",194,190.3,191.3,190.8,2903.10909090909,0.00669510124383187,0.00131318243343932,3.933228837,0.026102701,12.2080777705766,0.15548435465918,24.260671186494
"Bird Island","BI10","BI10.5",197,194,195,194.5,2954.41818181818,0.00565444681642882,0.00217798459450414,5.752426608,0.069152067,10.2635679049018,-1.77195566571499,22.2990914755186
"Bird Island","BI10","BI10.5",202,199.9,200.8,200.3,3041.91111111111,0.00634051298410475,0.00177410345302222,6.816523388,0.051952222,11.5455135694974,-0.500522847834551,23.5915499868293
"Bird Island","BI10","BI10.6",218,209.5,210.5,210,3183,0.00483129222747284,0.00194240444349476,11.84941346,0.182590959,8.72546632473099,-3.3012348211041,20.7521674705661
"Bird Island","BI10","BI10.6",228,221.4,222.4,221.9,3362.6,0.00339208493600028,0.00135736193999208,10.70451145,0.097700279,6.03624240627493,-5.98499294672152,18.0574777592714
"Bird Island","BI10","BI10.6",239,234.2,235.2,234.7,3550.09090909091,0.00624625972444417,0.0018113163531153,6.228678054,0.076630039,11.3693970908125,-0.6750251076942,23.4138192893193
"Bird Island","BI10","BI10.6",247,243.9,245,244.5,3699.925,0.00274863583680899,0.00143868246152879,16.02760991,0.211315323,4.83392866168311,-7.18896605330885,16.8568233766751
"Bird Island","BI10","BI10.7",259,250.7,251.7,251.2,3790.45,0.00146460787044583,0.00114243058136543,0.986560337,0.017365677,2.43466433084635,-9.59911444693666,14.4684431086294
"Bird Island","BI10","BI10.7",271,265,266,265.5,3978.94545454545,0.00804435434764077,0.00200231853291977,23.84445704,0.16101435,14.7292182208181,2.64470206040327,26.8137343812329
"Bird Island","BI10","BI10.7",280,275.9,276.9,276.4,4128.55454545455,0.00510145265946197,0.00156729320270368,36.34308788,0.239108874,9.23027331107014,-2.79886689310994,21.2594135152502
"Bird Island","BI10","BI10.8",300,289.7,290.8,290.3,4314.73333333333,0.01610539938166,0.00511143466894803,35.13097178,0.339194543,29.7916454623141,17.2926885885533,42.2906023360749
"Bird Island","BI10","BI10.8",303,293.4,294.4,293.9,4365.28181818182,0.0125325576684495,0.0028734354917597,16.81953054,0.252021868,23.1156291240475,10.8466613020177,35.3845969460773
"Bird Island","BI10","BI10.8",311,303.1,304,303.6,4492.98,0.00889508074384392,0.00268732626236751,25.16163647,0.249659858,16.3188389698838,4.20854777245802,28.4291301673095
"Bird Island","BI10","BI10.8",318,311.7,312.8,312.2,4610.66666666667,0.00604441459176196,0.0018652184012284,11.55396277,0.105306814,10.9922403310816,-1.04890697844296,23.0333876406062
"Bird Island","BI10","BI10.8",326,321.7,322.8,322.2,4729.33333333333,0.00496397531195015,0.00181147485281725,13.36853596,0.092428737,8.97339066923999,-3.05445259784774,21.0012339363277
"Bird Island","BI10","BI10.9",342,332.1,333.1,332.6,4891.35454545455,0.011754928712153,0.00548965372589617,24.67115714,0.388038712,21.6625942475935,9.43406870238246,33.8911197928045
"Bird Island","BI10","BI10.9",348,339.5,340.5,340,5008.74545454545,0.0091770822764942,0.00186472142320243,30.22335953,0.347057047,16.845771588373,4.7259782248541,28.9655649518919
"Bird Island","BI10","BI10.9",361,355.7,356.7,356.2,5262.19090909091,0.00374864907386081,0.0021688555662519,5.120949268,0.044446999,6.702498625014,-5.31890904964616,18.7239062996742
"Bird Island","BI10","BI10.9",365,360.7,361.7,361.2,5341.56,0.0126751754527094,0.00190552327318403,76.74575589,1.991003144,23.3821169044398,11.1053528482089,35.6588809606707
"Bird Island","BI10","BI10.9",372,369.1,371,370.1,5483.135,0.00713507590001176,0.00278289881867764,33.30735274,0.338289287,13.0301903153948,0.96839892033965,25.09198171045
"Bird Island","BI10","BI10.10",379,367.3,368.4,367.9,5447.30909090909,0.0072878819691521,0.00294288959217697,17.29854042,0.049507222,13.3157153668952,1.25045472045459,25.3809760133358
"Bird Island","BI10","BI10.10",386,375.7,376.6,376.1,5581.52,0.00433862691551047,0.00153789724980995,24.79954461,0.187662858,7.80489890642169,-4.21850379869676,19.8283016115401
"Bird Island","BI10","BI10.10",390,380.5,381.5,381,5660.04545454545,0.00475642092002224,0.00123427472308291,9.040037779,0.114474506,8.58556590038265,-3.44053828193608,20.6116700827014
"Bird Island","BI10","BI10.10",392,382.9,384,383.4,5698.00833333333,0.00719364624214121,0.00221895543685083,19.75221569,0.192516402,13.1396316487593,1.0765272201446,25.202736077374
"Bird Island","BI10","BI10.10",396,387.7,388.8,388.2,5774.45833333333,0.0010107691118554,0.0012792228137163,2.860665218,0.027058096,1.58664608361037,-10.4533890293458,13.6266811965665
"Bird Island","BI10","BI10.10",403,396.3,397.4,396.8,5914.69166666667,0.00883472041935729,0.0026755781410028,7.991640436,0.149589066,16.2060529735252,4.09773378547751,28.314372161573
"Bird Island","BI10","BI10.10",410,404.6,405.6,405.1,6045.02727272727,0.00745302059356107,0.00243755883884271,18.03152781,0.074044402,13.6242843557079,1.55511543807174,25.693453273344
"Bird Island","BI10","BI10.11",422,409.9,410.9,410.4,6127.60909090909,0.00467631458751681,0.00199302497551682,10.38688508,0.082678757,8.43588359494285,-3.58961985499294,20.4613870448786
"Bird Island","BI10","BI10.11",424,412.2,413.2,412.7,6161.61818181818,0.00586637091986344,0.00220331498348297,11.60935571,0.11557168,10.6595576773484,-1.37890700483087,22.6980223595277
"Bird Island","BI10","BI10.11",427,415.8,416.8,416.3,6233.21818181818,0.0062984524225124,0.00159909079050823,11.06017577,0.081390222,11.4669215077923,-0.578387881310471,23.512230896895
"Bird Island","BI10","BI10.11",439,430.3,431.3,430.8,6633.50909090909,0.0038109035653932,0.00105893040964964,14.40052097,0.07942808,6.8188239581694,-5.20269364507878,18.8403415614176
"Bird Island","BI10","BI10.11",443,435.2,436.3,435.7,6779.31666666667,0.00398410811878071,0.00127442776486532,8.58191768,0.113935315,7.14246450009481,-4.87948382228029,19.1644128224699
"Bird Island","BI10","BI10.11",449,442.8,443.8,443.3,6996.89090909091,0.00553782375584718,0.00210203711757812,1.309662683,0.013947987,10.0456524414255,-1.98836952260148,22.0796744054525
"Bird Island","BI10","BI10.12",461,447.5,448.7,448.1,7135.69230769231,0.00190517652420802,0.00208785326557195,5.309682165,0.038456563,3.25788678701319,-8.77102145152003,15.2867950255464
"Bird Island","BI10","BI10.12",465,452.8,453.9,453.4,7290.50833333333,0.0121940762603105,0.0040850851278655,4.280007535,0.041449262,22.4831613036623,10.2322271764015,34.7340954309232
"Bird Island","BI10","BI10.12",469,458.3,459.3,458.8,7450.61818181818,0.00312486988742244,0.00206214405788302,7.368448017,0.084118008,5.53693900205741,-6.48467763382092,17.5585556379357
"Bird Island","BI10","BI10.12",475,466.1,467.2,466.6,7672.18333333333,0.00459444600107651,0.00198914602847771,5.122222899,0.145873046,8.28290843832022,-3.74202162818751,20.3078385048279
"Bird Island","BI10","BI10.12",479,471.4,472.4,471.9,7821.06363636364,0.00527853915155295,0.00141648910588252,5.35222129,0.027518772,9.56116743104036,-2.46981361723463,21.5921484793154
"Bird Island","BI10","BI10.12",484,478.2,479.2,478.7,8011.50909090909,0.00179508207920339,0.00103350591468161,5.409379617,0.23362155,3.05217033702726,-8.97784385934458,15.0821845333991
"Bird Island","BI10","BI10.13",506,473.4,474.5,474,7881.69166666667,0.00459507850193208,0.00231672927172432,21.80830378,0.383297426,8.28409029477642,-3.74084404438817,20.309024633941
"Bird Island","BI10","BI10.13",519,491,492,491.5,8384.23636363636,0.00554262547515561,0.00211697903103924,14.81752131,0.234127184,10.0546246711317,-1.9794574797277,22.0887068219911
"Bird Island","BI10","BI10.13",522,494.8,495.8,495.3,8490.03636363636,0.0042914952443159,0.00214468785716556,4.1377886,0.019010108,7.7168312470621,-4.30633375649213,19.7399962506163
"Bird Island","BI10","BI10.13",525,498.7,499.7,499.2,8597.97,0.00893285488070752,0.00173990464293062,10.38268079,0.298178052,16.3894216531112,4.27788524739074,28.5009580588317
"Bird Island","BI10","BI10.13",529,503.9,505.1,504.5,8738.44,0.00885058471913495,0.00333776614507099,32.08267707,0.182515294,16.235696135191,4.12686076550108,28.3445315048809
"Isla Hermite","HER42PB","HER42PB_1A",3,2.5,3.7,3.1,-30.6269230769231,0.0026072452242073,0.00134487005797107,4.851245271,0.115944762,4.5697339070383,-7.45386515919039,16.593332973267
"Isla Hermite","HER42PB","HER42PB_1A",5,5.3,6.5,5.9,-1.38846153846154,0.00315257308329387,0.00114147385590985,5.402833637,0.043222669,5.58870367653936,-6.43285311244829,17.610260465527
"Isla Hermite","HER42PB","HER42PB_1A",7,8.1,9.3,8.7,27.85,0.00563905468681014,0.00170879597500396,4.923853521,0.059086242,10.234807014534,-1.80051361603322,22.2701276451013
"Isla Hermite","HER42PB","HER42PB_1A",9,10.9,12.1,11.5,56.4453846153846,0.00563523501485287,0.00257539479806665,4.715790685,0.102332658,10.2276697847208,-1.80760070868363,22.2629402781252
"Isla Hermite","HER42PB","HER42PB_1A",13,16.3,17.5,16.9,110.519230769231,0.00300385870339499,0.00144616935440056,5.347190156,0.056145497,5.31082413145087,-6.71110902601368,17.3327572889154
"Isla Hermite","HER42PB","HER42PB_1A",16,20.5,21.6,21.1,152.406666666667,0.0046600626947484,0.00166630071644752,4.922970952,0.064490919,8.40551619824332,-3.61987016593115,20.4309025624178
"Isla Hermite","HER42PB","HER42PB_1A",20,26.1,27.3,26.7,210.763076923077,0.00179417973850124,0.00127651561141155,6.646599115,0.108339566,3.05048427261305,-8.97953929432022,15.0805078395463
"Isla Hermite","HER42PB","HER42PB_1A",25,33.1,34.1,33.6,281.104545454545,0.0078093574780722,0.00277223434976591,9.632847657,0.088622198,14.2901159412851,2.21195167988909,26.3682802026811
"Isla Hermite","HER42PB","HER42PB_1A",28,37.1,38.2,37.7,321.895,0.00419679682252397,0.00302022544251785,8.041928644,0.101328301,7.53988296280046,-4.48284555386511,19.562611479466
"Isla Hermite","HER42PB","HER42PB_1A",31,41.2,42.3,41.7,363.2825,0.00468157810818371,0.00248879423615024,8.722415009,0.070651562,8.44571872137431,-3.57982299569708,20.4712604384457
"Isla Hermite","HER42PB","HER42PB_1B",40,43.1,44.2,43.7,382.52,0.00450332766121463,0.00182892413313122,6.251857157,0.096903786,8.11264969906949,-3.91169042546553,20.1369898236045
"Isla Hermite","HER42PB","HER42PB_1B",48,54,55.1,54.5,493.1425,0.00238086553211924,0.00119697917187886,5.871694204,0.029358471,4.14673321337656,-7.87824837524205,16.1717148019952
"Isla Hermite","HER42PB","HER42PB_1B",50,56.7,57.8,57.2,520.634166666667,0.00553586212770033,0.00147892334782687,4.139917554,0.052576953,10.04198705051,-1.99201036611705,22.0759844671371
"Isla Hermite","HER42PB","HER42PB_1B",56,64.7,65.8,65.2,601.545833333333,0.00453397783877878,0.00195556734240245,5.075843538,0.092380352,8.1699209421342,-3.85461195500618,20.1944538392746
"Isla Hermite","HER42PB","HER42PB_1B",60,69.9,70.9,70.4,653.46,0.0025638379144021,0.0013376550407087,6.595896427,0.11081106,4.48862538538501,-7.53521446937546,16.5124652401455
"Isla Hermite","HER42PB","HER42PB_1B",63,73.7,74.8,74.3,692.363333333333,0.00338990287983794,0.00167722981580362,6.245626149,0.014989503,6.03216513564272,-5.98907155995968,18.0534018312451
"Isla Hermite","HER42PB","HER42PB_1B",69,81.5,82.5,82,770.521818181818,0.00593003033916233,0.00214134372387197,11.02836,0.101460912,10.7785081815794,-1.26089347648279,22.8179098396416
"Isla Hermite","HER42PB","HER42PB_1C",80,86.5,87.8,87.2,822.286923076923,0.00418201401330921,0.00265222052763678,9.134399757,0.033797279,7.51226061516656,-4.51040471821667,19.5349259485498
"Isla Hermite","HER42PB","HER42PB_1C",86,94.8,96,95.4,906.45,0.00407695120781936,0.00197976789627784,5.668266146,0.064051407,7.31594601119154,-4.70630881806402,19.3382008404471
"Isla Hermite","HER42PB","HER42PB_1C",90,100.2,101.4,100.8,961.955384615385,0.00186200305507153,0.00110345686644597,7.144032067,0.087157191,3.17721520722583,-8.85211790250227,15.2065483169539
"Isla Hermite","HER42PB","HER42PB_1C",91,101.6,103.1,102.3,977.5775,0.00309031017865718,0.00166823867008308,5.39869674,0.062085013,5.47236262311806,-6.54933526040283,17.4940605066389
"Isla Hermite","HER42PB","HER42PB_1C",97,109.8,111,110.4,1058.64692307692,0.00294881814922505,0.00211659485532231,7.2536503,0.028289236,5.20797836653855,-6.8141284257269,17.230085158804
"Isla Hermite","HER42PB","HER42PB_1C",104,119.2,120.3,119.8,1151.60416666667,0.00390797465731026,0.00150954878669575,7.23671292,0.149799957,7.00020568387404,-5.02153068394781,19.0219420516959
"Isla Hermite","HER42PB","HER42PB_1D",118,127.3,128.4,127.8,1233.23666666667,0.00231496380306289,0.00123094631644887,5.413025996,0.123958295,4.02359285194563,-8.00185013963639,16.0490358435277
"Isla Hermite","HER42PB","HER42PB_1D",121,130.9,132.2,131.6,1270.93,0.00168258439009585,0.00088005198550384,3.181449904,0.041995139,2.841963316738,-9.18925749378961,14.8731841272656
"Isla Hermite","HER42PB","HER42PB_1D",131,143.2,144.4,143.8,1396.85230769231,0.00306139514811332,0.00137533051450779,4.0172756,0.092397339,5.41833358074024,-6.60343789990695,17.4401050613874
"Isla Hermite","HER42PB","HER42PB_1D",137,150.7,151.9,151.3,1480.03461538462,0.0025411858678191,0.00133917086102324,2.856953727,0.045996955,4.44629901180844,-7.57767107750238,16.4702691011193
"Isla Hermite","HER42PB","HER42PB_1D",144,159.2,160.3,159.8,1611.23,0.00250325741904161,0.00161161771722096,5.301363572,0.036579409,4.37542798979048,-7.64876719484414,16.3996231744251
"Isla Hermite","HER42PB","HER42PB_1D",147,162.9,164.1,163.5,1669.44846153846,0.00288117547641932,0.00142212133569904,4.125981149,0.061889717,5.08158497297025,-6.94076061657126,17.1039305625118
"Isla Hermite","HER42PB","HER42PB_1E",158,169.3,170.5,169.9,1768.77461538462,0.00285802377944313,0.00124664542895026,1.260301438,0.020038793,5.03832498003517,-6.98410877669346,17.0607587367638
"Isla Hermite","HER42PB","HER42PB_1E",162,175.6,176.8,176.2,1865.00538461538,0.00166768188728539,0.00095488561724124,5.526713106,0.056372474,2.81411731620687,-9.21726913379702,14.8455037662108
"Isla Hermite","HER42PB","HER42PB_1E",166,181.9,183.1,182.5,1961.41923076923,0.0036014497847189,0.0014743964441492,2.678001972,0.025173219,6.4274500955314,-5.5937920663916,18.4486922574544
"Isla Hermite","HER42PB","HER42PB_1E",174,194.9,196.1,195.5,2158.50153846154,0.00165089362959152,0.00075581425332388,4.257107492,0.087696414,2.78274769738471,-9.24882697712926,14.8143223718987
"Isla Hermite","HER42PB","HER42PB_1E",179,202.5,203.6,203,2273.88416666667,0.00173771328806173,0.00082188606571356,3.122609518,0.043716533,2.94497415602875,-9.08564569728333,14.9755940093408
"Isla Hermite","HER42PB","HER42PB_1F",184,201.4,202.5,202,2256.42833333333,0.0040043457618698,0.00163664126771632,5.441252987,0.071280414,7.18027945154123,-4.84173118359098,19.2022900866734
"Isla Hermite","HER42PB","HER42PB_1F",189,208.1,209.3,208.7,2363.54384615385,0.00150048024739188,0.00095640133655001,2.424955924,0.04073926,2.50169348965257,-9.53164437682773,14.5350313561329
"Isla Hermite","HER42PB","HER42PB_1F",191,210.9,212.2,211.5,2407.86357142857,0.00217174392286016,0.0014387634813028,2.969961652,0.043064444,3.75598002805178,-8.27055731544771,15.7825173715513
"Isla Hermite","HER42PB","HER42PB_1F",197,219.3,220.5,219.9,2535.41461538462,0.00237139993711488,0.00106627258461734,3.689626761,0.112164654,4.12904632098866,-7.895999905578,16.1540925475553
"Isla Hermite","HER42PB","HER42PB_1F",200,223.4,224.6,224,2595.94769230769,0.00140302373123988,0.00111147873569577,2.746114854,0.119181385,2.31959158133247,-9.71496245495074,14.3541456176157
"Isla Hermite","HER42PB","HER42PB_1F",205,230.3,231.5,230.9,2697.92846153846,0.00170768119149992,0.00102924433724104,2.27561944,0.012288345,2.88885782527228,-9.14208710385956,14.9198027544041
"Isla Hermite","HER42PB","HER42PB_1F",209,235.8,236.9,236.4,2780.0925,0.00191882275057354,0.00132543890570194,5.029922831,0.111161295,3.28338537818644,-8.74539093729393,15.3121616936668
"Isla Hermite","HER42PB","HER42PB_1F",211,238.4,239.5,239,2819.29,0.00234114560082837,0.00102810176500666,5.877569688,0.058775697,4.07251472525484,-7.95274177624554,16.0977712267552
"Isla Hermite","HER42PB","HER42PB_1F",213,241.1,242.3,241.7,2859.43,0.00350555300201498,0.00170585671258356,4.779923294,0.037283402,6.24826261970469,-5.77294310209687,18.2694683415063
"Isla Hermite","HER42PB","HER42PB_1G",224,246.9,248.1,247.5,2943.97461538462,0.0022030159122357,0.00078693779130907,2.063550218,0.052826886,3.8144131546102,-8.2118745301698,15.8407008393902
"Isla Hermite","HER42PB","HER42PB_1G",231,256.4,257.6,257,3049.39,0.00225982378282047,0.00103241452094778,5.122309014,0.038929549,3.92056123017811,-8.10528823454522,15.9464106949014
"Isla Hermite","HER42PB","HER42PB_1G",232,257.7,258.9,258.3,3062.22846153846,0.00303049232942604,0.00121381961329892,1.700460441,0.029588012,5.36059026631017,-6.66126553091804,17.3824460635384
"Isla Hermite","HER42PB","HER42PB_1G",236,263.2,264.4,263.8,3116.22307692308,0.00160307960842067,0.00105283813664533,1.696042582,0.031037579,2.69340503623223,-9.33871514797878,14.7255252204432
"Isla Hermite","HER42PB","HER42PB_1G",240,268.6,269.8,269.2,3169.09230769231,0.00180533246251331,0.00131245219423161,2.30494227,0.020283492,3.07132364185952,-8.95858445639893,15.101231740118
"Isla Hermite","HER42PB","HER42PB_1G",245,275.2,276.4,275.8,3233.34153846154,0.00111331087892096,0.00081326451660751,1.877953739,0.051268137,1.77825001326481,-10.2602616553046,13.8167616818342
"Isla Hermite","HER42PB","HER42PB_1G",253,285.8,286.9,286.3,3335.24833333333,0.00275261864580782,0.00179622022918324,2.990729658,0.048150748,4.84137072043709,-7.18150592600422,16.8642473668784
"Isla Hermite","HER42PB","HER42PB_1H",260,285,286.2,285.6,3328.03692307692,0.00183724711528881,0.0016160294845242,4.563779045,0.075302354,3.13095761404797,-8.89862425886689,15.1605394869628
"Isla Hermite","HER42PB","HER42PB_1H",264,290.3,291.5,290.9,3378.91846153846,0.00152014744918219,0.00094773283040386,1.567442911,0.011128845,2.53844254573155,-9.49465692382241,14.5715420152855
"Isla Hermite","HER42PB","HER42PB_1H",269,297,298.2,297.6,3442.75846153846,0.00269085040131756,0.00123878493177689,3.348828618,0.108167164,4.72595396187253,-7.29721382995151,16.7491217536966
"Isla Hermite","HER42PB","HER42PB_1H",273,302.3,303.5,302.9,3494.21153846154,0.00254418055672261,0.00133845719162848,3.220383438,0.060543209,4.45189472347233,-7.57205796817538,16.4758474151201
"Isla Hermite","HER42PB","HER42PB_1H",278,309.3,310.6,309.9,3563.64071428571,0.0034074290997664,0.00100528785587362,4.839313706,0.098238068,6.06491367027772,-5.95631306506819,18.0861404056236
"Isla Hermite","HER42PB","HER42PB_1H",281,313.5,314.8,314.2,3603.44,0.00359083493839556,0.00170164232980886,4.807527056,0.182686028,6.40761577507416,-5.61361958114258,18.4288511312909
"Isla Hermite","HER42PB","HER42PB_1H",286,320.5,321.8,321.1,3669.60384615385,0.00267071015074584,0.0017307019239784,3.707856044,0.067853766,4.68832099274982,-7.33494677973,16.7115887652296
"Isla Hermite","HER42PB","HER42PB_1I",301,332.1,333.3,332.7,3782.35692307692,0.00225405012301966,0.00109648220524611,4.871365568,0.035560969,3.9097728857017,-8.1161202162194,15.9356659876228
"Isla Hermite","HER42PB","HER42PB_1I",303,334.9,336.2,335.6,3810.93642857143,0.00199673301523012,0.0009625904441079,4.458688299,0.053058391,3.42896423152406,-8.59908070074656,15.4570091637947
"Isla Hermite","HER42PB","HER42PB_1I",312,347.6,348.8,348.2,4016.98,0.00191149690099723,0.00091863255932463,1.647634055,0.040367034,3.26969669691005,-8.75915029871254,15.2985436925326
"Isla Hermite","HER42PB","HER42PB_1I",317,354.3,355.4,354.9,4144.90083333333,0.00432128956153372,0.00143231275041005,5.815379919,0.034310742,7.77250327635973,-4.25081040938117,19.7958169621006
"Isla Hermite","HER42PB","HER42PB_1I",320,358.3,359.6,358.9,4223.08571428571,0.0022990815996962,0.0018113262513533,4.010749764,0.016845149,3.99391623661402,-8.0316419258351,16.0194743990631
"Isla Hermite","HER42PB","HER42PB_1I",322,361,362.2,361.6,4273.55307692308,0.00319923874151743,0.0023351643361116,8.019375617,0.147556511,5.67590056958518,-6.34556603480718,17.6973671739775
"Isla Hermite","HER42PB","HER42PB_1J",335,369.7,370.8,370.2,4438.2275,0.00332159190686278,0.00198291613409601,9.69654668,0.224959883,5.90452299298109,-6.11677048005876,17.9258164660209
"Isla Hermite","HER42PB","HER42PB_1J",340,376.7,377.9,377.3,4574.44,0.00379120100418785,0.00121146964062853,6.815172626,0.16424566,6.78200883142413,-5.23947141396689,18.8034890768151
"Isla Hermite","HER42PB","HER42PB_1J",342,379.6,380.9,380.3,4631.57428571429,0.00230732864202526,0.00153763424193442,6.870330497,0.10580309,4.00932620821383,-8.01617195763449,16.0348243740621
"Isla Hermite","HER42PB","HER42PB_1J",346,385.3,386.5,385.9,4743.01769230769,0.00223897302985097,0.00155081323875834,4.4576731,0.104755318,3.88160065518962,-8.14440736063688,15.9076086710161
"Isla Hermite","HER42PB","HER42PB_1J",349,389.6,390.9,390.2,4828.70428571429,0.00198000812132997,0.00178838282716823,4.917649378,0.046225904,3.39771301081637,-8.6304857983993,15.425911820032
"Isla Hermite","HER42PB","HER42PB_1J",352,394,395.2,394.6,4912.70923076923,0.00243831561497731,0.0020868291678579,2.854988022,0.043966816,4.25408129162394,-7.77051974777373,16.2786823310216
"Isla Hermite","HER42PB","HER42PB_1J",353,395.4,396.6,396,4939.73076923077,0.00327306889916069,0.00101887726111292,4.926755175,0.130066337,5.81385555842802,-6.20749560522173,17.8352067220778
"Kerguelen","KER1","CAT1-S1-1A",1,0,1.4,0.7,-43.6,0.00213439742297463,0.0015513637602532,16.33205694,0.063835773,3.68619640385959,-8.34064693111563,15.7130397388348
"Kerguelen","KER1","CAT1-S1-1A",3,3.1,4.7,3.9,3.97058823529412,0.0133712697928714,0.00322339542596456,18.68861595,0.079848366,24.6828006628928,12.3663101893352,36.9992911364504
"Kerguelen","KER1","CAT1-S1-1A",5,6.4,7.8,7.1,59.76,0.0110439016235802,0.00363519163059225,15.75984242,0.167762212,20.3340079733371,8.13938266735611,32.5286332793181
"Kerguelen","KER1","CAT1-S1-1A",7,9.3,10.6,9.9,108.485714285714,0.00592758263530603,0.00292237739969814,5.990333136,0.045056322,10.773934536216,-1.26543063835874,22.8132997107907
"Kerguelen","KER1","CAT1-S1-1A",8,10.7,12,11.4,130.207142857143,0.00538694427056097,0.00309910047169715,14.56260068,0.081466026,9.76372729899459,-2.26847518761522,21.7959297856044
"Kerguelen","KER1","CAT1-S1-1A",9,12.1,13.6,12.8,153.175,0.00228989305403596,0.00199198254761464,5.221829427,0.034339306,3.97674702345637,-8.04887847502729,16.00237252194
"Kerguelen","KER1","CAT1-S1-1A",11,15.1,16.5,15.8,212.526666666667,0.00228690098176482,0.00128973045423512,4.215243411,0.073672112,3.9711562010884,-8.05449133555658,15.9968037377334
"Kerguelen","KER1","CAT1-S1-1A",13,18,19.4,18.7,308.48,0.00220127425945473,0.00145878264570982,1.572869736,0.017783884,3.81115879761522,-8.2151426342872,15.8374602295176
"Kerguelen","KER1","CAT1-S1-1A",17,24,25.5,24.7,466.2125,0.00499781165918493,0.00185832997281354,6.986589224,0.042150715,9.03661541444251,-2.99153633903785,21.0647671679229
"Kerguelen","KER1","CAT1-S1-1A",20,28.6,30,29.3,587.28,0.00241765032786811,0.00157593338309512,5.66932153,0.032214672,4.21546726798391,-7.80926833244606,16.2402028684139
"Kerguelen","KER1","CAT1-S1-1A",23,33,34.4,33.7,665.746666666667,0.00765461556525624,0.00213411134401289,18.88507004,0.046887685,14.0009736783199,1.92680999716967,26.0751373594702
"Kerguelen","KER1","CAT1-S1-1A",25,35.9,37.2,36.6,716.192857142857,0.00680313709743906,0.00301479277342905,7.044092268,0.065492235,12.4099476494277,0.355204529613202,24.4646907692423
"Kerguelen","KER1","CAT1-S1-1A",26,37.3,38.7,38,744.413333333333,0.00747929205699986,0.00260177075390808,14.92378146,0.147042894,13.6733737733832,1.60356787888916,25.7431796678772
"Kerguelen","KER1","CAT1-S1-1A",27,38.8,40.1,39.4,772.55,0.00886490284316393,0.00391601380019925,16.64731905,0.147532673,16.2624501975379,4.15314765973949,28.3717527353363
"Kerguelen","KER1","CAT1-S1-1A",28,40.2,41.6,40.9,799.733333333333,0.00995840347512258,0.00316231051903111,10.18252838,0.107644663,18.3057055866217,6.15710637049001,30.4543048027534
"Kerguelen","KER1","CAT1-S1-1B",36,45.1,46.2,45.6,888.225,0.0155791580117072,0.00499755010663551,19.97407233,0.056478506,28.808339661028,16.3477268119152,41.2689525101409
"Kerguelen","KER1","CAT1-S1-1B",40,50.7,52.1,51.4,1089.45333333333,0.00956701871228215,0.00248463713474767,19.40135717,0.312621445,17.5743854551951,5.4406703252193,29.708100585171
"Kerguelen","KER1","CAT1-S1-1B",41,52.3,53.6,53,1213.32142857143,0.0147828341506979,0.00494876361008879,16.69197316,0.148497839,27.3203725095607,14.9148827237963,39.725862295325
"Kerguelen","KER1","CAT1-S1-1B",46,59.9,61.2,60.5,1808.84285714286,0.00481111901242454,0.00153627312065724,6.554846441,0.087370293,8.68777175999283,-3.33876516624516,20.7143086862308
"Kerguelen","KER1","CAT1-S1-1B",49,64.4,65.8,65.1,2110.62666666667,0.00510014948922396,0.00226276539049868,1.249641147,0.005086433,9.22783827853894,-2.80128908934908,21.256965646427
"Kerguelen","KER1","CAT1-S1-1B",51,67.6,68.9,68.3,2364.32142857143,0.00363958463279253,0.00152328355112488,1.332416753,0.015849868,6.4987067839695,-5.52256552102317,18.5199790889622
"Kerguelen","KER1","CAT1-S1-1B",57,76.5,77.9,77.2,3056.76,0.0022256817721482,0.00123270828731257,3.179077437,0.038353696,3.8567653390177,-8.16934513277156,15.882875810807
"Kerguelen","KER1","CAT1-S1-1C",69,86.1,87.5,86.8,3452.74666666667,0.0009512694566749,0.00091667305961707,2.133265234,0.03359726,1.4754682867778,-10.5654801897565,13.5164167633122
"Kerguelen","KER1","CAT1-S1-1C",73,92.4,93.7,93.1,3631.13571428571,0.0013842280405953,0.00075558269887692,1.579837083,0.025874662,2.28447098324712,-9.7503242759074,14.3192662424016
"Kerguelen","KER1","CAT1-S1-1C",80,103.1,104.5,103.8,3940.82666666667,0.00209610920600216,0.00117742351776229,0.923007687,0.017314455,3.61465313869725,-8.41251275919548,15.64181903659
"Kerguelen","KER1","CAT1-S1-1C",86,112.2,113.6,112.9,4208.64,0.00236906288787034,0.00094597110952366,1.049747683,0.004983547,4.12467943877214,-7.90038283124943,16.1497417087937
"Kerguelen","KER1","CAT1-S1-1C",93,122.9,124.1,123.5,4497.10769230769,0.00222178276310251,0.00097369051377756,1.050225297,0.014156455,3.84947986426637,-8.17666086812295,15.8756205966557
"Kerguelen","KER1","CAT1-S1-1D",105,130.3,131.4,130.8,4654.675,0.00170069775067529,0.00095317782369468,0.930570105,0.010595202,2.87580895023531,-9.15521235929879,14.9068302597694
"Kerguelen","KER1","CAT1-S1-1D",108,134.6,135.8,135.2,4745.8,0.00205481552933152,0.00118133692032734,0.814471895,0.00909909,3.53749403615403,-8.49002979285172,15.5650178651598
"Kerguelen","KER1","CAT1-S1-1D",110,137.6,138.8,138.2,4810.63076923077,0.00204179063538956,0.00101182139226658,0.611487721,0.006965903,3.51315643271663,-8.5144824584691,15.5407953239024
"Kerguelen","KER1","CAT1-S1-1D",114,143.4,144.6,144,4936.93076923077,0.0017129497165079,0.00077221255751157,0.910381859,0.006646955,2.89870230254139,-9.13218520002885,14.9295898051116
"Kerguelen","KER1","CAT1-S1-1D",117,147.8,148.9,148.4,5072.725,0.00117977669990345,0.00093900504555073,1.191415297,0.020650204,1.9024444059732,-10.1351140416822,13.9400028536286
"Kerguelen","KER1","CAT1-S1-1D",119,150.7,151.8,151.3,5184.44166666667,0.00123024381765446,0.00114262536430278,0.767742407,0.008962163,1.99674449808342,-10.0401081718663,14.0335971680331
"Kerguelen","KER1","CAT1-S1-1D",123,156.5,157.7,157.1,5436.62307692308,0.00074058795177419,0.00079028783606876,1.008260928,0.010698193,1.08180036589366,-10.9625556485061,13.1261563802935
"Kerguelen","KER1","CAT1-S1-1D",124,158,159.2,158.6,5499.66923076923,0.00077526408878808,0.00078482018799692,0.858721787,0.01258998,1.14659429628154,-10.8971822819708,13.1903708745339
"Kerguelen","KER1","CAT1-S1-1E",132,161.5,162.7,162.1,5646.26923076923,0.00097144618894384,0.00083570915824791,9.64091711,0.055564368,1.51316942360181,-10.5274669072566,13.5538057544602
"Kerguelen","KER1","CAT1-S1-1E",137,168.8,170,169.4,5947.94615384615,0.00108581065145509,0.0007756378375411,0.797101318,0.013543108,1.72686459442877,-10.3120493487162,13.7657785375738
"Kerguelen","KER1","CAT1-S1-1E",144,179,180.2,179.6,6370.75384615385,0.00129270282091555,0.00089479648706215,0.546046302,0.003678018,2.11345197065381,-9.92254873149516,14.1494526728028
"Kerguelen","KER1","CAT1-S1-1E",145,180.4,181.6,181,6433.53846153846,0.00209884875720668,0.00148768027721195,0.855150174,0.008209565,3.61977211403088,-8.40737040644482,15.6469146345066
"Kerguelen","KER1","CAT1-S1-1E",146,181.9,183,182.4,6500.14166666667,0.00546465734733229,0.0033978400738022,0.757047602,0.007136358,9.90893769784993,-2.12418458142071,21.9420599771206
"Kerguelen","KER1","CAT1-S1-1E",147,183.3,184.4,183.8,6564.375,0.00196342217687892,0.00068202352180659,0.996950957,0.016241426,3.36672142343891,-8.66163167326016,15.395074520138
"Kerguelen","KER1","CAT1-S1-1E",151,189,190.3,189.7,6812.30714285714,0.00140900900642313,0.00074938708851845,0.972163333,0.006764335,2.33077533872218,-9.70370233555021,14.3652530129946
"Kerguelen","KER1","CAT1-S1-1E",157,198.4,199.7,199,7055.1,0.00126100366625395,0.00099508104132238,0.973653446,0.005266733,2.05422066643801,-9.98220945127758,14.0906507841536
"Kerguelen","KER1","CAT1-S1-1E",161,204.5,205.8,205.2,7160.46428571429,0.00245921873174119,0.0018218104964344,0.850620155,0.006969892,4.29313971073061,-7.73132787761452,16.3176072990757
"Kerguelen","KER1","CAT1-S1-1F",170,210.3,211.7,211,7263.93333333333,0.00208609682018529,0.0010297599764541,0.669698406,0.006580199,3.59594454294521,-8.4313071840583,15.6231962699487
"Kerguelen","KER1","CAT1-S1-1F",177,220.9,222.2,221.6,7451.67142857143,0.00136712613191372,0.00105402838230848,1.071221581,0.018816406,2.25251529336822,-9.78250132438546,14.2875319111219
"Kerguelen","KER1","CAT1-S1-1F",179,224,225.4,224.7,7505.43333333333,0.00171736730401424,0.0009526031358415,0.845840342,0.010747631,2.90695676460139,-9.1238827172845,14.9377962464873
"Kerguelen","KER1","CAT1-S1-1F",180,225.6,226.8,226.2,7531.69230769231,0.00435141004689832,0.00189033627584469,0.946267633,0.01560096,7.82878476559198,-4.1946847534965,19.8522542846805
"Kerguelen","KER1","CAT1-S1-1F",185,233.2,234.5,233.8,7669.85,0.00806075157124898,0.00318806603262509,0.775500382,0.006020552,14.759857174765,2.67488536997672,26.8448289795532
"Kerguelen","KER1","CAT1-S1-1F",186,234.7,235.9,235.3,7695.93846153846,0.00276029990772099,0.00137978162919572,0.799271713,0.004799037,4.85572350573996,-7.16711856787075,16.8785655793507
"Kerguelen","KER1","CAT1-S1-1F",188,237.8,239.1,238.4,7751.90714285714,0.00230263335429084,0.00071229373423057,0.598889202,0.012412956,4.00055285071748,-8.02497942197601,16.026085123411
"Kerguelen","KER1","CAT1-S1-1F",191,242.3,243.6,242.9,7831.4,0.0025881642674905,0.00137418335364473,0.803358665,0.003914391,4.53408027639462,-7.48962321496574,16.557783767755
"Kerguelen","KER3","CAT2-S3-1A",6,7.9,9.1,8.5,386.276923076923,0.00105529566036927,0.00081276124286882,2.360731307,0.069815083,1.6698459534132,-10.369519761769,13.7092116685954
"Kerguelen","KER3","CAT2-S3-1A",9,12.3,13.5,12.9,621.707692307692,0.0011688306134646,0.00110163120948837,2.063027935,0.069604809,1.88199114837837,-10.1557224295159,13.9197047262727
"Kerguelen","KER3","CAT2-S3-1A",13,18.1,19.3,18.7,928.807692307692,0.00105448782865915,0.00088899804235989,2.117141394,0.072121037,1.66833648332518,-10.3710412688813,13.7077142355317
"Kerguelen","KER3","CAT2-S3-1A",15,21,22.1,21.6,1082.7,0.00086599096942343,0.00060106817254111,2.279411544,0.072621448,1.31612157626208,-10.7261736093887,13.3584167619128
"Kerguelen","KER3","CAT2-S3-1A",20,28.2,29.4,28.8,1469.79230769231,0.00135788101724811,0.00070442727740006,1.778968575,0.062470129,2.23524037846545,-9.79989664681076,14.2703774037417
"Kerguelen","KER3","CAT2-S3-1A",21,29.6,30.7,30.2,1540.33333333333,0.00152088883537946,0.00073989882097416,1.649765973,0.055830034,2.53982785937353,-9.49326266962846,14.5729183883755
"Kerguelen","KER3","CAT2-S3-1A",22,31,32.1,31.6,1613.25833333333,0.0010444268861255,0.00088260590052062,1.71561783,0.017316078,1.64953715715165,-10.3899908405746,13.6890651548779
"Kerguelen","KER3","CAT2-S3-1A",27,38.2,39.3,38.7,1994.20833333333,0.00102241815213313,0.00079720358058581,1.391814484,0.034683301,1.60841284224726,-10.4314459753754,13.6482716598699
"Kerguelen","KER3","CAT2-S3-1A",28,39.5,40.7,40.1,2065.98461538462,0.00145911044800726,0.00116645878254118,1.707642336,0.043729961,2.4243921483753,-9.60945489311578,14.4582391898664
"Kerguelen","KER3","CAT2-S3-1A",32,45.1,47,46.1,2386.005,0.00233936292938831,0.00112846308414875,2.217760046,0.065872497,4.06918372304011,-7.95608534317461,16.0944527892548
"Kerguelen","KER3","CAT2-S3-1B",38,46.4,47.6,47,2436.8,0.00203075256116634,0.00086150874496274,1.678496422,0.041155697,3.49253129178617,-8.53520592204066,15.520268505613
"Kerguelen","KER3","CAT2-S3-1B",42,51.6,52.7,52.2,2712.45833333333,0.00196678980764471,0.00099982102843045,1.967605598,0.065948581,3.37301399384038,-8.65530764006128,15.401335627742
"Kerguelen","KER3","CAT2-S3-1B",45,55.3,56.5,55.9,2912.56153846154,0.00348590172040751,0.00174353738718484,5.218331686,0.134842002,6.21154331120741,-5.80966189666675,18.2327485190816
"Kerguelen","KER3","CAT2-S3-1B",47,58.1,59.3,58.7,3063.31538461538,0.00085924066582059,0.00068028528805263,1.796711679,0.054430343,1.30350832866866,-10.7388953496638,13.3459120070011
"Kerguelen","KER3","CAT2-S3-1B",52,64.6,65.7,65.1,3406.90833333333,0.00102809370367178,0.0006940793377346,1.674316698,0.058006501,1.61901786699846,-10.4207553571371,13.658791091134
"Kerguelen","KER3","CAT2-S3-1B",55,68.3,69.4,68.9,3606.60833333333,0.0021221947279904,0.00183304108992098,2.172456549,0.053102691,3.6633951163622,-8.36355004807523,15.6903402807996
"Kerguelen","KER3","CAT2-S3-1B",56,69.5,70.7,70.1,3672.84615384615,0.00169003996039948,0.00122568762958924,9.289874448,0.273316825,2.85589438706056,-9.17524406490701,14.8870328390281
"Kerguelen","KER3","CAT2-S3-1B",62,77.2,78.2,77.7,4072.19090909091,0.00116324963604475,0.00078174844093463,6.308413318,0.18168757,1.87156283964568,-10.1662301143323,13.9093557936236
"Kerguelen","KER3","CAT2-S3-1B",65,80.8,81.9,81.4,4264.50833333333,0.00158043506265073,0.00095179658045175,4.559558768,0.101269459,2.65109267826413,-9.38129073006526,14.6834760865935
"Kerguelen","KER3","CAT2-S3-1B",68,84.5,85.6,85.1,4460.44166666667,0.00183630138711766,0.00077502756048425,1.84420973,0.069793753,3.12919047818555,-8.90040097227873,15.1587819286498
"Kerguelen","KER3","CAT2-S3-1C",78,89.2,90.2,89.7,4699.99090909091,0.00141476235980271,0.00116389462480443,3.39219619,0.105755528,2.34152573973208,-9.69287873759288,14.375930217057
"Kerguelen","KER3","CAT2-S3-1C",83,95.7,96.8,96.2,5048.06666666667,0.00169050405200818,0.00063559368065324,4.562528403,0.165536483,2.85676156322196,-9.17437177334749,14.8878948997914
"Kerguelen","KER3","CAT2-S3-1C",85,98.3,99.3,98.8,5181.87272727273,0.00123892505199097,0.00096764940054356,3.856589078,0.181634068,2.01296577708735,-10.0237670528748,14.0496986070495
"Kerguelen","KER3","CAT2-S3-1C",89,103.5,104.7,104.1,5467.83076923077,0.00287122005046987,0.00145637175089414,3.291192016,0.057601264,5.06298280930675,-6.95940029068477,17.0853659092983
"Kerguelen","KER3","CAT2-S3-1C",91,106.1,107.2,106.7,5603.63333333333,0.0018666564563612,0.00080742786359997,1.312310319,0.049860763,3.18591029800567,-8.84337646966073,15.2151970656721
"Kerguelen","KER3","CAT2-S3-1C",96,112.8,113.9,113.3,5955.025,0.00193549414872526,0.00093500345709101,0.758966661,0.005615854,3.31453663966861,-8.71408005219556,15.3431533315328
"Kerguelen","KER3","CAT2-S3-1C",101,118.9,119.9,119.4,6277.73636363636,0.00105739105349221,0.00061128804875205,0.504960312,0.008409407,1.67376129023658,-10.3655732212724,13.7130958017456
"Kerguelen","KER3","CAT2-S3-1D",110,122.4,123.5,123,6466.25,0.00153704172149341,0.00076984236364318,0.554631219,0.007900262,2.57001025766119,-9.46288631306695,14.6029068283893
"Kerguelen","KER3","CAT2-S3-1D",115,128.9,130,129.5,6808.05,0.00088527677871617,0.00080754836168827,0.666713024,0.014379948,1.35215798320923,-10.6898287653851,13.3941447318035
"Kerguelen","KER3","CAT2-S3-1D",117,131.4,132.4,131.9,6937.85454545455,0.00158486291434128,0.00105854069487249,0.937152005,0.025205066,2.65936631941655,-9.3729653724733,14.6916980113064
"Kerguelen","KER3","CAT2-S3-1D",121,136.5,137.6,137.1,7212.99166666667,0.00114522054801158,0.00051075051181439,0.742090782,0.019875361,1.83787467321265,-10.2001759996297,13.875925346055
"Kerguelen","KER3","CAT2-S3-1D",124,140.5,141.6,141,7429.425,0.00182916924721276,0.00112057979884041,0.586260213,0.020112283,3.11586375219155,-8.91380010271828,15.1455276071014
"Kerguelen","KER3","CAT2-S3-1D",130,148.3,149.4,148.9,7841.69166666667,0.00092870109903704,0.00058951333212632,0.698079854,0.027968386,1.43329828978043,-10.608002271883,13.4745988514438
"Kerguelen","KER3","CAT2-S3-1D",133,152.3,153.4,152.8,8051.725,0.00122298965589142,0.00085953992567259,0.730675186,0.018324712,1.98318976872851,-10.0537633938198,14.0201429312768
"Kerguelen","KER3","CAT2-S3-1D",134,153.6,154.8,154.2,8122.73846153846,0.0012287972100371,0.0009931818910679,1.156587985,0.036052658,1.99404144632133,-10.0428312379958,14.0309141306385
"Kerguelen","KER3","CAT2-S3-1D",136,156.4,157.6,157,8271.9,0.0010216587730414,0.00050498325661738,1.014040906,0.029886398,1.60699390806818,-10.4328763767113,13.6468641928477
"Kerguelen","KER3","CAT2-S3-1D",139,160.4,161.5,160.9,8483.125,0.00068106565579697,0.00084565566610469,0.762922668,0.015474814,0.97058026370839,-11.0747874351935,13.0159479626103
"Kerguelen","KER3","CAT2-S3-1D",141,163,164.1,163.5,8623.30833333333,0.00130421752884707,0.00095104513974834,0.735314311,0.012884222,2.13496772322605,-9.90087851198585,14.1708139584379
"Kerguelen","KER3","CAT2-S3-1D",142,164.3,165.5,164.9,8696.08461538462,0.00117349647825705,0.00080299643216062,0.851045118,0.029811211,1.89070952777687,-10.1469378351342,13.928356890688
"Kerguelen","KER3","CAT2-S3-1E",150,166.5,167.5,167,8805.21818181818,0.00113969246697082,0.00092746097465934,0.779826419,0.006693095,1.82754520375675,-10.2105848879967,13.8656752955102
"Kerguelen","KER3","CAT2-S3-1E",152,169.1,170.2,169.6,8943.06666666667,0.0013293874999067,0.00075498398513814,1.362159166,0.007396239,2.18199895257116,-9.85351245105862,14.2175103562009
"Kerguelen","KER3","CAT2-S3-1E",156,174.6,175.7,175.1,9234.5,0.00222123840145182,0.00094556001603622,0.727182174,0.006023498,3.84846269990096,-8.17768226473167,15.8746076645336
"Kerguelen","KER3","CAT2-S3-1E",158,177.2,178.3,177.8,9367.74166666667,0.00494079220261962,0.0030744354768332,1.156498194,0.031558029,8.93007198090007,-3.09756396676635,20.9577079285665
"Kerguelen","KER3","CAT2-S3-1E",159,178.6,179.6,179.1,9437.28181818182,0.00114721218627617,0.00115754230215159,0.853831839,0.020237256,1.84159613939045,-10.1964259663464,13.8796182451273
"Kerguelen","KER3","CAT2-S3-1E",163,183.8,184.9,184.3,9717.925,0.0015111075697634,0.00143751922260239,0.442215771,0.009442753,2.52155112217012,-9.51165763140113,14.5547598757414
"Kerguelen","KER3","CAT2-S3-1E",165,186.4,187.5,187,9857.625,0.00129527826875399,0.00072357640124763,1.391187562,0.026160504,2.11826431142564,-9.91770177148922,14.1542303943405
"Kerguelen","KER3","CAT2-S3-1E",168,190.4,191.5,190.9,10071.1416666667,0.00159289349581329,0.00083465550858233,0.770566552,0.019829292,2.67437182411459,-9.35786637768737,14.7066100259165
"Kerguelen","KER3","CAT2-S3-1E",171,194,195,194.5,10256.1727272727,0.00284545669786255,0.00215179111151356,2.495460469,0.032579844,5.01484281970154,-7.00764016965813,17.0373258090612
"Kerguelen","KER3","CAT2-S3-1E",174,197.7,198.6,198.1,10446.9,0.00705922848666996,0.00320946362264899,2.559258484,0.091147969,12.8884659930402,0.828344042379294,24.948587943701
"Kerguelen","KER3","CAT2-S3-1E",177,201.6,202.7,202.1,10658.8916666667,0.00169958376856336,0.00104239111842893,1.716659161,0.044784633,2.87372742427454,-9.15730609683791,14.904760945387
"Kerguelen","KER3","CAT2-S3-1E",181,207,208.1,207.5,10924.02,0.0017317750268965,0.00140627200255396,10.43196843,0.324993054,2.93387824645812,-9.09680544715868,14.9645619400749
