"Location","Site","Section","sample","min_depth","max_depth","midpoint","SH20_age","Mn","Mn_sd","Mn_ICP","Mn_ICP_sd","fit","lwr","upr"
"Bird Island","BI10","BI10.1",1,0,1.1,0.6,-55.4909090909091,0.00044004448021209,0.00029251173761998,34.34524027,0.178633186,109.926215461768,-128.123594249177,347.976025172714
"Bird Island","BI10","BI10.1",4,3.9,5,4.5,5.21666666666667,0.0007889819860147,0.00041948737222195,28.06949723,0.234649235,122.453390237258,-115.560283401042,360.467063875558
"Bird Island","BI10","BI10.1",10,11.7,12.8,12.3,132.083333333333,0.00032007473886846,0.00027116306283344,37.1899001,0.366072293,105.619192305501,-132.444363895691,343.682748506693
"Bird Island","BI10","BI10.1",22,26.7,27.8,27.2,382.866666666667,0.00069769077008949,0.00020679486872906,59.55046887,0.237697509,119.175952305409,-118.846622477282,357.198527088101
"Bird Island","BI10","BI10.1",30,36.3,37.2,36.7,541.72,0.00114142606842347,0.00044697701469753,148.1529747,0.305567488,135.106454311772,-102.876533052325,373.08944167587
"Bird Island","BI10","BI10.1",34,40.9,41.9,41.4,618.7,0.00089763485981989,0.00042724057728966,149.1109339,0.185893427,126.354127525117,-111.649463024161,364.357718074395
"Bird Island","BI10","BI10.2",45,44,45,44.5,670.06,0.00075111073628034,0.00036208413351678,498.7089785,6.046753704,121.093777823862,-116.923540794177,359.111096441902
"Bird Island","BI10","BI10.2",51,51.9,52.9,52.4,800.245454545455,0.00077325563572897,0.00036586133345268,55.70453095,0.688199618,121.888799915685,-116.126379141379,359.903978972749
"Bird Island","BI10","BI10.2",54,55.3,56.3,55.8,856.145454545455,0.00072917980435657,0.00034409958517801,235.7531016,13.60034647,120.306437361373,-117.713022874423,358.325897597169
"Bird Island","BI10","BI10.2",62,64.4,65.4,64.9,1005.71818181818,0.00133688695807181,0.00086180447888385,36.54824658,0.120334052,142.123678558749,-95.8448097934067,380.092166910904
"Bird Island","BI10","BI10.2",67,70.1,71.2,70.6,1100.56666666667,0.00096152568022696,0.0004496489561936,88.46094721,0.148073757,128.647866261937,-109.350054420819,366.645786944693
"Bird Island","BI10","BI10.2",71,74.7,75.8,75.2,1174.81666666667,0.00094897094528685,0.00028681423897621,46.49996193,0.203261185,128.197139824568,-109.801879845161,366.196159494297
"Bird Island","BI10","BI10.2",81,86.5,87.5,87,1349.67272727273,0.00104626100376128,0.00035456545570846,125.5077224,1.234445563,131.68994167636,-106.300755546872,369.680638899591
"Bird Island","BI10","BI10.3",88,84.8,85.8,85.3,1324,0.00053594289760946,0.00037078015343155,57.22472424,0.585720892,113.369056129373,-124.670251830977,351.408364089723
"Bird Island","BI10","BI10.3",95,93,94,93.5,1444.54545454545,0.00140254633343169,0.00065830790834705,60.2997145,0.569052976,144.480910031733,-93.4831111870226,382.444931250489
"Bird Island","BI10","BI10.3",98,96.3,97.3,96.8,1492.28181818182,0.00152507165818755,0.00048356400355598,54.01867077,0.421691157,148.879680963823,-89.0765468013332,386.835908728978
"Bird Island","BI10","BI10.3",104,103.2,104.2,103.7,1595.6,0.00116326412354957,0.00021694157720754,47.40786167,0.811856875,135.890460412499,-102.090817834047,373.871738659044
"Bird Island","BI10","BI10.3",114,114.9,115.9,115.4,1769.91818181818,0.00077997620548857,0.00030468256542357,38.81328375,0.081961578,122.130074500874,-115.884459800482,360.144608802231
"Bird Island","BI10","BI10.3",120,121.8,122.7,122.3,1872.71,0.00060308326521175,0.00043184972451167,32.12024806,0.26750503,115.779456574891,-122.252756228311,353.811669378093
"Bird Island","BI10","BI10.4",135,129.4,130.4,129.9,1986.59090909091,0.00116584940284564,0.00052893416927878,37.52718028,0.316767608,135.983274297641,-101.997803101889,373.96435169717
"Bird Island","BI10","BI10.4",145,141,142,141.5,2162.97272727273,0.0006892481756905,0.00039502767637396,51.81193098,0.049962394,118.872855464755,-119.150562292841,356.89627322235
"Bird Island","BI10","BI10.4",155,152.7,153.8,153.2,2335.40833333333,0.00090339867952909,0.00044257218450474,82.80022216,1.100044802,126.561053910704,-111.442017259937,364.564125081346
"Bird Island","BI10","BI10.4",165,164.8,165.8,165.3,2517.27272727273,0.00115923810126279,0.00045374212432787,42.83579617,0.699855742,135.745922539677,-102.235669109522,373.727514188876
"Bird Island","BI10","BI10.4",168,168.4,170,169.2,2576.01176470588,0.00125261613372747,0.00035535642927351,219.4284939,1.571294805,139.098279088984,-98.876239905101,377.072798083069
"Bird Island","BI10","BI10.5",181,174.6,175.6,175.1,2667,0.00082163737075163,0.0003590856310331,41.17278862,0.168930879,123.625748339089,-114.384836486558,361.636333164736
"Bird Island","BI10","BI10.5",191,186.6,187.6,187.1,2847.45454545455,0.00097609845989832,0.0005860296535141,122.3868181,1.392426748,129.171042346113,-108.825611996857,367.167696689082
"Bird Island","BI10","BI10.5",194,190.3,191.3,190.8,2903.10909090909,0.00077396117869631,0.00040553411161734,243.6402038,1.438405031,121.914129551842,-116.100981717289,359.929240820973
"Bird Island","BI10","BI10.5",197,194,195,194.5,2954.41818181818,0.00076031892647519,0.00055394364850318,67.78989286,0.637151851,121.424360252001,-116.592065902484,359.440786406486
"Bird Island","BI10","BI10.5",202,199.9,200.8,200.3,3041.91111111111,0.00144474423359412,0.00041786417016486,42.2400533,0.50833131,145.99585314247,-91.9654042369158,383.957110521856
"Bird Island","BI10","BI10.6",218,209.5,210.5,210,3183,0.00116025296738224,0.00051028094600182,160.5283798,4.267333565,135.782357159173,-102.199155416651,373.763869734998
"Bird Island","BI10","BI10.6",228,221.4,222.4,221.9,3362.6,0.00100672614125923,0.00040844960828097,73.63658302,0.458479319,130.270604046978,-107.72342138517,368.264629479127
"Bird Island","BI10","BI10.6",239,234.2,235.2,234.7,3550.09090909091,0.00107988043225161,0.00031442681875819,51.31483509,0.280653345,132.896909828384,-105.091015022391,370.884834679159
"Bird Island","BI10","BI10.6",247,243.9,245,244.5,3699.925,0.0006393017091356,0.00045332133018074,64.81180749,1.00218427,117.079731751922,-120.94874162213,355.108205125974
"Bird Island","BI10","BI10.7",259,250.7,251.7,251.2,3790.45,0.00076287034097154,0.0002445420581213,41.07148346,0.20369105,121.51595835994,-116.500221215379,359.532137935259
"Bird Island","BI10","BI10.7",271,265,266,265.5,3978.94545454545,0.00115433117526318,0.00060346714596699,56.87091915,0.770254564,135.569759419962,-102.412215236349,373.551734076274
"Bird Island","BI10","BI10.7",280,275.9,276.9,276.4,4128.55454545455,0.00060967553639078,0.00034260039399925,39.2756349,0.284820113,116.016125123997,-122.015402458322,354.047652706317
"Bird Island","BI10","BI10.8",300,289.7,290.8,290.3,4314.73333333333,0.00162313359145649,0.00072639385369825,55.60667563,0.815337755,152.400193824877,-85.5503055594074,390.350693209162
"Bird Island","BI10","BI10.8",303,293.4,294.4,293.9,4365.28181818182,0.00115347003425468,0.00066973240104621,54.76131918,0.753154456,135.538843672184,-102.443198316814,373.520885661182
"Bird Island","BI10","BI10.8",311,303.1,304,303.6,4492.98,0.00211591621874174,0.00041395811407499,80.6250656,1.855020668,170.091539683867,-67.8370260693082,408.020105437042
"Bird Island","BI10","BI10.8",318,311.7,312.8,312.2,4610.66666666667,0.00118584762896079,0.00033255941487554,70.96066682,1.987543814,136.701228858495,-101.278305529336,374.680763246326
"Bird Island","BI10","BI10.8",326,321.7,322.8,322.2,4729.33333333333,0.00080560378672052,0.000447946634891,272.5348429,4.718080418,123.050128045784,-114.961967099868,361.062223191435
"Bird Island","BI10","BI10.9",342,332.1,333.1,332.6,4891.35454545455,0.00124921729498006,0.00072716846254543,48.26462876,0.742906646,138.976257677372,-98.9985115572072,376.951026911951
"Bird Island","BI10","BI10.9",348,339.5,340.5,340,5008.74545454545,0.00086107333589091,0.00036873575313842,71.25145017,1.139627929,125.041535462928,-112.965386044481,363.048456970337
"Bird Island","BI10","BI10.9",361,355.7,356.7,356.2,5262.19090909091,0.00108593523854999,0.00063455127885679,63.1732016,1.032756436,133.114282897974,-104.873148303531,371.101714099479
"Bird Island","BI10","BI10.9",365,360.7,361.7,361.2,5341.56,0.00192120098159784,0.00042993840242901,70.44102514,1.552356955,163.10108504202,-74.83478133184,401.036951415879
"Bird Island","BI10","BI10.9",372,369.1,371,370.1,5483.135,0.00127654104855852,0.00068147382247124,100.6908119,1.179209481,139.957205356849,-98.0155675385762,377.929978252275
"Bird Island","BI10","BI10.10",379,367.3,368.4,367.9,5447.30909090909,0.00165219446622454,0.00071567228619535,69.28334701,0.809799887,153.443505739745,-84.5053829668637,391.392394446353
"Bird Island","BI10","BI10.10",386,375.7,376.6,376.1,5581.52,0.00131550750950297,0.00067396638007471,70.46152124,0.555145222,141.35613685179,-96.6138498344625,379.326123538043
"Bird Island","BI10","BI10.10",390,380.5,381.5,381,5660.04545454545,0.00102576869191493,0.00062266132044761,97.8957421,1.441879782,130.954248987027,-107.038164185321,368.946662159374
"Bird Island","BI10","BI10.10",392,382.9,384,383.4,5698.00833333333,0.00163285217570372,0.00052481085602196,81.91402797,0.649961199,152.749099865102,-85.200856449788,390.699056179991
"Bird Island","BI10","BI10.10",396,387.7,388.8,388.2,5774.45833333333,0.00146927596038475,0.00058212843963212,274.0987451,7.474758189,146.876564513247,-91.0831246294784,384.836253655972
"Bird Island","BI10","BI10.10",403,396.3,397.4,396.8,5914.69166666667,0.00177390226680175,0.00052661988567344,78.69369569,2.21352713,157.812926808036,-80.1296481964903,395.755501812563
"Bird Island","BI10","BI10.10",410,404.6,405.6,405.1,6045.02727272727,0.001215748149899,0.00065630558991542,60.23512043,1.406740407,137.774684836836,-100.202577603924,375.751947277596
"Bird Island","BI10","BI10.11",422,409.9,410.9,410.4,6127.60909090909,0.00174050261519258,0.00055402285925299,321.8666456,8.368333361,156.613848846537,-81.3303893772617,394.558087070335
"Bird Island","BI10","BI10.11",424,412.2,413.2,412.7,6161.61818181818,0.00173883457241406,0.00048726236659918,107.9334325,2.989644718,156.553964589121,-81.3903580757802,394.498287254022
"Bird Island","BI10","BI10.11",427,415.8,416.8,416.3,6233.21818181818,0.00143338925441207,0.00042633748771967,98.07001331,1.92257992,145.588199031289,-92.3737938251894,383.550191887768
"Bird Island","BI10","BI10.11",439,430.3,431.3,430.8,6633.50909090909,0.00125876624321217,0.00057696965437402,53.48002201,1.120701616,139.319073629903,-98.6549939422541,377.293141202061
"Bird Island","BI10","BI10.11",443,435.2,436.3,435.7,6779.31666666667,0.0014225979562593,0.00045561736813982,46.9486511,0.918027483,145.200781583276,-92.7619158634784,383.163479030031
"Bird Island","BI10","BI10.11",449,442.8,443.8,443.3,6996.89090909091,0.00192340057918991,0.00059952420357505,68.97052291,1.256631377,163.180052602151,-74.7557213324813,401.115826536784
"Bird Island","BI10","BI10.12",461,447.5,448.7,448.1,7135.69230769231,0.00159266126453084,0.00099721753934975,355.0818916,6.553862016,151.306209489959,-86.6460214944107,389.258440474329
"Bird Island","BI10","BI10.12",465,452.8,453.9,453.4,7290.50833333333,0.012323685999073,0.00773018201247598,201.9552017,1.015089484,536.559786804621,296.523354410425,776.596219198817
"Bird Island","BI10","BI10.12",469,458.3,459.3,458.8,7450.61818181818,0.00195779354701995,0.00044355031369917,311.4480017,8.47360052,164.41479152213,-73.5195666543029,402.349149698562
"Bird Island","BI10","BI10.12",475,466.1,467.2,466.6,7672.18333333333,0.00204165591070994,0.00049278256904877,353.3049619,9.842514542,167.425526881786,-70.5056126114614,405.356666375033
"Bird Island","BI10","BI10.12",479,471.4,472.4,471.9,7821.06363636364,0.00159451180959706,0.00070919933420977,115.4337622,1.894932065,151.37264574599,-86.5794788340503,389.324770326031
"Bird Island","BI10","BI10.12",484,478.2,479.2,478.7,8011.50909090909,0.00121364112729003,0.00045626091591115,105.7636335,5.529308912,137.699040803049,-100.278380359003,375.676461965102
"Bird Island","BI10","BI10.13",506,473.4,474.5,474,7881.69166666667,0.00187466064636064,0.00072331994917678,60.6622639,0.521352206,161.430244550725,-76.5076310985423,399.368120199993
"Bird Island","BI10","BI10.13",519,491,492,491.5,8384.23636363636,0.00113940076180488,0.00045904644431505,64.82600414,1.104452514,135.033743956585,-102.94940305159,373.016890964761
"Bird Island","BI10","BI10.13",522,494.8,495.8,495.3,8490.03636363636,0.00149104857427585,0.00066630984451701,87.95481953,1.208105913,147.658221213938,-90.3000997972069,385.616542225083
"Bird Island","BI10","BI10.13",525,498.7,499.7,499.2,8597.97,0.00405349929097866,0.00234517697289651,169.8695081,6.194816384,239.652539531423,1.69935567814903,477.605723384697
"Bird Island","BI10","BI10.13",529,503.9,505.1,504.5,8738.44,0.00205036733985755,0.00050844404309392,77.40139067,1.444532107,167.73827513516,-70.1925489922471,405.669099262566
"Isla Hermite","HER42PB","HER42PB_1A",3,2.5,3.7,3.1,-30.6269230769231,0.00399425083908194,0.00094183870885291,407.4375349,2.240906442,237.525466059111,-0.424345234814041,475.475277353036
"Isla Hermite","HER42PB","HER42PB_1A",5,5.3,6.5,5.9,-1.38846153846154,0.00532239314641035,0.00141571534451684,366.7929674,4.804987873,285.206986485972,47.1419288649282,523.272044107015
"Isla Hermite","HER42PB","HER42PB_1A",7,8.1,9.3,8.7,27.85,0.00523646153575424,0.00115257959001601,315.5650704,3.09253769,282.121963272567,44.0668722198922,520.177054325243
"Isla Hermite","HER42PB","HER42PB_1A",9,10.9,12.1,11.5,56.4453846153846,0.00444057000664691,0.00150565157471721,291.4015196,1.981530334,253.548731327993,15.5694493046967,491.52801335129
"Isla Hermite","HER42PB","HER42PB_1A",13,16.3,17.5,16.9,110.519230769231,0.00250908846612139,0.00060668325815252,318.8457154,3.985571442,184.20678203498,-53.7124835223868,422.126047592348
"Isla Hermite","HER42PB","HER42PB_1A",16,20.5,21.6,21.1,152.406666666667,0.00437738545400221,0.00125671644517854,343.7990278,4.950706,251.280348248133,13.3058079398891,489.254888556377
"Isla Hermite","HER42PB","HER42PB_1A",20,26.1,27.3,26.7,210.763076923077,0.00523507987609414,0.0013301245709335,382.915235,1.64653551,282.072360430355,44.0174267908646,520.127294069846
"Isla Hermite","HER42PB","HER42PB_1A",25,33.1,34.1,33.6,281.104545454545,0.00724401861723761,0.00183235372299905,585.3572459,7.78525137,354.195093885648,115.816600856797,592.573586914498
"Isla Hermite","HER42PB","HER42PB_1A",28,37.1,38.2,37.7,321.895,0.00812430157383696,0.00150699744344054,509.8802514,3.977065961,385.798055063008,147.21820046204,624.377909663975
"Isla Hermite","HER42PB","HER42PB_1A",31,41.2,42.3,41.7,363.2825,0.00454191816436857,0.00124184561541681,510.7720501,2.24739702,257.187222644749,19.1999426130963,495.174502676401
"Isla Hermite","HER42PB","HER42PB_1B",40,43.1,44.2,43.7,382.52,0.00400203072231838,0.00097482093877408,425.6460716,6.895466359,237.804770964474,-0.145473754977246,475.755015683925
"Isla Hermite","HER42PB","HER42PB_1B",48,54,55.1,54.5,493.1425,0.00380812446387841,0.00076621622923061,285.4554922,3.882194694,230.843359396086,-7.09693201580595,468.783650807978
"Isla Hermite","HER42PB","HER42PB_1B",50,56.7,57.8,57.2,520.634166666667,0.00344272377611478,0.00063555575969482,213.0614752,1.363593441,217.725141369708,-20.2012043035534,455.65148704297
"Isla Hermite","HER42PB","HER42PB_1B",56,64.7,65.8,65.2,601.545833333333,0.00358720045957923,0.00082296686813575,318.8247,5.61131472,222.911986104496,-15.0191222626392,460.843094471631
"Isla Hermite","HER42PB","HER42PB_1B",60,69.9,70.9,70.4,653.46,0.00393540252349086,0.00135993643055712,443.5927218,9.58160279,235.412757845195,-2.53386722523101,473.359382915621
"Isla Hermite","HER42PB","HER42PB_1B",63,73.7,74.8,74.3,692.363333333333,0.00293271159306951,0.00071418667959817,330.5850441,1.454574194,199.415238741324,-38.5021526263525,437.332630109
"Isla Hermite","HER42PB","HER42PB_1B",69,81.5,82.5,82,770.521818181818,0.0117977857549594,0.0010884787862259,654.0897303,4.251583247,517.679488290048,277.870103936399,757.488872643697
"Isla Hermite","HER42PB","HER42PB_1C",80,86.5,87.8,87.2,822.286923076923,0.00707907270826405,0.00120235136286586,567.7982591,8.346634409,348.273385282094,109.928590062843,586.618180501346
"Isla Hermite","HER42PB","HER42PB_1C",86,94.8,96,95.4,906.45,0.00437014299144686,0.00081457920341646,360.8953237,6.820921619,251.020337235482,13.0463284411955,488.994346029768
"Isla Hermite","HER42PB","HER42PB_1C",90,100.2,101.4,100.8,961.955384615385,0.00262343042961727,0.00128798646989786,431.4287933,3.580858984,188.31176283259,-49.60616425047,426.22968991565
"Isla Hermite","HER42PB","HER42PB_1C",91,101.6,103.1,102.3,977.5775,0.00270564322447625,0.00085910879148457,299.9841868,2.93984503,191.263277166399,-46.6540679947316,429.18062232753
"Isla Hermite","HER42PB","HER42PB_1C",97,109.8,111,110.4,1058.64692307692,0.00764064222167055,0.0035089898032108,436.78518,0.960927396,368.434243103464,129.969508868486,606.898977338442
"Isla Hermite","HER42PB","HER42PB_1C",104,119.2,120.3,119.8,1151.60416666667,0.00240423236052419,0.0004986279309572,323.6804956,0.906305388,180.442352189378,-57.4786819306968,418.363386309453
"Isla Hermite","HER42PB","HER42PB_1D",118,127.3,128.4,127.8,1233.23666666667,0.0011537687183805,0.00073939845345253,421.6584628,14.1255585,135.549566704775,-102.432451926135,373.531585335684
"Isla Hermite","HER42PB","HER42PB_1D",121,130.9,132.2,131.6,1270.93,0.00138012762537523,0.0007254589599771,195.5844371,3.051117218,143.676057961108,-94.2894657041179,381.641581626334
"Isla Hermite","HER42PB","HER42PB_1D",131,143.2,144.4,143.8,1396.85230769231,0.00053703332932403,0.00041406603730833,259.3390696,3.060201021,113.408203622669,-124.630987411549,351.447394656886
"Isla Hermite","HER42PB","HER42PB_1D",137,150.7,151.9,151.3,1480.03461538462,0.00116592411339901,0.00060388305614407,172.5557713,3.140515038,135.985956474661,-101.995115125377,373.967028074699
"Isla Hermite","HER42PB","HER42PB_1D",144,159.2,160.3,159.8,1611.23,0.00310335204204351,0.00071816582571703,334.5877951,3.479713069,205.54138652572,-32.3776373840283,443.460410435468
"Isla Hermite","HER42PB","HER42PB_1D",147,162.9,164.1,163.5,1669.44846153846,0.00347291701146916,0.00147387794294122,264.1328625,1.399904171,218.809106062617,-19.1181537052049,456.73636583044
"Isla Hermite","HER42PB","HER42PB_1E",158,169.3,170.5,169.9,1768.77461538462,0.00083154940021288,0.00047781031120561,66.61077661,0.126560476,123.981599238966,-114.028057948243,361.991256426175
"Isla Hermite","HER42PB","HER42PB_1E",162,175.6,176.8,176.2,1865.00538461538,0.00127578386186561,0.0005369610674493,211.0280805,3.144318399,139.930021663833,-98.0428060802006,377.902849407866
"Isla Hermite","HER42PB","HER42PB_1E",166,181.9,183.1,182.5,1961.41923076923,0.00130988346581806,0.00053276215212172,153.4316483,2.148043076,141.154228552985,-96.8161558558961,379.124612961867
"Isla Hermite","HER42PB","HER42PB_1E",174,194.9,196.1,195.5,2158.50153846154,0.00089682936853467,0.0005717628756208,143.7066162,0.229930586,126.325209653171,-111.678453603493,364.328872909835
"Isla Hermite","HER42PB","HER42PB_1E",179,202.5,203.6,203,2273.88416666667,0.00129884323270537,0.0005311297305523,150.7094709,0.572695989,140.757874112821,-97.2132953708935,378.729043596535
"Isla Hermite","HER42PB","HER42PB_1F",184,201.4,202.5,202,2256.42833333333,0.00309430273298043,0.00100589197344542,365.7716364,4.645299782,205.216508075151,-32.7023948308149,443.135410981116
"Isla Hermite","HER42PB","HER42PB_1F",189,208.1,209.3,208.7,2363.54384615385,0.00206899399099201,0.00071262031842151,131.1007878,2.884217331,168.406988902993,-69.5231729007558,406.337150706741
"Isla Hermite","HER42PB","HER42PB_1F",191,210.9,212.2,211.5,2407.86357142857,0.00122528939217482,0.00062145097540348,174.0963235,1.793192132,138.117224138507,-99.8593221784232,376.093770455438
"Isla Hermite","HER42PB","HER42PB_1F",197,219.3,220.5,219.9,2535.41461538462,0.00239161873147205,0.0009759063498888,107.6482229,0.602830048,179.989511399662,-57.931770353322,417.910793152646
"Isla Hermite","HER42PB","HER42PB_1F",200,223.4,224.6,224,2595.94769230769,0.00131917082144326,0.0005320472846215,104.6054626,1.945661604,141.487653092292,-96.4820753313795,379.457381515963
"Isla Hermite","HER42PB","HER42PB_1F",205,230.3,231.5,230.9,2697.92846153846,0.00191632220497377,0.00059495407719457,83.17074012,1.047951326,162.925932510566,-75.0101397092804,400.862004730413
"Isla Hermite","HER42PB","HER42PB_1F",209,235.8,236.9,236.4,2780.0925,0.00219040341397252,0.00060448962859219,306.2265551,5.420210026,172.765697943369,-65.160547031958,410.691942918696
"Isla Hermite","HER42PB","HER42PB_1F",211,238.4,239.5,239,2819.29,0.00193949707553142,0.00117662537339483,346.4020468,1.801290643,163.757931504791,-74.1771728984446,401.693035908027
"Isla Hermite","HER42PB","HER42PB_1F",213,241.1,242.3,241.7,2859.43,0.00188511700111213,0.00053041430249704,288.8091125,3.985565753,161.805637225081,-76.131778113221,399.743052563384
"Isla Hermite","HER42PB","HER42PB_1G",224,246.9,248.1,247.5,2943.97461538462,0.0008498077465157,0.00062159384667526,91.45583254,2.286395813,124.637090527358,-113.370870009226,362.645051063943
"Isla Hermite","HER42PB","HER42PB_1G",231,256.4,257.6,257,3049.39,0.00086789694047444,0.00050629336985524,300.501993,2.313865346,125.286509092289,-112.719785974563,363.292804159141
"Isla Hermite","HER42PB","HER42PB_1G",232,257.7,258.9,258.3,3062.22846153846,0.00086429325387367,0.00044859146701478,100.7317857,1.158415535,125.157133455869,-112.849492174299,363.163759086038
"Isla Hermite","HER42PB","HER42PB_1G",236,263.2,264.4,263.8,3116.22307692308,0.00106260207877751,0.0006177820089031,77.97233518,1.138396094,132.276601176538,-105.712741864498,370.265944217574
"Isla Hermite","HER42PB","HER42PB_1G",240,268.6,269.8,269.2,3169.09230769231,0.00087365926006224,0.0004588119617575,165.9363359,4.613030137,125.49338162215,-112.512386140938,363.499149385237
"Isla Hermite","HER42PB","HER42PB_1G",245,275.2,276.4,275.8,3233.34153846154,0.00077090145277174,0.00040220491458781,112.7063173,1.1721457,121.804282599924,-116.211122814301,359.819688014149
"Isla Hermite","HER42PB","HER42PB_1G",253,285.8,286.9,286.3,3335.24833333333,0.00237627855787995,0.00074637309506968,181.7526989,1.417671051,179.438785173679,-58.482807835755,417.360378183113
"Isla Hermite","HER42PB","HER42PB_1H",260,285,286.2,285.6,3328.03692307692,0.00199553562042188,0.00054730722214257,232.242995,3.088831834,165.76976638735,-72.1631022532156,403.702635027916
"Isla Hermite","HER42PB","HER42PB_1H",264,290.3,291.5,290.9,3378.91846153846,0.00095286111392283,0.00050239696020245,99.43200238,3.500006484,128.336800427395,-109.661877921089,366.335478775878
"Isla Hermite","HER42PB","HER42PB_1H",269,297,298.2,297.6,3442.75846153846,0.00170781662189194,0.00051826484655686,200.6979642,3.632633153,155.440391869346,-82.5055248749455,393.386308613638
"Isla Hermite","HER42PB","HER42PB_1H",273,302.3,303.5,302.9,3494.21153846154,0.00116392551073938,0.00067859455568237,105.939325,2.065816837,135.914204815961,-102.067022018332,373.895431650254
"Isla Hermite","HER42PB","HER42PB_1H",278,309.3,310.6,309.9,3563.64071428571,0.00169641953152138,0.00051689767408533,206.3664659,0.701645984,155.031225928082,-82.9152879145907,392.977739770755
"Isla Hermite","HER42PB","HER42PB_1H",281,313.5,314.8,314.2,3603.44,0.00236687736137965,0.00056136071754278,298.9077106,1.853227806,179.101273643105,-58.8205155952721,417.023062881483
"Isla Hermite","HER42PB","HER42PB_1H",286,320.5,321.8,321.1,3669.60384615385,0.00152702435580091,0.00070394281009265,170.6622359,2.42340375,148.949784589485,-89.0063246904816,386.905893869451
"Isla Hermite","HER42PB","HER42PB_1I",301,332.1,333.3,332.7,3782.35692307692,0.00094154916969242,0.00039692783949976,224.410619,2.580722118,127.930691310236,-110.068981516576,365.930364137048
"Isla Hermite","HER42PB","HER42PB_1I",303,334.9,336.2,335.6,3810.93642857143,0.00091484697841947,0.00036807485758189,71.0193117,0.923251052,126.972058284545,-111.029985912547,364.974102481637
"Isla Hermite","HER42PB","HER42PB_1I",312,347.6,348.8,348.2,4016.98,0.00078919532412494,0.00054041417340072,81.69856209,0.196076549,122.461049270033,-115.552604026253,360.474702566318
"Isla Hermite","HER42PB","HER42PB_1I",317,354.3,355.4,354.9,4144.90083333333,0.00423028179802866,0.00064465560214348,370.2795254,2.554928725,245.999192803821,8.03496415193212,483.96342145571
"Isla Hermite","HER42PB","HER42PB_1I",320,358.3,359.6,358.9,4223.08571428571,0.00377440217582845,0.001048389429551,262.5621361,3.413307769,229.632698492038,-8.30604260688096,467.571439590957
"Isla Hermite","HER42PB","HER42PB_1I",322,361,362.2,361.6,4273.55307692308,0.00648706440643193,0.00143322808306281,478.1053801,5.880696175,327.019747188553,88.7853993828989,565.254094994206
"Isla Hermite","HER42PB","HER42PB_1J",335,369.7,370.8,370.2,4438.2275,0.00431214466066512,0.00079948053450205,488.9858648,11.83345793,248.938144251617,10.968302846805,486.907985656429
"Isla Hermite","HER42PB","HER42PB_1J",340,376.7,377.9,377.3,4574.44,0.0012024424198528,0.00057158953104211,412.4972905,2.062486453,137.296996990066,-100.681271272346,375.275265252478
"Isla Hermite","HER42PB","HER42PB_1J",342,379.6,380.9,380.3,4631.57428571429,0.0013446162002136,0.00067778806869511,468.1176464,3.042764702,142.401165402616,-95.5667865554015,380.369117360634
"Isla Hermite","HER42PB","HER42PB_1J",346,385.3,386.5,385.9,4743.01769230769,0.00199649811577708,0.00102484050444962,132.2391605,0.978569787,165.804320848635,-72.1285106828131,403.737152380084
"Isla Hermite","HER42PB","HER42PB_1J",349,389.6,390.9,390.2,4828.70428571429,0.00364496424990616,0.00073925705631723,253.2933803,1.646406972,224.985758872074,-12.9475286875692,462.919046431718
"Isla Hermite","HER42PB","HER42PB_1J",352,394,395.2,394.6,4912.70923076923,0.00276749760408167,0.00081196458117713,183.982931,2.244591758,193.483905820703,-44.4332113252935,431.401022966699
"Isla Hermite","HER42PB","HER42PB_1J",353,395.4,396.6,396,4939.73076923077,0.00323935786696495,0.00090186236660997,341.6514086,8.404624652,210.424119711299,-27.4971872855856,448.345426708183
"Kerguelen","KER1","CAT1-S1-1A",1,0,1.4,0.7,-43.6,0.0206601854916273,0.0132078671059336,614.0518172,4.3370591,835.847723533566,590.547461442989,1081.14798562414
"Kerguelen","KER1","CAT1-S1-1A",3,3.1,4.7,3.9,3.97058823529412,0.00826563730909536,0.00473254319988165,553.5802331,15.06148595,390.872136891878,152.256578444099,629.487695339657
"Kerguelen","KER1","CAT1-S1-1A",5,6.4,7.8,7.1,59.76,0.00756579801600833,0.00405825154715457,433.6021987,7.251617097,365.747267843792,127.299370983743,604.195164703841
"Kerguelen","KER1","CAT1-S1-1A",7,9.3,10.6,9.9,108.485714285714,0.00217056903480565,0.00084116434736965,145.6542648,1.71335692,172.053625637426,-65.8732117937449,409.980463068597
"Kerguelen","KER1","CAT1-S1-1A",8,10.7,12,11.4,130.207142857143,0.00408059461824014,0.00222543844128312,372.8583737,8.19883524,240.62528649774,2.67050525847623,478.580067737003
"Kerguelen","KER1","CAT1-S1-1A",9,12.1,13.6,12.8,153.175,0.00224580723809251,0.00157067994161855,137.6502423,3.767816255,174.754745771246,-63.1699424159519,412.679433958444
"Kerguelen","KER1","CAT1-S1-1A",11,15.1,16.5,15.8,212.526666666667,0.00119666390353664,0.00050157367136345,116.7959682,2.858430699,137.089542982882,-100.889164690024,375.068250655788
"Kerguelen","KER1","CAT1-S1-1A",13,18,19.4,18.7,308.48,0.00110617755274473,0.00044309180862467,22.55582026,0.666533592,133.841000443555,-104.144792920841,371.82679380795
"Kerguelen","KER1","CAT1-S1-1A",17,24,25.5,24.7,466.2125,0.0019037537768625,0.00050042735236623,213.3189091,2.983821266,162.474714475862,-75.4618931943634,400.411322146086
"Kerguelen","KER1","CAT1-S1-1A",20,28.6,30,29.3,587.28,0.00102486821643884,0.00032598786466037,70.00844714,1.304675757,130.921921095979,-107.070567931916,368.914410123875
"Kerguelen","KER1","CAT1-S1-1A",23,33,34.4,33.7,665.746666666667,0.00632895216269874,0.00345879719662722,417.5692893,3.445464021,321.343373401119,83.1357432891173,559.55100351312
"Kerguelen","KER1","CAT1-S1-1A",25,35.9,37.2,36.6,716.192857142857,0.00564391956705288,0.00204672642214395,141.6979167,2.177054306,296.750078298536,58.6446508614076,534.855505735663
"Kerguelen","KER1","CAT1-S1-1A",26,37.3,38.7,38,744.413333333333,0.00443632859444595,0.00164556626080404,371.3797605,1.61738766,253.396460760764,15.4175029178683,491.375418603659
"Kerguelen","KER1","CAT1-S1-1A",27,38.8,40.1,39.4,772.55,0.00506602904305311,0.00152983325273973,341.5130418,3.285768212,276.003281308075,37.9669304930277,514.039632123122
"Kerguelen","KER1","CAT1-S1-1A",28,40.2,41.6,40.9,799.733333333333,0.00490617310163085,0.0027244706838375,241.2793604,5.105480906,270.264307182921,32.244292420305,508.284321945536
"Kerguelen","KER1","CAT1-S1-1B",36,45.1,46.2,45.6,888.225,0.00717615203997684,0.00205595624299934,477.955413,3.028332467,351.758621850908,113.394147951609,590.123095750206
"Kerguelen","KER1","CAT1-S1-1B",40,50.7,52.1,51.4,1089.45333333333,0.0052350940948895,0.00174777301518236,375.4268958,6.296867091,282.07287089808,44.0179356390915,520.127806157068
"Kerguelen","KER1","CAT1-S1-1B",41,52.3,53.6,53,1213.32142857143,0.00877114846243221,0.00180024739531198,457.3151082,6.7296966,409.020448447679,170.269560971943,647.771335923415
"Kerguelen","KER1","CAT1-S1-1B",46,59.9,61.2,60.5,1808.84285714286,0.00228887361883271,0.00072736754498214,143.4324445,2.745857023,176.300868126994,-61.6227097760807,414.224446030068
"Kerguelen","KER1","CAT1-S1-1B",49,64.4,65.8,65.1,2110.62666666667,0.00443213282752406,0.00215444088577045,346.3897576,2.28996156,253.245828900692,15.2671909166084,491.224466884776
"Kerguelen","KER1","CAT1-S1-1B",51,67.6,68.9,68.3,2364.32142857143,0.00271363791159327,0.00075005173193722,59.66146775,0.738292129,191.550293727029,-46.3670118252461,429.467599279304
"Kerguelen","KER1","CAT1-S1-1B",57,76.5,77.9,77.2,3056.76,0.00109541640938824,0.00041162522364114,76.30468085,2.226362168,133.454665580237,-104.531996084939,371.441327245412
"Kerguelen","KER1","CAT1-S1-1C",69,86.1,87.5,86.8,3452.74666666667,0.00103560511849062,0.00048228148118835,55.46225053,1.39598335,131.307385674344,-106.684201367161,369.29897271585
"Kerguelen","KER1","CAT1-S1-1C",73,92.4,93.7,93.1,3631.13571428571,0.00103576025263956,0.00059644296408655,56.20523213,1.1653151,131.312955131812,-106.678618916919,369.304529180543
"Kerguelen","KER1","CAT1-S1-1C",80,103.1,104.5,103.8,3940.82666666667,0.00085372072318707,0.00037899634722716,29.73641755,0.524097846,124.777569959462,-113.230029005335,362.785168924258
"Kerguelen","KER1","CAT1-S1-1C",86,112.2,113.6,112.9,4208.64,0.00058791062184729,0.00038400717461061,46.8799998,0.996486006,115.234744836909,-122.799052821068,353.268542494885
"Kerguelen","KER1","CAT1-S1-1C",93,122.9,124.1,123.5,4497.10769230769,0.00064987363401421,0.00047413981392528,46.78120576,0.804152565,117.45927349927,-120.568119990034,355.486666988575
"Kerguelen","KER1","CAT1-S1-1D",105,130.3,131.4,130.8,4654.675,0.00071991210728944,0.00033474337527245,45.78783303,0.73313968,119.973718582235,-118.046653469271,357.994090633741
"Kerguelen","KER1","CAT1-S1-1D",108,134.6,135.8,135.2,4745.8,0.00054284037765106,0.00040444541868673,38.5256522,0.466129212,113.616681955071,-124.421887335521,351.655251245664
"Kerguelen","KER1","CAT1-S1-1D",110,137.6,138.8,138.2,4810.63076923077,0.00074757280024103,0.00043934696649204,28.24261491,0.206348674,120.96676269258,-117.050899884817,358.984425269976
"Kerguelen","KER1","CAT1-S1-1D",114,143.4,144.6,144,4936.93076923077,0.00058532070111486,0.00043906980951029,41.11180496,0.161053209,115.141764319967,-122.892304949077,353.175833589012
"Kerguelen","KER1","CAT1-S1-1D",117,147.8,148.9,148.4,5072.725,0.00154550253281536,0.00045736797179105,103.2608758,1.199696853,149.613168000964,-88.3418289499789,387.568164951907
"Kerguelen","KER1","CAT1-S1-1D",119,150.7,151.8,151.3,5184.44166666667,0.00069596598409742,0.00052332553461439,33.50696137,0.982277396,119.114030914863,-118.908715811565,357.136777641292
"Kerguelen","KER1","CAT1-S1-1D",123,156.5,157.7,157.1,5436.62307692308,0.00088741256334733,0.00043798044765309,41.49307617,0.629608913,125.987137756493,-112.017377768669,363.991653281655
"Kerguelen","KER1","CAT1-S1-1D",124,158,159.2,158.6,5499.66923076923,0.00079503415623972,0.00043770883183414,42.17796203,1.220525248,122.67066866941,-115.342428719048,360.683766057868
"Kerguelen","KER1","CAT1-S1-1E",132,161.5,162.7,162.1,5646.26923076923,0.00056561717493484,0.00022986215647328,275.8213156,3.694081689,114.434389755623,-123.601756195129,352.470535706375
"Kerguelen","KER1","CAT1-S1-1E",137,168.8,170,169.4,5947.94615384615,0.00133387184995812,0.00048996410666749,40.30371929,0.993577198,142.015433426944,-95.9532649299857,379.984131783874
"Kerguelen","KER1","CAT1-S1-1E",144,179,180.2,179.6,6370.75384615385,0.0012493593612471,0.00049535699359765,84.65981172,0.742198205,138.981357985958,-98.9934007780652,376.956116749981
"Kerguelen","KER1","CAT1-S1-1E",145,180.4,181.6,181,6433.53846153846,0.00279950206916567,0.00180953934891495,121.9300211,2.033316472,194.632895313194,-43.2841745781745,432.549965204563
"Kerguelen","KER1","CAT1-S1-1E",146,181.9,183,182.4,6500.14166666667,0.00856926553495426,0.00163400522588054,397.1365916,5.745249531,401.772667184136,163.077254521818,640.468079846453
"Kerguelen","KER1","CAT1-S1-1E",147,183.3,184.4,183.8,6564.375,0.00298137974770771,0.00132607351533531,77.89836317,1.455982628,201.162469890211,-36.7552473326159,439.080187113038
"Kerguelen","KER1","CAT1-S1-1E",151,189,190.3,189.7,6812.30714285714,0.00071796649303688,0.00019451529528439,48.62589017,0.777225072,119.903869255687,-118.116694730866,357.924433242241
"Kerguelen","KER1","CAT1-S1-1E",157,198.4,199.7,199,7055.1,0.0009775116442121,0.00058118943677999,54.95773967,0.787834033,129.221776952151,-108.774755119825,367.218309024126
"Kerguelen","KER1","CAT1-S1-1E",161,204.5,205.8,205.2,7160.46428571429,0.00096072018043723,0.00041739247404518,66.72545229,1.229024654,128.618948084671,-109.379042885445,366.616939054787
"Kerguelen","KER1","CAT1-S1-1F",170,210.3,211.7,211,7263.93333333333,0.00092774501093652,0.00054750752996075,45.5523502,0.733053273,127.435109418098,-110.565785142,365.436003978195
"Kerguelen","KER1","CAT1-S1-1F",177,220.9,222.2,221.6,7451.67142857143,0.00094555513837119,0.0003462514023028,63.73055929,1.280136996,128.074509240237,-109.924810717458,366.073829197932
"Kerguelen","KER1","CAT1-S1-1F",179,224,225.4,224.7,7505.43333333333,0.00124109721109328,0.00046215731410956,57.48518576,0.642275568,138.684739258315,-99.2906300203927,376.660108537022
"Kerguelen","KER1","CAT1-S1-1F",180,225.6,226.8,226.2,7531.69230769231,0.00422370956688402,0.00158420407541489,302.9854865,3.615574304,245.763243710231,7.79945199359787,483.727035426863
"Kerguelen","KER1","CAT1-S1-1F",185,233.2,234.5,233.8,7669.85,0.0103133384447677,0.00379647377050093,266.7521665,1.25829967,464.386475671633,225.149253695523,703.623697647743
"Kerguelen","KER1","CAT1-S1-1F",186,234.7,235.9,235.3,7695.93846153846,0.00375239419431354,0.0010948826936454,230.5568311,5.020919187,228.842591878939,-9.09516631735059,466.780350075228
"Kerguelen","KER1","CAT1-S1-1F",188,237.8,239.1,238.4,7751.90714285714,0.0018043135812892,0.00062118835753351,45.81121632,1.295830968,158.904720740765,-79.0363855306126,396.845827012142
"Kerguelen","KER1","CAT1-S1-1F",191,242.3,243.6,242.9,7831.4,0.00130296994178654,0.00056786554584092,55.07802735,0.576230328,140.906026733413,-97.0648486273168,378.876902094142
"Kerguelen","KER3","CAT2-S3-1A",6,7.9,9.1,8.5,386.276923076923,0.00076362438158663,0.00046027569577935,73.97054275,2.614554557,121.543029105893,-116.473077654456,359.559135866241
"Kerguelen","KER3","CAT2-S3-1A",9,12.3,13.5,12.9,621.707692307692,0.00062812350901258,0.00034903296941165,53.9884387,1.825000442,116.678424170227,-121.351196733625,354.708045074079
"Kerguelen","KER3","CAT2-S3-1A",13,18.1,19.3,18.7,928.807692307692,0.00064841844907113,0.00028603852748595,65.55518428,2.528396357,117.407031032326,-120.620510787062,355.434572851714
"Kerguelen","KER3","CAT2-S3-1A",15,21,22.1,21.6,1082.7,0.00060889748554574,0.00040950594208581,59.93308415,2.067625201,115.988192388886,-122.043415960071,354.019800737842
"Kerguelen","KER3","CAT2-S3-1A",20,28.2,29.4,28.8,1469.79230769231,0.00058569279803744,0.00035020523711114,37.80142795,1.422170806,115.155122938932,-122.878907288034,353.189153165898
"Kerguelen","KER3","CAT2-S3-1A",21,29.6,30.7,30.2,1540.33333333333,0.00062087230891651,0.00047333334889078,47.42694669,1.668705887,116.418099471893,-121.612268966314,354.448467910099
"Kerguelen","KER3","CAT2-S3-1A",22,31,32.1,31.6,1613.25833333333,0.00111519039765933,0.00045630577272017,119.7043062,3.353962903,134.164569797929,-103.8205005257,372.149640121559
"Kerguelen","KER3","CAT2-S3-1A",27,38.2,39.3,38.7,1994.20833333333,0.0025607266325075,0.00096640597286718,86.51921621,2.579695536,186.060639315002,-51.8579455394795,423.979224169483
"Kerguelen","KER3","CAT2-S3-1A",28,39.5,40.7,40.1,2065.98461538462,0.00285423515057717,0.00146978899539901,206.5622145,7.321432352,196.597862865954,-41.3192379855626,434.51496371747
"Kerguelen","KER3","CAT2-S3-1A",32,45.1,47,46.1,2386.005,0.00136298465418486,0.00046483005676231,115.6050883,3.979073084,143.060609656751,-94.9060788460815,381.027298159583
"Kerguelen","KER3","CAT2-S3-1B",38,46.4,47.6,47,2436.8,0.00155769517836833,0.00048497773375669,87.44930657,2.241839965,150.050895099019,-87.9033766927211,388.00516689076
"Kerguelen","KER3","CAT2-S3-1B",42,51.6,52.7,52.2,2712.45833333333,0.00184712407386658,0.00063130862656324,86.14961589,3.732362338,160.441656478034,-77.4974560148813,398.380768970949
"Kerguelen","KER3","CAT2-S3-1B",45,55.3,56.5,55.9,2912.56153846154,0.00674390987321659,0.0027239642566781,212.8364779,6.240262071,336.240733752616,97.9604852502303,574.520982255002
"Kerguelen","KER3","CAT2-S3-1B",47,58.1,59.3,58.7,3063.31538461538,0.00070823081482526,0.00053958283502324,45.25246798,1.310067389,119.554349526547,-118.46717755973,357.575876612824
"Kerguelen","KER3","CAT2-S3-1B",52,64.6,65.7,65.1,3406.90833333333,0.00072417605241774,0.00030599695883163,44.65236078,1.695917806,120.126798102112,-117.893153933339,358.146750137562
"Kerguelen","KER3","CAT2-S3-1B",55,68.3,69.4,68.9,3606.60833333333,0.00228232802886045,0.00215009075707289,522.6884223,18.37039487,176.065875475795,-61.857865549848,413.989616501438
"Kerguelen","KER3","CAT2-S3-1B",56,69.5,70.7,70.1,3672.84615384615,0.00089671574741203,0.00029068865089832,41.27915274,1.450468949,126.321130551217,-111.682542963873,364.324804066308
"Kerguelen","KER3","CAT2-S3-1B",62,77.2,78.2,77.7,4072.19090909091,0.00073524012351808,0.00029973056722733,33.03452813,0.73941359,120.524008347779,-117.494857819048,358.542874514606
"Kerguelen","KER3","CAT2-S3-1B",65,80.8,81.9,81.4,4264.50833333333,0.0003190986326583,0.00034340329078955,32.69465354,1.005750752,105.584149202107,-132.479521618798,343.647820023011
"Kerguelen","KER3","CAT2-S3-1B",68,84.5,85.6,85.1,4460.44166666667,0.0006533584519137,0.00049288241235241,32.37937778,1.327980381,117.584381640877,-120.442657038307,355.61142032006
"Kerguelen","KER3","CAT2-S3-1C",78,89.2,90.2,89.7,4699.99090909091,0.00109319149230508,0.00054740720851757,34.06839062,0.82220759,133.374789027277,-104.612052842838,371.361630897392
"Kerguelen","KER3","CAT2-S3-1C",83,95.7,96.8,96.2,5048.06666666667,0.00046105494803426,0.00030587970044348,32.56708798,1.112713135,110.68051042332,-127.36696146484,348.727982311479
"Kerguelen","KER3","CAT2-S3-1C",85,98.3,99.3,98.8,5181.87272727273,0.00061444985976482,0.00046490706779617,38.34074029,1.269322192,116.187527688487,-121.843504911863,354.218560288838
"Kerguelen","KER3","CAT2-S3-1C",89,103.5,104.7,104.1,5467.83076923077,0.00086225963355678,0.00053160967373401,34.08187302,0.01290412,125.084124631329,-112.922687810829,363.090937073487
"Kerguelen","KER3","CAT2-S3-1C",91,106.1,107.2,106.7,5603.63333333333,0.0009796131164454,0.00032017756091248,43.07396664,1.527861292,129.297221722388,-108.699128700532,367.293572145307
"Kerguelen","KER3","CAT2-S3-1C",96,112.8,113.9,113.3,5955.025,0.00141861453591028,0.00057074838323611,44.78488634,0.345009785,145.057773158883,-92.9051857600066,383.020732077773
"Kerguelen","KER3","CAT2-S3-1C",101,118.9,119.9,119.4,6277.73636363636,0.00104224465640932,0.00028871138014217,33.56124216,0.847739154,131.545751142524,-106.445280837999,369.536783123046
"Kerguelen","KER3","CAT2-S3-1D",110,122.4,123.5,123,6466.25,0.00063017207512219,0.00040532514976079,32.52542874,0.446515521,116.75196956236,-121.277440600419,354.781379725139
"Kerguelen","KER3","CAT2-S3-1D",115,128.9,130,129.5,6808.05,0.00095580698879744,0.00039267408169826,33.53908928,0.965846864,128.442560022758,-109.555860329938,366.440980375455
"Kerguelen","KER3","CAT2-S3-1D",117,131.4,132.4,131.9,6937.85454545455,0.00085395678502387,0.00043712058568764,45.7392364,1.679597989,124.786044794749,-113.221532380198,362.793621969697
"Kerguelen","KER3","CAT2-S3-1D",121,136.5,137.6,137.1,7212.99166666667,0.00094483659172718,0.0004480196411294,48.95495609,1.700726208,128.048712760225,-109.950670435698,366.048095956147
"Kerguelen","KER3","CAT2-S3-1D",124,140.5,141.6,141,7429.425,0.00078505283064083,0.00034670271047435,34.43938134,0.822585148,122.312329974976,-115.701718695187,360.326378645139
"Kerguelen","KER3","CAT2-S3-1D",130,148.3,149.4,148.9,7841.69166666667,0.00141555586543232,0.00042811809456785,58.05521047,1.475241379,144.947964098462,-93.0151960987173,382.911124295641
"Kerguelen","KER3","CAT2-S3-1D",133,152.3,153.4,152.8,8051.725,0.00145160596022015,0.00041540105647659,68.57980204,6.267342014,146.242195387934,-91.718620489624,384.203011265492
"Kerguelen","KER3","CAT2-S3-1D",134,153.6,154.8,154.2,8122.73846153846,0.0016536539281386,0.00050981510426933,99.68880033,3.736920476,153.495901753849,-84.452907111457,391.444710619155
"Kerguelen","KER3","CAT2-S3-1D",136,156.4,157.6,157,8271.9,0.0013783302896872,0.00056792000476237,78.14911625,7.082454535,143.611531970294,-94.3541131720553,381.577177112643
"Kerguelen","KER3","CAT2-S3-1D",139,160.4,161.5,160.9,8483.125,0.00098710724176745,0.00043853270160387,40.47458511,1.126634107,129.566267657942,-108.429436672024,367.561971987908
"Kerguelen","KER3","CAT2-S3-1D",141,163,164.1,163.5,8623.30833333333,0.00109029238422573,0.00042815601987819,35.49509925,0.97946092,133.270708402526,-104.716368627398,371.25778543245
"Kerguelen","KER3","CAT2-S3-1D",142,164.3,165.5,164.9,8696.08461538462,0.00093498291317998,0.00042057897327794,39.76382213,1.304332882,127.694956711392,-110.30529614237,365.695209565154
"Kerguelen","KER3","CAT2-S3-1E",150,166.5,167.5,167,8805.21818181818,0.00078530307988697,0.00035393605413183,49.16188154,0.80734803,122.321314151202,-115.692710611405,360.335338913808
"Kerguelen","KER3","CAT2-S3-1E",152,169.1,170.2,169.6,8943.06666666667,0.00076614545415365,0.00036683331439723,76.21539977,0.919658331,121.63353791089,-116.382325592772,359.649401414551
"Kerguelen","KER3","CAT2-S3-1E",156,174.6,175.7,175.1,9234.5,0.00100217746293134,0.0003256764109098,42.00968918,0.654844747,130.107302345489,-107.88711072988,368.101715420859
"Kerguelen","KER3","CAT2-S3-1E",158,177.2,178.3,177.8,9367.74166666667,0.0009123851262001,0.00041163700237857,45.03243353,1.422926696,126.883675544052,-111.118588974018,364.885940062123
"Kerguelen","KER3","CAT2-S3-1E",159,178.6,179.6,179.1,9437.28181818182,0.00082366803534256,0.00049805960112749,32.82676736,0.786494454,123.698651050371,-114.311743354828,361.70904545557
"Kerguelen","KER3","CAT2-S3-1E",163,183.8,184.9,184.3,9717.925,0.00188193488738417,0.00107097997463758,390.1614629,9.747107964,161.691396439374,-76.2461584374942,399.628951316242
"Kerguelen","KER3","CAT2-S3-1E",165,186.4,187.5,187,9857.625,0.00091202307518994,0.00028801751380882,24.26747918,0.463228233,126.870677582508,-111.131619360998,364.872974526013
"Kerguelen","KER3","CAT2-S3-1E",168,190.4,191.5,190.9,10071.1416666667,0.00237560001184963,0.00094207730730552,156.345027,4.457606356,179.414424752189,-58.5071822810324,417.33603178541
"Kerguelen","KER3","CAT2-S3-1E",171,194,195,194.5,10256.1727272727,0.00344629080093355,0.00211312658514446,80.49366959,2.03292089,217.85320081471,-20.0732506136997,455.779652243119
"Kerguelen","KER3","CAT2-S3-1E",174,197.7,198.6,198.1,10446.9,0.0109362824354568,0.00267424432304486,296.0413566,12.18262072,486.750733216128,247.285791875115,726.215674557141
"Kerguelen","KER3","CAT2-S3-1E",177,201.6,202.7,202.1,10658.8916666667,0.00093641768657034,0.00048409736751204,126.2715705,4.249844111,127.746466384974,-110.253659555643,365.746592325591
"Kerguelen","KER3","CAT2-S3-1E",181,207,208.1,207.5,10924.02,0.00078488984716573,0.00037714736435432,54.61148695,1.989134579,122.306478719539,-115.707585522831,360.320542961909
"Marion Island","PB1","PB1_1A",4,5,6.3,5.7,154.78,0.001380532,0.00046395,90.58997647,1.648737572,143.690575379027,-94.2749209765461,381.6560717346
"Marion Island","PB1","PB1_1A",7,9.8,11.1,10.4,333.91,0.000609045,0.000362794,86.46016016,2.023167748,115.993488292363,-122.038104741466,354.025081326192
"Marion Island","PB1","PB1_1A",9,12.6,13.8,13.2,440.63,0.000620169,0.000374237,55.81310149,0.647431977,116.392850040198,-121.637591034443,354.42329111484
"Marion Island","PB1","PB1_1A",14,19.4,20.7,20.1,704.72,0.000473039,0.000348553,62.90213663,0.484346452,111.110748821304,-126.935398902419,349.156896545028
"Marion Island","PB1","PB1_1A",16,22.3,23.5,22.9,810.69,0.000565431,0.000346707,71.5155,0.75091275,114.427705905625,-123.608459754358,352.463871565607
"Marion Island","PB1","PB1_1A",17,23.7,24.9,24.3,862.94,0.000470125,0.000358827,65.84935956,0.388511221,111.006133563017,-127.040335518624,349.052602644657
"Marion Island","PB1","PB1_1A",22,30.4,31.6,31,1116.79,0.000789107,0.000414389,83.23987912,1.589881691,122.457878353374,-115.555783364451,360.471540071198
"Marion Island","PB1","PB1_1A",28,38.5,39.8,39.2,1426.52,0.002135008,0.000581661,323.9125641,1.911084128,170.776952047458,-67.1509939712517,408.704898066167
"Marion Island","PB1","PB1_1A",32,44,45.3,44.7,1634.77,0.005087678,0.001317988,523.7464391,2.67110684,276.780498611663,38.7418430584917,514.819154164835
"Marion Island","PB1","PB1_1B",39,46.4,47.6,47,1723.12,0.004529761,0.001361933,517.3790221,8.485015963,256.750769353581,18.7644742262556,494.737064480907
"Marion Island","PB1","PB1_1B",41,49.3,50.5,49.9,1830.5,0.016052128,0.004989558,1055.296149,7.281543428,670.414255897748,428.406827817834,912.421683977662
"Marion Island","PB1","PB1_1B",42,50.6,51.8,51.2,1878.53,0.016448825,0.005502929,880.5487604,9.157707108,684.656040083377,442.40200546585,926.910074700905
"Marion Island","PB1","PB1_1B",44,53.3,54.5,53.9,1980.2,0.021694334,0.007890749,807.1621441,7.345175512,872.97459838297,626.80859809063,1119.14059867531
"Marion Island","PB1","PB1_1B",45,54.7,55.8,55.2,2030.05,0.022872812,0.006267974,795.0788946,3.259823468,915.283033645933,668.075074814459,1162.49099247741
"Marion Island","PB1","PB1_1B",46,56,57.7,56.8,2091.11,0.035347571,0.00918664,966.1091978,3.574604032,1363.1382618068,1101.48652914441,1624.78999446918
"Marion Island","PB1","PB1_1B",52,64.3,65.4,64.9,2400.08,0.01975095,0.003059589,675.5517271,10.47105177,803.205339936841,558.6283042497,1047.78237562398
"Marion Island","PB1","PB1_1B",54,66.9,68.1,67.5,2499.09,0.011743988,0.002844613,622.734525,5.23097001,515.748099810168,275.961225265013,755.534974355323
"Marion Island","PB1","PB1_1B",57,70.8,72,71.4,2647.86,0.020074881,0.003980446,706.3493503,9.606351164,814.834758341908,570.004153489737,1059.66536319408
"Marion Island","PB1","PB1_1B",62,77.7,78.9,78.3,2906.71,0.008989899,0.002407447,575.5242044,5.755242044,416.873792300874,178.060651293637,655.686933308111
"Marion Island","PB1","PB1_1B",64,80.4,81.5,81,3009.64,0.005465193,0.001139316,456.6288204,10.18282269,290.333631498571,52.2512440231596,528.416018973983
"Marion Island","PB1","PB1_1B",65,81.7,82.8,82.3,3058.43,0.008453907,0.001615818,514.981336,3.86236002,397.631190543806,158.966623766651,636.295757320961
"Marion Island","PB1","PB1_1B",66,83,84.1,83.6,3107.49,0.005592558,0.001342643,479.1042361,9.294622181,294.906151186904,56.8074985332287,533.00480384058
"Marion Island","PB1","PB1_1B",67,84.3,85.4,84.9,3155.81,0.008673799,0.001776684,767.6621211,14.89264515,405.525513939612,166.801614007269,644.249413871955
"Marion Island","PB1","PB1_1B",68,85.6,86.6,86.1,3200.37,0.008149188,0.000865503,454.0828716,6.130118766,386.691500464827,148.105426775053,625.277574154601
"Marion Island","PB1","PB1_1C",77,89.2,90.3,89.7,3335.04,0.007807715,0.001091841,373.9562367,4.225705474,374.432308257124,135.929043412473,612.935573101775
"Marion Island","PB1","PB1_1C",79,91.8,92.9,92.4,3436.21,0.009577472,0.001292739,353.6966545,6.684866771,437.968199012552,198.976818021556,676.959580003547
"Marion Island","PB1","PB1_1C",81,94.5,95.6,95.1,3538.8,0.011276165,0.002038823,369.9655871,0.776927733,498.952827340062,259.356081123494,738.54957355663
"Marion Island","PB1","PB1_1C",84,98.5,99.6,99.1,3690.04,0.008379519,0.001352346,351.2738566,4.074776737,394.96059348358,156.315588227051,633.605598740108
"Marion Island","PB1","PB1_1C",86,101.2,102.3,101.8,3791.98,0.010852754,0.003444176,491.8690066,2.656092636,483.751986184668,244.318620479345,723.185351889991
"Marion Island","PB1","PB1_1C",87,102.6,103.7,103.1,3841.55,0.012828489,0.002850085,357.7509938,3.649060137,554.682675042898,314.416374216097,794.9489758697
"Marion Island","PB1","PB1_1C",88,103.9,105,104.4,3891.1,0.008786046,0.001723061,333.761663,3.33761663,409.555283636596,170.800227252459,648.310340020733
"South Georgia","POB4","POB_1A",16,31.5,32.9,32.2,-17.69,0.00028738010866975,9.75534069366388e-05,55.99665262,0.420128014,104.445425255791,-133.621994497508,342.51284500909
"South Georgia","POB4","POB_1A",19,36.1,37.4,36.8,-1.785,0.00049611568507656,0.00030657629172816,81.9905042,0.838900435,111.939222867189,-126.104394042317,349.982839776695
"South Georgia","POB4","POB_1A",21,39.2,40.6,39.9,17.4366666666667,0.00065618683285739,0.000268627625651,166.6758881,0.286439586,117.685923096937,-120.340828027716,355.71267422159
"South Georgia","POB4","POB_1A",24,43.8,45.1,44.4,249.323333333333,0.00063129158776208,0.00049796824990956,169.9904676,2.008391761,116.792161087404,-121.237133991721,354.821456166529
"South Georgia","POB4","POB_1A",28,49.9,51.2,50.5,569.63,0.0002473434505319,9.30251129054312e-05,20.82763897,0.033753854,103.008072705323,-135.064146642173,341.080292052818
"South Georgia","POB4","POB_1E",170,200.2,201.3,200.7,3778.715,0.00028241011292703,0.00011907665311277,36.65682759,0.143526014,104.266997874764,-133.801013586145,342.335009335672
"South Georgia","POB4","POB_1E",174,205.3,206.4,205.9,3794.655,0.00017477902921688,5.55997235686909e-05,16.04081162,0.113906463,100.402943783441,-137.678166582074,338.484054148957
"South Georgia","POB4","POB_1E",177,209.4,210.5,209.9,3808.20666666667,0.00036042550202362,7.87174569934504e-05,18.24332469,0.019603571,107.067821512632,-130.991035671762,345.126678697027
"South Georgia","POB4","POB_1E",183,217.6,218.5,218.1,3834.505,0.00027633902093221,0.00010600679464989,32.86168706,0.264664564,104.049040133815,-134.019695701969,342.117775969598
"South Georgia","POB4","POB_1F",196,225.1,226.2,225.7,3857.985,9.06754023537379e-05,7.08817156080919e-05,13.73734444,0.177944148,97.3835468557774,-140.708177961488,335.475271673043
"South Georgia","POB4","POB_1F",202,232.5,233.6,233,3880.55,0.0001870842799285,0.00015542484872573,23.62240835,0.300946853,100.844713509416,-137.234871721932,338.924298740764
"South Georgia","POB4","POB_1F",208,240,241.2,240.6,3906.24,8.68163268974726e-05,9.1704427313025e-05,24.65931035,0.432931421,97.2450025264677,-140.847217307384,335.33722236032
"South Georgia","POB4","POB_1F",214,247.5,248.6,248.1,3964.74,3.76552327707284e-05,3.79448318521107e-05,13.50241736,0.076947181,95.4800744002593,-142.618512724041,333.578661524559
"South Georgia","POB4","POB_1F",219,253.8,254.8,254.3,4013.88,0.00017093628335631,0.00013471329299799,18.17379999,0.163508861,100.264985701514,-137.816602398567,338.346573801595
"South Georgia","POB4","POB_1G",233,261.6,262.8,262.2,4076.15166666667,0.00012764640890783,9.37497244747112e-05,24.23235418,0.367196097,98.7108397177573,-139.376178167156,336.79785760267
"South Georgia","POB4","POB_1G",239,269.2,270.5,269.8,4137.68428571429,7.50040534516245e-05,7.38800256169078e-05,14.56412053,0.158702513,96.8209311340513,-141.272808248561,334.914670516663
"South Georgia","POB4","POB_1G",247,279.3,280.2,279.8,4218.848,0.00036451105066015,0.00016185023680043,20.15023558,0.125699587,107.214496435713,-130.843889235934,345.27288210736
"South Georgia","POB4","POB_1G",255,289.2,290.5,289.9,4348.3,0.00028515945583428,0.00016951471884803,352.5481927,5.636832047,104.365701793214,-133.701982198566,342.433385784994
"South Georgia","POB4","POB_1G",256,290.6,291.8,291.2,4366.59142857143,0.00024082327057976,0.00010118242592863,117.3138045,1.405751601,102.773992297027,-135.299015822761,340.847000416815
"South Georgia","POB4","POB_1G",261,297.2,298.5,297.9,4452.81857142857,0.00161879784764074,0.00031765707348421,291.1229472,3.195134552,152.244536666623,-85.7062064308345,390.19527976408
"South Georgia","POB4","POB_1H",270,299.6,300.9,300.3,4523.25,0.00131173373190898,0.00024670459305612,347.2391734,3.948387362,141.220654793549,-96.7495986034328,379.190908190531
"South Georgia","POB4","POB_1H",272,302.4,303.6,303,4931.03714285714,0.00181559600301063,0.00070718610879301,490.1014482,6.915464233,159.309769972919,-78.6308024788558,397.250342424694
"South Georgia","POB4","POB_1H",274,305.3,306.6,305.9,5380.51285714286,0.00141519370272272,0.0002662995190003,239.0903954,0.4264322,144.934962126805,-93.0282219319361,382.898146185547
"South Georgia","POB4","POB_1H",276,308.2,309.4,308.8,5800.02142857143,0.00191573503795576,0.00100517503387539,541.6825199,5.839417212,162.904852678978,-75.0312443902415,400.840949748198
"South Georgia","POB4","POB_1H",277,309.6,310.8,310.2,6009.77285714286,0.00223170100920892,0.00078986520645994,243.3277645,2.077368288,174.248319285961,-63.6767515568924,412.173390128814
"South Georgia","POB4","POB_1H",278,311,312.3,311.6,6219.52714285714,0.00130482218472026,0.00026708287131845,423.111152,0.92811139,140.972523944436,-96.9982196619224,378.943267550795
"South Georgia","POB4","POB_1H",280,313.9,315,314.5,6654.02,0.00124146332748894,0.00039993617524873,190.7229967,0.554893287,138.697883170907,-99.2774589863648,376.67322532818
"South Georgia","POB4","POB_1H",283,317.9,319.1,318.5,7253.32,0.00173078231996848,0.00038193245470805,442.519536,7.020152022,156.264881380682,-81.6798507544672,394.209613515831
