"Location","Site","Section","sample","min_depth","max_depth","midpoint","Mn","Mn_sd","Mn_ICP","Mn_ICP_sd","fit","lwr","upr"
"Bird Island","BI10","BI10.1",1,0,1.1,0.6,-7.75588748734083,-10.0589724553765,3.53646344341951,-1.72242081593052,3.88429104685935,2.57623163927187,5.19235045444684
"Bird Island","BI10","BI10.1",4,3.9,5,4.5,-7.14521583119114,-9.44732933011245,3.33468347892019,-1.44966349692175,4.3234059455458,3.01760155270478,5.62921033838682
"Bird Island","BI10","BI10.1",10,11.7,12.8,12.3,-8.08913849352894,-10.3912479033711,3.6160372217274,-1.00492444322772,3.64466066554756,2.33477366956147,4.95454766153364
"Bird Island","BI10","BI10.1",22,26.7,27.8,27.2,-7.26659828575724,-9.56987654819595,4.08682416932195,-1.43675638426703,4.23612361681424,2.9299840066868,5.54226322694168
"Bird Island","BI10","BI10.1",30,36.3,37.2,36.7,-6.77326984160307,-9.07585318626743,4.99824535279201,-1.18558461478387,4.59086067983719,3.28573357366624,5.89598778600814
"Bird Island","BI10","BI10.1",34,40.9,41.9,41.4,-7.01784585263606,-9.32015523798339,5.00469055174463,-1.68258174259904,4.41499371561123,3.10948068228607,5.72050674893638
"Bird Island","BI10","BI10.2",45,44,45,44.5,-7.19577074033516,-9.49802244442796,6.21202271619992,1.7995215501821,4.28705349069822,2.98111630517314,5.59299067622331
"Bird Island","BI10","BI10.2",51,51.9,52.9,52.4,-7.16986057698434,-9.47300468145268,4.0200614892263,-0.373676340690111,4.30568467922674,2.99981676896246,5.61155258949101
"Bird Island","BI10","BI10.2",54,55.3,56.3,55.8,-7.22413591045745,-9.52642191894966,5.46278507773667,2.6100952681528,4.26665698354247,2.96064102523381,5.57267294185112
"Bird Island","BI10","BI10.2",62,64.4,65.4,64.9,-6.61982823653795,-8.922413329532,3.59863321185762,-2.11748363703603,4.70119574154167,3.3961941767155,6.00619730636785
"Bird Island","BI10","BI10.2",67,70.1,71.2,70.6,-6.94724378798953,-9.25012124198803,4.48256118016038,-1.91004477124907,4.46576145331792,3.1603832648393,5.77113964179653
"Bird Island","BI10","BI10.2",71,74.7,75.8,75.2,-6.96018606217011,-9.26268685234839,3.8394514938833,-1.59326350131805,4.45645506852283,3.15105358491299,5.76185655213268
"Bird Island","BI10","BI10.2",81,86.5,87.5,87,-6.8661096237635,-9.16869951281711,4.83236728974649,0.210621932435521,4.52410249460474,3.21885577685629,5.82934921235318
"Bird Island","BI10","BI10.3",88,84.8,85.8,85.3,-7.53717301561923,-9.83957422679248,4.04698604695415,-0.534911896384269,4.04156178658359,2.73447302037415,5.34865055279304
"Bird Island","BI10","BI10.3",95,93,94,93.5,-6.59370322102902,-8.89628904450433,4.0993273690619,-0.563781745499,4.71998142354093,3.41499227546836,6.02497057161351
"Bird Island","BI10","BI10.3",98,96.3,97.3,96.8,-6.49563966790817,-8.79822409865472,3.98932974180479,-0.863482088333298,4.7904958591789,3.4855300613709,6.0954616569869
"Bird Island","BI10","BI10.3",104,103.2,104.2,103.7,-6.75600977498701,-9.05859830481463,3.85878807296499,-0.208431216671758,4.60327185420087,3.29816335762523,5.90838035077652
"Bird Island","BI10","BI10.3",114,114.9,115.9,115.4,-7.15485090465285,-9.45752050111863,3.65876255272653,-2.50150470250249,4.31647766540643,3.010648715533,5.62230661527987
"Bird Island","BI10","BI10.3",120,121.8,122.7,122.3,-7.4326578530621,-9.73458901607431,3.46948661196281,-1.31861690908455,4.11671537289352,2.81002625852606,5.42340448726099
"Bird Island","BI10","BI10.4",135,129.4,130.4,129.9,-6.75406985022452,-9.05665837339139,3.62506547789696,-1.14958687174424,4.60466679345663,3.29956031737468,5.90977326953858
"Bird Island","BI10","BI10.4",145,141,142,141.5,-7.2882239182299,-9.59013773333577,3.94762045054329,-2.99648467653814,4.2205733005082,2.91436807594676,5.52677852506964
"Bird Island","BI10","BI10.4",155,152.7,153.8,153.2,-7.01542846680589,-9.31792558265612,4.4164307444794,0.095350908065827,4.41673198219559,3.11122388033405,5.72224008405712
"Bird Island","BI10","BI10.4",165,164.8,165.8,165.3,-6.76037115503114,-9.06295538506313,3.75737411214651,-0.356881048033865,4.60013572214542,3.29502263058401,5.90524881370682
"Bird Island","BI10","BI10.4",168,168.4,170,169.2,-6.68192095105649,-8.98450444835127,5.39102641133193,0.451899996028887,4.65654681151455,3.35150527481609,5.96158834821301
"Bird Island","BI10","BI10.5",181,174.6,175.6,175.1,-7.10564661821342,-9.40879131070002,3.71777756776048,-1.77826564772238,4.35185892968685,3.04615167598195,5.65756618339175
"Bird Island","BI10","BI10.5",191,186.6,187.6,187.1,-6.93830211917246,-9.24079957946089,4.80718666901724,0.331048086767764,4.47219112785276,3.16682866035886,5.77755359534666
"Bird Island","BI10","BI10.5",194,190.3,191.3,190.8,-7.15960699443309,-9.46265530059067,5.49569256244799,0.363534882365365,4.31305770991814,3.00721650767842,5.61889891215787
"Bird Island","BI10","BI10.5",197,194,195,194.5,-7.18405042921007,-9.48609387356269,4.21641311097253,-0.450747267203687,4.29548120005797,2.98957566772925,5.60138673238669
"Bird Island","BI10","BI10.5",202,199.9,200.8,200.3,-6.53713630645964,-8.83972208976084,3.74336890123433,-0.676621858944525,4.760656923558,3.45568572773842,6.06562811937758
"Bird Island","BI10","BI10.6",218,209.5,210.5,210,-6.75966463844325,-9.06224800673289,5.07847074812285,1.45098917434009,4.60064375613846,3.29553141386624,5.90575609841068
"Bird Island","BI10","BI10.6",228,221.4,222.4,221.9,-6.90439493127993,-9.20697603770076,4.29914195414763,-0.77984009408263,4.49657272674674,3.19126710159411,5.80187835189937
"Bird Island","BI10","BI10.6",239,234.2,235.2,234.7,-6.83240572077262,-9.13499174118633,3.9379798934123,-1.27063501890494,4.54833791768053,3.2431384273967,5.85353740796436
"Bird Island","BI10","BI10.6",247,243.9,245,244.5,-7.36108430535794,-9.6628970876182,4.17148780111106,0.00218188795034607,4.16818167369894,2.8617422743939,5.47462107300398
"Bird Island","BI10","BI10.7",259,250.7,251.7,251.2,-7.1783652460075,-9.48083761967386,3.71531404759859,-1.59115089387714,4.29956923758333,2.99367887073005,5.6054596044366
"Bird Island","BI10","BI10.7",271,265,266,265.5,-6.76921930519076,-9.07180526881711,4.04078412348808,-0.261034216174002,4.59377329395381,3.28865065717213,5.89889593073549
"Bird Island","BI10","BI10.7",280,275.9,276.9,276.4,-7.40292739402794,-9.70627738324842,3.67060434951071,-1.25589748044913,4.13809361662764,2.83151059683535,5.44467663641993
"Bird Island","BI10","BI10.8",300,289.7,290.8,290.3,-6.42716229043215,-8.72974923867762,4.01830325933705,-0.204152828278014,4.83973580075779,3.53476452842379,6.14470707309179
"Bird Island","BI10","BI10.8",303,293.4,294.4,293.9,-6.77103709457683,-9.07362654866036,4.00298409034192,-0.283484951366715,4.59246617842935,3.28734154363503,5.89759081322367
"Bird Island","BI10","BI10.8",311,303.1,304,303.6,-6.16045330203936,-8.46303650046428,4.38980958875902,0.617895837776305,5.03151789713882,3.72635458509795,6.3366812091797
"Bird Island","BI10","BI10.8",318,311.7,312.8,312.2,-6.73746750525473,-9.0400492245662,4.26212573508231,0.686899612083241,4.61660502074448,3.31151524879225,5.92169479269672
"Bird Island","BI10","BI10.8",326,321.7,322.8,322.2,-7.12836703798899,-9.43098704309181,5.60776646978262,1.55140202577451,4.33552138605372,3.0297590853725,5.64128368673493
"Bird Island","BI10","BI10.9",342,332.1,333.1,332.6,-6.67471446752992,-8.97730193689052,3.87669896856894,-0.297184886842047,4.66172876854791,3.35669262628518,5.96676491081065
"Bird Island","BI10","BI10.9",348,339.5,340.5,340,-7.0508488149572,-9.35305667417778,4.26621517220479,0.130701831063315,4.39126231706004,3.08567972812621,5.69684490599387
"Bird Island","BI10","BI10.9",361,355.7,356.7,356.2,-6.83042763838514,-9.13300902903986,4.1458801859122,0.0322313791804265,4.54976029489163,3.2445634416667,5.85495714811655
"Bird Island","BI10","BI10.9",365,360.7,361.7,361.2,-6.25789510776332,-8.56048176711493,4.25477583690087,0.439774392094173,4.96145054061849,3.65638888399846,6.26651219723852
"Bird Island","BI10","BI10.9",372,369.1,371,370.1,-6.67217419543638,-8.9747624488818,4.61205455325781,0.164844282617356,4.66355539880291,3.35852111079067,5.96858968681514
"Bird Island","BI10","BI10.10",379,367.3,368.4,367.9,-6.39682446074928,-8.69941075361782,4.23820457443249,-0.210968114924713,4.86155078573933,3.55657136273895,6.16653020873972
"Bird Island","BI10","BI10.10",386,375.7,376.6,376.1,-6.64078012257239,-8.94336368418342,4.25506676280208,-0.588525538201779,4.68612989523843,3.38111648876164,5.99114330171522
"Bird Island","BI10","BI10.10",390,380.5,381.5,381,-6.8918563396021,-9.19443749569677,4.58390305625152,0.365947666455336,4.50558883607299,3.20030311942827,5.8108745527177
"Bird Island","BI10","BI10.10",392,382.9,384,383.4,-6.4193102425978,-8.72189533559184,4.40567025787697,-0.430842611720357,4.84538196290489,3.5404089182016,6.15035500760819
"Bird Island","BI10","BI10.10",396,387.7,388.8,388.2,-6.5228330721053,-8.82541816509935,5.61348842504215,2.01153176945584,4.77094193227118,3.46597333988592,6.07591052465645
"Bird Island","BI10","BI10.10",403,396.3,397.4,396.8,-6.33694580335482,-8.63953033128118,4.36556304662388,0.79458722972213,4.9046076564987,3.59960182981455,6.20961348318286
"Bird Island","BI10","BI10.10",410,404.6,405.6,405.1,-6.70966208424105,-9.01224389606687,4.09825557805275,0.341275260043738,4.63659902981368,3.33153487620988,5.94166318341748
"Bird Island","BI10","BI10.11",422,409.9,410.9,410.4,-6.35410927479976,-8.65669666719676,5.77413731566368,2.12445474412467,4.89226594070307,3.58726908238083,6.1972627990253
"Bird Island","BI10","BI10.11",424,412.2,413.2,412.7,-6.35422482634148,-8.65681164408654,4.68151467135203,1.09515455693116,4.89218285120149,3.58718604944508,6.1971796529579
"Bird Island","BI10","BI10.11",427,415.8,416.8,416.3,-6.54824126900804,-8.8508284560507,4.5856816451236,0.653667992404879,4.7526716921243,3.44769793614972,6.05764544809887
"Bird Island","BI10","BI10.11",439,430.3,431.3,430.8,-6.67968786977669,-8.98227296277073,3.97930816378938,0.113954932030726,4.658152550458,3.35311270654634,5.96319239436966
"Bird Island","BI10","BI10.11",443,435.2,436.3,435.7,-6.55376102488395,-8.85634401224321,3.84905447467711,-0.0855279509012801,4.74870260821838,3.44372740446098,6.05367781197577
"Bird Island","BI10","BI10.11",449,442.8,443.8,443.3,-6.25812382194157,-8.56070630374798,4.23367920911665,0.228434630434639,4.96128607940239,3.65622461873647,6.26634754006831
"Bird Island","BI10","BI10.12",461,447.5,448.7,448.1,-6.44351573017577,-8.74610333762478,5.87234844343613,1.88005449665249,4.82797655343744,3.52300821643447,6.1329448904404
"Bird Island","BI10","BI10.12",465,452.8,453.9,453.4,-4.44436708267852,-6.74695192023468,5.30804589904339,0.0149767701841019,6.26550185359601,4.95262832085647,7.57837538633555
"Bird Island","BI10","BI10.12",469,458.3,459.3,458.8,-6.23657767185119,-8.53916276484524,5.74123239556141,2.13695550924751,4.97677924241191,3.67169844478875,6.28186004003507
"Bird Island","BI10","BI10.12",475,466.1,467.2,466.6,-6.19614902034301,-8.4987346041923,5.86733159870463,2.28671122130482,5.00585022193465,3.70072835711846,6.31097208675084
"Bird Island","BI10","BI10.12",479,471.4,472.4,471.9,-6.45223731217543,-8.75482240516948,4.74869687800914,0.639182988287556,4.8217051364532,3.51673794725305,6.12667232565335
"Bird Island","BI10","BI10.12",484,478.2,479.2,478.7,-6.71292972402758,-9.01551399404375,4.66120673160248,1.71006283701951,4.63424937218776,3.32918236105696,5.93931638331855
"Bird Island","BI10","BI10.13",506,473.4,474.5,474,-6.27876056075672,-8.58134778626294,4.10532182269821,-0.651329446432959,4.9464468456132,3.64140224357896,6.25149144764745
"Bird Island","BI10","BI10.13",519,491,492,491.5,-6.7883815092144,-9.09096748968487,4.17170682131633,0.0993497497442033,4.57999435204007,3.27485001873287,5.88513868534727
"Bird Island","BI10","BI10.13",522,494.8,495.8,495.3,-6.50736569625548,-8.80994810901731,4.47682326820407,0.189053771993782,4.78206403874336,3.4770973822736,6.08703069521312
"Bird Island","BI10","BI10.13",525,498.7,499.7,499.2,-5.53922425592291,-7.84181036683951,5.13503054288322,1.82371287525525,5.47822428493233,4.17156124183286,6.78488732803181
"Bird Island","BI10","BI10.13",529,503.9,505.1,504.5,-6.19471625941922,-8.49730233271844,4.34900474774693,0.367785467745325,5.00688047552765,3.70175704081291,6.31200391024238
"Isla Hermite","HER42PB","HER42PB_1A",3,2.5,3.7,3.1,-5.52336823563692,-7.82595282767652,6.00988763234206,0.806880445620664,5.48962585346976,4.18290528782988,6.79634641910964
"Isla Hermite","HER42PB","HER42PB_1A",5,5.3,6.5,5.9,-5.2382745610127,-7.54085965400674,5.90479756735227,1.56965451858973,5.69462780302492,4.38670990470858,7.00254570134125
"Isla Hermite","HER42PB","HER42PB_1A",7,8.1,9.3,8.7,-5.25354861074661,-7.55613370374065,5.75436490604051,1.12899201276076,5.68364471131942,4.3757987864131,6.99149063622574
"Isla Hermite","HER42PB","HER42PB_1A",9,10.9,12.1,11.5,-5.41939090999209,-7.72197690595288,5.67470210857249,0.68386944213577,5.56439269806853,4.25727122858267,6.87151416755439
"Isla Hermite","HER42PB","HER42PB_1A",13,16.3,17.5,16.9,-5.98689779063196,-8.28948407815911,5.76470733500438,1.38268070020505,5.1563162401447,3.85088209190458,6.46175038838482
"Isla Hermite","HER42PB","HER42PB_1A",16,20.5,21.6,21.1,-5.44392527332376,-7.74651106036357,5.84005726513789,1.59953019267307,5.54675080432705,4.23972763706312,6.85377397159099
"Isla Hermite","HER42PB","HER42PB_1A",20,26.1,27.3,26.7,-5.25434220448971,-7.55692768027492,5.94781364614823,0.498673389561937,5.68307406286605,4.37523185329132,6.99091627244078
"Isla Hermite","HER42PB","HER42PB_1A",25,33.1,34.1,33.6,-4.92152831441657,-7.22411395625939,6.37222233759682,2.05223109378202,5.92239012764356,4.61278041835238,7.23199983693475
"Isla Hermite","HER42PB","HER42PB_1A",28,37.1,38.2,37.7,-4.82021797162718,-7.12280294062912,6.23417589697179,1.38054435170531,5.99523922823937,4.6850082946737,7.30547016180504
"Isla Hermite","HER42PB","HER42PB_1A",31,41.2,42.3,41.7,-5.40227131632805,-7.70485729696198,6.23592340476781,0.809772666514102,5.57670286272351,4.26951144470073,6.8838942807463
"Isla Hermite","HER42PB","HER42PB_1B",40,43.1,44.2,43.7,-5.52266213903961,-7.82524673143281,6.05360818310857,1.93086414623135,5.4901335854607,4.18341043599515,6.79685673492625
"Isla Hermite","HER42PB","HER42PB_1B",48,54,55.1,54.5,-5.57226406923162,-7.8748499513128,5.65408612272263,1.35640063650311,5.45446638798793,4.14792013341035,6.7610126425655
"Isla Hermite","HER42PB","HER42PB_1B",50,56.7,57.8,57.2,-5.67398758378092,-7.97657384154916,5.36158074003029,0.310123451208441,5.38132018849509,4.07510741372701,6.68753296326318
"Isla Hermite","HER42PB","HER42PB_1B",56,64.7,65.8,65.2,-5.63316875744966,-7.93575440953692,5.76464142195745,1.72478504501942,5.41067173053646,4.10432987224038,6.71701358883254
"Isla Hermite","HER42PB","HER42PB_1B",60,69.9,70.9,70.4,-5.54179577676855,-7.84438138003423,6.09490684821808,2.25984488383422,5.47637518467652,4.16972138040725,6.7830289889458
"Isla Hermite","HER42PB","HER42PB_1B",63,73.7,74.8,74.3,-5.83237067643333,-8.13495576942738,5.80086394570664,0.374713207621217,5.26743185753469,3.96165984753479,6.57320386753459
"Isla Hermite","HER42PB","HER42PB_1B",69,81.5,82.5,82,-4.44065879276514,-6.74324388575918,6.4832445443394,1.44729144227062,6.26816836895367,4.95526611796197,7.58107061994537
"Isla Hermite","HER42PB","HER42PB_1C",80,86.5,87.8,87.2,-4.95428180412062,-7.2568674642378,6.34176617798979,2.1218583928199,5.89883811705296,4.58942095410389,7.20825528000202
"Isla Hermite","HER42PB","HER42PB_1C",86,94.8,96,95.4,-5.43216012192663,-7.73474475763556,5.8885879542359,1.91999459747623,5.55521075692475,4.24814073557274,6.86228077827676
"Isla Hermite","HER42PB","HER42PB_1C",90,100.2,101.4,100.8,-5.95997595761877,-8.26256260101724,6.06710247558499,1.2756027112965,5.1756748887032,3.87018842992146,6.48116134748495
"Isla Hermite","HER42PB","HER42PB_1C",91,101.6,103.1,102.3,-5.92006524007769,-8.22265219525353,5.70372976260028,1.07835686907697,5.20437343810052,3.8988043427735,6.50994253342755
"Isla Hermite","HER42PB","HER42PB_1C",97,109.8,111,110.4,-4.93631565505984,-7.23890033028526,6.07944149528368,-0.0398564233341872,5.9117570132309,4.60223473567025,7.22127929079155
"Isla Hermite","HER42PB","HER42PB_1C",104,119.2,120.3,119.8,-6.03051852216283,-8.33310236736573,5.77975690456013,-0.0983789568877652,5.12494993566026,3.81959467426572,6.4303051970548
"Isla Hermite","HER42PB","HER42PB_1D",118,127.3,128.4,127.8,-6.77322088952715,-9.07580947901858,6.04419565649397,2.64798581607384,4.59089587974477,3.28576882796184,5.8960229315277
"Isla Hermite","HER42PB","HER42PB_1D",121,130.9,132.2,131.6,-6.59525230948586,-8.89783886570789,5.27599218950683,1.1155078245311,4.71886752245525,3.41387771083114,6.02385733407935
"Isla Hermite","HER42PB","HER42PB_1D",131,143.2,144.4,143.8,-7.54211481805899,-9.84521864441215,5.55813635454586,1.11848060694384,4.03800829092711,2.73089959960532,5.3451169822489
"Isla Hermite","HER42PB","HER42PB_1D",137,150.7,151.9,151.3,-6.76245478967012,-9.06503728838033,5.15072049610145,1.14438681131032,4.59863744560976,3.29352213317101,5.90375275804852
"Isla Hermite","HER42PB","HER42PB_1D",144,159.2,160.3,159.8,-5.77579138983379,-8.07837712762699,5.8128993117966,1.24694983895029,5.30811625389191,4.00219776458996,6.61403474319385
"Isla Hermite","HER42PB","HER42PB_1D",147,162.9,164.1,163.5,-5.67751461561337,-7.98010058527453,5.57645224359538,0.336403784992739,5.3787840101574,4.0725820912768,6.68498592903799
"Isla Hermite","HER42PB","HER42PB_1E",158,169.3,170.5,169.9,-7.10305144314684,-9.40513945028125,4.19886637541732,-2.06703501390792,4.35372503895352,3.04802394757883,5.65942613032821
"Isla Hermite","HER42PB","HER42PB_1E",162,175.6,176.8,176.2,-6.66876830021913,-8.97135496806469,5.35199120755971,1.14559714138587,4.66600447158727,3.36097263100841,5.97103631216613
"Isla Hermite","HER42PB","HER42PB_1E",166,181.9,183.1,182.5,-6.63762280380586,-8.94020637024433,5.03325517990925,0.764557230449264,4.68840022446743,3.38338870974239,5.99341173919248
"Isla Hermite","HER42PB","HER42PB_1E",174,194.9,196.1,195.5,-7.02740630825274,-9.33025066864874,4.96777383377874,-1.46997781560973,4.40811909083171,3.10258633576845,5.71365184589498
"Isla Hermite","HER42PB","HER42PB_1E",179,202.5,203.6,203,-6.66028445009695,-8.96287110463821,5.01535394970948,-0.557400263273693,4.67210494300977,3.3670790062029,5.97713087981664
"Isla Hermite","HER42PB","HER42PB_1F",184,201.4,202.5,202,-5.78136668192001,-8.08395080230863,5.90200919440484,1.53585590882698,5.30410723563318,3.99820372228121,6.61001074898515
"Isla Hermite","HER42PB","HER42PB_1F",189,208.1,209.3,208.7,-6.18140545759447,-8.48399055058852,4.87596639990492,1.05925357407307,5.01645185703168,3.71131346280441,6.32159025125896
"Isla Hermite","HER42PB","HER42PB_1F",191,210.9,212.2,211.5,-6.70749475853935,-9.01008067005121,5.15960872937714,0.583997345602705,4.6381574859764,3.33309520519176,5.94321976676103
"Isla Hermite","HER42PB","HER42PB_1F",197,219.3,220.5,219.9,-6.04113936246591,-8.3437231943456,4.67886871554592,-0.506119966093238,5.11731282139978,3.81197566829806,6.42264997450151
"Isla Hermite","HER42PB","HER42PB_1F",200,223.4,224.6,224,-6.62966985743565,-8.93225419319785,4.65019577397658,0.665602075528573,4.69411893959765,3.38911202125923,5.99912585793606
"Isla Hermite","HER42PB","HER42PB_1F",205,230.3,231.5,230.9,-6.25883640868762,-8.56142202429229,4.42089560472281,0.0468371401637754,4.96077368054836,3.65571282912047,6.26583453197625
"Isla Hermite","HER42PB","HER42PB_1F",209,235.8,236.9,236.4,-6.1254687371979,-8.42805200075744,5.72432520415296,1.69013456488529,5.0566742041186,3.75146555030313,6.36188285793406
"Isla Hermite","HER42PB","HER42PB_1F",211,238.4,239.5,239,-6.24879227623977,-8.55137581707227,5.84760008544681,0.588503431852193,4.9679961022177,3.66292648442847,6.27306572000694
"Isla Hermite","HER42PB","HER42PB_1F",213,241.1,242.3,241.7,-6.27468140349164,-8.57726702744302,5.66576595949873,1.3826792728052,4.94938004009038,3.64433223466313,6.25442784551762
"Isla Hermite","HER42PB","HER42PB_1G",224,246.9,248.1,247.5,-7.06736784780542,-9.370509124129,4.51585615126129,0.826976696928668,4.37938399691452,3.07376503302274,5.6850029608063
"Isla Hermite","HER42PB","HER42PB_1G",231,256.4,257.6,257,-7.05105075694746,-9.35421074239589,5.7054543862328,0.838919436067086,4.39111710688744,3.08553407956072,5.69670013421416
"Isla Hermite","HER42PB","HER42PB_1G",232,257.7,258.9,258.3,-7.05373063469226,-9.35652288215426,4.61246139738606,0.147053153298342,4.38919009057262,3.08360123081034,5.69477895033489
"Isla Hermite","HER42PB","HER42PB_1G",236,263.2,264.4,263.8,-6.8475891151827,-9.15017703300491,4.35635408659728,0.129620336656207,4.53742001338456,3.23219978415931,5.84264024260982
"Isla Hermite","HER42PB","HER42PB_1G",240,268.6,269.8,269.2,-7.04420865071842,-9.34730622704934,5.11160419611975,1.52888493761309,4.39603705159637,3.09046879105138,5.70160531214136
"Isla Hermite","HER42PB","HER42PB_1G",245,275.2,276.4,275.8,-7.17582689946498,-9.47821981713178,4.72478547360075,0.158836000834196,4.30139448323478,2.99551084775128,5.60727811871827
"Isla Hermite","HER42PB","HER42PB_1G",253,285.8,286.9,286.3,-6.0419468020559,-8.3445306329169,5.20264696582195,0.349015420239094,5.11673221683073,3.81139642278744,6.42206801087402
"Isla Hermite","HER42PB","HER42PB_1H",260,285,286.2,285.6,-6.22146505369881,-8.52405165701477,5.44778421577514,1.12779297218259,4.98764625371338,3.6825508352342,6.29274167219257
"Isla Hermite","HER42PB","HER42PB_1H",264,290.3,291.5,290.9,-6.95828044740136,-9.26058158841293,4.59947401737917,1.25276482106508,4.4578253365346,3.15242732301676,5.76322335005244
"Isla Hermite","HER42PB","HER42PB_1H",269,297,298.2,297.6,-6.36993179930305,-8.67251455622783,5.30180111225309,1.28995777181251,4.88088845793592,3.57589887059424,6.1858780452776
"Isla Hermite","HER42PB","HER42PB_1H",273,302.3,303.5,302.9,-6.7621806975553,-9.06476924865696,4.66286652456503,0.725525710910556,4.59883453668157,3.29371951733546,5.90394955602768
"Isla Hermite","HER42PB","HER42PB_1H",278,309.3,310.6,309.9,-6.37940609360656,-8.68199118660061,5.32965354899277,-0.354326298452766,4.87407578906335,3.56909009777944,6.17906148034726
"Isla Hermite","HER42PB","HER42PB_1H",281,313.5,314.8,314.2,-6.04589792429404,-8.34848470679692,5.70013486554465,0.61692887876465,5.11389108833913,3.80856190883063,6.41922026784762
"Isla Hermite","HER42PB","HER42PB_1H",286,320.5,321.8,321.1,-6.48553663177071,-8.78812303594698,5.13968637451095,0.885173060226814,4.79776063665014,3.49279515746707,6.10272611583322
"Isla Hermite","HER42PB","HER42PB_1I",301,332.1,333.3,332.7,-6.96625765435747,-9.26902936832486,5.41347749427578,0.948069250469107,4.45208917637544,3.14667654409227,5.75750180865861
"Isla Hermite","HER42PB","HER42PB_1I",303,334.9,336.2,335.6,-6.99948138924381,-9.30245566088399,4.26295183583182,-0.0798540857970944,4.42819902717385,3.12272289870544,5.73367515564225
"Isla Hermite","HER42PB","HER42PB_1I",312,347.6,348.8,348.2,-7.15561297436852,-9.45880173127468,4.40303640183348,-1.62925013987636,4.31592968489577,3.0100987776233,5.62176059216823
"Isla Hermite","HER42PB","HER42PB_1I",317,354.3,355.4,354.9,-5.46532328873467,-7.76790909078573,5.91425819446545,0.938024326984759,5.53136416033493,4.22442486062348,6.83830346004639
"Isla Hermite","HER42PB","HER42PB_1I",320,358.3,359.6,358.9,-5.578975365663,-7.88156125305779,5.57048776297292,1.22768184136442,5.44964050451545,4.1431174652841,6.7561635437468
"Isla Hermite","HER42PB","HER42PB_1I",322,361,362.2,361.6,-5.03951096222705,-7.34209682719385,6.16983116865387,1.77167515201099,5.83755249367393,4.5286173497981,7.14648763754975
"Isla Hermite","HER42PB","HER42PB_1J",335,369.7,370.8,370.2,-5.45007674115936,-7.75266299803423,6.19233358271761,2.4709309370536,5.54232747609788,4.23532859723527,6.84932635496049
"Isla Hermite","HER42PB","HER42PB_1J",340,376.7,377.9,377.3,-6.72756432364169,-9.0301460761984,6.02222963726831,0.723912270962704,4.62372608907457,3.31864577985798,5.92880639829115
"Isla Hermite","HER42PB","HER42PB_1J",342,379.6,380.9,380.3,-6.62975921481981,-8.93234506511395,6.14871964552327,1.11276654357418,4.69405468549596,3.38904771685549,5.99906165413643
"Isla Hermite","HER42PB","HER42PB_1J",346,385.3,386.5,385.9,-6.23291057151258,-8.53549464603615,4.88461210518651,-0.0216631743008346,4.97941613963392,3.67433187437343,6.28450040489441
"Isla Hermite","HER42PB","HER42PB_1J",349,389.6,390.9,390.2,-5.62333141959858,-7.92591540535316,5.53454842283274,0.498595320782559,5.41774545267555,4.11137153647736,6.72411936887375
"Isla Hermite","HER42PB","HER42PB_1J",352,394,395.2,394.6,-5.89802047102901,-8.2006066569704,5.21484298700158,0.808523659669549,5.22022514241641,3.91460779774597,6.52584248708684
"Isla Hermite","HER42PB","HER42PB_1J",353,395.4,396.6,396,-5.73378601277809,-8.0363701783602,5.83379094415111,2.12878210815965,5.33832100746832,4.03228587793358,6.64435613700306
"Kerguelen","KER1","CAT1-S1-1A",1,0,1.4,0.7,-3.91748409004302,-6.22006898194189,6.42007931742014,1.46719649169144,6.64436694353566,5.326897776153,7.96183611091832
"Kerguelen","KER1","CAT1-S1-1A",3,3.1,4.7,3.9,-4.80706864595583,-7.10965361657751,6.31640669756049,2.71214088616301,6.00469449728914,4.69438009237724,7.31500890220104
"Kerguelen","KER1","CAT1-S1-1A",5,6.4,7.8,7.1,-4.95565262881485,-7.2582380057594,6.07212752091516,1.98122449185718,5.89785239986654,4.5884432071,7.20726159263308
"Kerguelen","KER1","CAT1-S1-1A",7,9.3,10.6,9.9,-6.1341277942003,-8.4367151938797,4.98123576413021,0.538454557241171,5.0504477469054,3.74525075079426,6.35564474301653
"Kerguelen","KER1","CAT1-S1-1A",8,10.7,12,11.4,-5.57800719556634,-7.88059255310432,5.92119865236709,2.10399210027858,5.45033668536751,4.14381030767664,6.75686306305838
"Kerguelen","KER1","CAT1-S1-1A",9,12.1,13.6,12.8,-6.17236791001445,-8.4749530030085,4.9247159918486,1.32649559092848,5.02295047498785,3.71780153821701,6.32809941175868
"Kerguelen","KER1","CAT1-S1-1A",11,15.1,16.5,15.8,-6.72994387766607,-9.03252897066012,4.76042855096272,1.05027276759382,4.62201502615915,3.31693247740154,5.92709757491675
"Kerguelen","KER1","CAT1-S1-1A",13,18,19.4,18.7,-6.81050153457825,-9.11308662757229,3.11599313730173,-0.405664740033291,4.56408853326042,3.25891741116334,5.8692596553575
"Kerguelen","KER1","CAT1-S1-1A",17,24,25.5,24.7,-6.26243162993154,-8.56501882089884,5.36278827180596,1.09320478309451,4.95818846933644,3.65313066213156,6.26324627654132
"Kerguelen","KER1","CAT1-S1-1A",20,28.6,30,29.3,-6.88140452966548,-9.1839905966534,4.24861590819748,0.265954547833878,4.51310440588074,3.2078348258233,5.81837398593817
"Kerguelen","KER1","CAT1-S1-1A",23,33,34.4,33.7,-5.13577241738878,-7.43835683040075,6.03445049291588,1.23705858944454,5.76833389034581,4.45991009520317,7.07675768548845
"Kerguelen","KER1","CAT1-S1-1A",25,35.9,37.2,36.6,-5.19896826327819,-7.50155317518694,4.95369744440084,0.777972727278901,5.72289173303315,4.41478454888607,7.03099891718023
"Kerguelen","KER1","CAT1-S1-1A",26,37.3,38.7,38,-5.44386766920401,-7.74645322486853,5.91722515228022,0.480812292121606,5.5467922256489,4.23976883026149,6.8538156210363
"Kerguelen","KER1","CAT1-S1-1A",27,38.8,40.1,39.4,-5.2948294563849,-7.59741454937894,5.83338586803273,1.18960047908698,5.65396094563683,4.34630511198444,6.96161677928921
"Kerguelen","KER1","CAT1-S1-1A",28,40.2,41.6,40.9,-5.39222724722897,-7.694813218992,5.48595543395401,1.63031465011811,5.58392523884075,4.27669226358088,6.89115821410061
"Kerguelen","KER1","CAT1-S1-1B",36,45.1,46.2,45.6,-4.95355416657615,-7.256138976215,6.16951744989809,1.10801212710403,5.89936133846564,4.58993994203512,7.20878273489617
"Kerguelen","KER1","CAT1-S1-1B",40,50.7,52.1,51.4,-5.27288415022355,-7.57546865828527,5.92806376729722,1.84005222256637,5.66974112929959,4.3619850464666,6.97749721213258
"Kerguelen","KER1","CAT1-S1-1B",41,52.3,53.6,53,-4.74597355546025,-7.04855876357413,6.12537266794902,1.9065300609168,6.04862606706652,4.73791527798995,7.35933685614309
"Kerguelen","KER1","CAT1-S1-1B",46,59.9,61.2,60.5,-6.08177313574872,-8.38435954215801,4.96586415431783,1.01009323861951,5.0880943452209,3.78282249751911,6.39336619292268
"Kerguelen","KER1","CAT1-S1-1B",49,64.4,65.8,65.1,-5.4677853259003,-7.77037018195949,5.8475646081218,0.82853503139906,5.52959378637102,4.22266402471071,6.83652354803133
"Kerguelen","KER1","CAT1-S1-1B",51,67.6,68.9,68.3,-5.90994465408706,-8.21252864102447,4.08868638069481,-0.303415693951768,5.21165083512258,3.90605981903272,6.51724185121245
"Kerguelen","KER1","CAT1-S1-1B",57,76.5,77.9,77.2,-6.8169808245913,-9.11956774403434,4.33473428437725,0.800368938630984,4.55942947835098,3.25425015567915,5.8646088010228
"Kerguelen","KER1","CAT1-S1-1C",69,86.1,87.5,86.8,-6.87515160251556,-9.17773766343217,4.01570261870077,0.333599077334957,4.51760069033128,3.21234056484422,5.82286081581833
"Kerguelen","KER1","CAT1-S1-1C",73,92.4,93.7,93.1,-6.87595626943319,-9.17854136242723,4.02900985096483,0.152991522549683,4.51702207950424,3.21176074570917,5.82228341329932
"Kerguelen","KER1","CAT1-S1-1C",80,103.1,104.5,103.8,-7.06457518469198,-9.36699418202156,3.39237247479844,-0.646076883085153,4.38139211366232,3.07577937232449,5.68700485500015
"Kerguelen","KER1","CAT1-S1-1C",86,112.2,113.6,112.9,-7.44460494296168,-9.74648380372646,3.84759114100255,-0.00352018257892218,4.10812459400601,2.80139189863897,5.41485728937304
"Kerguelen","KER1","CAT1-S1-1C",93,122.9,124.1,123.5,-7.34944515257993,-9.6519509267207,3.84548153594143,-0.217966270342154,4.17655102462827,2.87015039034497,5.48295165891156
"Kerguelen","KER1","CAT1-S1-1D",105,130.3,131.4,130.8,-7.23792740305487,-9.54023429323727,3.82401840146096,-0.310419035904454,4.25673995232992,2.95068458600023,5.56279531865962
"Kerguelen","KER1","CAT1-S1-1D",108,134.6,135.8,135.2,-7.53946311088218,-9.84145216161668,3.65132431032959,-0.763292404321243,4.03991505066709,2.73281706244347,5.34701303889071
"Kerguelen","KER1","CAT1-S1-1D",110,137.6,138.8,138.2,-7.20157347230977,-9.50471143257876,3.34083200430147,-1.57818794877948,4.2828809275254,2.97692787672461,5.5888339783262
"Kerguelen","KER1","CAT1-S1-1D",114,143.4,144.6,144,-7.44580479967057,-9.74819466813009,3.71629530556503,-1.82602047791446,4.10726181455349,2.80052471230334,5.41399891680364
"Kerguelen","KER1","CAT1-S1-1D",117,147.8,148.9,148.4,-6.47352585891355,-8.77611289520037,4.63725856091854,0.182068902379516,4.80639720796176,3.50143160031447,6.11136281560905
"Kerguelen","KER1","CAT1-S1-1D",119,150.7,151.8,151.3,-7.28300742992271,-9.58576135873597,3.51175321933271,-0.0178815298660874,4.22432431418542,2.91813508001767,5.53051354835317
"Kerguelen","KER1","CAT1-S1-1D",123,156.5,157.7,157.1,-7.03390824498272,-9.33703802502214,3.72552657404032,-0.462656425371778,4.40344375137605,3.09789738462926,5.70899011812284
"Kerguelen","KER1","CAT1-S1-1D",124,158,159.2,158.6,-7.1423415492068,-9.44479768319067,3.74189785785682,0.199281297240764,4.32547275187231,3.01967561621474,5.63126988752988
"Kerguelen","KER1","CAT1-S1-1E",132,161.5,162.7,162.1,-7.47893441548462,-9.78126991981188,5.61975324881221,1.30673199550114,4.08343934343467,2.77657839831053,5.39030028855881
"Kerguelen","KER1","CAT1-S1-1E",137,168.8,170,169.4,-6.61946763992283,-8.92205348246312,3.69644375476861,-0.00644351693903798,4.70145503529556,3.39645365959649,6.00645641099464
"Kerguelen","KER1","CAT1-S1-1E",144,179,180.2,179.6,-6.68559220818189,-8.9881732972601,4.43864101113566,-0.298138948844148,4.6539069252771,3.3488625641924,5.95895128636181
"Kerguelen","KER1","CAT1-S1-1E",145,180.4,181.6,181,-5.98994570113871,-8.29253079413276,4.80344728262227,0.709668190017757,5.15412458297526,3.84869618272768,6.45955298322283
"Kerguelen","KER1","CAT1-S1-1E",146,181.9,183,182.4,-4.76628633513656,-7.06887166309492,5.98428028095816,1.74837334482222,6.0340197821673,4.72344234416117,7.34459722017342
"Kerguelen","KER1","CAT1-S1-1E",147,183.3,184.4,183.8,-5.8344221665659,-8.13700828516188,4.35540494071757,0.375681018384634,5.26595669510878,3.96018976699091,6.57172362322666
"Kerguelen","KER1","CAT1-S1-1E",151,189,190.3,189.7,-7.24001778894968,-9.5430198103587,3.88415610860909,-0.252025302606483,4.25523682117725,2.94917541849957,5.56129822385492
"Kerguelen","KER1","CAT1-S1-1E",157,198.4,199.7,199,-6.92745913115674,-9.2305430792937,4.00656452024886,-0.238467829327653,4.47998798158918,3.17464416859459,5.78533179458378
"Kerguelen","KER1","CAT1-S1-1E",161,204.5,205.8,205.2,-6.95323288573305,-9.25533773790692,4.2005864736865,0.206220890594249,4.46145488034636,3.15606599139057,5.76684376930215
"Kerguelen","KER1","CAT1-S1-1F",170,210.3,211.7,211,-6.98996149201316,-9.29263561470301,3.81886221842324,-0.310536901700935,4.4350444876858,3.12958698384076,5.74050199153084
"Kerguelen","KER1","CAT1-S1-1F",177,220.9,222.2,221.6,-6.96542252813917,-9.26796948481282,4.1546641852174,0.246967100329425,4.45268968953345,3.14727859905454,5.75810078001235
"Kerguelen","KER1","CAT1-S1-1F",179,224,225.4,224.7,-6.70465608017729,-9.00724443796575,4.05152727565217,-0.442737833741725,4.64019869085107,3.33513883587838,5.94525854582377
"Kerguelen","KER1","CAT1-S1-1F",180,225.6,226.8,226.2,-5.47810429821984,-7.78068963060638,5.71368490502222,1.285250709936,5.52217373594128,4.21528369972774,6.82906377215482
"Kerguelen","KER1","CAT1-S1-1F",185,233.2,234.5,233.8,-4.62685347862724,-6.9294386738133,5.58632001198581,0.229761341357148,6.13428159069087,4.82275750250454,7.4458056788772
"Kerguelen","KER1","CAT1-S1-1F",186,234.7,235.9,235.3,-5.5888723618936,-7.89145798975555,5.4404973877952,1.61361302192205,5.44252388390054,4.13603476701052,6.74901300079056
"Kerguelen","KER1","CAT1-S1-1F",188,237.8,239.1,238.4,-6.3171459349231,-8.61972991993854,3.82452895895416,0.259152163497956,4.91884512295526,3.61382755271924,6.22386269319128
"Kerguelen","KER1","CAT1-S1-1F",191,242.3,243.6,242.9,-6.6445905657285,-8.94717642733813,4.00875085894896,-0.551247823214947,4.68338992467717,3.37837418441952,5.98840566493482
"Kerguelen","KER3","CAT2-S3-1A",6,7.9,9.1,8.5,-7.1735597541946,-9.47560884959106,4.30366694300695,0.961093741515731,4.30302471652902,2.99714707246119,5.60890236059686
"Kerguelen","KER3","CAT2-S3-1A",9,12.3,13.5,12.9,-7.37928807681042,-9.68194528258889,3.98876992549385,0.601580229226206,4.15509191068707,2.84859084844413,5.46159297293001
"Kerguelen","KER3","CAT2-S3-1A",13,18.1,19.3,18.7,-7.34759135927138,-9.65039692485397,4.18289229602208,0.927585250782822,4.17788402944792,2.87148952174236,5.48427853715348
"Kerguelen","KER3","CAT2-S3-1A",15,21,22.1,21.6,-7.41846424288649,-9.72116599574217,4.09322867568557,0.726400702793229,4.12692155428657,2.82028351004705,5.4335595985261
"Kerguelen","KER3","CAT2-S3-1A",20,28.2,29.4,28.8,-7.44462718113077,-9.74648380372646,3.63234687836706,0.352184440904602,4.10810860323377,2.80137582623929,5.41484138022826
"Kerguelen","KER3","CAT2-S3-1A",21,29.6,30.7,30.2,-7.39291965374646,-9.6948486874248,3.85919056273826,0.512048408060464,4.14528986982775,2.83874180648283,5.45183793317267
"Kerguelen","KER3","CAT2-S3-1A",22,31,32.1,31.6,-6.79838531192779,-9.10096592293829,4.78502458685419,1.2101426028151,4.57280093022209,3.26764471304248,5.8779571474017
"Kerguelen","KER3","CAT2-S3-1A",27,38.2,39.3,38.7,-5.97876394232179,-8.28135061512462,4.46036654198234,0.947671382667555,5.16216503620504,3.85671537499472,6.46761469741537
"Kerguelen","KER3","CAT2-S3-1A",28,39.5,40.7,40.1,-5.89726225351028,-8.19984916670325,5.33060164789679,1.9908059853338,5.22077035293268,3.91515131578128,6.52638939008408
"Kerguelen","KER3","CAT2-S3-1A",32,45.1,47,46.1,-6.59946281732639,-8.90204717562029,4.75017997170557,1.38104889870511,4.71583987788522,3.41084821637951,6.02083153939093
"Kerguelen","KER3","CAT2-S3-1B",38,46.4,47.6,47,-6.47031422754816,-8.77289867485583,4.47105927198778,0.80729694163839,4.80870659168283,3.50374085631625,6.1136723270494
"Kerguelen","KER3","CAT2-S3-1B",42,51.6,52.7,52.2,-6.30328413291289,-8.60587141136251,4.45608550434531,1.31704136776847,4.9288127114687,3.62378602858562,6.23383939435179
"Kerguelen","KER3","CAT2-S3-1B",45,55.3,56.5,55.9,-5.03526241758109,-7.33784766431507,5.36052416147999,1.83102218005711,5.84060748932174,4.53164896838744,7.14956601025604
"Kerguelen","KER3","CAT2-S3-1B",47,58.1,59.3,58.7,-7.26500038543263,-9.56701531591492,3.8122572096531,0.2700785778747,4.23727261698821,2.9311377843808,5.54340744959561
"Kerguelen","KER3","CAT2-S3-1B",52,64.6,65.7,65.1,-7.22901619656427,-9.53192399610364,3.7989071789371,0.528224072751925,4.26314772235804,2.95711790189831,5.56917754281776
"Kerguelen","KER3","CAT2-S3-1B",55,68.3,69.4,68.9,-6.15142674782407,-8.45401184081811,6.25898553567445,2.9107403943689,5.03800861011006,3.73283404646501,6.3431831737551
"Kerguelen","KER3","CAT2-S3-1B",56,69.5,70.7,70.1,-7.01815067060459,-9.32127193268346,3.72035759625337,0.371886917249187,4.41477453053849,3.10926087380238,5.7202881872746
"Kerguelen","KER3","CAT2-S3-1B",62,77.2,78.2,77.7,-7.21276392667859,-9.51550775876898,3.49755332143856,-0.301897852881132,4.27483422159606,2.96885021257748,5.58081823061464
"Kerguelen","KER3","CAT2-S3-1B",65,80.8,81.9,81.4,-8.13704589129236,-10.4379230419413,3.48721156422976,0.00573427954820184,3.61021195337406,2.30002770170756,4.92039620504056
"Kerguelen","KER3","CAT2-S3-1B",68,84.5,85.6,85.1,-7.34272850061654,-9.64574935645742,3.47752173188203,0.283659277601742,4.1813807590964,2.87500226041543,5.48775925777736
"Kerguelen","KER3","CAT2-S3-1C",78,89.2,90.2,89.7,-6.82114281488101,-9.12373157601142,3.52836999310485,-0.195762373230391,4.55643672123511,3.25125204635861,5.86162139611161
"Kerguelen","KER3","CAT2-S3-1C",83,95.7,96.8,96.2,-7.7065719118048,-10.008848068194,3.48330220724679,0.106801298731238,3.91975233565029,2.61192764428101,5.22757702701958
"Kerguelen","KER3","CAT2-S3-1C",85,98.3,99.3,98.8,-7.40800040745398,-9.71121566488901,3.64651304598612,0.238483050911564,4.13444577125251,2.82784488615299,5.44104665635203
"Kerguelen","KER3","CAT2-S3-1C",89,103.5,104.7,104.1,-7.05778778347902,-9.36000114653059,3.52876565995794,-4.35020863876044,4.38627272170423,3.08067497991323,5.69187046349523
"Kerguelen","KER3","CAT2-S3-1C",91,106.1,107.2,106.7,-6.92926598421323,-9.23156400842781,3.76291879234098,0.423868909136892,4.47868873003747,3.17334183964963,5.78403562042531
"Kerguelen","KER3","CAT2-S3-1C",96,112.8,113.9,113.3,-6.56106754157647,-8.86364909944641,3.80187072402062,-1.06418250003414,4.74344872046237,3.4384714212957,6.04842601962903
"Kerguelen","KER3","CAT2-S3-1C",101,118.9,119.9,119.4,-6.86480403292769,-9.16738625205159,3.51337189402488,-0.165182291924347,4.52504130416274,3.21979649660251,5.83028611172297
"Kerguelen","KER3","CAT2-S3-1D",110,122.4,123.5,123,-7.38051630635831,-9.68354913217087,3.4820222061718,-0.806281117791586,4.15420872921294,2.84770346107718,5.4607139973487
"Kerguelen","KER3","CAT2-S3-1D",115,128.9,130,129.5,-6.95650444399205,-9.25953061616695,3.51271160277656,-0.0347499832160917,4.45910240506938,3.15370761314842,5.76449719699033
"Kerguelen","KER3","CAT2-S3-1D",117,131.4,132.4,131.9,-7.06559224482072,-9.36816445716975,3.82295649409586,0.518554472518301,4.38066077751647,3.07504577343016,5.68627578160278
"Kerguelen","KER3","CAT2-S3-1D",121,136.5,137.6,137.1,-6.96505182000826,-9.26796948481282,3.89090061185946,0.531055341022738,4.45295625416226,3.1475458472293,5.75836666109521
"Kerguelen","KER3","CAT2-S3-1D",124,140.5,141.6,141,-7.15475104611903,-9.45752050111863,3.53920071598355,-0.195303278296533,4.31654947055659,3.01072077700875,5.62237816410442
"Kerguelen","KER3","CAT2-S3-1D",130,148.3,149.4,148.9,-6.56165808268133,-8.86424317567537,4.06139446242766,0.388821623182771,4.74302408081385,3.43804660338178,6.04800155824591
"Kerguelen","KER3","CAT2-S3-1D",133,152.3,153.4,152.8,-6.53422400460463,-8.83680634440462,4.22799806047476,1.83535234355271,4.76275106878503,3.45778046640963,6.06772167116042
"Kerguelen","KER3","CAT2-S3-1D",134,153.6,154.8,154.2,-6.40552468690228,-8.70811159543571,4.60205333695679,1.31826187010566,4.85529472507686,3.55031799902769,6.16027145112603
"Kerguelen","KER3","CAT2-S3-1D",136,156.4,157.6,157,-6.58866465981077,-8.89124684557031,4.35861874842223,1.95762053335848,4.7236044954104,3.41861744221611,6.02859154860469
"Kerguelen","KER3","CAT2-S3-1D",139,160.4,161.5,160.9,-6.92221430875976,-9.22443929635569,3.70067424898615,0.119234521296804,4.48375936942467,3.17842441872566,5.78909432012368
"Kerguelen","KER3","CAT2-S3-1D",141,163,164.1,163.5,-6.82459221392206,-9.12717638671545,3.56939463765591,-0.0207529403005798,4.55395636621095,3.24876720538602,5.85914552703589
"Kerguelen","KER3","CAT2-S3-1D",142,164.3,165.5,164.9,-6.97393674902143,-9.27648017448073,3.68295750719836,0.265691708534039,4.44656737944675,3.14114044533484,5.75199431355865
"Kerguelen","KER3","CAT2-S3-1E",150,166.5,167.5,167,-7.15025750615355,-9.45241193317591,3.89511855776525,-0.214000439739233,4.31978063468024,3.01396343620096,5.62559783315953
"Kerguelen","KER3","CAT2-S3-1E",152,169.1,170.2,169.6,-7.17159322879065,-9.47430591781065,4.33356353899297,-0.0837530572652657,4.30443878347453,2.99856632050306,5.610311246446
"Kerguelen","KER3","CAT2-S3-1E",156,174.6,175.7,175.1,-6.90573631845525,-9.20832240943287,3.73790028643933,-0.423357098923254,4.49560817715998,3.190300386651,5.80091596766896
"Kerguelen","KER3","CAT2-S3-1E",158,177.2,178.3,177.8,-7.00936173882229,-9.31237309754133,3.80738297526941,0.352715804077396,4.42109437664611,3.11559855272317,5.72659020056905
"Kerguelen","KER3","CAT2-S3-1E",159,178.6,179.6,179.1,-7.09952856295273,-9.40271226462364,3.49124426062824,-0.240169608002627,4.35625823197786,3.05056546470718,5.66195099924854
"Kerguelen","KER3","CAT2-S3-1E",163,183.8,184.9,184.3,-6.30828820751396,-8.61087220230023,5.96656066088216,2.27697062193269,4.92521443784762,3.62019112924747,6.23023774644777
"Kerguelen","KER3","CAT2-S3-1E",165,186.4,187.5,187,-6.99865529785786,-9.30135977036335,3.18913714866631,-0.769535402508315,4.42879304366633,3.12331854505432,5.73426754227835
"Kerguelen","KER3","CAT2-S3-1E",168,190.4,191.5,190.9,-6.06071945292293,-8.36330540328483,5.05206527655438,1.49461193048173,5.1032333904147,3.79792849253207,6.40853828829733
"Kerguelen","KER3","CAT2-S3-1E",171,194,195,194.5,-5.74373703300802,-8.04632118931537,4.3881785426988,0.709473620952535,5.33116553988424,4.02515865002497,6.63717242974351
"Kerguelen","KER3","CAT2-S3-1E",174,197.7,198.6,198.1,-4.51655591931278,-6.81914110382668,5.69049916280762,2.50001040498255,6.21359311775454,4.90126835989672,7.52591787561236
"Kerguelen","KER3","CAT2-S3-1E",177,201.6,202.7,202.1,-6.97442834330361,-9.27648017448073,4.83843490900688,1.4468823024989,4.44621388936539,3.14078603202715,5.75164174670363
"Kerguelen","KER3","CAT2-S3-1E",181,207,208.1,207.5,-7.14469734341438,-9.44732933011245,4.00024424432295,0.687699659221904,4.32377877389844,3.01797569249903,5.62958185529784
"Marion Island","PB1","PB1_1A",4,5,6.3,5.7,-6.59115052890328,-8.89373562189732,4.50634357193947,0.500009887189287,4.72181698465284,3.41682891002929,6.02680505927639
"Marion Island","PB1","PB1_1A",7,9.8,11.1,10.4,-7.41046558784069,-9.71286719292748,4.45968373165507,0.704664475163126,4.13267313709657,2.82606353517153,5.43928273902161
"Marion Island","PB1","PB1_1A",9,12.6,13.8,13.2,-7.39795345231341,-9.69973071502211,4.02200863555513,-0.434741545753344,4.14167022263196,2.83510462416728,5.44823582109663
"Marion Island","PB1","PB1_1A",14,19.4,20.7,20.1,-7.67480306858164,-9.97821109873206,4.14158013180992,-0.724954818417878,3.94259631773599,2.63491794226548,5.25027469320649
"Marion Island","PB1","PB1_1A",16,22.3,23.5,22.9,-7.48764877704772,-9.79015886722913,4.26991420942266,-0.286465812396,4.07717311844066,2.7702789044586,5.38406733242273
"Marion Island","PB1","PB1_1A",17,23.7,24.9,24.3,-7.68436015833241,-9.98686916147518,4.18736970240168,-0.945433226708654,3.93572411324543,2.62800212408578,5.24344610240507
"Marion Island","PB1","PB1_1A",22,30.4,31.6,31,-7.14657353918292,-9.44859756110044,4.42172654933793,0.463659605287614,4.3224296601701,3.01662182834289,5.62823749199731
"Marion Island","PB1","PB1_1A",28,38.5,39.8,39.2,-6.15137652471847,-8.45396020962441,5.78047361548363,0.647670687313746,5.03804472397535,3.73287009685697,6.34321935109372
"Marion Island","PB1","PB1_1A",32,44,45.3,44.7,-5.28886676449891,-7.59145126313678,6.26100767235882,0.982492933327845,5.65824853098167,4.3505656397973,6.96593142216603
"Marion Island","PB1","PB1_1B",39,46.4,47.6,47,-5.39943312616551,-7.70201866172154,6.24877572409038,2.1383017800044,5.57874371654918,4.27154059440063,6.88594683869772
"Marion Island","PB1","PB1_1B",41,49.3,50.5,49.9,-4.1446818716037,-6.44726677530513,6.96157671647111,1.98534284907845,6.48099612088961,5.16563567440528,7.79635656737393
"Marion Island","PB1","PB1_1B",42,50.6,51.8,51.2,-4.14035983097742,-6.44294511244776,6.78054530448359,2.21459583163131,6.48410396519942,5.16870519753427,7.79950273286457
"Marion Island","PB1","PB1_1B",44,53.3,54.5,53.9,-3.87287349673292,-6.17545854164662,6.69352457014482,1.99404370477942,6.67644502668303,5.35853927503396,7.9943507783321
"Marion Island","PB1","PB1_1B",45,54.7,55.8,55.2,-3.79613603283045,-6.09872108129571,6.67844134822108,1.18167304299216,6.73162453820555,5.41295052957183,8.05029854683926
"Marion Island","PB1","PB1_1B",46,56,57.7,56.8,-3.37347382556186,-5.67605894773562,6.87327686902467,1.27385440973188,7.03554771927071,5.7122526301023,8.35884280843912
"Marion Island","PB1","PB1_1B",52,64.3,65.4,64.9,-3.9306823635057,-6.23326760932494,6.51552973048622,2.34861447542451,6.63487647765922,5.31753506025592,7.95221789506252
"Marion Island","PB1","PB1_1B",54,66.9,68.1,67.5,-4.4638136026854,-6.76639895613338,6.43412030437549,1.65459673124262,6.25151846894628,4.93879469205485,7.56424224583772
"Marion Island","PB1","PB1_1B",57,70.8,72,71.4,-3.92253425556713,-6.22511914644786,6.56010994555828,2.26242445930983,6.6407355273726,5.32331531841214,7.95815573633306
"Marion Island","PB1","PB1_1B",62,77.7,78.9,78.3,-4.72471425886068,-7.02729923915644,6.35528128531401,1.75011109932592,6.06391296269768,4.75306094300085,7.37476498239451
"Marion Island","PB1","PB1_1B",64,80.4,81.5,81,-5.21082420563492,-7.51341003160935,6.12387085168324,2.32070225068401,5.71436649549448,4.40631702275297,7.02241596823599
"Marion Island","PB1","PB1_1B",65,81.7,82.8,82.3,-4.77809946860364,-7.0806846804759,6.24413065923032,1.35127840079045,6.02552532716299,4.71502472553585,7.33602592879014
"Marion Island","PB1","PB1_1B",66,83,84.1,83.6,-5.19202840203227,-7.49461277569475,6.17191818563667,2.22943597279483,5.72788197031895,4.419740757541,7.0360231830969
"Marion Island","PB1","PB1_1B",67,84.3,85.4,84.9,-4.75937880082688,-7.06196412716781,6.64334968985845,2.70086747698991,6.03898677416377,4.72836416354437,7.34960938478317
"Marion Island","PB1","PB1_1B",68,85.6,86.6,86.1,-4.80981674138371,-7.11240220250521,6.11827971794745,1.81321412431182,6.00271842777087,4.69242152157667,7.31301533396506
"Marion Island","PB1","PB1_1C",77,89.2,90.3,89.7,-4.85252549052407,-7.15511083964496,5.92413877639672,1.44118622296486,5.97200790131539,4.66197928314474,7.28203651948604
"Marion Island","PB1","PB1_1C",79,91.8,92.9,92.4,-4.64810576672554,-6.95069096410666,5.86843963758598,1.89984628081156,6.11899973465389,4.80762466353959,7.43037480576819
"Marion Island","PB1","PB1_1C",81,94.5,95.6,95.1,-4.48952668194246,-6.79211141861948,5.91340999347493,-0.252407940661984,6.23302899742885,4.9205010559232,7.5455569389345
"Marion Island","PB1","PB1_1C",84,98.5,99.6,99.1,-4.77998844307292,-7.08257305965518,5.86156613748746,1.40481595672563,6.02416702467041,4.71367866072876,7.33465538861206
"Marion Island","PB1","PB1_1C",86,101.2,102.3,101.8,-4.52583030985818,-6.82841558759742,6.19821243429438,0.976856109018012,6.20692419342555,4.89466852063064,7.51917986622047
"Marion Island","PB1","PB1_1C",87,102.6,103.7,103.1,-4.36341090754355,-6.66599568643957,5.87983719635024,1.2944696377241,6.32371490849129,5.01020270076342,7.63722711621917
"Marion Island","PB1","PB1_1C",88,103.9,105,104.4,-4.7264155335348,-7.02900017496821,5.81042715442224,1.20525696843415,6.0626896292604,4.75184897424184,7.37353028427896
"South Georgia","POB4","POB_1A",15,30,31.3,30.7,-10.3129606820418,-12.6155457750359,5.73005911526354,1.07365348495202,2.04557964521253,0.712884701159146,3.37827458926592
"South Georgia","POB4","POB_1A",16,31.5,32.9,32.2,-8.16490385019006,-10.4691214127971,4.02529191430572,-0.86719581890726,3.59018016595477,2.27981907791888,4.90054125399066
"South Georgia","POB4","POB_1A",19,36.1,37.4,36.8,-7.60888422928374,-9.91151972423339,4.40660343811961,-0.175663250593844,3.98999649448945,2.68260949433491,5.29738349464399
"South Georgia","POB4","POB_1A",21,39.2,40.6,39.9,-7.33260812046687,-9.63498829950112,5.11605113682351,-1.25022763417331,4.18865800810466,2.88231253808102,5.49500347812831
"South Georgia","POB4","POB_1A",24,43.8,45.1,44.4,-7.3934396103418,-9.6964733831518,5.13574236253694,0.697334282899535,4.14491598529359,2.83836611515802,5.45146585542916
"South Georgia","POB4","POB_1A",28,49.9,51.2,50.5,-8.30146506654188,-10.6046669047933,3.03628090127295,-3.38866067559048,3.49198326410261,2.18071298350816,4.80325354469706
"South Georgia","POB4","POB_1E",170,200.2,201.3,200.7,-8.17550600488595,-10.4797409816246,3.60159970266056,-1.94123897798213,3.58255648793032,2.27212733045152,4.89298564540912
"South Georgia","POB4","POB_1E",174,205.3,206.4,205.9,-8.65232014198089,-10.9533096770348,2.77513620090887,-2.17237766738201,3.23969434688576,1.9257666261597,4.55362206761181
"South Georgia","POB4","POB_1E",177,209.4,210.5,209.9,-7.92791874492133,-10.2292176926254,2.90379924270723,-3.9320435354634,3.76058874713308,2.45163838702681,5.06953910723935
"South Georgia","POB4","POB_1E",183,217.6,218.5,218.1,-8.19305745170796,-10.494078144771,3.49230745213115,-1.32929205101905,3.56993579116892,2.25939301550318,4.88047856683466
"South Georgia","POB4","POB_1F",196,225.1,226.2,225.7,-9.30575055678084,-11.6083356497749,2.62011799591676,-1.72628555320871,2.76983296146852,1.44973082135045,4.0899351015866
"South Georgia","POB4","POB_1F",202,232.5,233.6,233,-8.60044980816714,-10.9031598933493,3.16219576789148,-1.20082159792956,3.27699268249391,1.96348692379571,4.59049844119211
"South Georgia","POB4","POB_1F",208,240,241.2,240.6,-9.38469375912096,-11.687278852115,3.20515453100288,-0.837175944585608,2.71306737238563,1.39211214765489,4.03402259711636
"South Georgia","POB4","POB_1F",214,247.5,248.6,248.1,-10.2630237287559,-12.5656088217499,2.6028687331181,-2.56463605354633,2.08148774731952,0.749503783723987,3.41347171091505
"South Georgia","POB4","POB_1F",219,253.8,254.8,254.3,-8.67608341850765,-10.9764320944557,2.89998099593033,-1.81088809439471,3.22260691756195,1.90848252067643,4.53673131444748
"South Georgia","POB4","POB_1G",233,261.6,262.8,262.2,-8.98026092966086,-11.2818137440068,3.18768868982809,-1.00185924937726,3.00388237770874,1.68705425252296,4.32071050289452
"South Georgia","POB4","POB_1G",239,269.2,270.5,269.8,-9.54581310826431,-11.8483982012584,2.67856100616469,-1.84072381666651,2.59721148491642,1.27444398508388,3.91997898474897
"South Georgia","POB4","POB_1G",247,279.3,280.2,279.8,-7.92072763065468,-10.2236928166935,3.00321597963949,-2.07386044899197,3.76575965261206,2.45684878029086,5.07467052493326
"South Georgia","POB4","POB_1G",255,289.2,290.5,289.9,-8.16224623959631,-10.4656064706897,5.86518732978686,1.72932221390659,3.59209117065734,2.28174707891628,4.90243526239839
"South Georgia","POB4","POB_1G",256,290.6,291.8,291.2,-8.3309709189818,-10.6332987174677,4.76485243415704,0.340572107083354,3.47076652794933,2.15929057553443,4.78224248036423
"South Georgia","POB4","POB_1G",261,297.2,298.5,297.9,-6.42807610910986,-8.73065872617918,5.67374567691301,1.16162920024479,4.8390787023121,3.53410762094765,6.14404978367656
"South Georgia","POB4","POB_1H",270,299.6,300.9,300.3,-6.64256117613299,-8.94514933735993,5.85001380303465,1.37330723276628,4.68484919529773,3.37983470488181,5.98986368571364
"South Georgia","POB4","POB_1H",272,302.4,303.6,303,-6.33869225702257,-8.64127791607234,6.1946124068183,1.93376009706433,4.90335183625938,3.59834697356048,6.20835669895829
"South Georgia","POB4","POB_1H",274,305.3,306.6,305.9,-6.56078618478452,-8.86337339826233,5.47684170385402,-0.852301893034221,4.74365103533641,3.43867382063383,6.04862825003899
"South Georgia","POB4","POB_1H",276,308.2,309.4,308.8,-6.27361846135586,-8.57620567592462,6.29468007317513,1.76463099939478,4.95014436855324,3.64509571795289,6.25519301915359
"South Georgia","POB4","POB_1H",277,309.6,310.8,310.2,-6.13356973273449,-8.43615252033541,5.49440935959601,0.731101846459669,5.05084903146078,3.74565129265979,6.35604677026176
"South Georgia","POB4","POB_1H",278,311,312.3,311.6,-6.64075179236622,-8.94333305701559,6.04763491521369,-0.0746035210716537,4.6861502666041,3.38113687727102,5.99116365593717
"South Georgia","POB4","POB_1H",280,313.9,315,314.5,-6.69696532004205,-8.99955284287156,5.25082209631646,-0.588979459398716,4.64572887605551,3.34067543865169,5.95078231345933
"South Georgia","POB4","POB_1H",283,317.9,319.1,318.5,-6.36149108535833,-8.66407617835237,6.09248461262598,1.9487848733588,4.88695791148163,3.58196456433759,6.19195125862566
