"Location","Site","Section","sample","min_depth","max_depth","midpoint","SH20_age","kcps","cps","MSE","K","Ca","Ti","Mn","Fe","Co","Ni","Cu","Zn","Rb","Sr","Zr","Mo_inc","Mo_coh","coh_inc","K_sd","Ca_sd","Ti_sd","Mn_sd","Fe_sd","Co_sd","Ni_sd","Cu_sd","Zn_sd","Rb_sd","Sr_sd","Zr_sd","Mo_inc_sd","Mo_coh_sd","coh_inc_sd","water_content_pc","water_content_err","dry_mass_pc","dry_mass_err","density_gcm3","density_gcm3_err","P_ICP","P_ICP_sd","K_ICP","K_ICP_sd","Ca_ICP","Ca_ICP_sd","Ti_ICP","Ti_ICP_sd","Mn_ICP","Mn_ICP_sd","Fe_ICP","Fe_ICP_sd","Co_ICP","Co_ICP_sd","Ni_ICP","Ni_ICP_sd","Cu_ICP","Cu_ICP_sd","Zn_ICP","Zn_ICP_sd","As_ICP","As_ICP_sd","Rb_ICP","Rb_ICP_sd","Sr_ICP","Sr_ICP_sd","Zr_ICP","Zr_ICP_sd","Pb_ICP","Pb_ICP_sd","Th_ICP","Th_ICP_sd"
"Kerguelen","KER1","CAT1-S1-1A",1,0,1.4,0.7,-43.6,21128.75,48795.75,1.3875,41,153,27.5,719.5,2054.5,76.25,187,62,47,115.5,471.25,623.5,36172,5541.5,0.15329975375,11.4891252930761,48.5455112926691,14.8436293854749,410.872648558326,636.510539320966,54.7501902584213,36.9864840178139,58.2980845883179,31.6227766016838,92.1466222929522,123.429804612446,202.771628521678,2850.28875730162,382.222012273844,0.00223801385347654,74.05292232,3.702646116,25.94707768,2.594707768,0.204293297,0.02042933,2041.721942,46.94130895,6749.372655,1924.888147,20764.4876,191.5470843,8034.582758,86.27648623,614.0518172,4.3370591,32678.58936,69.15812421,16.33205694,0.063835773,26.27212126,0.174368454,24.69368632,0.086063133,74.45665889,0.998541864,3.20283705,0.054562539,4.612179656,0.039321744,138.036883,6.40274082,93.81158408,8.921202081,1.578894472,0.016029645,0.834903047,0.005683436
"Kerguelen","KER1","CAT1-S1-1A",3,3.1,4.7,3.9,3.97058823529412,14967.4117647059,49334,1.34235294117647,48.8823529411765,371.058823529412,342.470588235294,164.764705882353,20505.0588235294,265.823529411765,148.411764705882,92,16.4705882352941,86.2941176470588,724.823529411765,566.117647058824,20162.6470588235,4087.05882352941,0.203875801529412,41.3020616206703,168.25073201484,157.81995978292,90.9172215615424,5465.0915759778,60.7774992226951,36.6998958164894,37.4916657405349,22.0060152204426,45.4116789849846,137.04480804381,120.661656271235,2676.60040772751,397.113565398526,0.0122903659962809,67.63722506,3.381861253,32.36277494,3.236277494,0.324199705,0.03241997,2470.033093,34.02759777,8470.459825,2421.09846,24349.44729,711.6515767,10205.77283,252.6865249,553.5802331,15.06148595,48738.7654,1007.282625,18.68861595,0.079848366,39.93389191,0.141991361,26.74331214,0.313205083,81.89432683,1.376284175,6.559985032,0.051370996,6.928285046,0.072325223,172.0332159,8.636659734,130.2830932,7.874920915,2.111394546,0.024201811,1.145028767,0.007781087
"Kerguelen","KER1","CAT1-S1-1A",5,6.4,7.8,7.1,59.76,17856.5333333333,63331.2666666667,1.37933333333333,111.133333333333,543.266666666667,533.2,158.8,31088.1333333333,248.533333333333,185.533333333333,90.4,23.0666666666667,90.5333333333333,775.266666666667,600,22545.6666666667,4478.46666666667,0.201586507466667,45.2987963679053,257.69208277285,252.820715697338,60.94400240033,7546.5754093843,92.1829443991416,31.9035749601529,43.1820068348579,24.7832508725051,69.7750125829611,271.1176514954,110.691334026524,3398.15949484143,280.712070753409,0.0220913685909312,41.40335573,2.070167786,58.59664427,5.859664427,0.963326181,0.096332618,1625.983285,4.532085741,7270.581826,2083.787413,18719.29689,285.4615205,11837.89698,130.380681,433.6021987,7.251617097,40886.55616,685.9688045,15.75984242,0.167762212,28.84382633,0.280654365,26.49605516,0.302346615,74.54857758,0.647526893,4.320499499,0.084280295,8.457485532,0.069317299,154.8814977,4.521959852,132.8980564,7.845461046,1.904048371,0.015679958,1.21611583,0.015233425
"Kerguelen","KER1","CAT1-S1-1A",7,9.3,10.6,9.9,108.485714285714,21546.3571428571,63213.7142857143,1.38142857142857,52.1428571428571,244.428571428571,192.428571428571,74.0714285714286,19220.2857142857,201.5,225.357142857143,101.714285714286,3.78571428571429,54.9285714285714,312.5,758.857142857143,34171.8571428571,5453.28571428571,0.159645525071429,45.3615512264553,100.190368250196,82.7579550307952,28.5992584242596,7409.84498362271,97.1396694693542,22.7684232853551,51.9961959724401,7.76757136015916,51.7530590485154,78.2832627754441,100.097534852345,670.888143507471,180.05914779121,0.00631906653232497,82.51226355,4.125613177,17.48773645,1.748773645,0.172242166,0.017224217,1606.982719,27.67398683,2638.458059,863.5155109,7892.84278,163.3355729,3166.073488,44.73377847,145.6542648,1.71335692,18707.63044,91.41985794,5.990333136,0.045056322,14.90398608,0.05400101,12.73383553,0.0819318,27.27598299,0.458474537,4.084353792,0.116059134,2.597921886,0.063207346,65.34606485,2.211412383,43.42615035,1.823579953,0.723868771,0.025206261,0.684732429,0.000968503
"Kerguelen","KER1","CAT1-S1-1A",8,10.7,12,11.4,130.207142857143,18073.1428571429,50747.7142857143,1.39357142857143,104.5,485,433.142857142857,104.928571428571,12891.4285714286,143.428571428571,200.928571428571,120.857142857143,8.64285714285714,64.6428571428571,646.571428571429,670.857142857143,27758.2142857143,5068,0.185652934857143,100.293990923607,249.88181821998,239.112093810818,40.1793369890435,3830.01324991252,71.6752443967976,36.1396102437676,50.8585627657075,13.8097353779423,69.9621954430305,243.789226204086,118.84693267642,4996.42851180985,479.419360348456,0.0201604584524328,71.80119564,3.590059782,28.19880436,2.819880436,0.313169166,0.031316917,1732.985617,17.56871755,7029.037339,1907.985918,23057.20465,434.2114875,9442.994519,253.226675,372.8583737,8.19883524,35630.07615,399.9479647,14.56260068,0.081466026,31.14535059,0.089369364,25.82156005,0.18436126,65.36111894,0.643115219,3.719253835,0.057860348,4.555799076,0.017626227,143.4502871,5.236474934,114.5251759,6.949966381,1.879720325,0.033823532,0.845985799,0.005878393
"Kerguelen","KER1","CAT1-S1-1A",9,12.1,13.6,12.8,153.175,20860.6875,54932.3125,1.32875,49.375,320.6875,307.6875,74.6875,9088,77.25,227.6875,125.1875,12.5,63.375,385.125,852.4375,35799.1875,5683.0625,0.1600421338125,59.0354413325871,347.554258354001,290.954227499791,40.7098984687181,5483.48634842226,56.5113557909677,27.9826583202287,45.2006176211491,31.6333157709821,61.5130067546694,258.408945923575,111.077131609826,4346.57175589759,412.528862626605,0.0133615973286676,80.8570446,4.04285223,19.1429554,1.91429554,0.183332976,0.018333298,1544.341058,19.77568712,3048.627916,1029.760485,8068.846686,203.0553031,3112.020149,70.38593935,137.6502423,3.767816255,13008.32214,299.9003674,5.221829427,0.034339306,13.60485991,0.037998077,19.18499137,0.141255927,28.74841778,0.45941447,2.507339154,0.040575593,4.22647584,0.084413495,73.24363877,2.496659877,41.3224873,1.733822103,0.701594692,0.00189081,0.759972104,0.007226092
"Kerguelen","KER1","CAT1-S1-1A",11,15.1,16.5,15.8,212.526666666667,21094.1333333333,53044.6,1.298,20.2,153.2,143.666666666667,45.2,4948.33333333333,86.8,212.8,104.266666666667,9.33333333333333,83.8666666666667,300.333333333333,879.733333333333,37836.9333333333,5968.2,0.157802914266667,8.92988561756852,39.8787447860923,63.9203373255298,18.7090505218349,1018.37781837213,49.8744137094076,28.0972799903682,52.5743917384373,18.9949868073006,71.5340744647179,109.933529700365,95.804463560396,1429.23198490191,208.739140008357,0.00430957165735743,80.22968919,4.01148446,19.77031081,1.977031081,0.228079577,0.022807958,1195.644073,10.13885337,2675.023484,971.5768425,7023.833905,194.9295095,3257.609478,97.329283,116.7959682,2.858430699,9929.222192,271.9387073,4.215243411,0.073672112,10.86332373,0.083331033,10.81206248,0.068603587,28.98839799,0.171941507,1.591513383,0.032977868,2.954910964,0.027519532,66.66000584,1.215205903,46.13258291,1.848216072,0.965531788,0.01952173,0.66100582,0.004545605
"Kerguelen","KER1","CAT1-S1-1A",13,18,19.4,18.7,308.48,23650.5333333333,61225.3333333333,1.33533333333333,10.3333333333333,162.333333333333,84.7333333333333,46.4666666666667,8375.6,92.7333333333333,242.2,116.533333333333,4.33333333333333,40.8666666666667,125.266666666667,936.333333333333,42160.4,6328.66666666667,0.1501756108,8.68222047525588,78.8440292754052,40.1078308468321,18.3803725543879,3817.86628516879,61.3787616440115,34.9697828744434,41.7507342393378,10.9261590863831,52.5735765606731,87.9402935979591,122.278760371927,1503.8707581248,213.713983320387,0.00429598407288064,84.03655899,4.201827949,15.96344101,1.596344101,0.160195085,0.016019508,982.6393251,33.61844003,458.1692768,273.1267857,1842.298409,30.56479527,338.8842864,6.962616026,22.55582026,0.666533592,4020.387316,67.74261464,1.572869736,0.017783884,7.487431173,0.034151641,3.298222114,0.016411823,11.6740324,0.10489905,2.025278681,0.098573745,0.811121884,0.025344872,28.31046928,0.190321941,11.60409855,0.079953569,0.393167393,0.00299171,0.214132522,0.001869461
"Kerguelen","KER1","CAT1-S1-1A",17,24,25.5,24.7,466.2125,21313.25,55199.625,1.315625,21.6875,220.25,287,69,8722.1875,178.4375,217.1875,108.375,0.9375,58.25,486.3125,894.4375,36190,5810.9375,0.160899842625,17.0439383164025,74.4217710082204,110.032722405655,20.1791972090071,1065.4582249749,64.8361717459218,30.770589312957,48.6646689087679,2.56823545130374,56.4192638496226,136.078760894809,63.2381411807779,2959.50288618432,340.313085016332,0.00513952988573625,68.34743292,3.417371646,31.65256708,3.165256708,0.314377289,0.031437729,1656.226334,6.054527797,5071.624524,1576.918734,15295.91562,236.5896523,6877.170886,109.8412701,213.3189091,2.983821266,18207.37633,174.7467358,6.986589224,0.042150715,16.48989021,0.0599718,22.07333655,0.101494601,44.32511103,0.350471561,2.226330413,0.015443008,3.976518253,0.100787663,114.3906738,3.793152987,97.8771987,4.502392108,1.360214265,0.002755716,0.998413767,0.012461864
"Kerguelen","KER1","CAT1-S1-1A",20,28.6,30,29.3,587.28,22599.8,56713.0666666667,1.3,7.46666666666667,118.2,102.466666666667,41,6654.93333333333,96.6,235.8,125.866666666667,2.66666666666667,28.3333333333333,198.133333333333,911.6,39933.7333333333,6159,0.154267967,8.45041559981069,28.5236743776113,33.689478363147,13.2611139372657,1094.21344657551,62.8806125015607,32.9874434985712,43.9884183891732,10.3279555898864,51.4346557247524,115.089323488117,124.116189803863,953.272219153335,174.082492760514,0.00427609609282431,81.83306385,4.091653193,18.16693615,1.816693615,0.190035975,0.019003598,1984.35608,27.9378454,2197.636489,660.9589888,5707.668952,140.4932862,2119.195067,42.49584384,70.00844714,1.304675757,11359.78762,111.3855993,5.66932153,0.032214672,15.34618164,0.095693995,18.88934963,0.052728105,29.368275,0.129787204,4.466479343,0.067868015,3.67902566,0.046467408,64.93648567,2.106412572,51.11187666,2.214402619,0.612052096,0.010945345,1.260110739,0.004130806
"Kerguelen","KER1","CAT1-S1-1A",23,33,34.4,33.7,665.746666666667,16717.4666666667,50758.2666666667,1.342,88.9333333333333,637.4,732.466666666667,136.066666666667,17414.8666666667,175.533333333333,189.866666666667,117.733333333333,36.6,108.733333333333,1101.8,707.066666666667,23130.7333333333,4665.06666666667,0.204718977266667,86.8146355885973,313.138673069023,385.080857310081,58.4532373130946,4863.54937801406,53.3758461514284,24.6369834269732,51.955292136147,43.0328777962684,70.3800566989853,374.949558512304,73.217354174956,3777.32024185451,365.484701002199,0.0221467138096942,57.79204232,2.889602116,42.20795768,4.220795768,0.533062752,0.053306275,1780.96211,19.26115121,12528.03678,3444.206884,27130.75859,382.1862963,12890.21714,60.8506047,417.5692893,3.445464021,33851.35179,363.6703835,18.88507004,0.046887685,39.37891077,0.297328055,37.94363653,0.232560971,93.54908632,0.215122776,3.630991932,0.066691662,7.20558062,0.087693813,171.3250337,4.492499717,160.3937624,6.916091616,2.599389237,0.018432733,1.145429053,0.002698226
"Kerguelen","KER1","CAT1-S1-1A",25,35.9,37.2,36.6,716.192857142857,16771.3571428571,52420.3571428571,1.32714285714286,94.4285714285714,645.857142857143,819.357142857143,132.285714285714,18397.8571428571,159.571428571429,182.285714285714,100.714285714286,31.8571428571429,102.357142857143,1007.92857142857,712.428571428571,23955,4661.78571428571,0.195298392071429,64.4177642552763,209.719173820926,292.027292492396,40.2309268166602,3910.22432677644,65.3072198691153,30.5675256828816,36.139534225913,52.2050058649804,75.2581272307896,199.567403028772,91.4344778311974,2201.81428686576,287.885975978051,0.0107338283324855,69.12832422,3.456416211,30.87167578,3.087167578,0.423956063,0.042395606,1037.146063,9.911663486,3483.960682,1094.011884,10116.20827,157.5389463,4855.040059,57.8341097,141.6979167,2.177054306,14577.34124,114.825693,7.044092268,0.065492235,18.00861913,0.119944376,18.73001453,0.085063108,40.14643479,0.370308521,2.977303637,0.036686872,2.109290233,0.016655159,69.55534929,1.920119418,63.51816441,2.858527259,0.916516561,0.003853973,0.582116874,0.00169892
"Kerguelen","KER1","CAT1-S1-1A",26,37.3,38.7,38,744.413333333333,17734.8666666667,51774.8666666667,1.346,46.2,449.666666666667,543.266666666667,109.6,16626.7333333333,186.933333333333,196.266666666667,118.6,22.6666666666667,71.8,896.133333333333,721.866666666667,25354.3333333333,4805.86666666667,0.190547722666667,22.7759271412353,106.986425485177,132.246234981064,32.0553093440518,2634.83353951486,59.2964304715441,30.4172570066652,60.516585684068,27.7480158020782,79.2961897841612,151.941185363034,112.066221919176,2464.78760796563,306.592765422676,0.0147738967690549,54.07511476,2.703755738,45.92488524,4.592488524,0.61562862,0.061562862,1392.158008,7.108145036,11659.94441,3267.30311,21714.33708,194.8718454,10403.61788,155.4234859,371.3797605,1.61738766,29657.04588,109.2912388,14.92378146,0.147042894,32.14134367,0.246042698,34.08990898,0.311441985,81.59730828,0.230844804,3.51604823,0.013814423,3.963633199,0.075817522,130.2536735,4.448161977,121.174026,5.750805569,2.055377995,0.021856926,0.673051269,0.005071986
"Kerguelen","KER1","CAT1-S1-1A",27,38.8,40.1,39.4,772.55,15955.7857142857,48824.7857142857,1.31857142857143,71.3571428571429,459.071428571429,587.071428571429,110.571428571429,17408.7857142857,193.357142857143,173.642857142857,123.357142857143,13.4285714285714,106,1016.28571428571,722.428571428571,22037.2857142857,4461.57142857143,0.2031916305,33.9289010972995,148.319024292344,209.005507577677,30.1118792958074,4565.24363118639,82.818250629693,28.1796629964485,42.3712659218978,25.000659331965,64.4037743757783,191.068424542473,68.7992780437459,1741.73544880569,187.559514364298,0.012095968273224,62.71538526,3.135769263,37.28461474,3.728461474,0.487231101,0.04872311,1465.359818,11.44089097,7647.184074,2267.931752,20341.20911,405.8746354,9675.703494,40.69163139,341.5130418,3.285768212,27516.05179,192.625989,16.64731905,0.147532673,38.36122731,0.176175431,29.17767688,0.034558641,79.93730908,0.565674037,3.501373372,0.035358998,4.206801091,0.021598758,131.8879867,3.844581339,116.499276,5.014326643,1.738338112,0.021536133,0.863413962,0.008593058
"Kerguelen","KER1","CAT1-S1-1A",28,40.2,41.6,40.9,799.733333333333,16688.2,50340.7333333333,1.35533333333333,44.2,415,478.8,109.8,16520.4,233.2,186.666666666667,140.8,21.6,112,937.333333333333,715.133333333333,24122.2,4729.86666666667,0.1990067366,33.6795826238136,154.279431088991,129.065985338619,44.0749361882692,2635.31653831999,64.435127952738,36.7980330737288,36.3930919661567,29.2032287843069,66.5013426287663,217.162765378107,128.409983293838,4143.11501512708,428.415163574951,0.0192180486859355,45.3473039,2.267365195,54.6526961,5.46526961,0.835475454,0.083547545,1044.236896,9.641918339,5002.720293,1430.900738,12514.93162,348.3525975,8232.043472,175.7847238,241.2793604,5.105480906,18335.53114,296.2920325,10.18252838,0.107644663,22.13806966,0.261153416,20.22360626,0.217514945,53.3476494,0.456586235,2.35241774,0.021704697,1.945757248,0.05221292,87.98899619,2.926433788,91.14020217,3.600436192,1.296530802,0.026420891,0.387156154,0.005073973
"Kerguelen","KER1","CAT1-S1-1B",36,45.1,46.2,45.6,888.225,15616.0833333333,49393.8333333333,1.42166666666667,77,524.666666666667,610.25,144.5,19037.3333333333,316,185.666666666667,122.25,17.9166666666667,137.833333333333,1089,685.583333333333,20472.4166666667,4455,0.218104391583333,54.6941911491023,226.431339516312,259.223709984603,34.1294327790279,3587.52906439499,95.4329845779464,34.9709836431533,31.0487153884461,26.520860857183,46.9135245731845,101.282682716157,94.5645122109609,1778.47321948469,287.757473641196,0.00928985768977189,45.01114637,2.250557319,54.98885363,5.498885363,1.245475777,0.124547578,1737.02068,6.654228897,9110.578774,2763.677538,26333.16952,223.1480952,13294.3136,138.4755692,477.955413,3.028332467,37854.28444,235.7764508,19.97407233,0.056478506,43.41924078,0.469946319,37.92341421,0.429757144,105.4949459,0.961084227,3.312187293,0.018319984,5.765444277,0.078340462,183.5186364,7.306522756,153.3915035,7.789540979,2.190471084,0.008947313,1.042200739,0.006217018
"Kerguelen","KER1","CAT1-S1-1B",40,50.7,52.1,51.4,1089.45333333333,17542.0666666667,52529.0666666667,1.40733333333333,54.2666666666667,416.133333333333,529.466666666667,127.466666666667,17317.9333333333,233.333333333333,185.4,146.333333333333,42.1333333333333,81.3333333333333,924.066666666667,761,24853.1333333333,4822.2,0.194959698466667,28.5268461695462,118.317289321472,147.271307780022,35.3166627339938,2596.03170976305,39.4871890014736,40.3976661277781,61.4092439140496,40.259633570589,63.8264014637323,206.406141473783,103.101198551991,2421.37985651236,265.281036961613,0.0115298927532115,59.79959042,2.989979521,40.20040958,4.020040958,0.496991162,0.049699116,1458.369885,15.52936827,9163.233327,2655.178009,20694.032,39.14844249,10841.15992,130.6451559,375.4268958,6.296867091,31170.92403,513.3314228,19.40135717,0.312621445,37.71061641,0.920295627,31.57899132,0.217195633,88.37360202,2.113767288,3.236225198,0.04936369,2.362468842,0.050752787,127.4096231,2.739950494,135.8916128,5.21794709,2.013870767,0.009340485,0.579473936,0.005683274
"Kerguelen","KER1","CAT1-S1-1B",41,52.3,53.6,53,1213.32142857143,15258.5,51210.8571428571,1.39,84.0714285714286,590.785714285714,774,163.928571428571,22231.7857142857,275.571428571429,184.642857142857,131.285714285714,27.4285714285714,129.357142857143,1241.35714285714,677.071428571429,18871.4285714286,4335.5,0.231535365142857,47.7967882501844,163.743316280005,288.120701202705,29.0608493859517,3933.3633128087,78.7270985363747,26.0313631631513,45.2657598079278,28.1799554667833,91.6981730737038,184.949309954774,79.9773663037182,2082.37289627023,231.496386414728,0.0197150725475098,47.92690758,2.396345379,52.07309242,5.207309242,0.769770628,0.076977063,1461.770688,14.84624756,12647.00276,3438.356828,27857.81305,654.0277488,11278.11655,175.8665955,457.3151082,6.7296966,33869.91213,564.3448783,16.69197316,0.148497839,33.88638281,0.331823463,33.08146631,0.222861529,81.69604829,0.669962803,2.945391384,0.027351395,14.53891486,0.264350315,171.3204442,6.260687092,150.100816,6.648722512,2.347294913,0.029682608,1.943124881,0.010880841
"Kerguelen","KER1","CAT1-S1-1B",46,59.9,61.2,60.5,1808.84285714286,20697.5,57365.5,1.32714285714286,27.2857142857143,227.571428571429,318.285714285714,79,12460.3571428571,165.5,209.214285714286,144.857142857143,10.5,39,286.285714285714,939.571428571429,34586.5714285714,5638.64285714286,0.163122270928571,14.1553391472485,31.845092088262,43.2727104827913,24.5356882927706,1835.18360461218,50.7387729150309,32.4326012890367,24.7692648965706,22.1246468898376,47.3026263704085,136.058487746675,93.5280412790437,1183.5060504402,130.262815488155,0.00391810276153579,78.62305907,3.931152954,21.37694093,2.137694093,0.23443294,0.023443294,1585.510293,23.42571214,3713.686646,1197.639786,7587.711479,189.2791492,3746.441884,59.23831837,143.4324445,2.745857023,12808.45152,155.8409567,6.554846441,0.087370293,13.83972022,0.185515164,14.52619027,0.072743303,30.18599746,0.312888828,2.759203056,0.063806366,7.56864323,0.254801003,76.14964032,1.933172921,105.1968675,4.11158064,1.676304543,0.010067412,2.325701248,0.027686575
"Kerguelen","KER1","CAT1-S1-1B",49,64.4,65.8,65.1,2110.62666666667,18806.4666666667,52188.2,1.29533333333333,83,217.866666666667,268.333333333333,131.066666666667,10805.7333333333,153.4,183.866666666667,91.3333333333333,31.6,239.933333333333,145.866666666667,1402.33333333333,31054.2666666667,5426,0.176164447933333,31.2981058304081,47.0787587326761,56.7685358862343,50.8393361014687,1570.15883940205,60.1079980416203,29.3351731024785,31.7325129945988,33.9217587145141,123.984714879736,98.3556713933574,197.124567819679,3604.98499039211,249.476594951453,0.0140538069357017,72.25488403,3.612744202,27.74511597,2.774511597,0.312565646,0.031256565,806.4630816,9.343521454,15479.98661,4690.122304,4034.917626,33.47703592,2161.427163,2.306044471,346.3897576,2.28996156,14380.32761,84.43624491,1.249641147,0.005086433,9.064108327,0.0922759,4.195291116,0.039434945,64.2076509,0.983473977,2.126892667,0.008844154,36.56109383,0.912413514,34.6500895,0.973343211,338.8652331,14.72743525,6.712487791,0.047348505,5.187565044,0.068701706
"Kerguelen","KER1","CAT1-S1-1B",51,67.6,68.9,68.3,2364.32142857143,23322.5714285714,61836.2142857143,1.35642857142857,105.5,181,199.285714285714,110.714285714286,9963,148.357142857143,241,122.142857142857,9.92857142857143,29.4285714285714,138.428571428571,1065.07142857143,40818.7857142857,6144.21428571429,0.150520748928571,33.1494285830784,25.2769277587898,29.1690789164685,30.3984528235556,658.305283401133,61.3359063403599,25.0415040098817,47.671725441748,20.8269953729225,45.1147499088786,76.8652309972704,106.768235182361,454.054076510281,133.027572949502,0.00258724462945239,82.01776537,4.100888269,17.98223463,1.798223463,0.178266201,0.01782662,972.383618,15.84273379,1332.507255,500.4474263,3370.327372,73.61854793,1321.532644,26.45067866,59.66146775,0.738292129,4883.677754,28.13610288,1.332416753,0.015849868,11.80880582,0.078581954,2.938278701,0.035397825,10.51247544,0.113252779,1.764186714,0.090850711,2.802966071,0.034857543,47.97809994,0.295823984,48.56850259,0.143823469,0.967797072,0.007910503,1.071067919,0.012078129
"Kerguelen","KER1","CAT1-S1-1B",57,76.5,77.9,77.2,3056.76,23107.9333333333,57691.7333333333,1.32666666666667,14.0666666666667,157.666666666667,87.2,46.7333333333333,5039.93333333333,94.9333333333333,232.866666666667,114.8,0,26.6,63.0666666666667,906.733333333333,42678,6341.6,0.148592771333333,10.5658930165933,30.9300285590988,29.5180332291006,17.6208750661038,412.713229160163,52.4628666863752,38.799607263599,49.357587345528,0,35.8445054566048,67.6550775907435,80.4180742536569,515.924136172862,166.731092309914,0.00348841416857201,86.87434172,4.343717086,13.12565828,1.312565828,0.142117168,0.014211717,513.0398018,21.03485366,442.9078563,296.6069678,5249.86072,175.8882384,498.7916112,15.46904819,76.30468085,2.226362168,8920.913751,261.941093,3.179077437,0.038353696,9.288903341,0.036993918,5.504167322,0.043984322,11.403039,0.023987942,2.424840438,0.11036281,1.221309035,0.010561385,70.88337203,0.693696694,20.51940777,0.615202156,0.743462003,0.001174233,0.430177137,0.005489888
"Kerguelen","KER1","CAT1-S1-1C",69,86.1,87.5,86.8,3452.74666666667,23417.1333333333,58329,1.412,15.3333333333333,162.466666666667,75.8,44.6666666666667,5143.2,40.4,237.266666666667,101.6,0,44.7333333333333,125.4,917.666666666667,43233.8666666667,6307.53333333333,0.145892130733333,6.44389707582372,28.1776676178308,39.833941019473,21.1648855643583,684.514029909437,40.3392754379295,33.3926139537872,44.1665678345705,0,51.563368318807,79.4326309342883,122.175907530709,483.14222494397,133.54392892371,0.00256106966412763,87.43206549,4.371603275,12.56793451,1.256793451,0.114391368,0.011439137,497.9986173,9.972433234,323.9790116,259.1559924,3883.986282,72.63749019,291.56336,2.633210049,55.46225053,1.39598335,6816.274673,92.89896956,2.133265234,0.03359726,4.959823644,0.076279173,4.052348853,0.080249406,8.987606637,0.174366221,1.99297207,0.067684798,0.934094849,0.015066063,56.90823166,0.823351056,13.72149586,0.490283027,0.314813019,0.001520897,0.290615627,0.001311434
"Kerguelen","KER1","CAT1-S1-1C",73,92.4,93.7,93.1,3631.13571428571,21919.6428571429,55028.5,1.29571428571429,16.2142857142857,142.857142857143,70.0714285714286,42.0714285714286,4582.57142857143,56.5,207.428571428571,95.3571428571429,1.21428571428571,28.7857142857143,88.6428571428571,881.285714285714,40754.6428571429,6081.42857142857,0.149229965142857,9.37409336275388,29.811864295063,17.8819388284307,24.534008690338,391.981105173689,31.1590214124997,27.0034592818552,31.9653830617703,3.14223270519966,38.1659908445052,99.5309052450599,65.2456053001964,598.736696610565,145.133208989701,0.00331263857893249,86.53214196,4.326607098,13.46785804,1.346785804,0.148797169,0.014879717,480.0573451,12.0904326,487.3846201,303.2847,3407.375544,62.86312354,755.0023464,16.03135126,56.20523213,1.1653151,5710.94941,95.31310828,1.579837083,0.025874662,3.437486028,0.007161326,4.450254187,0.056354536,9.510397791,0.055405562,1.465269214,0.068452901,1.203244441,0.007084839,52.38105472,0.990931332,16.75001654,0.321749848,0.319751461,0.007815248,0.315510786,0.000624041
"Kerguelen","KER1","CAT1-S1-1C",80,103.1,104.5,103.8,3940.82666666667,22842.7333333333,56752.8,1.34466666666667,18,156.6,90.2666666666667,36.2666666666667,4491.66666666667,88.8666666666667,231.733333333333,118,13.1333333333333,27.4,68.2666666666667,957.066666666667,42424.2,6334.13333333333,0.149304916066667,32.7239536556502,33.8985882554759,81.3690592886744,16.2413346859472,1303.04679592905,49.7750176388957,30.3113997100258,34.5170765191459,26.4382479067913,55.1462989303388,68.5872402405107,84.7883639815433,564.289464725331,143.634390364001,0.00273273465683978,87.74312153,4.387156077,12.25687847,1.225687847,0.117835974,0.011783597,345.730491,1.750039606,196.5150343,191.5053837,2189.505993,32.85207386,223.979161,4.416598968,29.73641755,0.524097846,3225.774563,68.32973981,0.923007687,0.017314455,2.13136205,0.036233417,2.622442469,0.027138847,5.963937738,0.025577129,1.120314178,0.031472784,0.700899472,0.003215039,36.49555291,0.116935077,8.929101824,0.094618257,0.179617133,0.003025055,0.166787898,0.001906893
"Kerguelen","KER1","CAT1-S1-1C",86,112.2,113.6,112.9,4208.64,23327.1333333333,56259.4666666667,1.338,6.8,130.8,37.1333333333333,25.2666666666667,3302.53333333333,102.6,217.733333333333,117.333333333333,0,38.9333333333333,54.8666666666667,993.466666666667,43221.4,6328.06666666667,0.146391761066667,7.2820719186624,23.3550239318469,25.8259743742797,16.8457992502865,287.436419470629,41.0588427921267,23.5780365917905,41.7880137747428,0,62.3245728501398,71.2960294092442,99.2844878307257,818.434551009251,201.124150239408,0.0028543143326219,86.07040611,4.303520305,13.92959389,1.392959389,0.155431687,0.015543169,591.9905518,6.267225698,299.9494325,205.5788987,3711.15207,106.3870844,334.2205693,6.961726331,46.8799998,0.996486006,4542.425909,37.35777084,1.049747683,0.004983547,2.791826174,0.030081004,5.41452311,0.007968769,10.45252365,0.130952766,1.499496878,0.052332993,1.072921849,0.004038338,65.73504848,0.581975022,14.23345251,0.170296554,0.304017311,0.001071613,0.304152866,0.006685523
"Kerguelen","KER1","CAT1-S1-1C",93,122.9,124.1,123.5,4497.10769230769,23905.4615384615,57464.4615384615,1.32,6.84615384615385,167,33.8461538461538,28.3076923076923,3430.07692307692,98,228.384615384615,120.538461538462,0,19.3846153846154,43.3076923076923,967.230769230769,44027.9230769231,6353.23076923077,0.144297710153846,8.5522526647092,31.1474985619498,19.0999395891111,21.7423726679213,242.527820238717,43.4031488873023,36.1859513751273,55.8205687666822,0,29.7224338997175,55.9037634621388,93.5682939944169,474.945516443459,135.357030260809,0.00251063402377569,87.88021313,4.394010656,12.11978687,1.211978687,0.140449668,0.014044967,630.4189958,8.260995754,167.7999201,206.6572639,4217.700826,50.2785658,237.3718165,2.315375042,46.78120576,0.804152565,4414.084703,51.03978495,1.050225297,0.014156455,2.843511196,0.045295099,4.038560617,0.060109751,9.118797628,0.147479116,1.65768929,0.051866478,0.714706415,0.006330412,78.06690295,0.162916633,10.592352,0.163054645,0.232814865,0.003724308,0.228581279,0.003447345
"Kerguelen","KER1","CAT1-S1-1D",105,130.3,131.4,130.8,4654.675,22628.8333333333,55695.0833333333,1.30666666666667,12,128.75,38.75,30.0833333333333,3587.41666666667,70.9166666666667,215.416666666667,122.583333333333,0,13.25,161.916666666667,988.916666666667,41852.1666666667,6051.58333333333,0.144591799083333,8.63397096042456,15.7371881512896,23.6263527751226,13.9379034117457,272.965351891652,40.0691636896489,32.4694495105037,35.6586297940327,0,29.2609730777113,118.675614660938,118.605118955399,374.732106330845,175.829182774508,0.00390588017756653,86.98570544,4.349285272,13.01429456,1.301429456,0.18906689,0.018906689,785.8172852,14.03913743,335.8691783,217.6595685,4013.123051,37.50970772,393.3367813,9.38595087,45.78783303,0.73313968,3780.979575,30.53025131,0.930570105,0.010595202,3.315937291,0.04688002,3.510172288,0.029526189,11.7594545,0.04012809,1.681733541,0.046882704,1.060803729,0.017051544,78.12846424,0.573784212,16.12570153,0.219705011,0.320872417,0.001780943,0.323772608,0.004952193
"Kerguelen","KER1","CAT1-S1-1D",108,134.6,135.8,135.2,4745.8,22323.4615384615,54924.6153846154,1.44076923076923,13.1538461538462,162.461538461538,56.0769230769231,22.2307692307692,3247.53846153846,85.9230769230769,208.307692307692,120.076923076923,0.384615384615385,3,74.3076923076923,928.615384615385,41812.0769230769,6176.84615384615,0.147728606076923,9.02631480585288,32.4155708073949,25.2139562493392,16.9811358383052,549.897053302497,50.3114657880646,26.5153559765677,39.2416902848266,1.38675049056307,7.6594168620507,85.7791589056695,124.227974883235,1023.08768453951,197.258225917977,0.00305842526360649,88.39139851,4.419569926,11.60860149,1.160860149,0.136528867,0.013652887,565.5024661,2.237850022,238.5346084,206.9599076,3486.528107,93.38353963,386.7326744,7.70046112,38.5256522,0.466129212,3167.607313,47.14163657,0.814471895,0.00909909,3.032224277,0.012421038,3.038249121,0.01986838,5.798802064,0.133579217,1.509515972,0.049513866,0.994535425,0.022361288,70.05573441,0.531498179,13.26053158,0.190513613,0.286292813,0.002454716,0.26074383,0.001711369
"Kerguelen","KER1","CAT1-S1-1D",110,137.6,138.8,138.2,4810.63076923077,22217.8461538462,54839.1538461538,1.28769230769231,10.9230769230769,140.461538461538,52.5384615384615,31.3076923076923,3051,85.8461538461538,227.846153846154,97.4615384615385,5.53846153846154,30.2307692307692,81.6923076923077,936.461538461538,42000.5384615385,6175.84615384615,0.147029775230769,9.50843080693426,13.2011071796736,17.3619093833569,18.8829050350867,207.666399143755,42.7470196891864,40.2592559830369,47.5124814910345,9.08859527664007,46.0183909724396,61.1288047423698,57.3318052867333,323.28512064549,176.99004028186,0.00354092844079092,87.9285144,4.39642572,12.0714856,1.20714856,0.176153339,0.017615334,442.1118449,4.428268077,35.89186233,186.0023139,2595.371312,19.60075045,218.0937453,1.218257687,28.24261491,0.206348674,2284.889729,28.98397658,0.611487721,0.006965903,2.520712809,0.046532686,2.972262265,0.023071922,4.641441298,0.066323119,1.134356857,0.021990399,0.562762357,0.014474014,53.9478412,0.881024174,10.56346884,0.243980703,0.195604182,0.004466095,0.21328797,0.000310239
"Kerguelen","KER1","CAT1-S1-1D",114,143.4,144.6,144,4936.93076923077,22964,55507.5384615385,1.30307692307692,6.15384615384615,146.615384615385,55.9230769230769,25.1538461538462,2559.61538461538,73.5384615384615,219.153846153846,106.615384615385,2.23076923076923,20.2307692307692,113.384615384615,955.769230769231,43080.0769230769,6317,0.146626676230769,5.91391232386472,20.918645835468,19.263357004347,19.3814608747903,111.784419353756,33.5127224215307,24.7650498143592,62.7581846741104,8.04315284526582,29.8249164462474,89.9004435116409,79.8781925247789,599.129988892013,193.862064365363,0.00370455560448162,89.65154481,4.48257724,10.34845519,1.034845519,0.123289892,0.012328989,614.8442797,4.395341606,157.0594404,200.016727,3949.674648,42.83076251,441.6354183,3.726801625,41.11180496,0.161053209,3412.493629,30.7799401,0.910381859,0.006646955,5.705617692,0.048933219,5.962629521,0.022947646,6.264222559,0.084999184,1.957177567,0.056187664,0.765652204,0.002890113,79.92720242,1.001958291,23.41796688,0.204597872,0.301473477,0.001016326,0.528543858,0.003970185
"Kerguelen","KER1","CAT1-S1-1D",117,147.8,148.9,148.4,5072.725,22267.9166666667,55087.5,1.34666666666667,22.5833333333333,199.5,205.75,63.0833333333333,3836.66666666667,47.1666666666667,228.416666666667,85.1666666666667,5,80.5,345.666666666667,954.75,40863.0833333333,6265,0.153631200916667,9.76504278567486,32.0071014847416,112.672594877209,19.1428046455312,763.988735439724,37.4283153224773,35.8087301019619,39.358107246927,9.11542149825827,71.1151435094076,200.36481878329,118.716717824025,2470.86615134831,212.308951551956,0.00669488555972763,84.32862976,4.216431488,15.67137024,1.567137024,0.23901391,0.023901391,703.8825978,12.01755573,7255.583194,2014.293918,5683.67778,65.29379887,2787.737038,26.53025849,103.2608758,1.199696853,4977.113764,41.06758826,1.191415297,0.020650204,6.225778674,0.034384999,7.391036368,0.048550012,28.72260097,0.157111928,2.035936011,0.060969538,10.74847022,0.148107154,109.6646554,2.228401166,97.07584026,1.090708744,2.032385066,0.018798722,1.648071409,0.00388062
"Kerguelen","KER1","CAT1-S1-1D",119,150.7,151.8,151.3,5184.44166666667,23072.1666666667,55131.5,1.3725,13.3333333333333,161.833333333333,86.5,29.5833333333333,2368.33333333333,52.4166666666667,209.583333333333,93,3.33333333333333,24.3333333333333,92.9166666666667,906.583333333333,43054.3333333333,6227.08333333333,0.144629064583333,17.925772879665,47.6632759972275,32.2870646769654,22.8133068558017,233.529571159758,49.9298750673625,29.4385595415059,36.1210087445973,7.83156008298049,42.3370315731304,103.838562055226,116.933126446726,589.730960744479,134.606806753011,0.00213539541234044,89.84326635,4.492163318,10.15673365,1.015673365,0.126927537,0.012692754,610.582386,12.11887965,293.8266765,214.5612668,3599.827864,77.24643191,435.4794317,8.232842168,33.50696137,0.982277396,2637.046993,44.32058868,0.767742407,0.008962163,6.625024494,0.06070631,5.924549608,0.069898106,21.92880594,0.771044273,2.217616267,0.036112484,0.706861739,0.012775555,74.39152898,0.715396099,23.61796449,0.250319871,0.283433035,0.001790811,0.513351231,0.007447494
"Kerguelen","KER1","CAT1-S1-1D",123,156.5,157.7,157.1,5436.62307692308,23160.6923076923,55187.4615384615,1.34769230769231,4.38461538461539,140.846153846154,43.6923076923077,38.1538461538462,2061.84615384615,31.6153846153846,241.461538461538,87.1538461538462,6.61538461538461,9.53846153846154,152.230769230769,894.692307692308,43283.8461538462,6268.07692307692,0.144808216692308,7.28627089736194,28.576931704454,16.5750043508522,19.0737435315591,214.112838690976,33.705930391991,30.206553882161,37.8744552300671,16.2303135189397,23.4009094716971,88.3064303492426,92.7967174485756,772.208504459109,182.303986763163,0.00309369685332711,88.02419075,4.401209537,11.97580925,1.197580925,0.177036447,0.017703645,708.9793163,16.75371889,199.7601332,247.9286391,4640.523522,108.2639191,337.7373781,5.496537482,41.49307617,0.629608913,3560.842802,36.86802119,1.008260928,0.010698193,7.365820821,0.096946552,6.211413657,0.115546166,9.708856297,0.229171541,1.625262915,0.033316663,0.749489114,0.014813114,89.12411225,2.309353539,16.00076454,0.483891328,0.386986683,0.003292803,0.321946425,0.003844
"Kerguelen","KER1","CAT1-S1-1D",124,158,159.2,158.6,5499.66923076923,23511.7692307692,56021.4615384615,1.39538461538462,6,131.615384615385,37.0769230769231,34.8461538461538,1867.30769230769,33.2307692307692,229.538461538462,79,0,44.0769230769231,113,940.538461538462,44059,6357.76923076923,0.144329003307692,9.69535971483266,29.5678272833228,19.9184233749459,18.6540708418929,173.208633645182,35.2329245785668,48.5946076991666,52.7794151792786,0,58.4714482154347,72.6555801940452,114.464416148,822.236786657793,155.362025522194,0.00368322543450346,86.01379119,4.30068956,13.98620881,1.398620881,0.2211149,0.02211149,665.8579482,3.08983947,973.6824666,485.0193541,3761.690452,131.9789472,439.2617094,15.50786053,42.17796203,1.220525248,2748.553456,47.53207477,0.858721787,0.01258998,5.849088818,0.061291396,4.744298227,0.014952396,10.21776865,0.164653492,1.546124958,0.028432108,1.919467031,0.062970521,71.42068742,0.41484736,20.00078753,0.121375429,0.384542382,0.010143263,0.453688245,0.007886097
"Kerguelen","KER1","CAT1-S1-1E",132,161.5,162.7,162.1,5646.26923076923,23811.3846153846,56569.6153846154,1.36692307692308,13.0769230769231,141.076923076923,35.1538461538462,25.4615384615385,1542.46153846154,43.1538461538462,228.230769230769,87.3076923076923,0,39.0769230769231,101.461538461538,953.230769230769,45075.9230769231,6574.30769230769,0.145862529307692,14.5857324033999,18.9625136276002,16.267791049833,10.2030664068487,104.280563373219,38.6735184026619,27.368332814142,49.5452396222964,0,55.7844983522327,70.4835860143048,120.700838057125,524.931497362348,124.445024418673,0.00295799615054013,80.75600506,4.037800253,19.24399494,1.924399494,0.269419674,0.026941967,1254.57739,18.5943659,4674.018055,1417.904442,15500.47502,273.6253169,4823.395579,68.52333173,275.8213156,3.694081689,24110.30848,256.7032264,9.64091711,0.055564368,25.33147037,0.02901097,19.09702535,0.049455498,53.70010907,0.379025561,3.159336038,0.046774746,6.739390951,0.214985846,139.1876948,0.806932965,82.65655708,2.8164492,1.537559513,0.009320954,1.373276488,0.012253556
"Kerguelen","KER1","CAT1-S1-1E",137,168.8,170,169.4,5947.94615384615,23243.1538461538,57024.6923076923,1.37384615384615,35.3076923076923,158.230769230769,109.692307692308,56.7692307692308,4515.15384615385,46.0769230769231,210.076923076923,89.9230769230769,0,42.5384615384615,129.923076923077,1001.15384615385,42551.1538461538,6192.69230769231,0.145546949846154,13.9247059537154,20.837281677136,25.0811503437163,20.712934148151,253.178081645392,34.1698247446036,34.2210011992186,40.6949250285207,0,67.0181758736829,72.0549113968663,96.4415592935658,1092.79075811687,214.15507800633,0.00390302391201723,88.20183029,4.410091515,11.79816971,1.179816971,0.14288399,0.014288399,714.0411624,6.850914549,214.2359607,203.8744744,3865.367321,43.25747431,314.2119789,7.44344845,40.30371929,0.993577198,2886.473191,40.65829501,0.797101318,0.013543108,3.074840014,0.026459833,4.308979567,0.029165588,10.03284659,0.050604346,1.331595445,0.046449452,0.841708562,0.011120136,71.47093889,0.862385743,15.55587576,0.211942031,0.287299186,0.00195743,0.328443817,0.005286885
"Kerguelen","KER1","CAT1-S1-1E",144,179,180.2,179.6,6370.75384615385,22715.7692307692,55020.9230769231,1.34692307692308,14,177.384615384615,89.1538461538462,52.8461538461538,2592.23076923077,54.4615384615385,221.461538461538,97.5384615384615,0,34.1538461538462,150,977.923076923077,42318.3846153846,6246.38461538462,0.147650222923077,7.84219357067906,33.5845660523264,18.2612803213345,21.149649933455,243.744454243289,37.882747578582,37.0103935505856,55.090252290545,0,40.8877450137287,70.1795316788782,82.8658167747328,976.548218510957,143.475049202256,0.00378966674999802,85.10327973,4.255163986,14.89672027,1.489672027,0.204678828,0.020467883,814.2955466,8.087138682,4531.40776,1385.451254,3481.392137,66.26631024,904.1879244,6.44341763,84.65981172,0.742198205,3168.819664,35.87297563,0.546046302,0.003678018,3.299582559,0.042987824,5.064349607,0.031713711,18.29158675,0.257119006,1.160038795,0.007432123,7.805442382,0.168696462,46.22785062,0.727736984,83.4623728,2.659299806,1.116560794,0.010382706,1.743855456,0.008094397
"Kerguelen","KER1","CAT1-S1-1E",145,180.4,181.6,181,6433.53846153846,18555.6923076923,44574.5384615385,1.39384615384615,60.5384615384615,203.307692307692,196,79.0769230769231,3589.30769230769,59.3076923076923,189.692307692308,104.076923076923,9.07692307692308,169.538461538462,352.461538461538,866,31582.7692307692,5394.23076923077,0.174344314153846,67.3171788186534,81.225390750455,209.305199808,35.3611404851464,837.455609233049,37.1335082627192,40.2707185089957,40.2998377549702,29.850911595409,116.252322833148,269.060592737217,146.465581850026,6265.93823985212,572.728724884384,0.021207440292505,58.1265796,2.90632898,41.8734204,4.18734204,0.703145519,0.070314552,285.3114966,3.381248903,23278.04767,6156.752203,3903.380519,120.8006655,2923.188804,57.700133,121.9300211,2.033316472,4456.928381,33.7098105,0.855150174,0.008209565,2.425675008,0.030902266,3.767313027,0.017291261,30.48216342,0.197518023,0.492227975,0.002959071,16.42557783,0.089593448,35.5730101,0.632117041,90.16911624,2.1945355,2.922008417,0.028142463,0.554162251,0.006445999
"Kerguelen","KER1","CAT1-S1-1E",146,181.9,183,182.4,6500.14166666667,13949,38376,1.41166666666667,464.166666666667,364.333333333333,523.583333333333,172.666666666667,8320,109.916666666667,155.666666666667,66.6666666666667,36.8333333333333,391.5,449.5,827,20285.25,4924.75,0.244724512083333,71.7278104216125,69.9003619880513,226.61840506709,34.6943362769339,1437.34116909091,64.8248806517617,37.5991618217344,55.2355836121037,42.88638973197,83.244983468839,151.991925622861,236.69888811814,2857.9805370226,337.401871256329,0.0158939837623451,64.04109524,3.202054762,35.95890476,3.595890476,0.602361457,0.060236146,430.7819338,4.463360089,34328.60153,9926.584014,4312.186563,55.81052408,3433.05248,24.39482226,397.1365916,5.745249531,13289.58227,193.3357389,0.757047602,0.007136358,2.230484241,0.019087013,6.015402464,0.019215536,87.59499317,0.753510405,1.267593426,0.023997253,53.67294845,0.888153563,37.52281834,0.853159602,334.5208848,10.07399486,7.036643174,0.137376002,2.946323756,0.030181993
"Kerguelen","KER1","CAT1-S1-1E",147,183.3,184.4,183.8,6564.375,22427.0833333333,57499.5,1.2675,143.166666666667,195.25,247.833333333333,121,5463.16666666667,80.75,224.416666666667,92,34.75,84.25,126,1174.16666666667,41365.9166666667,6449.58333333333,0.156258563333333,116.034347057109,51.6176942882609,65.5450342524246,46.6807338105445,1984.07243422271,26.7416087093435,37.7755532618971,26.944387170615,50.7813942305644,113.321044342651,102.426026522027,124.374678315406,2243.38005771054,218.780694816162,0.00831119650334346,88.21271238,4.410635619,11.78728762,1.178728762,0.178533632,0.017853363,1492.246644,6.761169835,1154.260764,441.1367224,4541.333436,88.34590622,1119.777227,20.32893742,77.89836317,1.455982628,3562.901422,48.89958885,0.996950957,0.016241426,7.771363798,0.092422783,8.155143454,0.093802488,34.97989363,0.152811284,1.948070392,0.061981627,2.833581675,0.047351872,86.72448526,0.810766896,123.6786369,2.79967276,1.067667427,0.00971953,2.847910366,0.021268193
"Kerguelen","KER1","CAT1-S1-1E",151,189,190.3,189.7,6812.30714285714,23247.1428571429,55625.6428571429,1.31928571428571,7.85714285714286,143.785714285714,69.2857142857143,31.2142857142857,1883.64285714286,61.4285714285714,220.642857142857,113.714285714286,0,19.3571428571429,100.285714285714,947.214285714286,43516.4285714286,6467.14285714286,0.148631763142857,9.37145537385607,32.1371545612972,14.1607723139479,8.43234223714832,172.476802071314,32.7430891961936,36.1250118825791,54.6153381829241,0,34.9386432365195,109.412717986269,97.4451945149987,1047.99440062257,171.956549584641,0.00291178878178021,88.00928802,4.400464401,11.99071198,1.199071198,0.122459474,0.012245947,733.5547145,17.40836734,519.0692231,309.2130411,4164.183528,78.30250154,617.9743965,10.1499901,48.62589017,0.777225072,2793.818462,33.03999318,0.972163333,0.006764335,5.453440209,0.046705911,7.040465601,0.025135218,8.670290595,0.080639438,1.657757,0.04062042,1.131785621,0.008609119,76.44263413,1.188038698,32.53643781,0.658646452,0.351108777,0.005700268,0.626198523,0.004636475
"Kerguelen","KER1","CAT1-S1-1E",157,198.4,199.7,199,7055.1,23330.9285714286,56708.8571428571,1.285,10.7857142857143,226.214285714286,72.3571428571429,42.6428571428571,2470.35714285714,54.8571428571429,222.071428571429,124.5,1.78571428571429,33.4285714285714,159.071428571429,1007.28571428571,43491.4285714286,6470.5,0.148796514642857,10.2295091349906,26.4638463726489,23.4999415477412,25.5150246622746,292.793076616039,44.4675458886887,28.2392642247641,52.3299443619337,6.68153104781061,41.8416691197337,79.2701945012357,121.409306810556,1218.10159449263,210.03983138736,0.00348724845227319,87.91890742,4.395945371,12.08109258,1.208109258,0.134082378,0.013408238,590.2869829,3.093283848,510.1301471,285.4705255,4449.195182,60.75841345,449.3132406,5.072336847,54.95773967,0.787834033,3045.373357,20.18062134,0.973653446,0.005266733,4.062914553,0.036944396,4.561717881,0.044407993,8.265161932,0.072734146,1.339182222,0.034123485,1.396313321,0.022774434,83.80568894,1.326590955,18.45759727,0.327814701,0.291085394,0.003520354,0.369156996,0.004725399
"Kerguelen","KER1","CAT1-S1-1E",161,204.5,205.8,205.2,7160.46428571429,22635.4285714286,56487.2857142857,1.30428571428571,14.8571428571429,169.285714285714,94.2857142857143,40.0714285714286,3453.78571428571,101.571428571429,214.571428571429,95.5,1.78571428571429,31.1428571428571,219.857142857143,968.857142857143,41935.8571428571,6235.21428571429,0.148729542285714,18.059121466225,43.1391818534961,50.8185740898687,17.6959981817458,1238.05574489703,74.2270055414359,41.7643835853438,46.5101312371005,4.54344111251121,46.0415483647561,107.526638662138,107.40710271805,1396.69356019812,214.332659692799,0.00402436727332548,82.36179118,4.118089559,17.63820882,1.763820882,0.183720461,0.018372046,736.0908289,12.44926754,714.0118801,335.9649223,4530.875865,137.6782876,602.974911,13.83517938,66.72545229,1.229024654,3136.839356,18.53267012,0.850620155,0.006969892,2.965078694,0.003982725,4.921011171,0.025493931,6.808603707,0.108154782,1.270709253,0.054853072,2.016254156,0.046625543,85.69090324,1.236042476,24.14841652,0.653911826,0.412860798,0.000823993,0.48430633,0.00369714
"Kerguelen","KER1","CAT1-S1-1F",170,210.3,211.7,211,7263.93333333333,21787.1333333333,53540,1.36,7.13333333333333,225.6,57.8666666666667,37.4,2783.46666666667,84.2,220.266666666667,116.333333333333,0,38.1333333333333,119.933333333333,930.066666666667,40604.4,5896.53333333333,0.145198940866667,8.28825905092488,51.0025209460978,32.2863674607337,22.4556706169543,695.581859891073,41.2608427308161,29.912889402078,32.0104149717973,0,45.5676368029935,63.1285159322594,111.112855541862,1305.1207825879,295.918151489483,0.00497026688050518,85.10979142,4.255489571,14.89020858,1.489020858,0.141448155,0.014144816,431.1588843,4.015292058,104.6756783,181.2848074,3609.129673,68.84527076,168.1798853,3.365678645,45.5523502,0.733053273,2342.824007,21.06620278,0.669698406,0.006580199,2.182200699,0.02863423,4.093699078,0.06061545,3.679275906,0.060549087,0.918402721,0.025039982,0.501927094,0.00814485,65.96855978,1.340395888,7.956881626,0.208592941,0.188150487,0.002501401,0.182959595,0.001291732
"Kerguelen","KER1","CAT1-S1-1F",177,220.9,222.2,221.6,7451.67142857143,23521.6428571429,57297.1428571429,1.33142857142857,10.4285714285714,163.642857142857,38.3571428571429,41.9285714285714,2087.92857142857,60.5,232,119.428571428571,0,51.2857142857143,164.142857142857,1015.28571428571,44417.5714285714,6560.14285714286,0.147714315571429,6.61832288440189,29.0294469669815,14.3076479970955,15.213679500898,390.455249929876,46.2763438486664,40.0115367978172,48.4191860982564,0,59.9595101476226,70.4664209642897,119.92909993404,535.787660909075,105.730322513937,0.00306665194958535,93.09679142,4.654839571,6.903208584,0.690320858,0.069077411,0.006907741,627.8556721,4.973892318,265.0120521,158.4645684,4843.721178,64.8922943,347.1872575,3.829031114,63.73055929,1.280136996,3080.073609,63.68866919,1.071221581,0.018816406,3.17180271,0.022993401,6.998565891,0.09543019,6.792163379,0.141345191,1.540119773,0.065397396,0.931349705,0.008008611,88.8200419,0.905659664,16.13112281,0.298573697,0.460416746,0.005873179,0.326346896,0.005457761
"Kerguelen","KER1","CAT1-S1-1F",179,224,225.4,224.7,7505.43333333333,23158.4666666667,56412.7333333333,1.29733333333333,7.93333333333333,192.733333333333,54.8,52.4666666666667,2727,73.6666666666667,221.6,106.666666666667,0,25.2666666666667,219.2,987.866666666667,42823.1333333333,6404.26666666667,0.1494778174,10.6534143867231,43.1946866220945,17.4364150968188,18.0707603866683,431.958331323752,42.2909424052457,38.1216099195344,53.6465505037591,0,34.8475591821347,87.3246815052881,93.0344534235007,2390.57240206688,436.678120533169,0.00322628841479236,84.86635342,4.243317671,15.13364658,1.513364658,0.174467684,0.017446768,836.0969696,11.17319231,407.8905822,241.9029057,4217.330448,112.2200733,426.0420821,6.662632451,57.48518576,0.642275568,2688.500619,30.54752651,0.845840342,0.010747631,5.35028394,0.025656026,5.640790304,0.0330274,6.692282931,0.090105003,1.498972095,0.041309924,1.320375223,0.044350605,81.43967116,1.972165631,30.53520566,1.193277112,0.663317233,0.002786567,0.688783184,0.008734211
"Kerguelen","KER1","CAT1-S1-1F",180,225.6,226.8,226.2,7531.69230769231,21060.3846153846,54913.4615384615,1.32230769230769,102.538461538462,204.846153846154,115.461538461538,155.615384615385,6905.61538461538,159,200,98.6923076923077,11.3846153846154,155.076923076923,170.923076923077,1171.69230769231,37253.1538461538,6019.69230769231,0.162081096846154,54.0410575158915,24.643613621133,29.4607518138268,53.6587030243595,1981.74807255537,60.386256714587,30.6022874961987,44.7053028461289,24.0642835669326,147.90901569234,98.2135950691668,126.990409490497,3092.93091436353,310.473934658876,0.00809058643454158,80.14879443,4.007439721,19.85120557,1.985120557,0.204872992,0.020487299,1069.064967,35.88006349,11517.71875,3111.942568,5766.308811,143.9960058,1197.40653,21.15846533,302.9854865,3.615574304,9844.625786,169.6651785,0.946267633,0.01560096,3.627263811,0.059129239,6.197858783,0.085971873,34.35259618,0.423250154,1.786776953,0.038891966,27.76757005,0.379906928,77.12979485,1.39888174,206.5821768,3.992694737,3.635250437,0.042932307,4.82366524,0.01461129
"Kerguelen","KER1","CAT1-S1-1F",185,233.2,234.5,233.8,7669.85,16788.1428571429,47972.7857142857,1.37285714285714,314.071428571429,197.785714285714,336.857142857143,253.714285714286,11141.7857142857,200.642857142857,152.214285714286,72.7142857142857,51.7142857142857,413.642857142857,200.285714285714,1391.21428571429,25927.5714285714,5199.07142857143,0.203764710214286,114.079233117038,33.2431104983333,125.529559585264,67.7568373744599,3108.43272847789,60.4592770038162,32.9899252020244,35.7242183990046,41.9091114958743,148.742734608791,77.7584312237176,198.13716250324,4249.71310731742,369.426887590394,0.0231883329602613,69.49338884,3.474669442,30.50661116,3.050661116,0.348756339,0.034875634,1096.336989,15.69001257,14262.12932,3970.032909,4269.933331,36.71694754,1951.217642,25.5783098,266.7521665,1.25829967,8604.12931,108.0172893,0.775500382,0.006020552,4.268992381,0.042256079,3.773884291,0.028086362,38.16917132,0.643907987,1.311002268,0.022049234,28.3155083,0.502166441,50.91367477,0.859909114,239.7215992,7.149691249,4.646437423,0.035745308,5.031201422,0.038528785
"Kerguelen","KER1","CAT1-S1-1F",186,234.7,235.9,235.3,7695.93846153846,21977.5384615385,58320.8461538462,1.34692307692308,182.076923076923,198.230769230769,255.153846153846,146.076923076923,6947.92307692308,106.923076923077,197.538461538462,88.1538461538462,6.69230769230769,123.153846153846,315.307692307692,1237.30769230769,39065.9230769231,6056.92307692308,0.155197158153846,68.3842836945029,23.1378256186482,79.6113959114796,40.6641970666694,1287.58044807166,51.0252576973103,29.7058226184009,38.1725166270319,15.3263640795016,94.0016366469632,78.8092471471301,181.109720250545,1082.89130429747,160.742268626136,0.00720108352652281,67.74785106,3.387392553,32.25214894,3.225214894,0.323279931,0.032327993,965.346438,10.89256959,12958.49641,3897.778682,4367.99759,102.4569811,2239.96755,52.98605028,230.5568311,5.020919187,7609.566894,94.88269994,0.799271713,0.004799037,4.531502978,0.087192295,3.210467452,0.029975864,34.52282262,0.356622142,1.297613396,0.03627799,27.8515667,0.320567732,78.81628528,1.313862982,218.7388146,6.164980519,3.822534824,0.029230064,4.824624471,0.043488776
"Kerguelen","KER1","CAT1-S1-1F",188,237.8,239.1,238.4,7751.90714285714,22949.0714285714,56888.2142857143,1.28285714285714,68.3571428571429,194.642857142857,139.857142857143,76.6428571428571,3832.78571428571,97.9285714285714,223.785714285714,109.857142857143,1.71428571428571,25,198,1049.35714285714,42459.3571428571,6253.64285714286,0.147301620928571,20.7720490558352,27.8722556920433,37.4101120489699,26.5955668453255,267.593888216807,30.7907685609085,31.2586691272101,44.1864182802766,6.41426980589819,34.8711915483254,104.620192197227,97.7151331818529,687.616799269304,150.289263213852,0.00347428904196046,82.6696042,4.13348021,17.3303958,1.73303958,0.174174847,0.017417485,445.9045845,2.218386511,88.32467556,207.6175941,3298.121333,18.56201881,436.639577,11.13465165,45.81121632,1.295830968,2064.749015,49.41217225,0.598889202,0.012412956,8.680238524,0.144044164,4.370193647,0.064167909,3.835435411,0.104351899,1.829206019,0.019604972,0.79837406,0.015453079,59.19980605,0.762372708,27.53210666,0.259601524,0.306852677,0.007315454,0.721446309,0.009272928
"Kerguelen","KER1","CAT1-S1-1F",191,242.3,243.6,242.9,7831.4,23330.1538461538,56634.0769230769,1.31,18.9230769230769,222.307692307692,91.8461538461538,55.6153846153846,3369.69230769231,110.846153846154,226.076923076923,103.538461538462,1.53846153846154,7.46153846153846,192,1034.61538461538,42746.8461538462,6283.38461538462,0.146971235461538,7.08827128033273,29.0039785069354,61.9702161712196,24.3363187490715,910.212006862081,59.538287616522,26.6316276209996,51.7697070119444,5.54700196225229,20.4475564335342,127.89579091328,127.263203939407,1564.1971767307,277.67293064009,0.00256725011752279,83.40498981,4.170249491,16.59501019,1.659501019,0.177654232,0.017765423,403.1217938,2.256353316,-28.65886723,210.6531652,3835.783216,92.74365171,238.2842793,2.516513925,55.07802735,0.576230328,2497.527268,23.05056669,0.803358665,0.003914391,14.23964041,0.017403154,3.643171487,0.010439405,5.547621978,0.047512144,2.078965797,0.029489959,0.651451824,0.021712737,67.02513333,0.136232196,17.73546585,0.240336308,0.27025413,0.001538307,0.3725726,0.000879594
