"Location","Site","Section","sample","min_depth","max_depth","midpoint","Zr","Zr_sd","Zr_ICP","Zr_ICP_sd","Zr_fit_OLS","Zr_lwr_OLS","Zr_upr_OLS","Zr_fit_WLS","Zr_lwr_WLS","Zr_upr_WLS"
"Bird Island","BI10","BI10.1",1,0,1.1,0.6,2.5702316382174,0.12851158191087,-2.53655606047204,-0.126827803023602,-1.29797895095072,-3.53095224695981,0.934994345058367,-1.22372965522892,-3.22137994911059,0.773920638652754
"Bird Island","BI10","BI10.1",4,3.9,5,4.5,3.0422195706167,0.152110978530835,-2.60300239378037,-0.130150119689019,-1.10655983162117,-3.34823342976616,1.13511376652383,-0.986925409409873,-2.85488637892734,0.881035560107596
"Bird Island","BI10","BI10.1",10,11.7,12.8,12.3,3.03735679369257,0.151867839684629,-1.99850429196811,-0.0999252145984056,-1.10853197627237,-3.35009596661968,1.13303201407495,-0.989365145985871,-2.8586305498697,0.879900257897953
"Bird Island","BI10","BI10.1",22,26.7,27.8,27.2,2.05475542321927,0.102737771160963,-1.22212235350002,-0.0611061176750009,-1.50703514992743,-3.73501350739268,0.720943207537816,-1.4823527003347,-3.62784418810551,0.663138787436105
"Bird Island","BI10","BI10.1",30,36.3,37.2,36.7,1.53514754982736,0.0767573774913682,-1.82009667345778,-0.091004833672889,-1.717766981599,-3.94550311467848,0.509969151480477,-1.74304866761234,-4.04288740533684,0.556790070112151
"Bird Island","BI10","BI10.1",34,40.9,41.9,41.4,2.04218603001661,0.102109301500831,-2.00936004344459,-0.100468002172229,-1.51213278487146,-3.74004842310128,0.715782853358355,-1.48865897529099,-3.63782561723205,0.66050766665008
"Bird Island","BI10","BI10.2",45,44,45,44.5,1.60786003739299,0.0803930018696493,-1.70262676036083,-0.0851313380180417,-1.68827775236528,-3.91575782900051,0.539202324269949,-1.70656759553901,-3.98452586924152,0.571390678163502
"Bird Island","BI10","BI10.2",51,51.9,52.9,52.4,2.46830948262253,0.123415474131127,-3.01416138859216,-0.150708069429608,-1.33931443418006,-3.57092558909428,0.892296720734172,-1.27486570666397,-3.30127511346063,0.75154370013269
"Bird Island","BI10","BI10.2",54,55.3,56.3,55.8,2.5814342752191,0.129071713760955,-1.93440279436773,-0.0967201397183863,-1.2934356167639,-3.52656986031274,0.939698626784927,-1.21810910473542,-3.21261365828234,0.776395448811505
"Bird Island","BI10","BI10.2",62,64.4,65.4,64.9,1.45981034278845,0.0729905171394225,-2.40519514667373,-0.120259757333686,-1.74832069035768,-3.9764215976068,0.479780216891451,-1.78084660537799,-4.10344485805595,0.541751647299975
"Bird Island","BI10","BI10.2",67,70.1,71.2,70.6,1.7758086334739,0.0887904316736949,-1.82438996985932,-0.091219498492966,-1.62016462881354,-3.84741391238357,0.607084654756489,-1.6223049737615,-3.8500616916518,0.605451744128792
"Bird Island","BI10","BI10.2",71,74.7,75.8,75.2,1.99791730381151,0.0998958651905756,-1.53930605365897,-0.0769653026829483,-1.53008638072072,-3.75780356211089,0.697630800669461,-1.51086933619805,-3.67300423974225,0.651265567346138
"Bird Island","BI10","BI10.2",81,86.5,87.5,87,1.91818639263227,0.0959093196316134,-1.63119509332246,-0.0815597546661232,-1.56242199727704,-3.78986992781844,0.665025933264364,-1.55087166887272,-3.73645803045884,0.634714692713388
"Bird Island","BI10","BI10.3",88,84.8,85.8,85.3,2.27911354685703,0.113955677342852,-2.08620169698765,-0.104310084849382,-1.41604461501511,-3.64561614306886,0.813526913038637,-1.36978847439922,-3.45021952569307,0.710642576894634
"Bird Island","BI10","BI10.3",95,93,94,93.5,1.81762098412032,0.0908810492060158,-2.17037390076363,-0.108518695038182,-1.60320723904057,-3.83047733539414,0.62406285731301,-1.60132701758704,-3.81666153892697,0.614007503752885
"Bird Island","BI10","BI10.3",98,96.3,97.3,96.8,1.69500467764096,0.084750233882048,-2.03657707680575,-0.101828853840288,-1.65293542866272,-3.88023291373342,0.574362056407974,-1.66284567089955,-3.91469553697364,0.589004195174535
"Bird Island","BI10","BI10.3",104,103.2,104.2,103.7,1.93816802865012,0.096908401432506,-1.85175219215958,-0.0925876096079788,-1.55431825795078,-3.78182301571778,0.673186499816215,-1.54084654762993,-3.72054437672687,0.638851281467004
"Bird Island","BI10","BI10.3",114,114.9,115.9,115.4,2.22118934144133,0.111059467072067,-2.33916200513029,-0.116958100256514,-1.43953631814441,-3.66861066874113,0.789538032452303,-1.39885001779166,-3.49597794697067,0.698277911387343
"Bird Island","BI10","BI10.3",120,121.8,122.7,122.3,2.30684353960204,0.115342176980102,-2.38965829631518,-0.119482914815759,-1.4047984571668,-3.63462913235374,0.825032218020147,-1.35587587289441,-3.42833921526687,0.716587469478046
"Bird Island","BI10","BI10.4",135,129.4,130.4,129.9,1.72157582375883,0.0860787911879414,-2.13141320226489,-0.106570660113244,-1.64215925189989,-3.86942802633754,0.58510952253776,-1.64951448214436,-3.89342922379941,0.5944002595107
"Bird Island","BI10","BI10.4",145,141,142,141.5,2.04551695494445,0.102275847747222,-2.53058073781212,-0.126529036890606,-1.51078189712101,-3.73871388174966,0.717150087507632,-1.48698779450167,-3.63518020774357,0.661204618740234
"Bird Island","BI10","BI10.4",155,152.7,153.8,153.2,1.85868706501652,0.0929343532508261,-0.997695272118208,-0.0498847636059104,-1.58655250594282,-3.81387341739767,0.640768405512028,-1.58072347743733,-3.78388798345977,0.622441028585119
"Bird Island","BI10","BI10.4",165,164.8,165.8,165.3,1.67129842266511,0.0835649211332557,-3.28381052656104,-0.164190526328052,-1.66254972203461,-3.88988345858764,0.564784014518416,-1.67473949581625,-3.93367908825285,0.58420009662036
"Bird Island","BI10","BI10.4",168,168.4,170,169.2,1.69667894601794,0.0848339473008969,-2.79044588301262,-0.139522294150631,-1.65225641346711,-3.87955171746462,0.575038890530386,-1.66200566243092,-3.91335517353673,0.589343848674899
"Bird Island","BI10","BI10.5",181,174.6,175.6,175.1,1.68009905486103,0.0840049527430513,-2.88952645913735,-0.144476322956868,-1.65898054335684,-3.88629965141776,0.568338564704078,-1.67032407133857,-3.92663058454484,0.585982441867704
"Bird Island","BI10","BI10.5",191,186.6,187.6,187.1,1.74221670010948,0.0871108350054741,-2.40318398504885,-0.120159199252443,-1.63378815149241,-3.86104331978826,0.593467016803438,-1.63915860899223,-3.87691761246218,0.598600394477717
"Bird Island","BI10","BI10.5",194,190.3,191.3,190.8,1.93144161488848,0.0965720807444241,-1.90581804757175,-0.0952909023785877,-1.55704621794746,-3.78453105050744,0.670438614612524,-1.54422130200086,-3.72590055147807,0.637457947476349
"Bird Island","BI10","BI10.5",197,194,195,194.5,1.57752124707707,0.0788760623538536,-2.53082096802294,-0.126541048401147,-1.70058193246216,-3.92815737904819,0.526993514123856,-1.72178907445119,-4.00886637902205,0.565288230119668
"Bird Island","BI10","BI10.5",202,199.9,200.8,200.3,1.40521923840583,0.0702609619202915,-3.0780598948426,-0.15390299474213,-1.7704606231967,-3.9988890858732,0.457967839479805,-1.80823587619269,-4.147381463606,0.530909711220622
"Bird Island","BI10","BI10.6",218,209.5,210.5,210,1.21268764618596,0.0606343823092978,-2.790776767058,-0.1395388383529,-1.84854361069704,-4.07855104697624,0.381463825582168,-1.90483219860331,-4.30269236113769,0.493027963931064
"Bird Island","BI10","BI10.6",228,221.4,222.4,221.9,1.44559295039432,0.0722796475197158,-3.04596092589338,-0.152298046294669,-1.7540866867835,-3.98226778467538,0.474094411108371,-1.78797970911285,-4.11488303451122,0.538923616285526
"Bird Island","BI10","BI10.6",239,234.2,235.2,234.7,1.45452325167522,0.0727261625837608,-2.53762529816972,-0.126881264908486,-1.75046491959584,-3.97859522685753,0.477665387665856,-1.78349922748483,-4.10769806268965,0.540699607719991
"Bird Island","BI10","BI10.6",247,243.9,245,244.5,1.94230024434615,0.0971150122173074,-3.4332944283463,-0.171664721417315,-1.55264239923679,-3.78015979790203,0.674874999428465,-1.5387733458502,-3.71725435706566,0.639707665365251
"Bird Island","BI10","BI10.7",259,250.7,251.7,251.2,2.43091585615577,0.121545792807788,-2.37189054892373,-0.118594527446187,-1.35447976904449,-3.58563737926449,0.876677841175513,-1.29362671495689,-3.33064888294023,0.743395453026446
"Bird Island","BI10","BI10.7",271,265,266,265.5,1.51300752554056,0.0756503762770283,-3.33148400960014,-0.166574200480007,-1.72674607546984,-3.95457890574323,0.501086754803563,-1.75415668837677,-4.06067466478699,0.552361288033448
"Bird Island","BI10","BI10.7",280,275.9,276.9,276.4,1.59041834262814,0.079520917131407,-3.23323578032909,-0.161661789016454,-1.69535139476654,-3.92288429254406,0.532181503010984,-1.71531838574163,-3.9985173267652,0.567880555281946
"Bird Island","BI10","BI10.8",300,289.7,290.8,290.3,1.02855763114505,0.0514278815572524,-3.11276353891936,-0.155638176945968,-1.92321926001311,-4.15535341506226,0.308914895036039,-1.99721330911765,-4.45171633183655,0.457289713601249
"Bird Island","BI10","BI10.8",303,293.4,294.4,293.9,1.11029323289723,0.0555146616448613,-2.98253713532082,-0.149126856766041,-1.89007062244998,-4.12118641237705,0.341045167477084,-1.95620518962802,-4.38550737879384,0.473096999537786
"Bird Island","BI10","BI10.8",311,303.1,304,303.6,0.973254336262848,0.0486627168131424,-2.61680270128447,-0.130840135064223,-1.94564802836861,-4.1785384249964,0.287242368259194,-2.02495989782663,-4.49656416544845,0.446644369795183
"Bird Island","BI10","BI10.8",318,311.7,312.8,312.2,1.63222074339399,0.0816110371696994,-3.10727197973466,-0.155363598986733,-1.67839804026067,-3.90581342740356,0.549017346882229,-1.69434542158879,-3.96499248137946,0.576301638201876
"Bird Island","BI10","BI10.8",326,321.7,322.8,322.2,1.79655418309567,0.0898277091547833,-2.43639499154752,-0.121819749577376,-1.61175107718221,-3.83900678680874,0.615504632444319,-1.61189658427724,-3.83348604477227,0.609692876217791
"Bird Island","BI10","BI10.9",342,332.1,333.1,332.6,0.980116415268084,0.0490058207634042,-3.4427515366551,-0.172137576832755,-1.94286504806384,-4.17565866429529,0.289928568167604,-2.02151707793222,-4.49099724903906,0.447963093174613
"Bird Island","BI10","BI10.9",348,339.5,340.5,340,1.26759643892593,0.0633798219462967,-3.04530429510135,-0.152265214755067,-1.82627483637413,-4.05576470173949,0.40321502899123,-1.87728353822226,-4.25834359648341,0.503776520038892
"Bird Island","BI10","BI10.9",361,355.7,356.7,356.2,1.49981522760499,0.0749907613802494,-1.76493962538522,-0.0882469812692608,-1.7320963352528,-3.959990939948,0.495798269442393,-1.76077548506374,-4.07127703728494,0.549726067157462
"Bird Island","BI10","BI10.9",365,360.7,361.7,361.2,0.708990158702486,0.0354495079351243,-3.06064414965247,-0.153032207482624,-2.05282283659264,-4.2900738069447,0.184428133759416,-2.15754565896264,-4.71139804680585,0.396306728880562
"Bird Island","BI10","BI10.9",372,369.1,371,370.1,1.16783177030985,0.0583915885154924,-2.51247567715042,-0.125623783857521,-1.86673533058554,-4.09720537020717,0.363734709036093,-1.92733714232804,-4.33895321622918,0.484278931573111
"Bird Island","BI10","BI10.10",379,367.3,368.4,367.9,1.04131527828129,0.0520657639140645,-2.8383451799945,-0.141917258999725,-1.91804527692604,-4.1500126747487,0.313922120896629,-1.99081258401189,-4.44137628921627,0.459751121192487
"Bird Island","BI10","BI10.10",386,375.7,376.6,376.1,1.17984761927607,0.0589923809638033,-2.63947393547558,-0.131973696773779,-1.86186219068253,-4.09220480224509,0.368480420880018,-1.9213085897804,-4.32923701556005,0.486619835999254
"Bird Island","BI10","BI10.10",390,380.5,381.5,381,1.54012653019624,0.0770063265098118,-2.2856521662597,-0.114282608312985,-1.71574770955422,-3.94346330100502,0.511967881896581,-1.7405506298231,-4.03888837864492,0.557787118998716
"Bird Island","BI10","BI10.10",392,382.9,384,383.4,1.07727676051131,0.0538638380255654,-2.51675206891956,-0.125837603445978,-1.90346076154815,-4.13497364022344,0.328052117127149,-1.97277010645378,-4.41224121591761,0.466701003010056
"Bird Island","BI10","BI10.10",396,387.7,388.8,388.2,2.03461380997349,0.101730690498675,-1.90279234562032,-0.0951396172810162,-1.51520376951435,-3.74308298350434,0.71267544447565,-1.49245808483045,-3.64384025827182,0.658924088610927
"Bird Island","BI10","BI10.10",403,396.3,397.4,396.8,1.24495028247206,0.062247514123603,-2.20261469885444,-0.110130734942722,-1.83545919687793,-4.06515602637976,0.394237632623891,-1.88864549396655,-4.27662924069863,0.499338252765538
"Bird Island","BI10","BI10.10",410,404.6,405.6,405.1,1.06612587322263,0.0533062936611313,-2.62924915111641,-0.131462457555821,-1.90798310815496,-4.1396344692043,0.32366825289438,-1.97836469325007,-4.42127353564808,0.46454414914795
"Bird Island","BI10","BI10.11",422,409.9,410.9,410.4,1.35200428222574,0.0676002141112869,-2.02109292749234,-0.101054646374617,-1.79204244626445,-4.02084132529689,0.436756432767994,-1.83493471042021,-4.19025414262084,0.520384721780423
"Bird Island","BI10","BI10.11",424,412.2,413.2,412.7,1.1818061594116,0.0590903079705802,-2.42709134949609,-0.121354567474804,-1.86106788641715,-4.09138997089857,0.369254198064277,-1.92032595741235,-4.32765350039335,0.487001585568645
"Bird Island","BI10","BI10.11",427,415.8,416.8,416.3,1.46632667738416,0.0733163338692078,-2.39089381275634,-0.119544690637817,-1.7456779299311,-3.97374328734344,0.482387427481241,-1.77757725124091,-4.09820338517224,0.543048882690424
"Bird Island","BI10","BI10.11",439,430.3,431.3,430.8,1.4575550995177,0.072877754975885,-1.5929067240381,-0.0796453362019049,-1.74923532535389,-3.97734871241933,0.478878061711561,-1.78197809867519,-4.10525903722314,0.541302839872772
"Bird Island","BI10","BI10.11",443,435.2,436.3,435.7,1.38674460611674,0.0693372303058371,-2.36884304048481,-0.11844215202424,-1.77795318306944,-4.0065045255674,0.45059815942852,-1.81750490844053,-4.16226073228332,0.527250915402257
"Bird Island","BI10","BI10.11",449,442.8,443.8,443.3,1.13590379185402,0.0567951895927008,-2.03582871003053,-0.101791435501526,-1.87968402079234,-4.11050512271704,0.351137081132358,-1.94335594352985,-4.36478038418955,0.478068497129843
"Bird Island","BI10","BI10.12",461,447.5,448.7,448.1,1.55393146807791,0.0776965734038953,-1.40757844430177,-0.0703789222150887,-1.7101489879126,-3.93780993757225,0.51751196174705,-1.73362446142081,-4.02780258446735,0.560553661625728
"Bird Island","BI10","BI10.12",465,452.8,453.9,453.4,0.63079881055875,0.0315399405279375,-1.34629792350741,-0.0673148961753706,-2.08453406896415,-4.32331138778031,0.154243249852005,-2.19677556709319,-4.77512396701016,0.381572832823782
"Bird Island","BI10","BI10.12",469,458.3,459.3,458.8,1.30611447901918,0.0653057239509591,-1.5711040791554,-0.0785552039577701,-1.8106534850496,-4.03981229609036,0.418505325991168,-1.8579583927925,-4.22725921872868,0.51134243314369
"Bird Island","BI10","BI10.12",475,466.1,467.2,466.6,1.40356013141366,0.070178006570683,-1.17934042675592,-0.0589670213377958,-1.77113348955093,-3.99957273882602,0.457305759724163,-1.80906827794079,-4.1487174787787,0.530580922897112
"Bird Island","BI10","BI10.12",479,471.4,472.4,471.9,1.34576785822186,0.067288392911093,-1.41927108134069,-0.0709635540670346,-1.79457168633319,-4.02341727811126,0.434273905444878,-1.83806362872823,-4.19528130234826,0.51915404489181
"Bird Island","BI10","BI10.12",484,478.2,479.2,478.7,1.60581568321964,0.0802907841609822,-1.53819464565136,-0.0769097322825681,-1.68910685931611,-3.9165928463273,0.538379127695087,-1.70759328224617,-3.98616555996758,0.570978995475229
"Bird Island","BI10","BI10.13",506,473.4,474.5,474,1.10989812589274,0.0554949062946369,-2.13685529374584,-0.106842764687292,-1.89023086179012,-4.12135128925385,0.340889565673609,-1.95640342142548,-4.38582721457489,0.473020371723934
"Bird Island","BI10","BI10.13",519,491,492,491.5,1.26278717696094,0.0631393588480473,-2.83552128969438,-0.141776064484719,-1.82822527753326,-4.05775833175752,0.401307776691008,-1.87969642544752,-4.26222621978941,0.502833368894364
"Bird Island","BI10","BI10.13",522,494.8,495.8,495.3,1.20279716012771,0.0601398580063857,-1.86422786842431,-0.0932113934212157,-1.8525547897994,-4.08266115355859,0.377551573959781,-1.9097944210057,-4.31068526548566,0.491096423474269
"Bird Island","BI10","BI10.13",525,498.7,499.7,499.2,0.604634674353541,0.030231733717677,-1.71198655087963,-0.0855993275439815,-2.09514517905114,-4.33445724363258,0.144166885530294,-2.20990255216267,-4.79646333293284,0.376658228607498
"Bird Island","BI10","BI10.13",529,503.9,505.1,504.5,0.853578157269108,0.0426789078634554,-3.1787494568536,-0.15893747284268,-1.99418382179717,-4.22889611911937,0.240528475525027,-2.08500343996775,-4.59374868919543,0.423741809259917
"Isla Hermite","HER42PB","HER42PB_1A",3,2.5,3.7,3.1,1.20533164117743,0.0602665820588713,-2.96515560122101,-0.148257780061051,-1.85152690731091,-4.08160775470592,0.378553940084102,-1.90852282944091,-4.30863691685385,0.491591257972036
"Isla Hermite","HER42PB","HER42PB_1A",5,5.3,6.5,5.9,1.03751932181336,0.0518759660906682,-3.0009071154618,-0.15004535577309,-1.91958476256587,-4.1516014762892,0.312431951157456,-1.99271707890857,-4.44445267835447,0.459018520537334
"Isla Hermite","HER42PB","HER42PB_1A",7,8.1,9.3,8.7,0.829744663997503,0.0414872331998751,-2.98402070684709,-0.149201035342355,-2.00384971784965,-4.23895508708499,0.23125565138569,-2.09696110246714,-4.61312431231173,0.419202107377437
"Isla Hermite","HER42PB","HER42PB_1A",9,10.9,12.1,11.5,1.39612175336071,0.0698060876680356,-2.99926384441743,-0.149963192220872,-1.7741501933232,-4.00263840578352,0.454338019137121,-1.81280023671353,-4.15470783301895,0.529107359591879
"Isla Hermite","HER42PB","HER42PB_1A",13,16.3,17.5,16.9,1.51873274605893,0.0759366373029463,-2.83740975011191,-0.141870487505596,-1.72442415875467,-3.95223114585735,0.503382828348002,-1.75128424941396,-4.0560742837343,0.553505784906373
"Isla Hermite","HER42PB","HER42PB_1A",16,20.5,21.6,21.1,1.26534823994857,0.0632674119974284,-2.29571340533187,-0.114785670266594,-1.82718661449129,-4.05669661824231,0.402323389259734,-1.87841149727956,-4.26015857564732,0.503335581088197
"Isla Hermite","HER42PB","HER42PB_1A",20,26.1,27.3,26.7,1.13022649715401,0.0565113248577007,-2.90290595262746,-0.145145297631373,-1.88198650074373,-4.11287192351962,0.348898922032154,-1.94620433730741,-4.36937432784331,0.476965653228496
"Isla Hermite","HER42PB","HER42PB_1A",25,33.1,34.1,33.6,0.760317845097482,0.0380158922548741,-2.89101768643517,-0.144550884321759,-2.03200641343324,-4.26831395622245,0.20430112935597,-2.13179369957542,-4.66960472491312,0.406017325762274
"Isla Hermite","HER42PB","HER42PB_1A",28,37.1,38.2,37.7,0.671755939522952,0.0335877969761476,-2.64991709904074,-0.132495854952037,-2.06792352234119,-4.30588791504373,0.170040870361353,-2.1762266899514,-4.74173513473946,0.38928175483666
"Isla Hermite","HER42PB","HER42PB_1A",31,41.2,42.3,41.7,1.20268478145912,0.0601342390729562,-3.02062322756074,-0.151031161378037,-1.85260036601925,-4.08270786381626,0.377507131777754,-1.90985080326472,-4.310776091178,0.491074484648555
"Isla Hermite","HER42PB","HER42PB_1B",40,43.1,44.2,43.7,1.11473317768979,0.0557366588844895,-2.6901558838248,-0.13450779419124,-1.88826996132345,-4.11933382835277,0.342793905705866,-1.9539775950098,-4.38191342683413,0.473958236814541
"Isla Hermite","HER42PB","HER42PB_1B",48,54,55.1,54.5,1.28194823151808,0.064097411575904,-2.87693124828236,-0.143846562414118,-1.82045433269128,-4.049817760846,0.408909095463435,-1.87008300365846,-4.24675906295333,0.506593055636397
"Isla Hermite","HER42PB","HER42PB_1B",50,56.7,57.8,57.2,1.2185791351915,0.0609289567595748,-2.92136439029959,-0.146068219514979,-1.8461542622422,-4.0761035968689,0.383795072384502,-1.90187633995749,-4.29793186518541,0.494179185270437
"Isla Hermite","HER42PB","HER42PB_1B",56,64.7,65.8,65.2,1.12502072115093,0.0562510360575466,-2.87388887847369,-0.143694443923685,-1.88409775187863,-4.11504265659284,0.346847152835569,-1.94881616226243,-4.37358711641064,0.47595479188577
"Isla Hermite","HER42PB","HER42PB_1B",60,69.9,70.9,70.4,1.32254264139983,0.0661271320699914,-3.03694200306364,-0.151847100153182,-1.80399089018383,-4.03301653922485,0.425034758857184,-1.84971610875153,-4.21400814294505,0.514575925441988
"Isla Hermite","HER42PB","HER42PB_1B",63,73.7,74.8,74.3,1.35635794360984,0.0678178971804918,-2.83520494830565,-0.141760247415283,-1.79027677818101,-4.01904345755564,0.438489901193613,-1.83275040563222,-4.18674501468714,0.521244203422694
"Isla Hermite","HER42PB","HER42PB_1B",69,81.5,82.5,82,0.559837112743086,0.0279918556371543,-2.82153883938042,-0.141076941969021,-2.11331324904394,-4.35356880112671,0.126942303038832,-2.23237823864425,-4.83301788783681,0.368261410548301
"Isla Hermite","HER42PB","HER42PB_1C",80,86.5,87.8,87.2,0.8066667447529,0.040333337237645,-2.88610260586168,-0.144305130293084,-2.01320918379045,-4.24870472412448,0.222286356543577,-2.10853968083039,-4.63189230151549,0.414812939854709
"Isla Hermite","HER42PB","HER42PB_1C",86,94.8,96,95.4,1.52217772186431,0.0761088860932155,-2.95489063212842,-0.147744531606421,-1.7230270166044,-3.95081873509621,0.504764701887418,-1.7495558473904,-4.05330639665587,0.554194701875081
"Isla Hermite","HER42PB","HER42PB_1C",90,100.2,101.4,100.8,1.83364995275,0.0916824976375001,-2.3870511386313,-0.119352556931565,-1.59670654093318,-3.82399289010187,0.630579808235498,-1.59328501573264,-3.80386569951148,0.617295668046198
"Isla Hermite","HER42PB","HER42PB_1C",91,101.6,103.1,102.3,1.46113982879209,0.0730569914396044,-3.24589452144836,-0.162294726072418,-1.74778150487748,-3.97587509764801,0.480312087893051,-1.78017957999702,-4.10237542029252,0.542016260298469
"Isla Hermite","HER42PB","HER42PB_1C",97,109.8,111,110.4,0.822945370445939,0.0411472685222969,-2.64171921908126,-0.132085960954063,-2.0066072349266,-4.24182658047113,0.228612110617928,-2.10037242184854,-4.61865312607767,0.417908282380584
"Isla Hermite","HER42PB","HER42PB_1C",104,119.2,120.3,119.8,1.76964879784314,0.0884824398921568,-3.04603437035773,-0.152301718517887,-1.62266280775143,-3.84991166236863,0.604586046865776,-1.62539546640079,-3.85498484824521,0.604193915443632
"Isla Hermite","HER42PB","HER42PB_1D",118,127.3,128.4,127.8,2.21117551337482,0.110558775668741,-2.32754308046285,-0.116377154023143,-1.44359751975155,-3.67259197482234,0.785396935319239,-1.40387412294409,-3.50389580475019,0.696147558862
"Isla Hermite","HER42PB","HER42PB_1D",121,130.9,132.2,131.6,1.92395871145075,0.0961979355725374,-2.78736791049372,-0.139368395524686,-1.56008097940587,-3.78754459448287,0.66738263567114,-1.54797559990442,-3.73186010782545,0.63590890801662
"Isla Hermite","HER42PB","HER42PB_1D",131,143.2,144.4,143.8,2.26240382321202,0.113120191160601,-3.09672742263378,-0.154836371131689,-1.42282139968439,-3.65224337531406,0.806600575945273,-1.37817202243928,-3.4634123483186,0.707068303440027
"Isla Hermite","HER42PB","HER42PB_1D",137,150.7,151.9,151.3,2.11862810836569,0.105931405418285,-3.05343059155549,-0.152671529577774,-1.4811309852218,-3.70947158365469,0.74720961321109,-1.4503067050957,-3.57717097461598,0.67655756442459
"Isla Hermite","HER42PB","HER42PB_1D",144,159.2,160.3,159.8,1.73262279970942,0.0866311399854711,-2.78223894135098,-0.139111947067549,-1.63767904750786,-3.86493959410848,0.589581499092755,-1.64397202940565,-3.88459130934286,0.596647250531551
"Isla Hermite","HER42PB","HER42PB_1D",147,162.9,164.1,163.5,1.07081291947438,0.053540645973719,-2.76206686701352,-0.138103343350676,-1.90608223272112,-4.13767511674243,0.32551065130019,-1.97601312369378,-4.41747678303558,0.465450535648027
"Isla Hermite","HER42PB","HER42PB_1E",158,169.3,170.5,169.9,2.0744513546971,0.103722567734855,-2.79031415582063,-0.139515707791031,-1.49904728074888,-3.72712958358924,0.729035022091486,-1.47247092184176,-3.61220980256999,0.667267958886474
"Isla Hermite","HER42PB","HER42PB_1E",162,175.6,176.8,176.2,1.87579144247602,0.093789572123801,-3.12037509180987,-0.156018754590494,-1.57961566572885,-3.80696662106883,0.647735289611136,-1.57214192497282,-3.77024654183409,0.625962691888454
"Isla Hermite","HER42PB","HER42PB_1E",166,181.9,183.1,182.5,2.13086846066544,0.106543423033272,-2.79453384420022,-0.139726692210011,-1.47616679589265,-3.70458511651876,0.752251524733454,-1.44416551546789,-3.56746948556449,0.679138454628719
"Isla Hermite","HER42PB","HER42PB_1E",174,194.9,196.1,195.5,1.90010411478876,0.095005205739438,-3.10386380110656,-0.155193190055328,-1.56975543413565,-3.79715808014107,0.657647211869779,-1.55994385032799,-3.75086542772124,0.630977727065263
"Isla Hermite","HER42PB","HER42PB_1E",179,202.5,203.6,203,2.05993155486997,0.102996577743499,-3.397015541635,-0.16985077708175,-1.50493592133683,-3.73294092582029,0.72306908314663,-1.47975574844745,-3.62373469589336,0.664223198998455
"Isla Hermite","HER42PB","HER42PB_1F",184,201.4,202.5,202,1.2849642803231,0.0642482140161549,-2.86810218641765,-0.143405109320882,-1.8192311458967,-4.04856846923908,0.410106177445671,-1.86856980149036,-4.24432493666756,0.507185333686842
"Isla Hermite","HER42PB","HER42PB_1F",189,208.1,209.3,208.7,1.62982347675225,0.0814911738376123,-2.86526646076009,-0.143263323038004,-1.67937027416298,-3.90679155743242,0.548051009106467,-1.6955481703884,-3.96691426936871,0.575817928591904
"Isla Hermite","HER42PB","HER42PB_1F",191,210.9,212.2,211.5,1.80911317886067,0.0904556589430335,-2.84688674614769,-0.142344337307385,-1.60665765901624,-3.83392099173579,0.6206056737033,-1.60559552588946,-3.82345514493917,0.612264093160251
"Isla Hermite","HER42PB","HER42PB_1F",197,219.3,220.5,219.9,1.74399688645407,0.0871998443227036,-3.0762886241786,-0.15381443120893,-1.63306618027465,-3.86032053130771,0.594188170758416,-1.63826545970639,-3.87549390321197,0.59896298379919
"Isla Hermite","HER42PB","HER42PB_1F",200,223.4,224.6,224,1.93520600993701,0.0967603004968504,-3.49326916770948,-0.174663458385474,-1.55551953233638,-3.78301541643487,0.671976351762109,-1.54233264199657,-3.722902897385,0.638237613391861
"Isla Hermite","HER42PB","HER42PB_1F",205,230.3,231.5,230.9,1.63472150857913,0.0817360754289565,-3.23146930391968,-0.161573465195984,-1.67738383155631,-3.90479317730703,0.550025514194413,-1.6930907458376,-3.96298782479835,0.576806333123156
"Isla Hermite","HER42PB","HER42PB_1F",209,235.8,236.9,236.4,1.63272525918629,0.0816362629593147,-2.83026631846745,-0.141513315923372,-1.6781934291636,-3.90560758850213,0.54922073017493,-1.69409229757121,-3.96458804442608,0.576403449283669
"Isla Hermite","HER42PB","HER42PB_1F",211,238.4,239.5,239,1.65269617153206,0.082634808576603,-2.16479879356526,-0.108239939678263,-1.67009403892283,-3.89746324510585,0.557275167260189,-1.68407255657419,-3.94858209375997,0.58043698061159
"Isla Hermite","HER42PB","HER42PB_1F",213,241.1,242.3,241.7,1.79693266655867,0.0898466333279337,-2.83929878824341,-0.141964939412171,-1.61159757967476,-3.83885347789129,0.61565831854177,-1.61170669278879,-3.83318370813146,0.609770322553876
"Isla Hermite","HER42PB","HER42PB_1G",224,246.9,248.1,247.5,2.14055076172046,0.107027538086023,-3.3501354834689,-0.167506774173445,-1.47224004816499,-3.70072173958414,0.756241643254161,-1.43930774296623,-3.55979762074866,0.681182134816208
"Isla Hermite","HER42PB","HER42PB_1G",231,256.4,257.6,257,2.39431424485511,0.119715712242756,-2.83297213069156,-0.141648606534578,-1.36932389475253,-3.60006161044722,0.861413820942161,-1.31199035598422,-3.35943169474736,0.73545098277891
"Isla Hermite","HER42PB","HER42PB_1G",232,257.7,258.9,258.3,2.32296576461763,0.116148288230881,-3.11395573278545,-0.155697786639272,-1.39825993806011,-3.62824756951154,0.831727693391321,-1.34778708275028,-3.41562571578045,0.720051550279892
"Isla Hermite","HER42PB","HER42PB_1G",236,263.2,264.4,263.8,1.91943806896288,0.0959719034481441,-3.44540822855953,-0.172270411427977,-1.5619143682373,-3.78936564934693,0.665536912872332,-1.5502436819071,-3.73546095875784,0.634973594943653
"Isla Hermite","HER42PB","HER42PB_1G",240,268.6,269.8,269.2,2.64067227569805,0.132033613784903,-2.99545189655417,-0.149772594827709,-1.269411091762,-3.50343333851271,0.964611154988716,-1.18838840836944,-3.16631026110435,0.789533444365468
"Isla Hermite","HER42PB","HER42PB_1G",245,275.2,276.4,275.8,2.5587437860629,0.127937189303145,-2.80409466807365,-0.140204733403683,-1.30263795680967,-3.5354485160964,0.930172602477049,-1.22949330293851,-3.23037260924858,0.771386003371562
"Isla Hermite","HER42PB","HER42PB_1G",253,285.8,286.9,286.3,1.50998653886523,0.0754993269432615,-2.57966009692547,-0.128983004846274,-1.72797126486389,-3.95581796724347,0.499875437515686,-1.75567236795706,-4.06310232503518,0.551757589121051
"Isla Hermite","HER42PB","HER42PB_1H",260,285,286.2,285.6,1.70618053505792,0.0853090267528959,-3.10568863591729,-0.155284431795865,-1.6484029551869,-3.87568682907499,0.578880918701185,-1.65723855617196,-3.90574942490606,0.591272312562147
"Isla Hermite","HER42PB","HER42PB_1H",264,290.3,291.5,290.9,2.4223218398585,0.121116091992925,-2.85609775257379,-0.142804887628689,-1.35796515271259,-3.58902203482014,0.873091729394963,-1.29793847677988,-3.33740429966061,0.741527346100857
"Isla Hermite","HER42PB","HER42PB_1H",269,297,298.2,297.6,1.91104761930738,0.0955523809653688,-2.98450079556703,-0.149225039778352,-1.56531719355038,-3.79274654898199,0.662112161881239,-1.55445331093861,-3.74214525737012,0.633238635492891
"Isla Hermite","HER42PB","HER42PB_1H",273,302.3,303.5,302.9,1.91685904283011,0.0958429521415055,-2.46856945867139,-0.12342847293357,-1.56296031640075,-3.79040472434934,0.664484091547845,-1.55153762248565,-3.7375154147377,0.634440169766406
"Isla Hermite","HER42PB","HER42PB_1H",278,309.3,310.6,309.9,1.93862006363171,0.0969310031815854,-3.05314827488601,-0.1526574137443,-1.55413493093723,-3.78164105668704,0.673371194812593,-1.54061975411351,-3.7201844563502,0.638944948123189
"Isla Hermite","HER42PB","HER42PB_1H",281,313.5,314.8,314.2,1.74788182667273,0.0873940913336366,-2.52971040040131,-0.126485520020066,-1.63149060644266,-3.85874337036188,0.595762157476567,-1.63631632017256,-3.87238710224522,0.599754461900107
"Isla Hermite","HER42PB","HER42PB_1H",286,320.5,321.8,321.1,1.7526008825211,0.087630044126055,-3.33886788816531,-0.166943394408265,-1.6295767492176,-3.85682794762253,0.597674449187332,-1.63394869086587,-3.86861360947777,0.600716227746026
"Isla Hermite","HER42PB","HER42PB_1I",301,332.1,333.3,332.7,2.03232032315548,0.101616016157774,-3.15401754333813,-0.157700877166907,-1.51613391453875,-3.74400229805508,0.711734468977591,-1.49360876555543,-3.64566220426954,0.658444673158686
"Isla Hermite","HER42PB","HER42PB_1I",303,334.9,336.2,335.6,2.14900436554252,0.107450218277126,-3.14554754881733,-0.157277377440866,-1.46881161008914,-3.69734999645763,0.759726776279359,-1.43506642843227,-3.5531008909469,0.682968034082367
"Isla Hermite","HER42PB","HER42PB_1I",312,347.6,348.8,348.2,2.21327716123911,0.110663858061956,-3.12304835399231,-0.156152417699616,-1.44274517680863,-3.67175625186991,0.786265898252648,-1.40281969103319,-3.50223387268743,0.696594490621047
"Isla Hermite","HER42PB","HER42PB_1I",317,354.3,355.4,354.9,1.2837042306113,0.0641852115305649,-2.68807399372757,-0.134403699686379,-1.81974217083948,-4.04909038060109,0.409606038922134,-1.86920198952148,-4.24534185380222,0.506937874759253
"Isla Hermite","HER42PB","HER42PB_1I",320,358.3,359.6,358.9,1.30783949513406,0.0653919747567032,-2.74194203750804,-0.137097101875402,-1.80995388863436,-4.03909849139701,0.419190714128292,-1.85709292333434,-4.22586762207416,0.511681775405485
"Isla Hermite","HER42PB","HER42PB_1I",322,361,362.2,361.6,0.944974673651224,0.0472487336825612,-2.7585578406277,-0.137927892031385,-1.95711710997104,-4.19041515416689,0.276180934224804,-2.0391482779039,-4.51951265735752,0.441216101549726
"Isla Hermite","HER42PB","HER42PB_1J",335,369.7,370.8,370.2,1.26357466272741,0.0631787331363707,-2.574012679285,-0.12870063396425,-1.82790590531724,-4.05743185946436,0.401620048829868,-1.87930133065755,-4.2615904423426,0.502987781027508
"Isla Hermite","HER42PB","HER42PB_1J",340,376.7,377.9,377.3,1.80568774253715,0.0902843871268576,-3.06297761486397,-0.153148880743199,-1.60804687674695,-3.83530785107176,0.619214097577861,-1.60731412462792,-3.82619077053707,0.611562521281229
"Isla Hermite","HER42PB","HER42PB_1J",342,379.6,380.9,380.3,1.73312821765127,0.0866564108825636,-2.72024456817156,-0.136012228408578,-1.63747407053561,-3.86473429280644,0.589786151735215,-1.64371845276454,-3.88418701017584,0.596750104646761
"Isla Hermite","HER42PB","HER42PB_1J",346,385.3,386.5,385.9,1.86649043496719,0.0933245217483595,-3.48788111530073,-0.174394055765037,-1.58338777629355,-3.81072174672475,0.643946194137646,-1.57680839612027,-3.77766381345542,0.624047021214885
"Isla Hermite","HER42PB","HER42PB_1J",349,389.6,390.9,390.2,1.27561985202443,0.0637809926012215,-3.04670005246071,-0.152335002623036,-1.82302086616874,-4.0524395946061,0.406397862268624,-1.87325805757485,-4.25186686076789,0.505350745618187
"Isla Hermite","HER42PB","HER42PB_1J",352,394,395.2,394.6,1.71638005736596,0.0858190028682981,-3.06674537306597,-0.153337268653299,-1.64426644354377,-3.87153984096951,0.583006953881972,-1.6521212851104,-3.89758672149342,0.593344151272619
"Isla Hermite","HER42PB","HER42PB_1J",353,395.4,396.6,396,1.6057391311408,0.0802869565570399,-2.99137796724398,-0.149568898362199,-1.68913790572749,-3.91662411550482,0.538348304049845,-1.70763168970546,-3.98622696051506,0.570963581104144
"Kerguelen","KER1","CAT1-S1-1A",1,0,1.4,0.7,1.33976906842329,0.0669884534211647,-1.22039350301946,-0.0610196751509732,-1.79700455162796,-4.02589572982457,0.431886626568644,-1.84107332197791,-4.20011745144043,0.517970807484606
"Kerguelen","KER1","CAT1-S1-1A",3,3.1,4.7,3.9,0.841836259919355,0.0420918129959677,-1.10910808639108,-0.0554554043195541,-1.99894585806052,-4.23385055353563,0.235958837414593,-2.09089454640401,-4.60329348426392,0.421504391455893
"Kerguelen","KER1","CAT1-S1-1A",5,6.4,7.8,7.1,0.677200174183102,0.0338600087091551,-0.991563458927458,-0.0495781729463729,-2.0657155620682,-4.30357411800671,0.172142993870317,-2.1734952262968,-4.7372983673953,0.390307914801707
"Kerguelen","KER1","CAT1-S1-1A",7,9.3,10.6,9.9,1.47008715814906,0.0735043579074528,-1.14371714979111,-0.0571858574895555,-1.74415283179434,-3.97219801843522,0.483892354846528,-1.77569055509823,-4.09517890922739,0.543797799030937
"Kerguelen","KER1","CAT1-S1-1A",8,10.7,12,11.4,1.05928555540568,0.052964277770284,-1.02838484393488,-0.0514192421967439,-1.91075726300633,-4.14249466550662,0.320980139493952,-1.98179659519207,-4.42681507717156,0.463221886787415
"Kerguelen","KER1","CAT1-S1-1A",9,12.1,13.6,12.8,1.51407335499336,0.0757036677496678,-1.23624760548812,-0.061812380274406,-1.72631381836917,-3.9541417932905,0.501514156552167,-1.75362194390045,-4.05981820042133,0.552574312620426
"Kerguelen","KER1","CAT1-S1-1A",11,15.1,16.5,15.8,1.86786306412078,0.0933931532060388,-0.959100823152003,-0.0479550411576001,-1.58283109370548,-3.810167473633,0.644505286222035,-1.57611972509884,-3.77656908379235,0.62432963359466
"Kerguelen","KER1","CAT1-S1-1A",13,18,19.4,18.7,2.14504767649251,0.107252383824625,-1.0977186787758,-0.0548859339387899,-1.47041628233058,-3.69892797423902,0.758095409577872,-1.43705156555573,-3.55623509734708,0.682131966235625
"Kerguelen","KER1","CAT1-S1-1A",17,24,25.5,24.7,1.8234815056643,0.0911740752832151,-0.792244055279953,-0.0396122027639977,-1.60083044972933,-3.82810595663016,0.62644505717151,-1.59838669583501,-3.81198258101623,0.615209189346203
"Kerguelen","KER1","CAT1-S1-1A",20,28.6,30,29.3,2.21296415608654,0.110648207804327,-0.881355620311046,-0.0440677810155523,-1.44287211897503,-3.67188071378318,0.786136475833132,-1.40297673095732,-3.50248138366897,0.696527921754337
"Kerguelen","KER1","CAT1-S1-1A",23,33,34.4,33.7,0.789685619707891,0.0394842809853945,-0.968601250918828,-0.0484300625459414,-2.02009603783525,-4.2558846769551,0.215692601284591,-2.11705939549555,-4.64570623107283,0.411587440081723
"Kerguelen","KER1","CAT1-S1-1A",25,35.9,37.2,36.6,0.827320303769839,0.041366015188492,-0.933008574375152,-0.0466504287187576,-2.00483293980907,-4.23997885484958,0.230312975231437,-2.09817744457231,-4.61509560476234,0.418740715617725
"Kerguelen","KER1","CAT1-S1-1A",26,37.3,38.7,38,1.02222515587494,0.0511112577937471,-1.03293903502901,-0.0516469517514505,-1.925787454571,-4.1580054542522,0.30643054511019,-2.00039041795364,-4.45684958435227,0.456068748444996
"Kerguelen","KER1","CAT1-S1-1A",27,38.8,40.1,39.4,0.97875045154371,0.0489375225771855,-1.02430364099384,-0.051215182049692,-1.94341902742477,-4.17623184223774,0.289393787388197,-2.02220240479624,-4.49210534954767,0.447700539955181
"Kerguelen","KER1","CAT1-S1-1A",28,40.2,41.6,40.9,0.969589037083991,0.0484794518541995,-0.848240198540677,-0.0424120099270339,-1.94713452472314,-4.18007695723402,0.28580790778774,-2.02679883977445,-4.49953791754384,0.445940237994945
"Kerguelen","KER1","CAT1-S1-1B",36,45.1,46.2,45.6,0.782878465784852,0.0391439232892426,-1.01356034508677,-0.0506780172543385,-2.02285674275935,-4.25876430396487,0.213050818446168,-2.12047465855689,-4.65124474043271,0.410295423318932
"Kerguelen","KER1","CAT1-S1-1B",40,50.7,52.1,51.4,0.953981493467956,0.0476990746733978,-0.902749662190171,-0.0451374831095086,-1.95346430997568,-4.18663098505397,0.279702365102601,-2.03462940564569,-4.51220265531907,0.4429438440277
"Kerguelen","KER1","CAT1-S1-1B",41,52.3,53.6,53,0.675781183366413,0.0337890591683206,-1.04185204349921,-0.0520926021749607,-2.06629104706225,-4.30417713815105,0.171595044026558,-2.1742071577406,-4.73845473795016,0.39004042246896
"Kerguelen","KER1","CAT1-S1-1B",46,59.9,61.2,60.5,1.65859371864602,0.0829296859323009,-0.461664701898514,-0.0230832350949257,-1.66770223354548,-3.89505952605308,0.559655058962126,-1.68111365847397,-3.94385670339459,0.581629386446648
"Kerguelen","KER1","CAT1-S1-1B",49,64.4,65.8,65.1,1.78902849189601,0.0894514245948003,0.65536074024642,0.032768037012321,-1.61480319161756,-3.84205568222654,0.61244929899142,-1.61567234951713,-3.83949817501239,0.608153475978123
"Kerguelen","KER1","CAT1-S1-1B",51,67.6,68.9,68.3,1.80965723677409,0.0904828618387044,-0.28844935856733,-0.0144224679283665,-1.60643701124222,-3.83370073781623,0.620826715331794,-1.60532256292785,-3.82302066809168,0.612375542235969
"Kerguelen","KER1","CAT1-S1-1B",57,76.5,77.9,77.2,2.4915869398473,0.124579346992365,-1.08775568727684,-0.054387784363842,-1.32987404374561,-3.56178006041966,0.902031972928445,-1.26318701675621,-3.28300648908088,0.756632455568456
"Kerguelen","KER1","CAT1-S1-1C",69,86.1,87.5,86.8,2.48586503398063,0.124293251699031,-1.14017951723107,-0.0570089758615535,-1.33219461617278,-3.56402726090615,0.899638028560587,-1.26605779270278,-3.28749597601479,0.75538039060922
"Kerguelen","KER1","CAT1-S1-1C",73,92.4,93.7,93.1,2.37193797375113,0.118596898687556,-1.01726720178603,-0.0508633600893013,-1.37839880072911,-3.6088915371138,0.852093935655574,-1.32321690573113,-3.37704296583979,0.730609154377527
"Kerguelen","KER1","CAT1-S1-1C",80,103.1,104.5,103.8,2.18686362014835,0.109343181007417,-1.03673586018557,-0.0518367930092784,-1.45345743537903,-3.68226534818489,0.775350477426826,-1.4160718067083,-3.52312778785293,0.690984174436333
"Kerguelen","KER1","CAT1-S1-1C",86,112.2,113.6,112.9,2.7862525671041,0.139312628355205,-1.01324726399838,-0.0506623631999192,-1.21036964332702,-3.44683773089509,1.02609844424105,-1.11534833944802,-3.05289714778438,0.822200468888344
"Kerguelen","KER1","CAT1-S1-1C",93,122.9,124.1,123.5,2.81131675796935,0.140565837898467,-1.1614984726203,-0.0580749236310149,-1.20020462635774,-3.43713154451394,1.03672229179846,-1.10277321536648,-3.03342737159773,0.827880940864778
"Kerguelen","KER1","CAT1-S1-1D",105,130.3,131.4,130.8,2.73870332628679,0.13693516631434,-0.902533180479528,-0.0451266590239764,-1.22965368255186,-3.4652817632297,1.00597439812598,-1.13920458944528,-3.08987929074251,0.811470111851948
"Kerguelen","KER1","CAT1-S1-1D",108,134.6,135.8,135.2,2.7714762239763,0.138573811198815,-0.907089876044021,-0.045354493802201,-1.21636232744938,-3.45256510476855,1.01984044986978,-1.12276187812167,-3.06438324927655,0.818859493033197
"Kerguelen","KER1","CAT1-S1-1D",110,137.6,138.8,138.2,2.37621045357229,0.118810522678614,-0.70337967751064,-0.035168983875532,-1.37666605658762,-3.607204881622,0.85387276844676,-1.32107333109209,-3.37367943318384,0.731532770999665
"Kerguelen","KER1","CAT1-S1-1D",114,143.4,144.6,144,2.5574203323182,0.12787101661591,-0.497788966006883,-0.0248894483003442,-1.30317469585085,-3.5359666572941,0.929617265592398,-1.2301573018342,-3.23140881164383,0.771094207975433
"Kerguelen","KER1","CAT1-S1-1D",117,147.8,148.9,148.4,1.98056680926335,0.0990283404631674,-0.226774601985807,-0.0113387300992903,-1.53712303602133,-3.76477197005924,0.690525898016582,-1.51957436972546,-3.68680233177777,0.647653592326858
"Kerguelen","KER1","CAT1-S1-1D",119,150.7,151.8,151.3,2.40399270893688,0.120199635446844,-0.584253663075913,-0.0292126831537957,-1.36539870314524,-3.59624513631911,0.865447730028618,-1.30713450855627,-3.35181776016532,0.73754874305279
"Kerguelen","KER1","CAT1-S1-1D",123,156.5,157.7,157.1,2.55893300690449,0.127946650345225,-0.939368071932927,-0.0469684035966463,-1.30256121652805,-3.53537443737749,0.9302520043214,-1.2293983676751,-3.23022446165538,0.77142772630517
"Kerguelen","KER1","CAT1-S1-1D",124,158,159.2,158.6,2.81879777922526,0.140939888961263,-0.860143881879407,-0.0430071940939704,-1.19717062823577,-3.43423664072193,1.03989538425038,-1.09901986178505,-3.02761942531868,0.829579701748588
"Kerguelen","KER1","CAT1-S1-1E",132,161.5,162.7,162.1,2.79626698727454,0.139813349363727,-1.08357919350913,-0.0541789596754567,-1.2063082015866,-3.44295828721065,1.03034188403746,-1.11032393722713,-3.04511595409493,0.824468079640667
"Kerguelen","KER1","CAT1-S1-1E",137,168.8,170,169.4,2.46905214205233,0.123452607102616,-0.801031994081185,-0.0400515997040592,-1.33901324170403,-3.57063365561865,0.892607172210584,-1.27449310199741,-3.30069206272633,0.751705858731509
"Kerguelen","KER1","CAT1-S1-1E",144,179,180.2,179.6,2.5657990096798,0.12828995048399,0.148480978327414,0.00742404891637069,-1.29977664490164,-3.53268687138146,0.933133581578171,-1.22595357915957,-3.22484941795056,0.772942259631408
"Kerguelen","KER1","CAT1-S1-1E",145,180.4,181.6,181,1.66445458169547,0.0832227290847736,-0.152996885762513,-0.00764984428812564,-1.6653253057335,-3.89267137361411,0.562020762147103,-1.67817316538293,-3.93916128502538,0.582814954259517
"Kerguelen","KER1","CAT1-S1-1E",146,181.9,183,182.4,0.982282743429585,0.0491141371714792,0.5923118182664,0.02961559091332,-1.9419864734216,-4.17474970975666,0.290776762913464,-2.0204301948336,-4.48923992435432,0.448379534687123
"Kerguelen","KER1","CAT1-S1-1E",147,183.3,184.4,183.8,1.78782761127324,0.0893913805636622,0.396887364526461,0.019844368226323,-1.61529021998301,-3.842542290456,0.611961850489978,-1.61627485142591,-3.84045762832109,0.607907925469264
"Kerguelen","KER1","CAT1-S1-1E",151,189,190.3,189.7,2.75204234020886,0.137602117010443,-0.3971702121086,-0.01985851060543,-1.22424392072869,-3.46010362396306,1.01161578250567,-1.13251218289215,-3.07949863420945,0.814474268425144
"Kerguelen","KER1","CAT1-S1-1E",157,198.4,199.7,199,2.41902026618913,0.120951013309457,-0.872321412941484,-0.0436160706470742,-1.35930413678572,-3.59032267075628,0.871714397184841,-1.29959493155154,-3.33999998728383,0.740810124180746
"Kerguelen","KER1","CAT1-S1-1E",161,204.5,205.8,205.2,2.28859068093963,0.114429534046982,-0.683783288090052,-0.0341891644045026,-1.41220107467153,-3.64185963132069,0.817457481977623,-1.3650336376017,-3.44273972722736,0.712672452023958
"Kerguelen","KER1","CAT1-S1-1F",170,210.3,211.7,211,2.57377016061941,0.12868850803097,-1.11017811997412,-0.055508905998706,-1.29654387010347,-3.52956776367611,0.936480023469171,-1.22195431931204,-3.21861065168632,0.774702013062234
"Kerguelen","KER1","CAT1-S1-1F",177,220.9,222.2,221.6,2.66813388878314,0.133406694439157,-0.917855165713121,-0.0458927582856561,-1.25827377779426,-3.4927287464729,0.976181190884383,-1.17461045743215,-3.14487470180906,0.795653786944746
"Kerguelen","KER1","CAT1-S1-1F",179,224,225.4,224.7,2.61324692465967,0.130662346232983,-0.380963355272806,-0.0190481677636403,-1.28053369931763,-3.51413710781097,0.95306970917571,-1.20214816603094,-3.18773645137819,0.783440119316305
"Kerguelen","KER1","CAT1-S1-1F",180,225.6,226.8,226.2,1.79689247417981,0.0898446237089906,0.363873664425906,0.0181936832212953,-1.61161388006983,-3.83886975813804,0.615641997998377,-1.61172685797801,-3.83321581411312,0.609762098157105
"Kerguelen","KER1","CAT1-S1-1F",185,233.2,234.5,233.8,1.50185740196384,0.075092870098192,0.557184386370749,0.0278592193185375,-1.73126811234612,-3.95915295128262,0.496616726590378,-1.75975089200599,-4.06963560463336,0.550133820621384
"Kerguelen","KER1","CAT1-S1-1F",186,234.7,235.9,235.3,1.79637467605059,0.0898187338025297,0.469514534906993,0.0234757267453497,-1.61182387794283,-3.83907949901885,0.615431743133188,-1.61198664596634,-3.83362943781019,0.609656145877513
"Kerguelen","KER1","CAT1-S1-1F",188,237.8,239.1,238.4,2.14566484384428,0.107283242192214,-0.164404036327014,-0.00822020181635071,-1.47016598434021,-3.69868182170829,0.758349853027861,-1.43674192236519,-3.55574620036842,0.682262355638032
"Kerguelen","KER1","CAT1-S1-1F",191,242.3,243.6,242.9,2.40725313122714,0.120362656561357,-0.502779130638648,-0.0251389565319324,-1.3640764083987,-3.59495984034585,0.866807023548457,-1.30549870012029,-3.34925330399447,0.738255903753889
"Kerguelen","KER3","CAT2-S3-1A",6,7.9,9.1,8.5,2.56386939551973,0.128193469775987,-0.739896141230825,-0.0369948070615413,-1.30055921796721,-3.53344209771794,0.932323661783527,-1.22692169888156,-3.22635989860407,0.772516500840946
"Kerguelen","KER3","CAT2-S3-1A",9,12.3,13.5,12.9,2.78472084466354,0.139236042233177,-1.05575081518264,-0.052787540759132,-1.21099084768523,-3.44743125422495,1.02544955885449,-1.11611683023442,-3.05408753142646,0.821853870957629
"Kerguelen","KER3","CAT2-S3-1A",13,18.1,19.3,18.7,2.89190566779417,0.144595283389708,-0.72566309452794,-0.036283154726397,-1.16752104042795,-3.40599820771739,1.07095612686149,-1.06234041041014,-2.97094227368318,0.846261452862898
"Kerguelen","KER3","CAT2-S3-1A",15,21,22.1,21.6,2.7647131130166,0.13823565565083,-0.877371414847949,-0.0438685707423974,-1.21910517033787,-3.45518779997875,1.01697745930301,-1.12615504409111,-3.06964236077303,0.817332272590812
"Kerguelen","KER3","CAT2-S3-1A",20,28.2,29.4,28.8,2.87258439726245,0.143629219863123,-0.540349584696971,-0.0270174792348485,-1.17535696235653,-3.41345204033099,1.06273811561794,-1.07203421523534,-2.98590679848362,0.841838368012945
"Kerguelen","KER3","CAT2-S3-1A",21,29.6,30.7,30.2,2.72397802013378,0.136198901006689,-0.366511721894439,-0.0183255860947219,-1.23562566815187,-3.4710017011455,0.999750364841755,-1.14659252201443,-3.10134420270904,0.808159158680178
"Kerguelen","KER3","CAT2-S3-1A",22,31,32.1,31.6,2.55392385823883,0.127696192911941,-0.112073045661675,-0.00560365228308373,-1.30459272360768,-3.53733570011168,0.928150252896309,-1.2319115414038,-3.23414659195211,0.770323509144507
"Kerguelen","KER3","CAT2-S3-1A",27,38.2,39.3,38.7,1.8855977599374,0.09427988799687,0.0381497516567271,0.00190748758283636,-1.57563862198796,-3.80300915699206,0.65173191301614,-1.56722193136429,-3.76242801824849,0.627984155519903
"Kerguelen","KER3","CAT2-S3-1A",28,39.5,40.7,40.1,1.81338488250387,0.0906692441251933,-0.0599566923197932,-0.00299783461598966,-1.60492522966098,-3.83219179685942,0.622341337537452,-1.60345234067189,-3.82004396583516,0.61313928449138
"Kerguelen","KER3","CAT2-S3-1A",32,45.1,47,46.1,2.30155151809004,0.115077575904502,-0.238580987182907,-0.0119290493591453,-1.40694468597428,-3.63672484904865,0.8228354771001,-1.35853096866484,-3.43251358460188,0.715451647272198
"Kerguelen","KER3","CAT2-S3-1B",38,46.4,47.6,47,2.2075805163629,0.110379025818145,-0.120558961193949,-0.00602794805969745,-1.44505550440492,-3.67402171230926,0.783910703499407,-1.40567779311804,-3.50673885623063,0.695383269994553
"Kerguelen","KER3","CAT2-S3-1B",42,51.6,52.7,52.2,2.06459418021564,0.103229709010782,-0.269793707709838,-0.0134896853854919,-1.5030449500298,-3.731074366966,0.724984466906397,-1.4774164312685,-3.62003334540473,0.665200482867725
"Kerguelen","KER3","CAT2-S3-1B",45,55.3,56.5,55.9,1.04451563490866,0.0522257817454331,-0.867506190260804,-0.0433753095130402,-1.91674734237072,-4.14867336070521,0.315178675963767,-1.98920691152437,-4.43878274518746,0.46036892213873
"Kerguelen","KER3","CAT2-S3-1B",47,58.1,59.3,58.7,2.87870481333273,0.143935240666636,-0.587316428041798,-0.0293658214020899,-1.17287477038999,-3.4110901726693,1.06534063188931,-1.06896350004936,-2.98116534672636,0.843238346627643
"Kerguelen","KER3","CAT2-S3-1B",52,64.6,65.7,65.1,2.7610627984925,0.138053139924625,-0.441921845581233,-0.0220960922790616,-1.22058558952555,-3.45660370601336,1.01543252696225,-1.12798646798682,-3.07248141243954,0.8165084764659
"Kerguelen","KER3","CAT2-S3-1B",55,68.3,69.4,68.9,2.22068880606145,0.111034440303073,0.456854091109617,0.0228427045554808,-1.43973931494801,-3.66880962961944,0.789330999723429,-1.39910114476971,-3.49637366631142,0.698171376771999
"Kerguelen","KER3","CAT2-S3-1B",56,69.5,70.7,70.1,2.62340930179702,0.131170465089851,0.0204976498647474,0.00102488249323737,-1.2764122522458,-3.51016930798732,0.957344803495721,-1.19704953132326,-3.17979485134583,0.785695788699311
"Kerguelen","KER3","CAT2-S3-1B",62,77.2,78.2,77.7,2.78605535221827,0.139302767610914,-1.15970863433846,-0.0579854317169229,-1.21044962566803,-3.44691414688219,1.02601489554612,-1.11544728545722,-3.05305041052604,0.822155839611604
"Kerguelen","KER3","CAT2-S3-1B",65,80.8,81.9,81.4,3.1439868151789,0.157199340758945,-1.05467838352902,-0.0527339191764512,-1.06528717400963,-3.30934951533329,1.17877516731402,-0.935867079432814,-2.77669343972054,0.904959280854916
"Kerguelen","KER3","CAT2-S3-1B",68,84.5,85.6,85.1,2.66200202290814,0.133100101145407,-0.775414512440928,-0.0387707256220464,-1.26076061333616,-3.49511780385414,0.973596577181825,-1.17768691717682,-3.14965936177005,0.794285527416418
"Kerguelen","KER3","CAT2-S3-1C",78,89.2,90.2,89.7,2.22893896287682,0.111446948143841,-0.891531448323915,-0.0445765724161957,-1.43639338670806,-3.66553079336529,0.792744019949177,-1.39496190300431,-3.4898518325564,0.699928026547786
"Kerguelen","KER3","CAT2-S3-1C",83,95.7,96.8,96.2,2.50503022918077,0.125251511459038,-1.22023954331355,-0.0610119771656776,-1.32442199205432,-3.55650267678328,0.907658692674635,-1.25644229348383,-3.27246174400831,0.759577157040661
"Kerguelen","KER3","CAT2-S3-1C",85,98.3,99.3,98.8,2.74581164387613,0.137290582193806,-1.09563179439001,-0.0547815897195005,-1.22677083788685,-3.4625219587016,1.0089802829279,-1.13563822753169,-3.0843468897902,0.813070434726826
"Kerguelen","KER3","CAT2-S3-1C",89,103.5,104.7,104.1,2.31238289070769,0.115619144535385,-1.33303612606442,-0.066651806303221,-1.40255192152994,-3.63243600318519,0.827332160125311,-1.35309668772704,-3.42397040739919,0.7177770319451
"Kerguelen","KER3","CAT2-S3-1C",91,106.1,107.2,106.7,2.13136744795033,0.106568372397516,-0.828123561666383,-0.0414061780833192,-1.47596442693347,-3.70438597260813,0.752457118741197,-1.44391516519501,-3.56707406150723,0.679243731117209
"Kerguelen","KER3","CAT2-S3-1C",96,112.8,113.9,113.3,2.27742297962024,0.113871148981012,-0.467331258309796,-0.0233665629154898,-1.41673024036572,-3.64628641188999,0.81282593115854,-1.37063666027863,-3.45155400491173,0.710280684354459
"Kerguelen","KER3","CAT2-S3-1C",101,118.9,119.9,119.4,2.34268656685278,0.117134328342639,-0.452007798826625,-0.0226003899413312,-1.39026198231337,-3.62044788865971,0.839923924032966,-1.3378928261821,-3.40008227244173,0.724296620077525
"Kerguelen","KER3","CAT2-S3-1D",110,122.4,123.5,123,2.72678798780534,0.136339399390267,-0.253875304041593,-0.0126937652020796,-1.23448605948794,-3.46990989414783,1.00093777517196,-1.14518271420037,-3.09915596480414,0.808790536403398
"Kerguelen","KER3","CAT2-S3-1D",115,128.9,130,129.5,2.32111763544004,0.116055881772002,-0.81394143515222,-0.040697071757611,-1.3990094641291,-3.6289788687229,0.830959940464705,-1.34871432009266,-3.417082804916,0.719654164730677
"Kerguelen","KER3","CAT2-S3-1D",117,131.4,132.4,131.9,2.41082447584526,0.120541223792263,-0.831468453838661,-0.041573422691933,-1.3626280161948,-3.59355219189864,0.868296159509052,-1.30370689674821,-3.3464445728453,0.739030779348882
"Kerguelen","KER3","CAT2-S3-1D",121,136.5,137.6,137.1,2.35545157360934,0.117772578680467,-0.694766453623302,-0.0347383226811651,-1.38508501446346,-3.61540294782266,0.84523291889574,-1.33148840863164,-3.39002581148927,0.727048994225978
"Kerguelen","KER3","CAT2-S3-1D",124,140.5,141.6,141,2.65037010008514,0.132518505004257,-0.752861649388295,-0.0376430824694148,-1.26547804840186,-3.49965158395175,0.968695487148028,-1.18352284755225,-3.15873830557085,0.791692610466358
"Kerguelen","KER3","CAT2-S3-1D",130,148.3,149.4,148.9,2.49176167319066,0.124588083659533,-0.0689510332325397,-0.00344755166162699,-1.32980317900436,-3.5617114454205,0.902105087411779,-1.26309935011316,-3.2828694030307,0.756670702804374
"Kerguelen","KER3","CAT2-S3-1D",133,152.3,153.4,152.8,2.35691020867035,0.117845510433518,0.0412624931641136,0.00206312465820568,-1.38449345137543,-3.61482665563678,0.84583975288592,-1.3307565870069,-3.38887690837777,0.727363734363969
"Kerguelen","KER3","CAT2-S3-1D",134,153.6,154.8,154.2,2.09343674498514,0.104671837249257,0.0836544102160559,0.0041827205108028,-1.49134757819379,-3.71953662321422,0.736841466826636,-1.46294563375678,-3.59714673174947,0.671255464235917
"Kerguelen","KER3","CAT2-S3-1D",136,156.4,157.6,157,2.36180851623827,0.118090425811913,0.0110299677587067,0.000551498387935334,-1.38250689693941,-3.61289165983975,0.847877865960922,-1.3282990241122,-3.38501907334232,0.728421025117922
"Kerguelen","KER3","CAT2-S3-1D",139,160.4,161.5,160.9,2.58135498052811,0.129067749026405,-0.119778068036128,-0.00598890340180638,-1.29346777546729,-3.5266008719844,0.939665321049826,-1.21814888820913,-3.21267569718386,0.77637792076561
"Kerguelen","KER3","CAT2-S3-1D",141,163,164.1,163.5,2.5057962064791,0.125289810323955,-0.414231687706892,-0.0207115843853446,-1.32411134279868,-3.55620207634894,0.907979390751592,-1.25605798985232,-3.27186105023045,0.759745070525802
"Kerguelen","KER3","CAT2-S3-1D",142,164.3,165.5,164.9,2.62168570596357,0.131084285298178,-0.451480828825599,-0.0225740414412799,-1.27711127265262,-3.51084214027647,0.956619594971229,-1.19791428820245,-3.18114160966804,0.785313033263138
"Kerguelen","KER3","CAT2-S3-1E",150,166.5,167.5,167,2.787773363311,0.13938866816555,-0.197568110674996,-0.00987840553374982,-1.20975287020504,-3.4462484822644,1.02674274185432,-1.11458533053593,-3.05171531762753,0.822544656555677
"Kerguelen","KER3","CAT2-S3-1E",152,169.1,170.2,169.6,2.79401075270854,0.139700537635427,-0.336459438468165,-0.0168229719234083,-1.20722323861187,-3.4438321660615,1.02938568883777,-1.11145592787375,-3.04686881108612,0.823956955338611
"Kerguelen","KER3","CAT2-S3-1E",156,174.6,175.7,175.1,2.6264196226849,0.131320981134245,-0.411441881559774,-0.0205720940779887,-1.27519138846157,-3.50899430874508,0.958611531821934,-1.19553920294705,-3.17744286844611,0.786364462551999
"Kerguelen","KER3","CAT2-S3-1E",158,177.2,178.3,177.8,2.2484033380874,0.11242016690437,-0.370372036932039,-0.0185186018466019,-1.42849942733887,-3.65779992423525,0.800801069557515,-1.38519630016644,-3.47447076422026,0.704078163887387
"Kerguelen","KER3","CAT2-S3-1E",159,178.6,179.6,179.1,2.77894496535195,0.138947248267597,-0.188010891194764,-0.00940054455973819,-1.21333330954767,-3.44966970744996,1.02300308835461,-1.11901468556171,-3.05857684107304,0.820547469949615
"Kerguelen","KER3","CAT2-S3-1E",163,183.8,184.9,184.3,2.43639495747168,0.121819747873584,0.683180086446322,0.0341590043223161,-1.35225766827323,-3.58348018209775,0.878964845551296,-1.29087775811749,-3.32634286541647,0.744587349181478
"Kerguelen","KER3","CAT2-S3-1E",165,186.4,187.5,187,2.94987122082266,0.147493561041133,0.828894421531478,0.0414447210765739,-1.14401256838766,-3.38367540756012,1.0956502707848,-1.03325812222828,-2.92611042027459,0.859594175818028
"Kerguelen","KER3","CAT2-S3-1E",168,190.4,191.5,190.9,2.10615418084617,0.105307709042309,0.246152813471892,0.0123076406735946,-1.48618990316538,-3.714454043546,0.742074237215241,-1.45656508332085,-3.58706071020347,0.673930543561779
"Kerguelen","KER3","CAT2-S3-1E",171,194,195,194.5,1.86627442497804,0.0933137212489018,0.757827611683951,0.0378913805841976,-1.58347538116447,-3.81080897547661,0.643858213147681,-1.5769167719474,-3.77783609366935,0.624002549774548
"Kerguelen","KER3","CAT2-S3-1E",174,197.7,198.6,198.1,1.13223517886431,0.0566117589432154,0.0952066645037981,0.00476033322518991,-1.88117186109385,-4.11203446108382,0.349690738896116,-1.94519654807203,-4.36774889573646,0.47735579959239
"Kerguelen","KER3","CAT2-S3-1E",177,201.6,202.7,202.1,2.56024141033105,0.128012070516553,1.23457443789679,0.0617287218948397,-1.30203058128412,-3.53486222337137,0.93080106080314,-1.22874191977594,-3.22920009081715,0.771716251265266
"Kerguelen","KER3","CAT2-S3-1E",181,207,208.1,207.5,2.53411895890883,0.126705947945441,0.334799952172586,0.0167399976086293,-1.31262478571759,-3.54509438794982,0.919844816514631,-1.24184799089208,-3.2496596443422,0.765963662558045
"Marion Island","PB1","PB1_1A",4,5,6.3,5.7,2.605212303616,0.1302606151808,-2.09533829117734,-0.104766914558867,-1.28379221500999,-3.51727543997819,0.949691009958223,-1.20617926989204,-3.1940170908464,0.781658551062319
"Marion Island","PB1","PB1_1A",7,9.8,11.1,10.4,2.29237538502041,0.114618769251021,-1.62861413161826,-0.0814307065809131,-1.41066615254252,-3.64035991066204,0.819027605576998,-1.363134788216,-3.43975320563878,0.713483629206792
"Marion Island","PB1","PB1_1A",9,12.6,13.8,13.2,2.57887599501524,0.128943799750762,-1.54537506342721,-0.0772687531713606,-1.2944731512219,-3.52757044430401,0.938624141860204,-1.2193926367342,-3.21461529368515,0.775830020216753
"Marion Island","PB1","PB1_1A",14,19.4,20.7,20.1,2.18901265456571,0.109450632728286,-1.20516384802149,-0.0602581924010743,-1.45258587437642,-3.68140985233052,0.776238103577673,-1.41499360017057,-3.52142729147728,0.691440091136146
"Marion Island","PB1","PB1_1A",16,22.3,23.5,22.9,2.28535409781864,0.114267704890932,-1.06172233674497,-0.0530861168372485,-1.41351370122007,-3.64314235661654,0.816114954176395,-1.36665748552743,-3.44529397152887,0.711979000474007
"Marion Island","PB1","PB1_1A",17,23.7,24.9,24.3,2.39645626332401,0.1198228131662,-1.18257414326317,-0.0591287071631583,-1.36845517913343,-3.59921681257696,0.862306454310111,-1.31091566946527,-3.3577464104708,0.73591507154026
"Marion Island","PB1","PB1_1A",22,30.4,31.6,31,2.56426847964282,0.128213423982141,-1.09925517611876,-0.0549627588059382,-1.30039736566943,-3.53328589587943,0.932491164540565,-1.22672147169714,-3.22604749251948,0.772604549125201
"Marion Island","PB1","PB1_1A",28,38.5,39.8,39.2,1.697474723205,0.0848737361602498,-0.962307917164298,-0.0481153958582149,-1.65193367858795,-3.87922796346582,0.575360606289917,-1.66160640769645,-3.91271811761951,0.589505302226605
"Marion Island","PB1","PB1_1A",32,44,45.3,44.7,1.05721713604882,0.0528608568024408,-0.84901928460296,-0.042450964230148,-1.91159612981736,-4.1433597135532,0.320167453918484,-1.98283435580462,-4.42849088697511,0.462822175365875
"Marion Island","PB1","PB1_1B",39,46.4,47.6,47,1.12136259770854,0.0560681298854271,-0.948072861242129,-0.0474036430621064,-1.88558133804615,-4.11656832894812,0.345405652855828,-1.95065150402315,-4.37654768431242,0.475244676266115
"Marion Island","PB1","PB1_1B",41,49.3,50.5,49.9,0.506490708607693,0.0253245354303846,-1.05662642275217,-0.0528313211376087,-2.13494838205907,-4.37637338265558,0.106476618537441,-2.25914302251113,-4.87657719469748,0.35829114967523
"Marion Island","PB1","PB1_1B",42,50.6,51.8,51.2,0.446129033850264,0.0223064516925132,-1.02557821776972,-0.0512789108884861,-2.15942862367158,-4.40223695542903,0.0833797080858751,-2.28942748507068,-4.92590195600721,0.34704698586585
"Marion Island","PB1","PB1_1B",44,53.3,54.5,53.9,0.206130523740666,0.0103065261870333,-1.09941525070608,-0.0549707625353038,-2.25676226356371,-4.50569953509264,-0.00782499203477682,-2.40983875468788,-5.12239248455069,0.30271497517492
"Marion Island","PB1","PB1_1B",45,54.7,55.8,55.2,0.262396303165219,0.013119815158261,-1.12122745895634,-0.0560613729478168,-2.23394315060231,-4.4813536082623,0.0134673070576867,-2.38160927137393,-5.07627459340042,0.313056050652555
"Marion Island","PB1","PB1_1B",46,56,57.7,56.8,0.111462372858152,0.00557311864290762,-1.08504211259295,-0.0542521056296476,-2.29515581735304,-4.54678578603776,-0.0435258486683239,-2.45733535054121,-5.20005601423252,0.285385313150101
"Marion Island","PB1","PB1_1B",52,64.3,65.4,64.9,0.371668221233336,0.0185834110616668,-0.89750270201263,-0.0448751351006315,-2.18962690247765,-4.43422940899613,0.0549756040408313,-2.32678572108572,-4.98680111370827,0.333229671536822
"Marion Island","PB1","PB1_1B",54,66.9,68.1,67.5,0.677416374683437,0.0338708187341719,-0.742604941921484,-0.0371302470960742,-2.0656278799337,-4.30348224366775,0.17222648380036,-2.17338675488702,-4.73712218232599,0.39034867255196
"Marion Island","PB1","PB1_1B",57,70.8,72,71.4,0.431564869292307,0.0215782434646154,-0.75909030998157,-0.0379545154990785,-2.16533525679095,-4.40848690299613,0.0778163894142203,-2.2967345702044,-4.9378089439002,0.344339803491395
"Marion Island","PB1","PB1_1B",62,77.7,78.9,78.3,0.707757778121148,0.0353878889060574,-0.734568309729729,-0.0367284154864865,-2.05332264006083,-4.29059683276073,0.183951552639068,-2.15816396492789,-4.71240188763248,0.396073957776709
"Marion Island","PB1","PB1_1B",64,80.4,81.5,81,1.12602532316496,0.0563012661582478,-0.607129969146196,-0.0303564984573098,-1.88369032613827,-4.11462371464616,0.347243062369619,-1.94831213661697,-4.37277411062526,0.476149837391318
"Marion Island","PB1","PB1_1B",65,81.7,82.8,82.3,0.901587046225363,0.0450793523112682,-0.680436346767465,-0.0340218173383732,-1.97471336797162,-4.20866436209303,0.259237626149788,-2.06091657680559,-4.55474081757353,0.43290766396236
"Marion Island","PB1","PB1_1B",66,83,84.1,83.6,0.993960199013866,0.0496980099506933,-0.66741055508921,-0.0333705277544605,-1.9372505721188,-4.16985147970618,0.295350335468574,-2.0145714199097,-4.47976822325177,0.450625383432364
"Marion Island","PB1","PB1_1B",67,84.3,85.4,84.9,0.875260275016502,0.0437630137508251,-0.893150329991372,-0.0446575164995686,-1.98539043620507,-4.21975386234741,0.248972989937269,-2.07412515857859,-4.57612812571673,0.42787780855956
"Marion Island","PB1","PB1_1B",68,85.6,86.6,86.1,0.774573863630953,0.0387286931815477,-0.510365045477708,-0.0255182522738854,-2.02622475181543,-4.2622785028054,0.209828999174544,-2.12464121645993,-4.65800237312584,0.408719940205966
"Marion Island","PB1","PB1_1C",77,89.2,90.3,89.7,0.82011044706954,0.041005522353477,-0.314523949148712,-0.0157261974574356,-2.00775696460998,-4.24302407303092,0.22751014381096,-2.10179475035743,-4.62095849731717,0.417368996602305
"Marion Island","PB1","PB1_1C",79,91.8,92.9,92.4,0.855042068657174,0.0427521034328587,-0.207835916401351,-0.0103917958200676,-1.99359011884537,-4.22827859988172,0.241098362190987,-2.08426897112141,-4.59255881875146,0.424020876508633
"Marion Island","PB1","PB1_1C",81,94.5,95.6,95.1,0.74070129550586,0.037035064775293,-0.223484667456015,-0.0111742333728007,-2.03996208854558,-4.27662471165073,0.196700534559577,-2.14163565084736,-4.68557373365539,0.40230243196067
"Marion Island","PB1","PB1_1C",84,98.5,99.6,99.1,1.07658085710391,0.0538290428551953,-0.151801988736479,-0.00759009943682395,-1.9037429916821,-4.13526444819443,0.327778464830241,-1.9731192528413,-4.41280485527242,0.466566349589816
"Marion Island","PB1","PB1_1C",86,101.2,102.3,101.8,0.81384091215965,0.0406920456079825,-0.311382115040125,-0.0155691057520062,-2.01029963311626,-4.24567287480062,0.225073608568096,-2.1049402809612,-4.62605725603996,0.416176694117557
"Marion Island","PB1","PB1_1C",87,102.6,103.7,103.1,0.793706328602792,0.0396853164301396,-0.119621803725599,-0.00598109018627994,-2.0184654017471,-4.2541841825232,0.217253379028999,-2.11504213854435,-4.64243512091871,0.412350843830005
"Marion Island","PB1","PB1_1C",88,103.9,105,104.4,0.958236139235463,0.0479118069617732,-0.0859306308609297,-0.00429653154304648,-1.95173879860141,-4.1848439170166,0.281366319813785,-2.03249477864986,-4.50874991404053,0.4437603567408
