"Location","Site","Section","sample","min_depth","max_depth","midpoint","SH20_age","Sr","Sr_sd","Sr_ICP","Sr_ICP_sd","fit","lwr","upr"
"Bird Island","BI10","BI10.1",1,0,1.1,0.6,-55.4909090909091,0.00078855167872104,0.00121440553124714,26.58846642,0.463509298,97.5310672668951,-4.07890396373071,199.141038497521
"Bird Island","BI10","BI10.1",4,3.9,5,4.5,5.21666666666667,0.00010219452499716,0.00014002027351542,25.05462045,0.186955871,95.3877096605362,-6.2272866940278,197.0027060151
"Bird Island","BI10","BI10.1",10,11.7,12.8,12.3,132.083333333333,0.00028110458139735,0.00054482359629033,46.4043754,0.519109914,95.9464103721976,-5.66725945239804,197.560080196793
"Bird Island","BI10","BI10.1",22,26.7,27.8,27.2,382.866666666667,0.00607563015240897,0.00144861792285657,121.9608593,0.839622095,114.041567376804,12.4645107867979,215.618623966811
"Bird Island","BI10","BI10.1",30,36.3,37.2,36.7,541.72,0.00910065661283586,0.00287301850356145,150.558177,2.59385652,123.488126559899,21.9252865115473,225.05096660825
"Bird Island","BI10","BI10.1",34,40.9,41.9,41.4,618.7,0.00365702627736381,0.00244098234533608,145.2111951,2.397227724,106.488745956905,4.89790553875048,208.079586375059
"Bird Island","BI10","BI10.2",45,44,45,44.5,670.06,0.00864283094916737,0.00189286225187321,165.8736664,2.61051165,122.058427585704,20.4936517621153,223.623203409293
"Bird Island","BI10","BI10.2",51,51.9,52.9,52.4,800.245454545455,0.00666861313434669,0.0022233365336204,110.8952002,2.069414432,115.893335917253,14.3193309539438,217.467340880562
"Bird Island","BI10","BI10.2",54,55.3,56.3,55.8,856.145454545455,0.00313659776892014,0.00211668290739313,153.965778,1.949345735,104.863550683443,3.26946356506315,206.457637801823
"Bird Island","BI10","BI10.2",62,64.4,65.4,64.9,1005.71818181818,0.0146458337441863,0.0046217152022715,97.81476508,1.178390202,140.804617717021,39.2591086425017,242.350126791541
"Bird Island","BI10","BI10.2",67,70.1,71.2,70.6,1100.56666666667,0.0104476707630153,0.00198190814840984,168.0404108,1.955006557,127.69458526583,26.1369941064016,229.252176425259
"Bird Island","BI10","BI10.2",71,74.7,75.8,75.2,1174.81666666667,0.00977149048907702,0.00258756889327168,114.9998151,1.529219743,125.58300804171,24.0228653419145,227.143150741505
"Bird Island","BI10","BI10.2",81,86.5,87.5,87,1349.67272727273,0.00960812434758569,0.00251783437314418,209.897137,2.629036009,125.072847901195,23.5120635518937,226.633632250497
"Bird Island","BI10","BI10.3",88,84.8,85.8,85.3,1324,0.00940245263679472,0.00201882629301144,130.9618352,0.711514938,124.430575837234,22.8689697342145,225.992181940254
"Bird Island","BI10","BI10.3",95,93,94,93.5,1444.54545454545,0.0176094833102687,0.00904827624178977,119.867266,2.07053159,150.059509001509,48.518628863082,251.600389139935
"Bird Island","BI10","BI10.3",98,96.3,97.3,96.8,1492.28181818182,0.0191127620564795,0.00413485188176434,112.4064678,0.932757371,154.75395112641,53.214184831263,256.293717421556
"Bird Island","BI10","BI10.3",104,103.2,104.2,103.7,1595.6,0.0125995492496775,0.00315600919756304,127.1397723,0.326624311,134.414476065137,32.8638869515469,235.965065178727
"Bird Island","BI10","BI10.3",114,114.9,115.9,115.4,1769.91818181818,0.0051829002994664,0.00203337076714229,94.40874214,1.478332239,111.253748658304,9.67185437106922,212.835642945539
"Bird Island","BI10","BI10.3",120,121.8,122.7,122.3,1872.71,0.00326448427288932,0.00132698091942482,91.74775016,0.40610632,105.262914935051,3.66963485064822,206.856195019455
"Bird Island","BI10","BI10.4",135,129.4,130.4,129.9,1986.59090909091,0.00677010766219123,0.00242566219981972,100.7977844,1.025597866,116.210283248652,14.6367876579114,217.783778839392
"Bird Island","BI10","BI10.4",145,141,142,141.5,2162.97272727273,0.00900276383834864,0.0020539075467269,91.25190224,0.699750267,123.182426791686,21.6191793052699,224.745674278102
"Bird Island","BI10","BI10.4",155,152.7,153.8,153.2,2335.40833333333,0.00507272390563791,0.00229947522919198,121.0153008,1.039947828,110.909689577005,9.32717796013547,212.492201193874
"Bird Island","BI10","BI10.4",165,164.8,165.8,165.3,2517.27272727273,0.00864281222894853,0.00168211239396993,85.39705279,1.57965392,122.058369126164,20.4935932218485,223.62314503048
"Bird Island","BI10","BI10.4",168,168.4,170,169.2,2576.01176470588,0.00732695469711492,0.00255667477594366,121.2110164,1.417347214,117.949206375491,16.3784381305067,219.519974620476
"Bird Island","BI10","BI10.5",181,174.6,175.6,175.1,2667,0.00797525646028174,0.00289033337600185,95.32051892,1.284724348,119.973724525787,18.4059880876107,221.541460963964
"Bird Island","BI10","BI10.5",191,186.6,187.6,187.1,2847.45454545455,0.0110959539773088,0.0021458998187589,119.1548845,2.957478603,129.719045491664,28.1637428747914,231.274348108537
"Bird Island","BI10","BI10.5",194,190.3,191.3,190.8,2903.10909090909,0.00574148523317115,0.00207542610765639,121.5336821,2.37450858,112.998098899221,11.4192658453921,214.576931953051
"Bird Island","BI10","BI10.5",197,194,195,194.5,2954.41818181818,0.00722681156795509,0.00264048338023261,118.8967341,1.10170535,117.636479194832,16.0652288632792,219.207729526385
"Bird Island","BI10","BI10.5",202,199.9,200.8,200.3,3041.91111111111,0.00957367706643069,0.0015186458602062,85.79649547,1.323999276,124.965275856989,23.4043549582362,226.526196755741
"Bird Island","BI10","BI10.6",218,209.5,210.5,210,3183,0.00969455708191104,0.00334526416982509,111.2286921,1.368956728,125.342760231167,23.7823165831846,226.90320387915
"Bird Island","BI10","BI10.6",228,221.4,222.4,221.9,3362.6,0.00961783290329192,0.00199288287150987,136.1592518,2.420949669,125.103165799984,23.5424198567756,226.663911743193
"Bird Island","BI10","BI10.6",239,234.2,235.2,234.7,3550.09090909091,0.0110111570387596,0.00252179358411905,116.7915838,1.35786783,129.454241428285,27.8986482426645,231.009834613906
"Bird Island","BI10","BI10.6",247,243.9,245,244.5,3699.925,0.00508194262976325,0.00138990583273805,95.07661499,0.69914278,110.938477828672,9.35601803610415,212.52093762124
"Bird Island","BI10","BI10.7",259,250.7,251.7,251.2,3790.45,0.00774893850854377,0.00215319195220763,101.292967,0.811859205,119.266978335875,17.698201051376,220.835755620374
"Bird Island","BI10","BI10.7",271,265,266,265.5,3978.94545454545,0.0054197294871059,0.00193612934713782,119.6977813,1.823339563,111.993319358458,10.4127369635502,213.573901753365
"Bird Island","BI10","BI10.7",280,275.9,276.9,276.4,4128.55454545455,0.00755306142387841,0.00283577734931086,99.83622626,1.333664845,118.655292951595,17.0855996330194,220.224986270171
"Bird Island","BI10","BI10.8",300,289.7,290.8,290.3,4314.73333333333,0.00869901822406155,0.00281177396177845,110.4667193,1.25507819,122.23388932945,20.6693552212536,223.798423437647
"Bird Island","BI10","BI10.8",303,293.4,294.4,293.9,4365.28181818182,0.0098369053945973,0.00214151959129299,95.05242503,0.168162163,125.787285850363,24.2273973302413,227.347174370485
"Bird Island","BI10","BI10.8",311,303.1,304,303.6,4492.98,0.0167614064125253,0.00225649011410719,109.9097917,0.96047458,147.411132628227,45.8692576097378,248.953007646715
"Bird Island","BI10","BI10.8",318,311.7,312.8,312.2,4610.66666666667,0.0118882644736727,0.00255859640210189,92.99111859,0.763475857,132.193274425924,30.6405591013613,233.745989750486
"Bird Island","BI10","BI10.8",326,321.7,322.8,322.2,4729.33333333333,0.0107304065870505,0.00424467648357912,54.97448254,0.904111945,128.577513309558,27.0209392390208,230.134087380095
"Bird Island","BI10","BI10.9",342,332.1,333.1,332.6,4891.35454545455,0.0154053324286617,0.00267401344814189,53.58134359,0.512470791,143.176381854042,41.6323666961738,244.72039701191
"Bird Island","BI10","BI10.9",348,339.5,340.5,340,5008.74545454545,0.0121652489223572,0.00238987849620793,126.2966844,0.909448982,133.058242062248,31.5063768164824,234.610107308014
"Bird Island","BI10","BI10.9",361,355.7,356.7,356.2,5262.19090909091,0.0173518339064194,0.002587178056214,152.5618881,1.310436979,149.254920885077,47.7137664562714,250.796075313882
"Bird Island","BI10","BI10.9",365,360.7,361.7,361.2,5341.56,0.0247979460476785,0.00722946665329245,138.0986394,3.800967424,172.507656008734,70.964590800008,274.050721217461
"Bird Island","BI10","BI10.9",372,369.1,371,370.1,5483.135,0.0168071581543142,0.00227995034889102,172.6424549,2.126521142,147.554006266587,46.0121916659338,249.095820867241
"Bird Island","BI10","BI10.10",379,367.3,368.4,367.9,5447.30909090909,0.0199632457140368,0.00471063382943779,142.7753473,1.931616323,157.409843334452,55.8703392702372,258.949347398667
"Bird Island","BI10","BI10.10",386,375.7,376.6,376.1,5581.52,0.0198823887522324,0.00292871260719781,129.6985539,0.996133225,157.157343038986,55.6178254816743,258.696860596298
"Bird Island","BI10","BI10.10",390,380.5,381.5,381,5660.04545454545,0.0152084689605463,0.00205489364896177,153.3496638,2.167962906,142.561616189387,41.0172341603467,244.105998218428
"Bird Island","BI10","BI10.10",392,382.9,384,383.4,5698.00833333333,0.0162052583156417,0.00266829174377333,135.6264282,2.715802678,145.674392146613,44.1317211814781,247.217063111748
"Bird Island","BI10","BI10.10",396,387.7,388.8,388.2,5774.45833333333,0.00698570583190413,0.00209571231832595,151.7312933,1.325348387,116.883553680036,15.3111275633148,218.455979796757
"Bird Island","BI10","BI10.10",403,396.3,397.4,396.8,5914.69166666667,0.00936776828331798,0.00336653386331109,121.4529542,1.405222576,124.322263463068,22.7605172487376,225.884009677398
"Bird Island","BI10","BI10.10",410,404.6,405.6,405.1,6045.02727272727,0.0111862618515734,0.00253212284669829,127.9383347,0.485558929,130.001059117033,28.4460630478089,231.556055186257
"Bird Island","BI10","BI10.11",422,409.9,410.9,410.4,6127.60909090909,0.0236552169207804,0.00357742465340749,230.1968823,2.48800676,168.939139016005,67.3976909191605,270.48058711285
"Bird Island","BI10","BI10.11",424,412.2,413.2,412.7,6161.61818181818,0.022209902771222,0.003421784134135,147.1050077,0.981019187,164.425708859087,62.8856186075302,265.965799110643
"Bird Island","BI10","BI10.11",427,415.8,416.8,416.3,6233.21818181818,0.017505364874238,0.0020932093193444,90.62519465,1.806865583,149.734367723942,48.1933796802644,251.27535576762
"Bird Island","BI10","BI10.11",439,430.3,431.3,430.8,6633.50909090909,0.0106427110873124,0.00168155051885697,90.09213851,1.320509697,128.30365761302,26.7467712165152,229.860544009524
"Bird Island","BI10","BI10.11",443,435.2,436.3,435.7,6779.31666666667,0.0135514934447838,0.00326486277856841,91.69283278,2.73622133,137.38720945961,35.8391750353752,238.935243883844
"Bird Island","BI10","BI10.11",449,442.8,443.8,443.3,6996.89090909091,0.019305872614929,0.00587334767576666,107.4610267,2.19863695,155.35699719663,53.8173137758095,256.896680617451
"Bird Island","BI10","BI10.12",461,447.5,448.7,448.1,7135.69230769231,0.00854842321942927,0.00198564653504569,263.6699608,4.67933169,121.763610922783,20.198426349785,223.32879549578
"Bird Island","BI10","BI10.12",465,452.8,453.9,453.4,7290.50833333333,0.0739761116688568,0.0246326892825056,227.4544094,2.714332835,326.08133813478,224.01520033286,428.1474759367
"Bird Island","BI10","BI10.12",469,458.3,459.3,458.8,7450.61818181818,0.0248639944866866,0.00593193914955886,198.7277638,1.546696593,172.713912217136,71.1707388684696,274.257085565801
"Bird Island","BI10","BI10.12",475,466.1,467.2,466.6,7672.18333333333,0.0179020486576944,0.00617373352302214,302.9231828,5.375215015,150.973132702172,49.4325344397744,252.51373096457
"Bird Island","BI10","BI10.12",479,471.4,472.4,471.9,7821.06363636364,0.0201986062251587,0.00674883647706934,245.5928888,4.87578685,158.144827648395,56.6053491810569,259.684306115733
"Bird Island","BI10","BI10.12",484,478.2,479.2,478.7,8011.50909090909,0.0239247343118673,0.00236627405046984,254.6825264,3.27008475,169.78078850869,68.2390022620783,271.322574755301
"Bird Island","BI10","BI10.13",506,473.4,474.5,474,7881.69166666667,0.0311490649684101,0.00710397265652439,111.667296,0.974152096,192.340943931477,90.7801452442329,293.901742618721
"Bird Island","BI10","BI10.13",519,491,492,491.5,8384.23636363636,0.022893885827978,0.00258037374376892,131.8281488,1.128119455,166.561652630292,65.0210154967095,268.102289763874
"Bird Island","BI10","BI10.13",522,494.8,495.8,495.3,8490.03636363636,0.0242402164116927,0.0046166769216506,224.4453244,2.552502686,170.765976693386,69.2237607085859,272.308192678187
"Bird Island","BI10","BI10.13",525,498.7,499.7,499.2,8597.97,0.0406294433101986,0.00991122621455583,262.4737246,2.533130332,221.946289952547,120.331456824111,323.561123080983
"Bird Island","BI10","BI10.13",529,503.9,505.1,504.5,8738.44,0.0340171831729085,0.00356840219522989,198.8915063,1.2109063,201.297509673081,99.7238452520883,302.871174094073
"Isla Hermite","HER42PB","HER42PB_1A",3,2.5,3.7,3.1,-30.6269230769231,0.0221711616143634,0.00285382870490528,204.6688961,2.906298325,164.304727890532,62.764663468585,265.844792312479
"Isla Hermite","HER42PB","HER42PB_1A",5,5.3,6.5,5.9,-1.38846153846154,0.0313071313680872,0.0068883407598559,214.4801797,2.487970085,192.834554026774,91.273124962894,294.395983090654
"Isla Hermite","HER42PB","HER42PB_1A",7,8.1,9.3,8.7,27.85,0.0338247481841609,0.00491896975121685,191.8197183,0.230183662,200.696573273388,99.1238666271784,302.269279919599
"Isla Hermite","HER42PB","HER42PB_1A",9,10.9,12.1,11.5,56.4453846153846,0.0267530196646211,0.00568135979796269,198.4859127,1.290158433,178.612964134584,77.0660192152221,280.159909053946
"Isla Hermite","HER42PB","HER42PB_1A",13,16.3,17.5,16.9,110.519230769231,0.0255889792457681,0.00350147928894023,217.6036906,2.023714323,174.977896193176,73.4334304467417,276.52236193961
"Isla Hermite","HER42PB","HER42PB_1A",16,20.5,21.6,21.1,152.406666666667,0.035049967360245,0.00734023958577081,287.7800097,3.53969412,204.522690370396,102.943653312839,306.101727427953
"Isla Hermite","HER42PB","HER42PB_1A",20,26.1,27.3,26.7,210.763076923077,0.0376130776737815,0.00517494172691833,192.0094569,1.056052013,212.52677680943,110.932714338184,314.120839280677
"Isla Hermite","HER42PB","HER42PB_1A",25,33.1,34.1,33.6,281.104545454545,0.0423489016983326,0.00856663280398473,237.2807242,5.125263643,227.31581833151,125.687651551729,328.94398511129
"Isla Hermite","HER42PB","HER42PB_1A",28,37.1,38.2,37.7,321.895,0.0470931589070854,0.00961181797052407,201.9638553,2.746708433,242.131195019481,140.46061850883,343.801771530132
"Isla Hermite","HER42PB","HER42PB_1A",31,41.2,42.3,41.7,363.2825,0.026914083338364,0.00644661053683694,256.1176349,1.075694066,179.115934123826,77.5686069516014,280.663261296051
"Isla Hermite","HER42PB","HER42PB_1B",40,43.1,44.2,43.7,382.52,0.0218018007371546,0.00325787020179001,217.7898692,1.350297189,163.151286943116,61.6114410777435,264.691132808489
"Isla Hermite","HER42PB","HER42PB_1B",48,54,55.1,54.5,493.1425,0.0280167696269805,0.00399087922242351,199.578966,1.576673831,182.559405254433,81.0092050130407,284.109605495826
"Isla Hermite","HER42PB","HER42PB_1B",50,56.7,57.8,57.2,520.634166666667,0.0319525104966113,0.00501566368538764,119.2508257,0.643954459,194.849945367277,93.2858472588938,296.414043475661
"Isla Hermite","HER42PB","HER42PB_1B",56,64.7,65.8,65.2,601.545833333333,0.0275628105550814,0.00501594266710993,197.3571738,0.967050152,181.141780881392,79.5928175513943,282.690744211389
"Isla Hermite","HER42PB","HER42PB_1B",60,69.9,70.9,70.4,653.46,0.0312079781306972,0.00400998822515167,220.559147,3.021660314,192.524918082278,90.9638855193809,294.085950645175
"Isla Hermite","HER42PB","HER42PB_1B",63,73.7,74.8,74.3,692.363333333333,0.0312513997528957,0.00558249476525112,211.7085625,0.296391987,192.660515218135,91.099309462279,294.22172097399
"Isla Hermite","HER42PB","HER42PB_1B",69,81.5,82.5,82,770.521818181818,0.0582838745638859,0.00467182387184749,255.3811775,0.817219768,277.077586112612,175.274348001987,378.880824223237
"Isla Hermite","HER42PB","HER42PB_1C",80,86.5,87.8,87.2,822.286923076923,0.0463121386652217,0.00978868481610252,253.6262866,2.967427554,239.692223316431,138.02919549294,341.355251139921
"Isla Hermite","HER42PB","HER42PB_1C",86,94.8,96,95.4,906.45,0.0264508475691225,0.00366015331004921,218.7762183,2.472171267,177.66934046023,76.1230869648594,279.2155939556
"Isla Hermite","HER42PB","HER42PB_1C",90,100.2,101.4,100.8,961.955384615385,0.0221356821714212,0.00560802511271027,219.7339196,1.186563166,164.19393260926,62.6538913582765,265.733973860244
"Isla Hermite","HER42PB","HER42PB_1C",91,101.6,103.1,102.3,977.5775,0.0221129589421103,0.00404296379009384,188.3177471,1.902009246,164.122972459548,62.5829458056031,265.662999113493
"Isla Hermite","HER42PB","HER42PB_1C",97,109.8,111,110.4,1058.64692307692,0.0456912979657183,0.0198728784263111,254.965373,0.790392656,237.753460635226,136.096273957334,339.410647313118
"Isla Hermite","HER42PB","HER42PB_1C",104,119.2,120.3,119.8,1151.60416666667,0.0175416353537094,0.00224306168542162,231.5407717,1.088241627,149.847633255801,48.306683254054,251.388583257547
"Isla Hermite","HER42PB","HER42PB_1D",118,127.3,128.4,127.8,1233.23666666667,0.00929583076568143,0.0034097651018452,237.9234012,7.232871397,124.097616827169,22.5355786043996,225.659655049939
"Isla Hermite","HER42PB","HER42PB_1D",121,130.9,132.2,131.6,1270.93,0.0164265528758977,0.00360544483530148,200.4648971,2.10488142,146.365451278724,44.8231106439162,247.907791913531
"Isla Hermite","HER42PB","HER42PB_1D",131,143.2,144.4,143.8,1396.85230769231,0.00898391800741131,0.00312312322937159,201.5309088,1.61224727,123.123574990013,21.5602486615642,224.686901318462
"Isla Hermite","HER42PB","HER42PB_1D",137,150.7,151.9,151.3,1480.03461538462,0.0136035117876466,0.00168645606845174,193.3528611,1.29546417,137.549652453378,36.0017480323017,239.097556874454
"Isla Hermite","HER42PB","HER42PB_1D",144,159.2,160.3,159.8,1611.23,0.02472298167559,0.0045350414883578,222.8833073,2.295698066,172.273557105197,70.7306126915987,273.816501518795
"Isla Hermite","HER42PB","HER42PB_1D",147,162.9,164.1,163.5,1669.44846153846,0.0260281245991993,0.00365307447761824,201.1247375,1.28719832,176.349260254098,74.803917714719,277.894602793478
"Isla Hermite","HER42PB","HER42PB_1E",158,169.3,170.5,169.9,1768.77461538462,0.0104704611135193,0.00279011288614463,74.85729626,0.127257404,127.76575502175,26.2082469346103,229.32326310889
"Isla Hermite","HER42PB","HER42PB_1E",162,175.6,176.8,176.2,1865.00538461538,0.0153708691972659,0.00263418946436689,180.6386068,1.390917272,143.068760000389,41.5246816460155,244.612838354762
"Isla Hermite","HER42PB","HER42PB_1E",166,181.9,183.1,182.5,1961.41923076923,0.0143850514279962,0.00327538805806441,178.3340179,0.49933525,139.990246135145,38.4441752126128,241.536317057678
"Isla Hermite","HER42PB","HER42PB_1E",174,194.9,196.1,195.5,2158.50153846154,0.0114666074967215,0.00177239185526761,188.1781856,1.655968033,130.876523104955,29.3224595714658,232.430586638443
"Isla Hermite","HER42PB","HER42PB_1E",179,202.5,203.6,203,2273.88416666667,0.0146588396948602,0.00558855559775119,182.2674644,2.168982826,140.845232727958,39.2997510200237,242.390714435892
"Isla Hermite","HER42PB","HER42PB_1F",184,201.4,202.5,202,2256.42833333333,0.0283685590769909,0.0054526590474511,225.088187,2.903637612,183.657974110933,82.1067632598912,285.209184961974
"Isla Hermite","HER42PB","HER42PB_1F",189,208.1,209.3,208.7,2363.54384615385,0.0189784579196643,0.0036906107942947,150.0197423,1.980260599,154.334545877049,52.7947138625272,255.87437789157
"Isla Hermite","HER42PB","HER42PB_1F",191,210.9,212.2,211.5,2407.86357142857,0.0126248643381759,0.00296050161067508,166.9684155,2.003620986,134.493530078334,32.9430132118733,236.044046944796
"Isla Hermite","HER42PB","HER42PB_1F",197,219.3,220.5,219.9,2535.41461538462,0.0215160810248809,0.00394321199128874,192.3751513,0.865688181,162.259040806734,60.7193296051895,263.798752008278
"Isla Hermite","HER42PB","HER42PB_1F",200,223.4,224.6,224,2595.94769230769,0.0160580652766915,0.00267205001156603,171.3980626,2.51955152,145.214737405746,43.6718367548905,246.757638056602
"Isla Hermite","HER42PB","HER42PB_1F",205,230.3,231.5,230.9,2697.92846153846,0.0192735320134828,0.00204250011115228,190.1380415,3.764733223,155.256003896382,53.7163075520678,256.795700240695
"Isla Hermite","HER42PB","HER42PB_1F",209,235.8,236.9,236.4,2780.0925,0.0243781626444,0.00578623797532179,248.0408721,3.844633517,171.196755487688,69.6543401021436,272.739170873233
"Isla Hermite","HER42PB","HER42PB_1F",211,238.4,239.5,239,2819.29,0.0201206350677503,0.00163920691461,211.4460624,1.057230312,157.901339149148,56.3618544575121,259.440823840783
"Isla Hermite","HER42PB","HER42PB_1F",213,241.1,242.3,241.7,2859.43,0.0216329815425152,0.00866979828709266,202.828785,0.141980149,162.624097996419,61.0843353252025,264.163860667636
"Isla Hermite","HER42PB","HER42PB_1G",224,246.9,248.1,247.5,2943.97461538462,0.00911687022701259,0.00187405640798477,146.7512531,2.846974309,123.53875846937,21.9759855636568,225.101531375083
"Isla Hermite","HER42PB","HER42PB_1G",231,256.4,257.6,257,3049.39,0.00966427388574426,0.00206572542622653,196.4487137,2.396674308,125.248191800582,23.6876290943605,226.808754506803
"Isla Hermite","HER42PB","HER42PB_1G",232,257.7,258.9,258.3,3062.22846153846,0.0103505437792615,0.0032351205199679,170.3369471,1.243459714,127.391276910578,25.8333295774837,228.949224243673
"Isla Hermite","HER42PB","HER42PB_1G",236,263.2,264.4,263.8,3116.22307692308,0.013385016533215,0.00346351108199423,171.610596,0.995341457,136.867334999559,35.3188778358628,238.415792163255
"Isla Hermite","HER42PB","HER42PB_1G",240,268.6,269.8,269.2,3169.09230769231,0.00995925219821881,0.00278182159943201,185.0171857,2.997278408,126.169350713726,24.609933371243,227.728768056209
"Isla Hermite","HER42PB","HER42PB_1G",245,275.2,276.4,275.8,3233.34153846154,0.0109612877060436,0.00352569390829651,185.3224681,1.871756928,129.298509368058,27.7427440643405,230.854274671776
"Isla Hermite","HER42PB","HER42PB_1G",253,285.8,286.9,286.3,3335.24833333333,0.0210670633788185,0.00305364248359836,188.000363,1.52280294,160.856847528998,59.3172873195524,262.396407738445
"Isla Hermite","HER42PB","HER42PB_1H",260,285,286.2,285.6,3328.03692307692,0.017922974435554,0.00307337367143934,193.4016881,0.638225571,151.038479766599,49.4979004597442,252.579059073454
"Isla Hermite","HER42PB","HER42PB_1H",264,290.3,291.5,290.9,3378.91846153846,0.0103405875379335,0.00298688062094151,176.9254729,0.920012459,127.360185538593,25.8022014991881,228.918169577998
"Isla Hermite","HER42PB","HER42PB_1H",269,297,298.2,297.6,3442.75846153846,0.0150348292507618,0.00232459212679727,188.3571252,0.772264213,142.019373727554,40.4746562839517,243.564091171155
"Isla Hermite","HER42PB","HER42PB_1H",273,302.3,303.5,302.9,3494.21153846154,0.0101022495256374,0.00228720492868348,157.6321242,0.788160621,126.615903077534,25.0570294714119,228.174776683656
"Isla Hermite","HER42PB","HER42PB_1H",278,309.3,310.6,309.9,3563.64071428571,0.0165360639711482,0.00324903967474965,168.1855143,0.807290469,146.707432764183,45.165248940681,248.249616587684
"Isla Hermite","HER42PB","HER42PB_1H",281,313.5,314.8,314.2,3603.44,0.0204608500834446,0.00234747278115893,209.1785709,1.798935709,158.963763337094,57.424289405886,260.503237268301
"Isla Hermite","HER42PB","HER42PB_1H",286,320.5,321.8,321.1,3669.60384615385,0.0135762770371105,0.00177715567869987,192.532482,1.598019601,137.464603715411,35.9166313538417,239.01257607698
"Isla Hermite","HER42PB","HER42PB_1I",301,332.1,333.3,332.7,3782.35692307692,0.00993463693373097,0.00246366649798826,187.3581473,2.023467991,126.092482112465,24.5329704144521,227.651993810477
"Isla Hermite","HER42PB","HER42PB_1I",303,334.9,336.2,335.6,3810.93642857143,0.0125137615490749,0.00237605986008786,170.2979154,2.367141025,134.146578047871,32.5957423521678,235.697413743575
"Isla Hermite","HER42PB","HER42PB_1I",312,347.6,348.8,348.2,4016.98,0.0134400461549087,0.00238814589914351,172.0502391,1.169941626,137.039181621383,35.4908653228613,238.587497919905
"Isla Hermite","HER42PB","HER42PB_1I",317,354.3,355.4,354.9,4144.90083333333,0.0321605242456371,0.00457755937493914,233.1635452,1.935257425,195.499531153311,93.9345401743572,297.064522132265
"Isla Hermite","HER42PB","HER42PB_1I",320,358.3,359.6,358.9,4223.08571428571,0.0293169660056046,0.00637675378484151,213.4629871,1.280777922,186.61966132194,85.0654993558884,288.173823287992
"Isla Hermite","HER42PB","HER42PB_1I",322,361,362.2,361.6,4273.55307692308,0.0460609290965315,0.00527480896009517,261.5567621,2.354010859,238.907745531183,137.247098204882,340.568392857484
"Isla Hermite","HER42PB","HER42PB_1J",335,369.7,370.8,370.2,4438.2275,0.0296386035524763,0.00428182298507707,242.5140453,1.406581463,187.624071750007,86.0688339096531,289.17930959036
"Isla Hermite","HER42PB","HER42PB_1J",340,376.7,377.9,377.3,4574.44,0.0108177463433578,0.00221461937759402,229.7243184,3.744506391,128.85025808974,27.293992269797,230.406523909683
"Isla Hermite","HER42PB","HER42PB_1J",342,379.6,380.9,380.3,4631.57428571429,0.0129763221648661,0.00443055941073254,258.8993453,2.74433306,135.591063340811,34.0415251745933,237.140601507029
"Isla Hermite","HER42PB","HER42PB_1J",346,385.3,386.5,385.9,4743.01769230769,0.0183544510572153,0.0033907689573162,150.1829657,1.697067512,152.385895895339,50.8456715635619,253.926120227117
"Isla Hermite","HER42PB","HER42PB_1J",349,389.6,390.9,390.2,4828.70428571429,0.0311278690399091,0.00718949674293934,171.0846086,1.505544556,192.274753240042,90.7140383852901,293.835468094793
"Isla Hermite","HER42PB","HER42PB_1J",352,394,395.2,394.6,4912.70923076923,0.0230114685372783,0.00498095873809013,184.4496706,0.996028221,166.928840169589,65.3880916996741,268.469588639504
"Isla Hermite","HER42PB","HER42PB_1J",353,395.4,396.6,396,4939.73076923077,0.0241584188788349,0.00470086195443514,233.8952637,1.450150635,170.510539180597,68.9684381304074,272.052640230787
"Kerguelen","KER1","CAT1-S1-1A",1,0,1.4,0.7,-43.6,0.0132368244511816,0.0041964539235627,138.036883,6.40274082,136.404560444788,34.8557184043111,237.953402485265
"Kerguelen","KER1","CAT1-S1-1A",3,3.1,4.7,3.9,3.97058823529412,0.0366803998876221,0.00920917911845042,172.0332159,8.636659734,209.61420859855,108.025892756032,311.202524441067
"Kerguelen","KER1","CAT1-S1-1A",5,6.4,7.8,7.1,59.76,0.0368073180032945,0.018062795606926,154.8814977,4.521959852,210.010548765087,108.421469693411,311.599627836763
"Kerguelen","KER1","CAT1-S1-1A",7,9.3,10.6,9.9,108.485714285714,0.00914018555240717,0.00227000704335036,65.34606485,2.211412383,123.611567618015,22.0488910947526,225.174244141278
"Kerguelen","KER1","CAT1-S1-1A",8,10.7,12,11.4,130.207142857143,0.0254039474173694,0.0138683631832968,143.4502871,5.236474934,174.400078398657,72.8559608607252,275.944195936589
"Kerguelen","KER1","CAT1-S1-1A",9,12.1,13.6,12.8,153.175,0.0118043374945414,0.0104874471982868,73.24363877,2.496659877,131.931187073699,30.3782086080064,233.484165539392
"Kerguelen","KER1","CAT1-S1-1A",11,15.1,16.5,15.8,212.526666666667,0.00800656147824556,0.00313763797160863,66.66000584,1.215205903,120.071483903694,18.5038899576264,221.639077849762
"Kerguelen","KER1","CAT1-S1-1A",13,18,19.4,18.7,308.48,0.00300183319393915,0.00212663731546326,28.31046928,0.190321941,104.442707576781,2.84776352478815,206.037651628773
"Kerguelen","KER1","CAT1-S1-1A",17,24,25.5,24.7,466.2125,0.0136937387182752,0.00451402147815299,114.3906738,3.793152987,137.831413307784,36.2837320216294,239.379094593939
"Kerguelen","KER1","CAT1-S1-1A",20,28.6,30,29.3,587.28,0.0049588117203072,0.00287254624171592,64.93648567,2.106412572,110.55396435791,8.97080979364097,212.137118922179
"Kerguelen","KER1","CAT1-S1-1A",23,33,34.4,33.7,665.746666666667,0.0506075167058601,0.0234471160096919,171.3250337,4.492499717,253.105839165903,151.398532769455,354.81314556235
"Kerguelen","KER1","CAT1-S1-1A",25,35.9,37.2,36.6,716.192857142857,0.0427731950343242,0.0106720770435295,69.55534929,1.920119418,228.640802480201,127.009178731932,330.27242622847
"Kerguelen","KER1","CAT1-S1-1A",26,37.3,38.7,38,744.413333333333,0.0360094929416395,0.00899347059067599,130.2536735,4.448161977,207.519098934392,105.934719386002,309.103478482781
"Kerguelen","KER1","CAT1-S1-1A",27,38.8,40.1,39.4,772.55,0.0468449471800855,0.0111435447995869,131.8879867,3.844581339,241.356078900757,139.687925612291,343.024232189224
"Kerguelen","KER1","CAT1-S1-1A",28,40.2,41.6,40.9,799.733333333333,0.0410568174990383,0.0149235361711642,87.98899619,2.926433788,223.280894995186,121.662849017911,324.89894097246
"Kerguelen","KER1","CAT1-S1-1B",36,45.1,46.2,45.6,888.225,0.0537570492288907,0.00827802686638785,183.5186364,7.306522756,262.941206150987,161.197144169103,364.685268132872
"Kerguelen","KER1","CAT1-S1-1B",40,50.7,52.1,51.4,1089.45333333333,0.0380253369516327,0.0117129359552165,127.4096231,2.739950494,213.814180975294,112.217476649243,315.410885301345
"Kerguelen","KER1","CAT1-S1-1B",41,52.3,53.6,53,1213.32142857143,0.0671200497472872,0.0154577333993237,171.3204442,6.260687092,304.67121311527,202.730945216997,406.611481013543
"Kerguelen","KER1","CAT1-S1-1B",46,59.9,61.2,60.5,1808.84285714286,0.00835648758093003,0.00411714463284814,76.14964032,1.933172921,121.164233895128,19.5982082203965,222.730259569859
"Kerguelen","KER1","CAT1-S1-1B",49,64.4,65.8,65.1,2110.62666666667,0.00487376446244597,0.00352154273196533,34.6500895,0.973343211,110.288378596841,8.70474089963894,211.872016294044
"Kerguelen","KER1","CAT1-S1-1B",51,67.6,68.9,68.3,2364.32142857143,0.00338711693049556,0.0018726178993168,47.97809994,0.295823984,105.645872463857,4.05336062113741,207.238384306577
"Kerguelen","KER1","CAT1-S1-1B",57,76.5,77.9,77.2,3056.76,0.0014870274317506,0.00156707551894278,70.88337203,0.693696694,99.7122688614157,-1.89276593262365,201.317303655455
"Kerguelen","KER1","CAT1-S1-1C",69,86.1,87.5,86.8,3452.74666666667,0.00290638866437516,0.00183089284060396,56.90823166,0.823351056,104.144653193117,2.54909820182286,205.740208184411
"Kerguelen","KER1","CAT1-S1-1C",73,92.4,93.7,93.1,3631.13571428571,0.00218994200989756,0.0024401676768102,52.38105472,0.990931332,101.907332028628,0.307084340969553,203.507579716286
"Kerguelen","KER1","CAT1-S1-1C",80,103.1,104.5,103.8,3940.82666666667,0.00161891954175879,0.00159934243590572,36.49555291,0.116935077,100.124141828239,-1.4799809156565,201.728264572135
"Kerguelen","KER1","CAT1-S1-1C",86,112.2,113.6,112.9,4208.64,0.00127519437960854,0.00161478266949673,65.73504848,0.581975022,99.0507561473374,-2.55575685508158,200.657269149756
"Kerguelen","KER1","CAT1-S1-1C",93,122.9,124.1,123.5,4497.10769230769,0.00099832841306302,0.00124513632646854,78.06690295,0.162916633,98.186158507293,-3.42231133396658,199.794628348553
"Kerguelen","KER1","CAT1-S1-1D",105,130.3,131.4,130.8,4654.675,0.00387943907142931,0.00284025839233696,78.12846424,0.573784212,107.183297111978,5.59381389898554,208.772780324971
"Kerguelen","KER1","CAT1-S1-1D",108,134.6,135.8,135.2,4745.8,0.00180871183974307,0.00205301020786874,70.05573441,0.531498179,100.716825627491,-0.885995879444124,202.319647134427
"Kerguelen","KER1","CAT1-S1-1D",110,137.6,138.8,138.2,4810.63076923077,0.00195065704188919,0.00144393249515934,53.9478412,0.881024174,101.160092412219,-0.441764541304124,202.761949365742
"Kerguelen","KER1","CAT1-S1-1D",114,143.4,144.6,144,4936.93076923077,0.00262233655699005,0.00206051183573826,79.92720242,1.001958291,103.257614656893,1.66022167162011,204.855007642165
"Kerguelen","KER1","CAT1-S1-1D",117,147.8,148.9,148.4,5072.725,0.00871891793981297,0.00569441263966002,109.6646554,2.228401166,122.296032204903,20.7315834263979,223.860480983409
"Kerguelen","KER1","CAT1-S1-1D",119,150.7,151.8,151.3,5184.44166666667,0.00217461509230536,0.00241211751636623,74.39152898,0.715396099,101.859469097171,0.259118960983727,203.459819233359
"Kerguelen","KER1","CAT1-S1-1D",123,156.5,157.7,157.1,5436.62307692308,0.00352574734345355,0.00204856156239774,89.12411225,2.309353539,106.078787817728,4.48713778929013,207.670437846166
"Kerguelen","KER1","CAT1-S1-1D",124,158,159.2,158.6,5499.66923076923,0.00258203188106257,0.00164163326629848,71.42068742,0.41484736,103.131751127603,1.53409494724556,204.72940730796
"Kerguelen","KER1","CAT1-S1-1E",132,161.5,162.7,162.1,5646.26923076923,0.00226173139710457,0.00156483924700002,139.1876948,0.806932965,102.1315160825,0.531747103668323,203.731285061332
"Kerguelen","KER1","CAT1-S1-1E",137,168.8,170,169.4,5947.94615384615,0.00306159072140222,0.00168399229360793,71.47093889,0.862385743,104.629318512982,3.03475526637608,206.223881759588
"Kerguelen","KER1","CAT1-S1-1E",144,179,180.2,179.6,6370.75384615385,0.0035605407067493,0.00167230353567401,46.22785062,0.727736984,106.187440607994,4.59600576977493,207.778875446212
"Kerguelen","KER1","CAT1-S1-1E",145,180.4,181.6,181,6433.53846153846,0.0128803677735516,0.0124664058130167,35.5730101,0.632117041,135.291416759769,33.7416158952708,236.841217624266
"Kerguelen","KER1","CAT1-S1-1E",146,181.9,183,182.4,6500.14166666667,0.023056113040011,0.00915099185726935,37.52281834,0.853159602,167.068256119427,65.5274640455529,268.609048193301
"Kerguelen","KER1","CAT1-S1-1E",147,183.3,184.4,183.8,6564.375,0.00314781442171992,0.00270973510341645,86.72448526,0.810766896,104.898578071102,3.30456197609399,206.492594166111
"Kerguelen","KER1","CAT1-S1-1E",151,189,190.3,189.7,6812.30714285714,0.00232279697814026,0.00249550676673606,76.44263413,1.188038698,102.322211811232,0.722848543844705,203.921575078619
"Kerguelen","KER1","CAT1-S1-1E",157,198.4,199.7,199,7055.1,0.00366027330597067,0.00181238574344099,83.80568894,1.326590955,106.498885784872,4.90806531130434,208.089706258439
"Kerguelen","KER1","CAT1-S1-1E",161,204.5,205.8,205.2,7160.46428571429,0.0052599911785451,0.00256842577257587,85.69090324,1.236042476,111.494488222477,9.91302323325375,213.0759532117
"Kerguelen","KER1","CAT1-S1-1F",170,210.3,211.7,211,7263.93333333333,0.00297239569979542,0.00157129823474508,65.96855978,1.340395888,104.350780106304,2.75564798180811,205.9459122308
"Kerguelen","KER1","CAT1-S1-1F",177,220.9,222.2,221.6,7451.67142857143,0.00370487331588111,0.00160847769712323,88.8200419,0.905659664,106.638162792428,5.04761587886219,208.228709705993
"Kerguelen","KER1","CAT1-S1-1F",179,224,225.4,224.7,7505.43333333333,0.00515960500501832,0.00210727718065386,81.43967116,1.972165631,111.181002062342,9.5989776207071,212.763026503977
"Kerguelen","KER1","CAT1-S1-1F",180,225.6,226.8,226.2,7531.69230769231,0.00463550333837089,0.00263861358927366,77.12979485,1.39888174,109.544336242485,7.95933090166405,211.129341583306
"Kerguelen","KER1","CAT1-S1-1F",185,233.2,234.5,233.8,7669.85,0.00776939018836472,0.00294743715743431,50.91367477,0.859909114,119.33084488592,17.7621624327916,220.899527339049
"Kerguelen","KER1","CAT1-S1-1F",186,234.7,235.9,235.3,7695.93846153846,0.00809983450818418,0.00211264800031184,78.81628528,1.313862982,120.362757123624,18.7955855976375,221.92992864961
"Kerguelen","KER1","CAT1-S1-1F",188,237.8,239.1,238.4,7751.90714285714,0.00467003822848303,0.00246242484870325,59.19980605,0.762372708,109.652181872133,8.0673760565935,211.236987687672
"Kerguelen","KER1","CAT1-S1-1F",191,242.3,243.6,242.9,7831.4,0.00449406339977822,0.00293889520515134,67.02513333,0.136232196,109.102647295877,7.51682021746736,210.688474374286
"Kerguelen","KER3","CAT2-S3-1A",6,7.9,9.1,8.5,386.276923076923,0.00195371083883988,0.00149027030676676,77.55523489,0.957157998,101.169628815951,-0.432207467486734,202.771465099389
"Kerguelen","KER3","CAT2-S3-1A",9,12.3,13.5,12.9,621.707692307692,0.00175425834224282,0.00177860981349338,68.05571381,0.211252066,100.546778127546,-1.05641536660659,202.149971621699
"Kerguelen","KER3","CAT2-S3-1A",13,18.1,19.3,18.7,928.807692307692,0.00118195502875016,0.00185964397678257,78.5344764,1.42230775,98.7595881005122,-2.8475807603224,200.366756961347
"Kerguelen","KER3","CAT2-S3-1A",15,21,22.1,21.6,1082.7,0.00202564803031091,0.00190231438396501,79.19188077,0.248883511,101.394274433299,-0.207075922118605,202.995624788717
"Kerguelen","KER3","CAT2-S3-1A",20,28.2,29.4,28.8,1469.79230769231,0.00201945692607867,0.00169559576982186,72.04904865,0.888278315,101.374940839592,-0.226451261394928,202.97633294058
"Kerguelen","KER3","CAT2-S3-1A",21,29.6,30.7,30.2,1540.33333333333,0.00149357841477212,0.00133318490696221,63.78046606,0.743036154,99.7327262853853,-1.87226305717427,201.337715627945
"Kerguelen","KER3","CAT2-S3-1A",22,31,32.1,31.6,1613.25833333333,0.00418536397545292,0.00224964174582522,67.625654,0.890889058,108.138640064923,6.55099399999982,209.726286129847
"Kerguelen","KER3","CAT2-S3-1A",27,38.2,39.3,38.7,1994.20833333333,0.00562805444235962,0.00321533818063762,68.96032566,0.946703239,112.643876979974,11.0644315568531,214.223322403095
"Kerguelen","KER3","CAT2-S3-1A",28,39.5,40.7,40.1,2065.98461538462,0.00744797557089441,0.00486940116788756,79.88473282,0.812607102,118.327130622272,16.7569400539095,219.897321190634
"Kerguelen","KER3","CAT2-S3-1A",32,45.1,47,46.1,2386.005,0.00467987949250275,0.00252396970879586,95.06307262,0.842246234,109.682914192731,8.09816515492085,211.267663230541
"Kerguelen","KER3","CAT2-S3-1B",38,46.4,47.6,47,2436.8,0.00547653505106758,0.00332899599642991,80.95231282,1.021867117,112.170711896643,10.5904411086347,213.750982684651
"Kerguelen","KER3","CAT2-S3-1B",42,51.6,52.7,52.2,2712.45833333333,0.00834690302917353,0.00481121990127418,86.09850052,0.414138987,121.134303236142,19.5682352051921,222.700371267091
"Kerguelen","KER3","CAT2-S3-1B",45,55.3,56.5,55.9,2912.56153846154,0.0530464692566044,0.0178194064620913,150.3131973,1.05818661,260.722205474353,158.98675284357,362.457658105135
"Kerguelen","KER3","CAT2-S3-1B",47,58.1,59.3,58.7,3063.31538461538,0.00132805871210495,0.0016757535412183,90.88637985,0.506644858,99.215840999366,-2.39030156485225,200.821983563584
"Kerguelen","KER3","CAT2-S3-1B",52,64.6,65.7,65.1,3406.90833333333,0.00202660739944406,0.00132682868489747,100.2782265,1.023650594,101.397270353306,-0.204073534506165,202.998614241119
"Kerguelen","KER3","CAT2-S3-1B",55,68.3,69.4,68.9,3606.60833333333,0.00194582210034342,0.00196782077965093,25.74171216,0.234095087,101.144993846287,-0.456895840264266,202.746883532838
"Kerguelen","KER3","CAT2-S3-1B",56,69.5,70.7,70.1,3672.84615384615,0.00216163814160183,0.00184779416001112,89.95098118,1.03323831,101.818944647405,0.218507703002601,203.419381591808
"Kerguelen","KER3","CAT2-S3-1B",62,77.2,78.2,77.7,4072.19090909091,0.00308188209480863,0.0027637261798001,90.16944152,1.602499353,104.692684457809,3.09825022010641,206.287118695511
"Kerguelen","KER3","CAT2-S3-1B",65,80.8,81.9,81.4,4264.50833333333,0.00106086429100046,0.00123098263121933,123.0745887,1.645659293,98.3814456823743,-3.22657970800449,199.989471072753
"Kerguelen","KER3","CAT2-S3-1B",68,84.5,85.6,85.1,4460.44166666667,0.00496092141910322,0.00154396244155252,105.1299282,1.01440831,110.56055252988,8.97740991654824,212.143695143212
"Kerguelen","KER3","CAT2-S3-1C",78,89.2,90.2,89.7,4699.99090909091,0.00616810266165283,0.00145177784526961,111.2389984,1.490631676,114.330340728975,12.7537685214173,215.906912936532
"Kerguelen","KER3","CAT2-S3-1C",83,95.7,96.8,96.2,5048.06666666667,0.0045085646143738,0.00176472609122391,133.8523408,1.917764139,109.147931720227,7.56218922882586,210.733674211627
"Kerguelen","KER3","CAT2-S3-1C",85,98.3,99.3,98.8,5181.87272727273,0.00385297299755572,0.00292299940183303,134.8474469,3.838698414,107.100648799158,5.51100503689412,208.690292561422
"Kerguelen","KER3","CAT2-S3-1C",89,103.5,104.7,104.1,5467.83076923077,0.00351531091379015,0.00169228570548204,116.7067894,2.32399316,106.046196912569,4.45448225020701,207.637911574931
"Kerguelen","KER3","CAT2-S3-1C",91,106.1,107.2,106.7,5603.63333333333,0.00531680826141293,0.00288751994842556,116.4661719,2.000141334,111.671916731927,10.0907667448446,213.25306671901
"Kerguelen","KER3","CAT2-S3-1C",96,112.8,113.9,113.3,5955.025,0.0061254734836068,0.00195199188132541,111.5989159,3.350577393,114.197218239434,12.6204231250655,215.774013353803
"Kerguelen","KER3","CAT2-S3-1C",101,118.9,119.9,119.4,6277.73636363636,0.00539517980158767,0.00169028402221009,113.2452164,0.965146855,111.916655547344,10.3359381185018,213.497372976187
"Kerguelen","KER3","CAT2-S3-1D",110,122.4,123.5,123,6466.25,0.00533086802842065,0.00157094849301197,94.94394762,0.306703081,111.715822602794,10.1347503821655,213.296894823422
"Kerguelen","KER3","CAT2-S3-1D",115,128.9,130,129.5,6808.05,0.00668191183037438,0.00161838466771654,153.9080871,0.139873274,115.934865114014,14.3609271084868,217.508803119542
"Kerguelen","KER3","CAT2-S3-1D",117,131.4,132.4,131.9,6937.85454545455,0.00662465010213072,0.00148825455716053,203.7536927,0.785253398,115.756048065021,14.1818212894357,217.330274840606
"Kerguelen","KER3","CAT2-S3-1D",121,136.5,137.6,137.1,7212.99166666667,0.00365130675756027,0.00121819004211696,143.0455433,0.361026463,106.470885028073,4.88000946886112,208.061760587286
"Kerguelen","KER3","CAT2-S3-1D",124,140.5,141.6,141,7429.425,0.00598134310052157,0.00193711815298991,123.0309909,1.441777981,113.747127566936,12.1695738567731,215.3246812771
"Kerguelen","KER3","CAT2-S3-1D",130,148.3,149.4,148.9,7841.69166666667,0.00726151210004633,0.00223244303252705,124.2977188,1.774845393,117.744842091611,16.1737592245654,219.315924958657
"Kerguelen","KER3","CAT2-S3-1D",133,152.3,153.4,152.8,8051.725,0.0110860101743431,0.00129467169069106,132.9506239,0.795585684,129.687992962224,28.1326564082395,231.243329516208
"Kerguelen","KER3","CAT2-S3-1D",134,153.6,154.8,154.2,8122.73846153846,0.0108230429764301,0.00197409172793624,206.9438485,1.311951876,128.866798426971,27.3105512104428,230.4230456435
"Kerguelen","KER3","CAT2-S3-1D",136,156.4,157.6,157,8271.9,0.0102458208190464,0.00135910118412422,171.8039896,1.364271196,127.064247823579,25.5059125786079,228.622583068551
"Kerguelen","KER3","CAT2-S3-1D",139,160.4,161.5,160.9,8483.125,0.00663623455338369,0.00206582478343556,133.8686841,1.069432805,115.792224014487,14.2180557562761,217.366392272697
"Kerguelen","KER3","CAT2-S3-1D",141,163,164.1,163.5,8623.30833333333,0.00816266220280899,0.00263698412456291,132.8334633,1.29146913,120.558955584489,18.9920667949444,222.125844374033
"Kerguelen","KER3","CAT2-S3-1D",142,164.3,165.5,164.9,8696.08461538462,0.00581354412670445,0.00219683432186256,158.8010154,0.904816904,113.223124568033,11.6446780786883,214.801571057378
"Kerguelen","KER3","CAT2-S3-1E",150,166.5,167.5,167,8805.21818181818,0.00583380936943419,0.00125212072482594,162.2061418,1.316712073,113.286408911926,11.7080707932712,214.86474703058
"Kerguelen","KER3","CAT2-S3-1E",152,169.1,170.2,169.6,8943.06666666667,0.00570715588251827,0.00292200688955588,252.3308725,4.505949749,112.890895128642,11.311877242348,214.469913014936
"Kerguelen","KER3","CAT2-S3-1E",156,174.6,175.7,175.1,9234.5,0.00616027746445143,0.00243611537947587,146.3233767,0.198692461,114.305904186204,12.7292911109057,215.882517261503
"Kerguelen","KER3","CAT2-S3-1E",158,177.2,178.3,177.8,9367.74166666667,0.00592953125479294,0.00252557557320716,125.1519053,1.945787526,113.585329422866,12.0075011495944,215.163157696138
"Kerguelen","KER3","CAT2-S3-1E",159,178.6,179.6,179.1,9437.28181818182,0.00629248045530186,0.00227695928203763,109.4298921,0.455927084,114.718747972395,13.1428223192553,216.294673625535
"Kerguelen","KER3","CAT2-S3-1E",163,183.8,184.9,184.3,9717.925,0.00536764999494563,0.00189608456661152,43.73690339,0.27225223,111.830685407531,10.2498162895947,213.411554525467
"Kerguelen","KER3","CAT2-S3-1E",165,186.4,187.5,187,9857.625,0.00613983111608936,0.00261509192239901,91.72627388,3.635535922,114.242054285251,12.6653343210751,215.818774249426
"Kerguelen","KER3","CAT2-S3-1E",168,190.4,191.5,190.9,10071.1416666667,0.0122107343865823,0.00173035031374647,94.3121603,0.343663385,133.200284168456,31.6485558249136,234.752012511999
"Kerguelen","KER3","CAT2-S3-1E",171,194,195,194.5,10256.1727272727,0.00967458757382483,0.00365954950793154,208.7810778,1.402063318,125.28039940806,23.7198772878847,226.840921528235
"Kerguelen","KER3","CAT2-S3-1E",174,197.7,198.6,198.1,10446.9,0.0125168814252483,0.00259617741463643,50.30182718,0.374690808,134.156320803944,32.6054941231802,235.707147484707
"Kerguelen","KER3","CAT2-S3-1E",177,201.6,202.7,202.1,10658.8916666667,0.00526284154884188,0.00184755033461782,81.49647786,0.116574638,111.503389365014,9.92194020689443,213.084838523133
"Kerguelen","KER3","CAT2-S3-1E",181,207,208.1,207.5,10924.02,0.00456822988870346,0.00326228227926185,91.41696835,0.086427391,109.334254568143,7.7488592979187,210.919649838368
"Marion Island","PB1","PB1_1A",4,5,6.3,5.7,154.78,0.001571772,0.001330175,81.06532941,0.899825156,99.9769093827091,-1.62753865927525,201.581357424693
"Marion Island","PB1","PB1_1A",7,9.8,11.1,10.4,333.91,0.004396117,0.002554765,104.8784032,2.087080224,108.796780066489,7.21037963557079,210.383180497406
"Marion Island","PB1","PB1_1A",9,12.6,13.8,13.2,440.63,0.003209075,0.001845419,94.53614478,0.642845784,105.089882737651,3.49625372728386,206.683511748019
"Marion Island","PB1","PB1_1A",14,19.4,20.7,20.1,704.72,0.002962292,0.002192898,92.32272965,0.858601386,104.319228250698,2.72403150160592,205.914424999789
"Marion Island","PB1","PB1_1A",16,22.3,23.5,22.9,810.69,0.004121289,0.002562634,111.3330188,1.213529905,107.938546592787,6.35051858729845,209.526574598276
"Marion Island","PB1","PB1_1A",17,23.7,24.9,24.3,862.94,0.00379752,0.002067735,101.3618316,1.267022895,106.927480058275,5.33749907172245,208.517461044827
"Marion Island","PB1","PB1_1A",22,30.4,31.6,31,1116.79,0.004865354,0.001691591,129.978,1.6117272,110.262114386497,8.67842876720717,211.845800005787
"Marion Island","PB1","PB1_1A",28,38.5,39.8,39.2,1426.52,0.017910194,0.003463905,270.9112707,2.248563547,150.998568994767,49.4579781299327,252.539159859602
"Marion Island","PB1","PB1_1A",32,44,45.3,44.7,1634.77,0.056487861,0.019460507,385.7181504,2.892886128,271.468991064986,169.690126235495,373.247855894476
"Marion Island","PB1","PB1_1B",39,46.4,47.6,47,1723.12,0.044473894,0.005408792,341.4057384,3.789603697,233.951748894077,132.30560618074,335.597891607414
"Marion Island","PB1","PB1_1B",41,49.3,50.5,49.9,1830.5,0.10825964,0.021469475,511.7163841,4.963648926,433.14201466841,330.192783754754,536.091245582066
"Marion Island","PB1","PB1_1B",42,50.6,51.8,51.2,1878.53,0.101455649,0.018109159,440.388663,3.258876106,411.894496835567,309.153880593826,514.635113077309
"Marion Island","PB1","PB1_1B",44,53.3,54.5,53.9,1980.2,0.110125563,0.023405524,437.9821679,5.956557484,438.968923054563,335.959624593655,541.978221515472
"Marion Island","PB1","PB1_1B",45,54.7,55.8,55.2,2030.05,0.140951394,0.014906593,460.3240616,3.452430462,535.231894872823,431.054587015511,639.409202730136
"Marion Island","PB1","PB1_1B",46,56,57.7,56.8,2091.11,0.159336529,0.027001294,498.3007666,1.79388276,592.645034274642,487.616405465439,697.673663083844
"Marion Island","PB1","PB1_1B",52,64.3,65.4,64.9,2400.08,0.170626368,0.014891166,551.4510882,4.852769576,627.900967958626,522.293745844825,733.508190072426
"Marion Island","PB1","PB1_1B",54,66.9,68.1,67.5,2499.09,0.102839262,0.018176764,496.7792725,4.471013453,416.215246508995,313.433535281526,518.996957736464
"Marion Island","PB1","PB1_1B",57,70.8,72,71.4,2647.86,0.145655318,0.018137388,524.5580637,3.671906446,549.921318929136,445.537041075646,654.305596782627
"Marion Island","PB1","PB1_1B",62,77.7,78.9,78.3,2906.71,0.079936555,0.013807247,465.9206978,6.103561141,344.694623480118,242.505232004768,446.884014955468
"Marion Island","PB1","PB1_1B",64,80.4,81.5,81,3009.64,0.052669949,0.008932555,386.5194115,6.957349406,259.546407201452,157.815441676689,361.277372726216
"Marion Island","PB1","PB1_1B",65,81.7,82.8,82.3,3058.43,0.083608357,0.009403258,428.9221796,9.178934644,356.160934719164,253.889235256154,458.432634182174
"Marion Island","PB1","PB1_1B",66,83,84.1,83.6,3107.49,0.058653656,0.006826158,400.1003901,5.161295033,278.232340382288,176.423937968701,380.040742795875
"Marion Island","PB1","PB1_1B",67,84.3,85.4,84.9,3155.81,0.080855749,0.01376145,414.5633709,3.067768944,347.565084494373,245.355543920391,449.774625068355
"Marion Island","PB1","PB1_1B",68,85.6,86.6,86.1,3200.37,0.086594891,0.013573406,399.5212471,2.916505104,365.487289563459,263.145065779643,467.829513347275
"Marion Island","PB1","PB1_1C",77,89.2,90.3,89.7,3335.04,0.102523268,0.007068683,450.2820056,4.86304566,415.228459761324,312.456193753858,518.00072576879
"Marion Island","PB1","PB1_1C",79,91.8,92.9,92.4,3436.21,0.115019379,0.005568322,473.1352636,3.595828004,454.251342259799,351.078684736843,557.423999782755
"Marion Island","PB1","PB1_1C",81,94.5,95.6,95.1,3538.8,0.135080447,0.012774967,531.0457626,4.035947796,516.898088864236,412.968528471614,620.827649256858
"Marion Island","PB1","PB1_1C",84,98.5,99.6,99.1,3690.04,0.125887115,0.010049267,493.0148139,1.626948886,488.189131781071,384.623751307306,591.754512254835
"Marion Island","PB1","PB1_1C",86,101.2,102.3,101.8,3791.98,0.160295977,0.009556008,580.8240397,0.87123606,595.641200567291,490.565037485857,700.717363648724
"Marion Island","PB1","PB1_1C",87,102.6,103.7,103.1,3841.55,0.154494715,0.017774894,528.0720887,7.92108133,577.525007027647,472.73158444803,682.318429607265
"Marion Island","PB1","PB1_1C",88,103.9,105,104.4,3891.1,0.14371741,0.003864093,528.8866074,1.322216519,543.869615629057,439.571514031054,648.167717227061
"South Georgia","POB4","POB_1A",16,31.5,32.9,32.2,-17.69,0.00097347505445293,0.00090286284371814,68.40901103,1.525239966,98.1085463851909,-3.50010049060745,199.717193260989
"South Georgia","POB4","POB_1A",19,36.1,37.4,36.8,-1.785,0.00153915016466978,0.00052931804709519,59.5129419,1.773754751,99.8750378446781,-1.72963575153371,201.47971144089
"South Georgia","POB4","POB_1A",21,39.2,40.6,39.9,17.4366666666667,0.00296283898414552,0.0010196719220895,122.9882961,3.003480471,104.320936373972,2.72574312442227,205.916129623522
"South Georgia","POB4","POB_1A",24,43.8,45.1,44.4,249.323333333333,0.00089554433538949,0.00079930725117764,130.7410525,3.61161766,97.8651841668948,-3.74401929138129,199.474387625171
"South Georgia","POB4","POB_1A",28,49.9,51.2,50.5,569.63,0.00039672245356679,0.00023833396167041,72.8129235,1.847012294,96.3074621138468,-5.30535670624698,197.920280933941
"South Georgia","POB4","POB_1E",170,200.2,201.3,200.7,3778.715,0.00030826093702481,0.00042409491928775,74.88881968,1.125564608,96.0312142983741,-5.58225520149017,197.644683798238
"South Georgia","POB4","POB_1E",174,205.3,206.4,205.9,3794.655,8.38054372967718e-06,5.009089568802e-05,72.70995502,1.557929404,95.0947471566248,-6.52094947449734,196.710443787747
"South Georgia","POB4","POB_1E",177,209.4,210.5,209.9,3808.20666666667,8.38054372967718e-06,5.009089568802e-05,67.97188086,1.69098108,95.0947471566248,-6.52094947449734,196.710443787747
"South Georgia","POB4","POB_1E",183,217.6,218.5,218.1,3834.505,8.38054372967718e-06,5.009089568802e-05,70.86899848,1.037513405,95.0947471566248,-6.52094947449734,196.710443787747
"South Georgia","POB4","POB_1F",196,225.1,226.2,225.7,3857.985,8.38054372967718e-06,5.009089568802e-05,60.2839156,1.59581613,95.0947471566248,-6.52094947449734,196.710443787747
"South Georgia","POB4","POB_1F",202,232.5,233.6,233,3880.55,6.62205279485326e-05,0.00010018179137604,67.43528434,1.624750722,95.2753699846299,-6.33989451705912,196.890634486319
"South Georgia","POB4","POB_1F",208,240,241.2,240.6,3906.24,8.38054372967718e-06,5.009089568802e-05,82.83945348,1.83486614,95.0947471566248,-6.52094947449734,196.710443787747
"South Georgia","POB4","POB_1F",214,247.5,248.6,248.1,3964.74,8.38054372967718e-06,5.009089568802e-05,55.84615278,1.731725308,95.0947471566248,-6.52094947449734,196.710443787747
"South Georgia","POB4","POB_1F",219,253.8,254.8,254.3,4013.88,8.38054372967718e-06,5.009089568802e-05,25.8328521,0.820673822,95.0947471566248,-6.52094947449734,196.710443787747
"South Georgia","POB4","POB_1G",233,261.6,262.8,262.2,4076.15166666667,4.99956133063072e-05,0.00010193568607316,51.75566547,1.108082547,95.2247027860406,-6.39068281010196,196.840088382183
"South Georgia","POB4","POB_1G",239,269.2,270.5,269.8,4137.68428571429,8.38054372967718e-06,5.009089568802e-05,48.13166038,1.47096457,95.0947471566248,-6.52094947449734,196.710443787747
"South Georgia","POB4","POB_1G",247,279.3,280.2,279.8,4218.848,0.00012608765074929,0.00026320109273071,60.20617388,1.638579378,95.4623231653896,-6.15249535416109,197.07714168494
"South Georgia","POB4","POB_1G",255,289.2,290.5,289.9,4348.3,0.00079811835171461,0.00090063954220922,197.9058749,3.903704254,97.5609420940416,-4.04896031580795,199.170844503891
"South Georgia","POB4","POB_1G",256,290.6,291.8,291.2,4366.59142857143,0.00012261622107797,0.00023843527562008,120.4252189,2.151830449,95.4514825772925,-6.16336176688718,197.066326921472
"South Georgia","POB4","POB_1G",261,297.2,298.5,297.9,4452.81857142857,0.00476079600815671,0.00100435371396716,112.2832022,3.335992316,109.935600463087,8.35131691327005,211.519884012904
"South Georgia","POB4","POB_1H",270,299.6,300.9,300.3,4523.25,0.00242125616911928,0.00116338754224083,133.9471098,3.690744929,102.629680386092,1.03096838646586,204.228392385718
"South Georgia","POB4","POB_1H",272,302.4,303.6,303,4931.03714285714,0.00655604638403471,0.00326646028866634,127.6030216,4.468681315,115.541812225549,13.9672378969806,217.116386554118
"South Georgia","POB4","POB_1H",274,305.3,306.6,305.9,5380.51285714286,0.0030312652170774,0.00107871911470699,128.8300513,3.49952727,104.534617962389,2.93986163001081,206.129374294767
"South Georgia","POB4","POB_1H",276,308.2,309.4,308.8,5800.02142857143,0.00463651921235528,0.00271899758393608,133.9399585,2.258266822,109.547508615964,7.96250915060371,211.132508081324
"South Georgia","POB4","POB_1H",277,309.6,310.8,310.2,6009.77285714286,0.00595436304678992,0.00351434087860847,105.0074043,2.731168008,113.662874196702,12.0851776359124,215.240570757492
"South Georgia","POB4","POB_1H",278,311,312.3,311.6,6219.52714285714,0.0024403796743586,0.00092055268121441,125.9626009,2.926812301,102.689399309677,1.09081339174739,204.287985227606
"South Georgia","POB4","POB_1H",280,313.9,315,314.5,6654.02,0.00383124879670628,0.00179864926580091,108.7867895,3.216666996,107.032808417689,5.44303267931028,208.622584156067
"South Georgia","POB4","POB_1H",283,317.9,319.1,318.5,7253.32,0.00436578210435863,0.00176099187747142,131.0377341,3.388206926,108.702050188672,7.1154714709957,210.288628906348
