"Location","Site","Section","sample","min_depth","max_depth","midpoint","SH20_age","Cu","Cu_sd","Cu_ICP","Cu_ICP_sd","fit","lwr","upr"
"Bird Island","BI10","BI10.1",1,0,1.1,0.6,-55.4909090909091,88,47.1826239202527,4.369649931,0.022750235,11.2396343427283,-26.9364418317727,49.4157105172293
"Bird Island","BI10","BI10.1",4,3.9,5,4.5,5.21666666666667,98.9166666666667,46.7555700781557,3.255429522,0.010150183,16.6771965799755,-21.4717600757912,54.8261532357423
"Bird Island","BI10","BI10.1",10,11.7,12.8,12.3,132.083333333333,71.25,53.7623136001081,5.828405269,0.020076539,2.89650449779171,-35.3399455567929,41.1329545523763
"Bird Island","BI10","BI10.1",22,26.7,27.8,27.2,382.866666666667,87.4166666666667,47.7768645672651,18.80830619,0.176446353,10.9490775819594,-27.2287196885482,49.126874852467
"Bird Island","BI10","BI10.1",30,36.3,37.2,36.7,541.72,137.5,51.6682795447179,25.3957986,0.092788179,35.8954508994066,-2.23525808425305,74.0261598830662
"Bird Island","BI10","BI10.1",34,40.9,41.9,41.4,618.7,143,51.5014562900895,25.1006547,0.200410389,38.6349860723708,0.497018395088134,76.7729537496535
"Bird Island","BI10","BI10.2",45,44,45,44.5,670.06,142.2,30.1101680869141,12.41602198,0.076135345,38.2365082290305,0.0997491768046856,76.3732672812564
"Bird Island","BI10","BI10.2",51,51.9,52.9,52.4,800.245454545455,125.090909090909,36.7190809946397,30.70187991,0.12301453,29.7145161703219,-8.40885218734306,67.8378845279868
"Bird Island","BI10","BI10.2",54,55.3,56.3,55.8,856.145454545455,129.454545454545,54.4763501647525,12.23274868,0.369735042,31.8880316794504,-6.23649007500532,70.012553433906
"Bird Island","BI10","BI10.2",62,64.4,65.4,64.9,1005.71818181818,131.818181818182,61.3413696974859,44.61646774,0.152122701,33.0653525802287,-5.06044071839569,71.1911458788531
"Bird Island","BI10","BI10.2",67,70.1,71.2,70.6,1100.56666666667,155.666666666667,37.5991618217344,36.59073739,0.331067449,44.944218591925,6.78018719670908,83.1082499871409
"Bird Island","BI10","BI10.2",71,74.7,75.8,75.2,1174.81666666667,190.333333333333,43.3491812512245,34.06414422,0.025144385,62.2115918033357,23.9098216122213,100.51336199445
"Bird Island","BI10","BI10.2",81,86.5,87.5,87,1349.67272727273,171.545454545455,48.6258442319794,39.61078518,0.154761353,52.853400027921,14.6383217100471,91.068478345795
"Bird Island","BI10","BI10.3",88,84.8,85.8,85.3,1324,128.909090909091,34.9212100175654,37.01157435,0.426171368,31.6163422408095,-6.50795062214522,69.7406351037643
"Bird Island","BI10","BI10.3",95,93,94,93.5,1444.54545454545,99.0909090909091,68.6461281434788,25.20300712,0.083140624,16.7639862617636,-21.3846159408163,54.9125884643436
"Bird Island","BI10","BI10.3",98,96.3,97.3,96.8,1492.28181818182,94.0909090909091,41.0596019110136,18.81424853,0.085012501,14.2734997408871,-23.8862530426513,52.4332525244254
"Bird Island","BI10","BI10.3",104,103.2,104.2,103.7,1595.6,103.363636363636,42.2475389277831,19.39416739,0.073912797,18.8922201977853,-19.2484617610516,57.0329021566221
"Bird Island","BI10","BI10.3",114,114.9,115.9,115.4,1769.91818181818,134.181818181818,45.8493580801698,42.10225675,0.101834918,34.2426734810065,-3.88484580727284,72.3701927692859
"Bird Island","BI10","BI10.3",120,121.8,122.7,122.3,1872.71,169,40.0444197804832,62.86286744,0.567434644,51.5855159809291,13.3799938114815,89.7910381503766
"Bird Island","BI10","BI10.4",135,129.4,130.4,129.9,1986.59090909091,161.454545454545,39.9683966062279,77.32937965,0.189230748,47.8271454130606,9.64687158566691,86.0074192404542
"Bird Island","BI10","BI10.4",145,141,142,141.5,2162.97272727273,166.363636363636,39.8227892726583,40.6484082,0.139015902,50.2723503608303,12.0761734774206,88.4685272442401
"Bird Island","BI10","BI10.4",155,152.7,153.8,153.2,2335.40833333333,194.5,48.1106678776793,67.58862806,0.371106986,64.2869972373997,25.9621571056652,102.611837369134
"Bird Island","BI10","BI10.4",165,164.8,165.8,165.3,2517.27272727273,153.909090909091,62.8258777025113,58.21751812,0.419583377,44.0687748451925,5.909138104515,82.22841158587
"Bird Island","BI10","BI10.4",168,168.4,170,169.2,2576.01176470588,128.117647058824,45.5643533271092,34.00992075,0.690963856,31.2221261925854,-6.9018775923273,69.3461299774981
"Bird Island","BI10","BI10.5",181,174.6,175.6,175.1,2667,158.727272727273,33.8203811601552,31.39605337,0.356175262,46.4686982198555,8.29641615312004,84.640980286591
"Bird Island","BI10","BI10.5",191,186.6,187.6,187.1,2847.45454545455,161.363636363636,60.1236604462382,28.97367916,0.196486418,47.7818638399538,9.60186611280314,85.9618615671044
"Bird Island","BI10","BI10.5",194,190.3,191.3,190.8,2903.10909090909,142.363636363636,43.9619670335001,26.9304948,0.044764677,38.3180150606227,0.181013021052465,76.4550171001929
"Bird Island","BI10","BI10.5",197,194,195,194.5,2954.41818181818,143.090909090909,52.6354529674715,46.72905914,0.124522427,38.6802676454776,0.542159333431314,76.8183759575239
"Bird Island","BI10","BI10.5",202,199.9,200.8,200.3,3041.91111111111,138.111111111111,38.8472793270148,68.09335946,0.816242088,36.1998436964025,-1.93155036647173,74.3312377592768
"Bird Island","BI10","BI10.6",218,209.5,210.5,210,3183,131.727272727273,24.2160727992419,34.46389212,0.171217055,33.0200710071219,-5.10566498240755,71.1458069966513
"Bird Island","BI10","BI10.6",228,221.4,222.4,221.9,3362.6,147.363636363636,35.5985188660223,60.20244341,0.548086843,40.8085015814993,2.66302599816512,78.9539771648335
"Bird Island","BI10","BI10.6",239,234.2,235.2,234.7,3550.09090909091,143.727272727273,32.7874698904655,73.19734621,0.669512032,38.9972386572257,0.858127097241272,77.1363502172102
"Bird Island","BI10","BI10.6",247,243.9,245,244.5,3699.925,128.916666666667,51.199180272794,116.9107903,0.841170558,31.6201157052352,-6.50418017101913,69.7444115814896
"Bird Island","BI10","BI10.7",259,250.7,251.7,251.2,3790.45,94.7,50.2284779781351,32.9760233,0.203795286,14.5768862807029,-23.5813996375057,52.7351721989116
"Bird Island","BI10","BI10.7",271,265,266,265.5,3978.94545454545,150,69.3368588847231,145.5334854,0.604259635,42.121667201598,3.97090611752245,80.2724282856736
"Bird Island","BI10","BI10.7",280,275.9,276.9,276.4,4128.55454545455,145.454545454545,56.0987765220662,49.70613596,0.602315252,39.8575885462555,1.71558801853716,77.9995890739738
"Bird Island","BI10","BI10.8",300,289.7,290.8,290.3,4314.73333333333,168.666666666667,43.1516002723028,80.36054861,0.943852418,51.4194835462041,13.2151740009407,89.6237930914676
"Bird Island","BI10","BI10.8",303,293.4,294.4,293.9,4365.28181818182,203,44.409458452001,78.52750915,0.406648955,68.5208243228899,30.1446133036139,106.897035342166
"Bird Island","BI10","BI10.8",311,303.1,304,303.6,4492.98,135.2,41.8245010596527,51.06064778,0.387827921,34.7498270998033,-3.37857572138206,72.8782299209887
"Bird Island","BI10","BI10.8",318,311.7,312.8,312.2,4610.66666666667,114.833333333333,47.5850116458253,50.54112884,0.613078987,24.6052453380992,-13.5215125834714,62.7320032596697
"Bird Island","BI10","BI10.8",326,321.7,322.8,322.2,4729.33333333333,145.833333333333,36.5335047551829,35.29243706,0.37314492,40.046261767534,1.90359528783269,78.1889282472354
"Bird Island","BI10","BI10.9",342,332.1,333.1,332.6,4891.35454545455,125.818181818182,40.4173680039118,54.25753022,0.451401204,30.0767687551768,-8.04668425593044,68.200221766284
"Bird Island","BI10","BI10.9",348,339.5,340.5,340,5008.74545454545,222.636363636364,53.1944973230742,93.06939632,0.991321257,78.3016441139691,39.7847681498812,116.818520078057
"Bird Island","BI10","BI10.9",361,355.7,356.7,356.2,5262.19090909091,160.181818181818,41.2645566602095,61.1989585,0.484100081,47.1932033895648,9.01673404498358,85.3696727341461
"Bird Island","BI10","BI10.9",365,360.7,361.7,361.2,5341.56,129.8,38.9381275587024,84.15061701,1.054966543,32.0601016572566,-6.06457758055218,70.1847808950654
"Bird Island","BI10","BI10.9",372,369.1,371,370.1,5483.135,179.95,42.3922473051258,69.48540749,0.847400448,57.0396814616488,18.7893362659545,95.2900266573431
"Bird Island","BI10","BI10.10",379,367.3,368.4,367.9,5447.30909090909,124.181818181818,45.0595565486794,96.04739856,0.836309314,29.2617004392534,-8.86162261643497,67.3850234949417
"Bird Island","BI10","BI10.10",386,375.7,376.6,376.1,5581.52,176.3,54.9182220315909,74.97636554,0.220258,55.2216263014089,16.9872970206455,93.4559555821724
"Bird Island","BI10","BI10.10",390,380.5,381.5,381,5660.04545454545,154.909090909091,43.882694870426,55.15725169,0.118938531,44.5668721493678,6.40476572625543,82.7289785724802
"Bird Island","BI10","BI10.10",392,382.9,384,383.4,5698.00833333333,147.416666666667,31.3411096088692,94.26813549,0.602079612,40.8349158324786,2.6893394940255,78.9804921709318
"Bird Island","BI10","BI10.10",396,387.7,388.8,388.2,5774.45833333333,123.916666666667,33.2332208745552,19.4548787,0.169805204,29.1296291843586,-8.99369332391301,67.2529516926303
"Bird Island","BI10","BI10.10",403,396.3,397.4,396.8,5914.69166666667,140.916666666667,38.3179481642109,71.22393581,1.506837827,37.5972833553391,-0.537645509216276,75.7322122198944
"Bird Island","BI10","BI10.10",410,404.6,405.6,405.1,6045.02727272727,202.909090909091,29.5481117686208,87.44578681,0.43151217,68.4755427497831,30.0999116814965,106.85117381807
"Bird Island","BI10","BI10.11",422,409.9,410.9,410.4,6127.60909090909,189.818181818182,51.4739121921351,55.06983208,0.437392273,61.9549962223972,23.6559816172599,100.254010827535
"Bird Island","BI10","BI10.11",424,412.2,413.2,412.7,6161.61818181818,195,36.7477890491387,79.709217,0.911979751,64.5360458894874,26.2083438850918,102.863747893883
"Bird Island","BI10","BI10.11",427,415.8,416.8,416.3,6233.21818181818,195.272727272727,36.0529913019458,49.32777324,0.323555772,64.6718906088078,26.3426191461239,103.001162071492
"Bird Island","BI10","BI10.11",439,430.3,431.3,430.8,6633.50909090909,173.454545454545,45.1826595860926,49.65090616,0.322927713,53.8043130631644,15.5817241544219,92.0269019719069
"Bird Island","BI10","BI10.11",443,435.2,436.3,435.7,6779.31666666667,195.833333333333,36.0777779333215,67.64965696,0.958600155,64.9511269763,26.6186107060828,103.283643246517
"Bird Island","BI10","BI10.11",449,442.8,443.8,443.3,6996.89090909091,133.090909090909,33.3839918088132,30.41424683,0.119474831,33.6992946037244,-4.42737160794201,71.8259608153909
"Bird Island","BI10","BI10.12",461,447.5,448.7,448.1,7135.69230769231,150.923076923077,51.4967014129085,28.74922169,0.311511624,42.5814493285291,4.42870423583651,80.7341944212218
"Bird Island","BI10","BI10.12",465,452.8,453.9,453.4,7290.50833333333,105.833333333333,37.3480760934052,39.15988603,0.099160724,20.1223696005213,-18.0144107474893,58.2591499485319
"Bird Island","BI10","BI10.12",469,458.3,459.3,458.8,7450.61818181818,131.363636363636,38.650414557344,34.66157048,0.4641381,32.8389447146942,-5.2865687611019,70.9644581904903
"Bird Island","BI10","BI10.12",475,466.1,467.2,466.6,7672.18333333333,157.75,42.8445923181572,25.95749555,0.857134355,45.9819213089568,7.81235626753594,84.1514863503776
"Bird Island","BI10","BI10.12",479,471.4,472.4,471.9,7821.06363636364,161.272727272727,37.635331562485,89.58971424,1.243282919,47.7365822668469,9.5568599705399,85.916304563154
"Bird Island","BI10","BI10.12",484,478.2,479.2,478.7,8011.50909090909,213.636363636364,63.8126519230673,97.79698974,5.191445766,73.8187683763912,35.3701609740185,112.267375778764
"Bird Island","BI10","BI10.13",506,473.4,474.5,474,7881.69166666667,172.166666666667,70.4502833510443,46.69505839,0.266664267,53.1628241108178,14.9453341738252,91.3803140478103
"Bird Island","BI10","BI10.13",519,491,492,491.5,8384.23636363636,224.545454545455,40.1207269035935,78.63602567,0.631116592,79.2525571492129,40.720377294817,117.784737003609
"Bird Island","BI10","BI10.13",522,494.8,495.8,495.3,8490.03636363636,193.909090909091,47.9029321554632,99.33071721,5.308945902,63.9926670122052,25.6711832815702,102.31415074284
"Bird Island","BI10","BI10.13",525,498.7,499.7,499.2,8597.97,375.8,70.2452845392486,78.85879013,2.91695892,154.592038484385,113.971760909377,195.212316059393
"Bird Island","BI10","BI10.13",529,503.9,505.1,504.5,8738.44,549.8,120.083119361364,273.7512725,0.443798565,241.26096941089,196.364681429968,286.157257391813
"Isla Hermite","HER42PB","HER42PB_1A",3,2.5,3.7,3.1,-30.6269230769231,115.923076923077,49.4527746752083,23.13004442,0.161910311,25.148043682393,-12.9779477712293,63.2740351360153
"Isla Hermite","HER42PB","HER42PB_1A",5,5.3,6.5,5.9,-1.38846153846154,89.7692307692308,43.7667184173733,28.86151963,0.069267647,12.1208834193462,-26.0501413594945,50.2919081981868
"Isla Hermite","HER42PB","HER42PB_1A",7,8.1,9.3,8.7,27.85,103.846153846154,44.6147325328121,28.38931831,0.300926774,19.132560855045,-19.0073198686659,57.2724415787558
"Isla Hermite","HER42PB","HER42PB_1A",9,10.9,12.1,11.5,56.4453846153846,98.4615384615385,55.1114255918791,33.07658228,0.588763165,16.450498447947,-21.6993956825477,54.6003925784418
"Isla Hermite","HER42PB","HER42PB_1A",13,16.3,17.5,16.9,110.519230769231,148.923076923077,47.1194608388465,33.89863255,0.559327437,41.5852547201785,3.43672088353144,79.7337885568256
"Isla Hermite","HER42PB","HER42PB_1A",16,20.5,21.6,21.1,152.406666666667,151.916666666667,57.7273502743454,28.97734663,0.156477672,43.0763537012676,4.92139575383732,81.2313116486978
"Isla Hermite","HER42PB","HER42PB_1A",20,26.1,27.3,26.7,210.763076923077,109.615384615385,46.5913769946372,41.9704529,0.247625672,22.0061991483642,-16.1255672106014,60.1379655073298
"Isla Hermite","HER42PB","HER42PB_1A",25,33.1,34.1,33.6,281.104545454545,123.818181818182,29.8087845502569,61.64578206,1.02948456,29.0805741468262,-9.04274961496293,67.2038979086152
"Isla Hermite","HER42PB","HER42PB_1A",28,37.1,38.2,37.7,321.895,130.5,39.4588393138977,43.74139458,0.209958694,32.4087697701793,-5.71625834535909,70.5337978857177
"Isla Hermite","HER42PB","HER42PB_1A",31,41.2,42.3,41.7,363.2825,94.6666666666667,48.7112705519768,34.73791874,0.340431604,14.5602830372304,-23.598082378647,52.7186484531079
"Isla Hermite","HER42PB","HER42PB_1B",40,43.1,44.2,43.7,382.52,156.666666666667,45.8204665135041,40.88974473,0.249427443,45.4423158961003,7.27567227005217,83.6089595221485
"Isla Hermite","HER42PB","HER42PB_1B",48,54,55.1,54.5,493.1425,103.666666666667,56.0978582208777,27.8525667,0.35929811,19.0431587748085,-19.097017783267,57.1833353328839
"Isla Hermite","HER42PB","HER42PB_1B",50,56.7,57.8,57.2,520.634166666667,144.5,34.1507353840694,16.00316636,0.17603483,39.3821320286338,1.24175800061487,77.5225060566527
"Isla Hermite","HER42PB","HER42PB_1B",56,64.7,65.8,65.2,601.545833333333,117.583333333333,41.4036852407506,36.18123,0.137488674,25.9750129245813,-12.1499964860533,64.1000223352159
"Isla Hermite","HER42PB","HER42PB_1B",60,69.9,70.9,70.4,653.46,113.090909090909,36.5197331464909,35.46679751,0.539095322,23.7373485202181,-14.3908356202548,61.865532660691
"Isla Hermite","HER42PB","HER42PB_1B",63,73.7,74.8,74.3,692.363333333333,149.166666666667,42.7313666639589,35.40585383,0.400086148,41.7065861147854,3.55755673663927,79.8556154929316
"Isla Hermite","HER42PB","HER42PB_1B",69,81.5,82.5,82,770.521818181818,113,42.8788992396027,49.15261573,0.407966711,23.6920669471113,-14.4361983823661,61.8203322765887
"Isla Hermite","HER42PB","HER42PB_1C",80,86.5,87.8,87.2,822.286923076923,137.769230769231,49.5969653744962,39.76047449,0.397604745,36.0295540197616,-2.10145303994726,74.1605610794704
"Isla Hermite","HER42PB","HER42PB_1C",86,94.8,96,95.4,906.45,117.615384615385,40.372305816278,34.52810771,0.252055186,25.9909775817668,-12.1340150766484,64.1159702401819
"Isla Hermite","HER42PB","HER42PB_1C",90,100.2,101.4,100.8,961.955384615385,127.461538461538,25.2903650448657,40.65077512,0.219514186,30.895320269031,-7.22848250292953,69.0191230409916
"Isla Hermite","HER42PB","HER42PB_1C",91,101.6,103.1,102.3,977.5775,141,40.7005323470509,44.99762802,0.350981499,37.6387914640202,-0.49625217985183,75.7738351078922
"Isla Hermite","HER42PB","HER42PB_1C",97,109.8,111,110.4,1058.64692307692,121.384615384615,41.9772526922587,28.9478943,0.358953889,27.8684212667349,-10.2551841324675,65.9920266659373
"Isla Hermite","HER42PB","HER42PB_1C",104,119.2,120.3,119.8,1151.60416666667,91.3333333333333,46.3667853951381,31.06311504,0.086976722,12.8999586899793,-25.266811654631,51.0667290345897
"Isla Hermite","HER42PB","HER42PB_1D",118,127.3,128.4,127.8,1233.23666666667,130.416666666667,46.1173568850233,27.88986141,0.806016995,32.3672616614982,-5.75772283075851,70.492246153755
"Isla Hermite","HER42PB","HER42PB_1D",121,130.9,132.2,131.6,1270.93,91.3571428571429,31.1413826649639,25.96709783,0.067514454,12.9118181496026,-25.2548889645342,51.0785252637394
"Isla Hermite","HER42PB","HER42PB_1D",131,143.2,144.4,143.8,1396.85230769231,142,44.6094160463909,22.2037868,0.057729846,38.1368887681955,0.000423745110325058,76.2733537912807
"Isla Hermite","HER42PB","HER42PB_1D",137,150.7,151.9,151.3,1480.03461538462,97.3076923076923,42.8959683719123,20.00182283,0.29802716,15.8757707892832,-22.2765753990582,54.0281169776245
"Isla Hermite","HER42PB","HER42PB_1D",144,159.2,160.3,159.8,1611.23,93.6666666666667,55.8395971158515,29.54255159,0.460863805,14.0621857330551,-24.0986065301681,52.2229779962784
"Isla Hermite","HER42PB","HER42PB_1D",147,162.9,164.1,163.5,1669.44846153846,124.307692307692,36.5772803239584,30.53387748,0.213737142,29.3243980020166,-8.7989273157924,67.4477233198256
"Isla Hermite","HER42PB","HER42PB_1E",158,169.3,170.5,169.9,1768.77461538462,139.307692307692,48.5410215099638,7.835581975,0.049364166,36.7958575646464,-1.33696584655048,74.9286809758433
"Isla Hermite","HER42PB","HER42PB_1E",162,175.6,176.8,176.2,1865.00538461538,96.8461538461538,29.296888782048,42.45588235,0.687785294,15.6458797258176,-22.5074775468109,53.7992369984461
"Isla Hermite","HER42PB","HER42PB_1E",166,181.9,183.1,182.5,1961.41923076923,140.307692307692,39.1820209947212,20.43760841,0.116494368,37.2939548688217,-0.840152358875748,75.4280620965192
"Isla Hermite","HER42PB","HER42PB_1E",174,194.9,196.1,195.5,2158.50153846154,116.384615384615,38.541186760699,16.48459618,0.060993006,25.3779347458583,-12.7477612051976,63.5036306969142
"Isla Hermite","HER42PB","HER42PB_1E",179,202.5,203.6,203,2273.88416666667,106.916666666667,31.5607879073596,25.87423565,0.26132978,20.6619750133782,-17.4732502976835,58.79720032444
"Isla Hermite","HER42PB","HER42PB_1F",184,201.4,202.5,202,2256.42833333333,111.75,41.7897877912339,26.97965714,0.312964023,23.0694453168921,-15.0600045174552,61.1988951512394
"Isla Hermite","HER42PB","HER42PB_1F",189,208.1,209.3,208.7,2363.54384615385,104.307692307692,62.1562340871568,32.78276452,0.835960495,19.3624519185103,-18.776680108111,57.5015839451316
"Isla Hermite","HER42PB","HER42PB_1F",191,210.9,212.2,211.5,2407.86357142857,114.428571428571,58.256348991352,17.54257349,0.228053455,24.4036345245044,-13.7234326866604,62.5307017356691
"Isla Hermite","HER42PB","HER42PB_1F",197,219.3,220.5,219.9,2535.41461538462,120.384615384615,35.9757753252992,15.70576463,0.164910529,27.3703239625596,-10.7535368406012,65.4941847657204
"Isla Hermite","HER42PB","HER42PB_1F",200,223.4,224.6,224,2595.94769230769,123.230769230769,47.8855473084065,16.67157469,0.240070676,28.7879855205971,-9.33536210777307,66.9113331489673
"Isla Hermite","HER42PB","HER42PB_1F",205,230.3,231.5,230.9,2697.92846153846,96.1538461538462,44.6203357111347,16.66345413,0.26161623,15.3010431306194,-22.8538631868214,53.4559494480602
"Isla Hermite","HER42PB","HER42PB_1F",209,235.8,236.9,236.4,2780.0925,65.3333333333333,33.6569142790583,24.69330757,0.45682619,-0.0505712185789398,-38.3137606234808,38.2126181863229
"Isla Hermite","HER42PB","HER42PB_1F",211,238.4,239.5,239,2819.29,117.666666666667,60.5059476164922,32.30269493,0.226118865,26.0165210332629,-12.1084449954226,64.1414870619484
"Isla Hermite","HER42PB","HER42PB_1F",213,241.1,242.3,241.7,2859.43,114.416666666667,42.4637991991325,30.25871619,0.239043858,24.3977047946931,-13.7293717149501,62.5247813043363
"Isla Hermite","HER42PB","HER42PB_1G",224,246.9,248.1,247.5,2943.97461538462,140.307692307692,44.0802007999522,37.91346404,0.955419294,37.2939548688217,-0.840152358875748,75.4280620965192
"Isla Hermite","HER42PB","HER42PB_1G",231,256.4,257.6,257,3049.39,98.3076923076923,33.2976090617745,20.55300982,0.119207457,16.3738680934585,-21.7763467332071,54.5240829201241
"Isla Hermite","HER42PB","HER42PB_1G",232,257.7,258.9,258.3,3062.22846153846,132.769230769231,40.5732954995316,14.18284501,0.039711966,33.539067498885,-4.58736564414156,71.6655006419115
"Isla Hermite","HER42PB","HER42PB_1G",236,263.2,264.4,263.8,3116.22307692308,122.846153846154,42.9880722872561,15.90778555,0.281567804,28.596409634376,-9.52696882922843,66.7197880979804
"Isla Hermite","HER42PB","HER42PB_1G",240,268.6,269.8,269.2,3169.09230769231,128.076923076923,32.5434620634763,12.73174274,0.252088506,31.2018416869853,-6.92214860184339,69.3258319758139
"Isla Hermite","HER42PB","HER42PB_1G",245,275.2,276.4,275.8,3233.34153846154,99.4615384615385,39.7253390684405,14.76761143,0.239235305,16.9485957521223,-21.1992606953392,55.0964521995839
"Isla Hermite","HER42PB","HER42PB_1G",253,285.8,286.9,286.3,3335.24833333333,157.75,50.5751016715825,15.51050531,0.268331742,45.9819213089568,7.81235626753594,84.1514863503776
"Isla Hermite","HER42PB","HER42PB_1H",260,285,286.2,285.6,3328.03692307692,122.615384615385,36.7231499682386,17.5903724,0.142482016,28.4814641026434,-9.64193863905647,66.6048668443432
"Isla Hermite","HER42PB","HER42PB_1H",264,290.3,291.5,290.9,3378.91846153846,112.230769230769,59.9349005813166,11.06280232,0.14160387,23.3089151746686,-14.8200640432574,61.4378943925945
"Isla Hermite","HER42PB","HER42PB_1H",269,297,298.2,297.6,3442.75846153846,120.615384615385,51.4741657881868,21.54142699,0.381283258,27.4852694942927,-10.6385251485119,65.6090641370974
"Isla Hermite","HER42PB","HER42PB_1H",273,302.3,303.5,302.9,3494.21153846154,120.923076923077,62.459935876877,20.15831002,0.175377297,27.6385302032696,-10.485182965288,65.7622433718272
"Isla Hermite","HER42PB","HER42PB_1H",278,309.3,310.6,309.9,3563.64071428571,125.428571428571,56.8408226618785,42.22566553,0.422256655,29.8827048704329,-8.24069743898044,68.0061071798462
"Isla Hermite","HER42PB","HER42PB_1H",281,313.5,314.8,314.2,3603.44,126.5,34.8154474998582,20.93774638,0.335003942,30.4163805534781,-7.70719090245767,68.5399520094138
"Isla Hermite","HER42PB","HER42PB_1H",286,320.5,321.8,321.1,3669.60384615385,142.923076923077,55.3751772584996,23.03276646,0.181958855,38.5966708951266,0.458821691915283,76.7345200983379
"Isla Hermite","HER42PB","HER42PB_1I",301,332.1,333.3,332.7,3782.35692307692,140.461538461538,60.9242909746944,32.86089404,0.059149609,37.3705852233102,-0.763726729924869,75.5048971765452
"Isla Hermite","HER42PB","HER42PB_1I",303,334.9,336.2,335.6,3810.93642857143,99.1428571428571,46.4937665678995,45.18632252,0.230450245,16.7898614463961,-21.358635557738,54.9383584505302
"Isla Hermite","HER42PB","HER42PB_1I",312,347.6,348.8,348.2,4016.98,122,49.4957910668507,15.18090345,0.054651252,28.1749426846891,-9.9485459806909,66.2984313500691
"Isla Hermite","HER42PB","HER42PB_1I",317,354.3,355.4,354.9,4144.90083333333,157.333333333333,40.734915408447,26.73054531,0.269978508,45.7743807655502,7.60595060548543,83.942810925615
"Isla Hermite","HER42PB","HER42PB_1I",320,358.3,359.6,358.9,4223.08571428571,117.142857142857,39.8629520363827,24.02900522,0.396478586,25.7556129215518,-12.3696351781945,63.880861021298
"Isla Hermite","HER42PB","HER42PB_1I",322,361,362.2,361.6,4273.55307692308,81.1538461538462,38.0916573408714,34.81762093,0.045262907,7.8295835679896,-30.368427772688,46.0275949086672
"Isla Hermite","HER42PB","HER42PB_1J",335,369.7,370.8,370.2,4438.2275,110.583333333333,47.1081122782928,43.85099046,0.526211885,22.4883317953541,-15.6423382154964,60.6190018062045
"Isla Hermite","HER42PB","HER42PB_1J",340,376.7,377.9,377.3,4574.44,114.461538461538,43.9973775442268,35.30719832,0.748512604,24.4200553147519,-13.7069862069395,62.5470968364432
"Isla Hermite","HER42PB","HER42PB_1J",342,379.6,380.9,380.3,4631.57428571429,104.571428571429,41.6998695547015,39.39945912,0.374294862,19.4938182404909,-18.6448937307204,57.6325302117023
"Isla Hermite","HER42PB","HER42PB_1J",346,385.3,386.5,385.9,4743.01769230769,98.6923076923077,42.5585569448821,33.54823181,0.301934086,16.5654439796798,-21.583972709646,54.7148606690055
"Isla Hermite","HER42PB","HER42PB_1J",349,389.6,390.9,390.2,4828.70428571429,91.2142857142857,28.9964946725756,29.94669397,0.374333675,12.8406613918632,-25.3264257945794,51.0077485783059
"Isla Hermite","HER42PB","HER42PB_1J",352,394,395.2,394.6,4912.70923076923,112.692307692308,27.2683718355919,21.79382396,0.366136243,23.5388062381344,-14.5897388721396,61.6673513484084
"Isla Hermite","HER42PB","HER42PB_1J",353,395.4,396.6,396,4939.73076923077,92.7692307692308,25.0304942225606,21.85564158,0.240412057,13.6151753318721,-24.5478639381044,51.7782146018486
"Kerguelen","KER1","CAT1-S1-1A",1,0,1.4,0.7,-43.6,62,58.2980845883179,24.69368632,0.086063133,-1.71089556582998,-39.9903903569979,36.5685992253379
"Kerguelen","KER1","CAT1-S1-1A",3,3.1,4.7,3.9,3.97058823529412,92,37.4916657405349,26.74331214,0.313205083,13.2320235594296,-24.9329937073763,51.3970408262354
"Kerguelen","KER1","CAT1-S1-1A",5,6.4,7.8,7.1,59.76,90.4,43.1820068348579,26.49605516,0.302346615,12.4350678727491,-25.7342173205535,50.6043530660516
"Kerguelen","KER1","CAT1-S1-1A",7,9.3,10.6,9.9,108.485714285714,101.714285714286,51.9961959724401,12.73383553,0.0819318,18.0706830857042,-20.0728805052866,56.2142466766951
"Kerguelen","KER1","CAT1-S1-1A",8,10.7,12,11.4,130.207142857143,120.857142857143,50.8585627657075,25.82156005,0.18436126,27.6056886227745,-10.5180413561355,65.7294186016846
"Kerguelen","KER1","CAT1-S1-1A",9,12.1,13.6,12.8,153.175,125.1875,45.2006176211491,19.18499137,0.141255927,29.762627841748,-8.36074928084419,67.8860049643401
"Kerguelen","KER1","CAT1-S1-1A",11,15.1,16.5,15.8,212.526666666667,104.266666666667,52.5743917384373,10.81206248,0.068603587,19.3420171573136,-18.7971807192514,57.4812150338787
"Kerguelen","KER1","CAT1-S1-1A",13,18,19.4,18.7,308.48,116.533333333333,41.7507342393378,3.298222114,0.016411823,25.4520107551972,-12.6735936695736,63.577615179968
"Kerguelen","KER1","CAT1-S1-1A",17,24,25.5,24.7,466.2125,108.375,48.6646689087679,22.07333655,0.101494601,21.3883669153004,-16.7449157203012,59.521649550902
"Kerguelen","KER1","CAT1-S1-1A",20,28.6,30,29.3,587.28,125.866666666667,43.9884183891732,18.88934963,0.052728105,30.1009189275005,-8.02254125721672,68.2243791122178
"Kerguelen","KER1","CAT1-S1-1A",23,33,34.4,33.7,665.746666666667,117.733333333333,51.955292136147,37.94363653,0.232560971,26.0497275202076,-12.0752042096614,64.1746592500766
"Kerguelen","KER1","CAT1-S1-1A",25,35.9,37.2,36.6,716.192857142857,100.714285714286,36.139534225913,18.73001453,0.085063108,17.5725857815289,-20.5728325468989,55.7180041099567
"Kerguelen","KER1","CAT1-S1-1A",26,37.3,38.7,38,744.413333333333,118.6,60.516585684068,34.08990898,0.311441985,26.481411850493,-11.6431068961773,64.6059305971634
"Kerguelen","KER1","CAT1-S1-1A",27,38.8,40.1,39.4,772.55,123.357142857143,42.3712659218978,29.17767688,0.034558641,28.8509318832128,-9.2724082404779,66.9742720069036
"Kerguelen","KER1","CAT1-S1-1A",28,40.2,41.6,40.9,799.733333333333,140.8,36.3930919661567,20.22360626,0.217514945,37.5391720031851,-0.595597118651263,75.6739411250215
"Kerguelen","KER1","CAT1-S1-1B",36,45.1,46.2,45.6,888.225,122.25,31.0487153884461,37.92341421,0.429757144,28.299467010733,-9.82398303226688,66.4229170537328
"Kerguelen","KER1","CAT1-S1-1B",40,50.7,52.1,51.4,1089.45333333333,146.333333333333,61.4092439140496,31.57899132,0.217195633,40.2953104196217,2.15174703623588,78.4388738030075
"Kerguelen","KER1","CAT1-S1-1B",41,52.3,53.6,53,1213.32142857143,131.285714285714,45.2657598079278,33.08146631,0.222861529,32.8001319377455,-5.32533525595631,70.9255991314473
"Kerguelen","KER1","CAT1-S1-1B",46,59.9,61.2,60.5,1808.84285714286,144.857142857143,24.7692648965706,14.52619027,0.072743303,39.5600239229822,1.4190500078272,77.7009978381372
"Kerguelen","KER1","CAT1-S1-1B",49,64.4,65.8,65.1,2110.62666666667,91.3333333333333,31.7325129945988,4.195291116,0.039434945,12.8999586899793,-25.266811654631,51.0667290345897
"Kerguelen","KER1","CAT1-S1-1B",51,67.6,68.9,68.3,2364.32142857143,122.142857142857,47.671725441748,2.938278701,0.035397825,28.2460994424284,-9.87736653038096,66.3695654152377
"Kerguelen","KER1","CAT1-S1-1B",57,76.5,77.9,77.2,3056.76,114.8,49.357587345528,5.504167322,0.043984322,24.5886420946268,-13.5381407943404,62.715424983594
"Kerguelen","KER1","CAT1-S1-1C",69,86.1,87.5,86.8,3452.74666666667,101.6,44.1665678345705,4.052348853,0.080249406,18.0137576795126,-20.1300137704759,56.1575291295012
"Kerguelen","KER1","CAT1-S1-1C",73,92.4,93.7,93.1,3631.13571428571,95.3571428571429,31.9653830617703,4.450254187,0.056354536,14.9042073663039,-23.2525297201728,53.0609444527806
"Kerguelen","KER1","CAT1-S1-1C",80,103.1,104.5,103.8,3940.82666666667,118,34.5170765191459,2.622442469,0.027138847,26.1825534679878,-11.9422446821276,64.3073516181033
"Kerguelen","KER1","CAT1-S1-1C",86,112.2,113.6,112.9,4208.64,117.333333333333,41.7880137747428,5.41452311,0.007968769,25.8504885985375,-12.2746543474498,63.9756315445248
"Kerguelen","KER1","CAT1-S1-1C",93,122.9,124.1,123.5,4497.10769230769,120.538461538462,55.8205687666822,4.038560617,0.060109751,27.4469543170485,-10.6768618978123,65.5707705319093
"Kerguelen","KER1","CAT1-S1-1D",105,130.3,131.4,130.8,4654.675,122.583333333333,35.6586297940327,3.510172288,0.029526189,28.4654994454579,-9.65790701087142,66.5889059017872
"Kerguelen","KER1","CAT1-S1-1D",108,134.6,135.8,135.2,4745.8,120.076923076923,39.2416902848266,3.038249121,0.01986838,27.2170632535827,-10.9068925029046,65.34101901007
"Kerguelen","KER1","CAT1-S1-1D",110,137.6,138.8,138.2,4810.63076923077,97.4615384615385,47.5124814910345,2.972262265,0.023071922,15.9524011437717,-22.1996118589424,54.1044141464858
"Kerguelen","KER1","CAT1-S1-1D",114,143.4,144.6,144,4936.93076923077,106.615384615385,62.7581846741104,5.962629521,0.022947646,20.5119072358383,-17.6237409657482,58.6475554374248
"Kerguelen","KER1","CAT1-S1-1D",117,147.8,148.9,148.4,5072.725,85.1666666666667,39.358107246927,7.391036368,0.048550012,9.82835864756491,-28.3563353256835,48.0130526208133
"Kerguelen","KER1","CAT1-S1-1D",119,150.7,151.8,151.3,5184.44166666667,93,36.1210087445973,5.924549608,0.069898106,13.7301208636049,-24.4323343652961,51.8925760925058
"Kerguelen","KER1","CAT1-S1-1D",123,156.5,157.7,157.1,5436.62307692308,87.1538461538462,37.8744552300671,6.211413657,0.115546166,10.8181673930415,-27.3604143244678,48.9967491105508
"Kerguelen","KER1","CAT1-S1-1D",124,158,159.2,158.6,5499.66923076923,79,52.7794151792786,4.744298227,0.014952396,6.75675860515043,-31.448937947837,44.9624551581378
"Kerguelen","KER1","CAT1-S1-1E",132,161.5,162.7,162.1,5646.26923076923,87.3076923076923,49.5452396222964,19.09702535,0.049455498,10.89479774753,-27.283324102421,49.072919597481
"Kerguelen","KER1","CAT1-S1-1E",137,168.8,170,169.4,5947.94615384615,89.9230769230769,40.6949250285207,4.308979567,0.029165588,12.1975137738347,-25.9730837420851,50.3681112897544
"Kerguelen","KER1","CAT1-S1-1E",144,179,180.2,179.6,6370.75384615385,97.5384615384615,55.090252290545,5.064349607,0.031713711,15.9907163210159,-22.1611308093758,54.1425634514077
"Kerguelen","KER1","CAT1-S1-1E",145,180.4,181.6,181,6433.53846153846,104.076923076923,40.2998377549702,3.767313027,0.017291261,19.2475063867776,-18.8919978247779,57.3870105983331
"Kerguelen","KER1","CAT1-S1-1E",146,181.9,183,182.4,6500.14166666667,66.6666666666667,55.2355836121037,6.015402464,0.019215536,0.613558520321518,-37.6433590183845,38.8704760590275
"Kerguelen","KER1","CAT1-S1-1E",147,183.3,184.4,183.8,6564.375,92,26.944387170615,8.155143454,0.093802488,13.2320235594296,-24.9329937073763,51.3970408262354
"Kerguelen","KER1","CAT1-S1-1E",151,189,190.3,189.7,6812.30714285714,113.714285714286,54.6153381829241,7.040465601,0.025135218,24.0478507358081,-14.0797947867021,62.1754962583182
"Kerguelen","KER1","CAT1-S1-1E",157,198.4,199.7,199,7055.1,124.5,52.3299443619337,4.561717881,0.044407993,29.4201859451274,-8.70314531783227,67.5435172080871
"Kerguelen","KER1","CAT1-S1-1E",161,204.5,205.8,205.2,7160.46428571429,95.5,46.5101312371005,4.921011171,0.025493931,14.9753641240432,-23.1810408966255,53.1317691447119
"Kerguelen","KER1","CAT1-S1-1F",170,210.3,211.7,211,7263.93333333333,116.333333333333,32.0104149717973,4.093699078,0.06061545,25.3523912943622,-12.7733366346307,63.478119223355
"Kerguelen","KER1","CAT1-S1-1F",177,220.9,222.2,221.6,7451.67142857143,119.428571428571,48.4191860982564,6.998565891,0.09543019,26.894121045381,-11.2300600053287,65.0183020960906
"Kerguelen","KER1","CAT1-S1-1F",179,224,225.4,224.7,7505.43333333333,106.666666666667,53.6465505037591,5.640790304,0.0330274,20.5374506873344,-17.5981250118522,58.673026386521
"Kerguelen","KER1","CAT1-S1-1F",180,225.6,226.8,226.2,7531.69230769231,98.6923076923077,44.7053028461289,6.197858783,0.085971873,16.5654439796798,-21.583972709646,54.7148606690055
"Kerguelen","KER1","CAT1-S1-1F",185,233.2,234.5,233.8,7669.85,72.7142857142857,35.7242183990046,3.773884291,0.028086362,3.62586126461985,-34.6044067473004,41.85612927654
"Kerguelen","KER1","CAT1-S1-1F",186,234.7,235.9,235.3,7695.93846153846,88.1538461538462,38.1725166270319,3.210467452,0.029975864,11.3162646972168,-26.8593621561617,49.4918915505954
"Kerguelen","KER1","CAT1-S1-1F",188,237.8,239.1,238.4,7751.90714285714,109.857142857143,44.1864182802766,4.370193647,0.064167909,22.126618276846,-16.0048671170741,60.2581036707662
"Kerguelen","KER1","CAT1-S1-1F",191,242.3,243.6,242.9,7831.4,103.538461538462,51.7697070119444,3.643171487,0.010439405,18.9793001460681,-19.1610893248612,57.1196896169973
"Kerguelen","KER3","CAT2-S3-1A",6,7.9,9.1,8.5,386.276923076923,130.769230769231,45.9059797233321,8.840919501,0.229976711,32.5428728905343,-5.58230002258044,70.6680458036491
"Kerguelen","KER3","CAT2-S3-1A",9,12.3,13.5,12.9,621.707692307692,115.076923076923,33.3253195495095,7.875132613,0.29908538,24.7265767327061,-13.4000014781465,62.8531549435587
"Kerguelen","KER3","CAT2-S3-1A",13,18.1,19.3,18.7,928.807692307692,82.9230769230769,33.6735839555319,6.48426444,0.180858218,8.71083264460744,-29.4811465294964,46.9028118187113
"Kerguelen","KER3","CAT2-S3-1A",15,21,22.1,21.6,1082.7,75.1666666666667,32.9264561584073,6.918225269,0.133823297,4.84738560581172,-33.3729162455709,43.0676874571944
"Kerguelen","KER3","CAT2-S3-1A",20,28.2,29.4,28.8,1469.79230769231,122.076923076923,43.52482345065,6.433648096,0.172534658,28.2132578619333,-9.91021837805201,66.3367341019187
"Kerguelen","KER3","CAT2-S3-1A",21,29.6,30.7,30.2,1540.33333333333,103,37.5669100043207,5.73865376,0.209451089,18.7110939053581,-19.4302043826167,56.8523921933329
"Kerguelen","KER3","CAT2-S3-1A",22,31,32.1,31.6,1613.25833333333,105,42.4670995648931,6.068782697,0.119616413,19.7072885137087,-18.4307529226964,57.8453299501138
"Kerguelen","KER3","CAT2-S3-1A",27,38.2,39.3,38.7,1994.20833333333,93.6666666666667,40.0688800881077,7.047681054,0.14681248,14.0621857330551,-24.0986065301681,52.2229779962784
"Kerguelen","KER3","CAT2-S3-1A",28,39.5,40.7,40.1,2065.98461538462,84.5384615384615,42.9662956758267,6.508755339,0.189387888,9.51545136673679,-28.6712413900512,47.7021441235248
"Kerguelen","KER3","CAT2-S3-1A",32,45.1,47,46.1,2386.005,110.35,46.9459655797016,9.587253172,0.277084542,22.3721090910467,-15.7588182364263,60.5030364185197
"Kerguelen","KER3","CAT2-S3-1B",38,46.4,47.6,47,2436.8,92.4615384615385,49.3872712761352,10.40875416,0.161441707,13.4619146228951,-24.7019100872681,51.6257393330584
"Kerguelen","KER3","CAT2-S3-1B",42,51.6,52.7,52.2,2712.45833333333,98.9166666666667,56.2194698292219,9.373035718,0.271420193,16.6771965799755,-21.4717600757912,54.8261532357423
"Kerguelen","KER3","CAT2-S3-1B",45,55.3,56.5,55.9,2912.56153846154,105.846153846154,49.1373010957496,13.06431875,0.407919365,20.1287554633956,-18.0080059240708,58.265516850862
"Kerguelen","KER3","CAT2-S3-1B",47,58.1,59.3,58.7,3063.31538461538,142.846153846154,56.5241042297387,10.09827176,0.307887904,38.5583557178824,0.420624507877498,76.6960869278873
"Kerguelen","KER3","CAT2-S3-1B",52,64.6,65.7,65.1,3406.90833333333,91.5833333333333,41.1945678972656,4.106794771,0.13323458,13.0244830160232,-25.1416257011437,51.19059173319
"Kerguelen","KER3","CAT2-S3-1B",55,68.3,69.4,68.9,3606.60833333333,112.083333333333,47.2680140424278,4.231129546,0.131749448,23.235477751617,-14.8936437903908,61.3645992936248
"Kerguelen","KER3","CAT2-S3-1B",56,69.5,70.7,70.1,3672.84615384615,104.923076923077,51.614696774048,5.702281494,0.107612601,19.6689733364645,-18.4691873532611,57.8071340261901
"Kerguelen","KER3","CAT2-S3-1B",62,77.2,78.2,77.7,4072.19090909091,125.363636363636,26.5716869139794,3.550825248,0.084355233,29.8503608896423,-8.27303417017518,67.9737559494597
"Kerguelen","KER3","CAT2-S3-1B",65,80.8,81.9,81.4,4264.50833333333,116.166666666667,21.9951785350308,4.361117146,0.074532348,25.2693750769999,-12.8564582576816,63.3952084116815
"Kerguelen","KER3","CAT2-S3-1B",68,84.5,85.6,85.1,4460.44166666667,127.083333333333,58.8116536586126,3.650559565,0.160516898,30.7069373142468,-7.4167654989587,68.8306401274524
"Kerguelen","KER3","CAT2-S3-1C",78,89.2,90.2,89.7,4699.99090909091,100.272727272727,41.347529331487,5.365034951,0.147724747,17.3526467121525,-20.7936164408345,55.4989098651395
"Kerguelen","KER3","CAT2-S3-1C",83,95.7,96.8,96.2,5048.06666666667,92.4166666666667,50.5451343460536,5.664348023,0.193384178,13.439564102836,-24.7243757922104,51.6035039978824
"Kerguelen","KER3","CAT2-S3-1C",85,98.3,99.3,98.8,5181.87272727273,99.5454545454545,38.351958584572,5.281383866,0.191685492,16.9903941272979,-21.1572950186007,55.1380832731965
"Kerguelen","KER3","CAT2-S3-1C",89,103.5,104.7,104.1,5467.83076923077,94.6923076923077,34.3496351639641,6.171535738,0.087592713,14.5730547629785,-23.5852494928445,52.7313590188015
"Kerguelen","KER3","CAT2-S3-1C",91,106.1,107.2,106.7,5603.63333333333,113.333333333333,39.1113406788488,5.342532785,0.198968822,23.8580993818362,-14.2698715406158,61.9860703042882
"Kerguelen","KER3","CAT2-S3-1C",96,112.8,113.9,113.3,5955.025,113.833333333333,58.2640280936443,4.933715765,0.045480133,24.1071480339239,-14.020398221669,62.2346942895167
"Kerguelen","KER3","CAT2-S3-1C",101,118.9,119.9,119.4,6277.73636363636,121.909090909091,64.8528404088125,3.65700923,0.097662144,28.1296611115823,-9.99384285901397,66.2531650821786
"Kerguelen","KER3","CAT2-S3-1D",110,122.4,123.5,123,6466.25,85.8333333333333,43.5155841119714,3.437053635,0.065124554,10.1604235170151,-28.0221842457857,48.3430312798159
"Kerguelen","KER3","CAT2-S3-1D",115,128.9,130,129.5,6808.05,85.0833333333333,46.3062107229165,3.952744681,0.079786209,9.7868505388836,-28.3981067410252,47.9718078187924
"Kerguelen","KER3","CAT2-S3-1D",117,131.4,132.4,131.9,6937.85454545455,91.6363636363636,49.1574464903797,7.175522048,0.151485797,13.0508972670022,-25.1150717564563,51.2168662904606
"Kerguelen","KER3","CAT2-S3-1D",121,136.5,137.6,137.1,7212.99166666667,90.75,44.7277115647356,3.491107712,0.07673791,12.6094019292104,-25.5589319196362,50.7777357780571
"Kerguelen","KER3","CAT2-S3-1D",124,140.5,141.6,141,7429.425,99.5,58.025856305616,2.881552952,0.077816207,16.9677533407445,-21.1800263558526,55.1155330373415
"Kerguelen","KER3","CAT2-S3-1D",130,148.3,149.4,148.9,7841.69166666667,79.5833333333333,41.6925071387552,4.230290494,0.130962612,7.04731536591935,-31.1562627384987,45.2508934703374
"Kerguelen","KER3","CAT2-S3-1D",133,152.3,153.4,152.8,8051.725,90.8333333333333,31.05957130575,5.949248492,0.179672146,12.6509100378917,-25.5171987641355,50.8190188399189
"Kerguelen","KER3","CAT2-S3-1D",134,153.6,154.8,154.2,8122.73846153846,109.846153846154,47.9476209938966,10.45175639,0.305726767,22.1211446800969,-16.0103533818684,60.2526427420622
"Kerguelen","KER3","CAT2-S3-1D",136,156.4,157.6,157,8271.9,112.769230769231,42.3716765582739,10.26088375,0.315188093,23.5771214153786,-14.551353027864,61.7055958586212
"Kerguelen","KER3","CAT2-S3-1D",139,160.4,161.5,160.9,8483.125,110.5,50.8786434924946,7.674057487,0.125382993,22.446823686673,-15.6839377147754,60.5775850881213
"Kerguelen","KER3","CAT2-S3-1D",141,163,164.1,163.5,8623.30833333333,135.166666666667,26.6247777057159,7.281443283,0.180898294,34.733223856331,-3.39514870473104,72.861596417393
"Kerguelen","KER3","CAT2-S3-1D",142,164.3,165.5,164.9,8696.08461538462,125.461538461538,58.5514238150468,7.973932809,0.197341265,29.8991256606804,-8.22428046059111,68.0225317819519
"Kerguelen","KER3","CAT2-S3-1E",150,166.5,167.5,167,8805.21818181818,98.1818181818182,35.2840422339,9.490423637,0.114648791,16.3111705306952,-21.8393081130307,54.461649174421
"Kerguelen","KER3","CAT2-S3-1E",152,169.1,170.2,169.6,8943.06666666667,120.75,56.4029738094141,13.75191128,0.078139487,27.55232105447,-10.5714369955983,65.6760791045383
"Kerguelen","KER3","CAT2-S3-1E",156,174.6,175.7,175.1,9234.5,125.75,49.8563846554189,5.900840785,0.077186785,30.0428075753466,-8.08063567145567,68.1662508221488
"Kerguelen","KER3","CAT2-S3-1E",158,177.2,178.3,177.8,9367.74166666667,121.166666666667,51.1501058975769,8.749783869,0.242923555,27.7598615978765,-10.3637925327865,65.8835157285395
"Kerguelen","KER3","CAT2-S3-1E",159,178.6,179.6,179.1,9437.28181818182,106.454545454545,31.1941136638425,4.407188324,0.103755273,20.431793683418,-17.7040832985889,58.5676706654249
"Kerguelen","KER3","CAT2-S3-1E",163,183.8,184.9,184.3,9717.925,86.1666666666667,50.9203180260963,4.336218703,0.086213799,10.3264559517402,-27.8551222022567,48.5080341057371
"Kerguelen","KER3","CAT2-S3-1E",165,186.4,187.5,187,9857.625,85,44.6094160463909,5.898747032,0.135103178,9.74534243020234,-28.4398787186292,47.9305635790338
"Kerguelen","KER3","CAT2-S3-1E",168,190.4,191.5,190.9,10071.1416666667,73.75,39.7632196428262,3.077501979,0.072627797,4.14174775823001,-34.0842520339044,42.3677475503645
"Kerguelen","KER3","CAT2-S3-1E",171,194,195,194.5,10256.1727272727,121.090909090909,48.4364625988615,6.647074218,0.128389626,27.7221269536206,-10.401545020902,65.8457989281433
"Kerguelen","KER3","CAT2-S3-1E",174,197.7,198.6,198.1,10446.9,100.7,48.1157169979023,6.066381953,0.204705716,17.5654701057548,-20.5799753073653,55.710915518875
"Kerguelen","KER3","CAT2-S3-1E",177,201.6,202.7,202.1,10658.8916666667,127.583333333333,59.3302901841322,13.11197215,0.276535738,30.9559859663345,-7.16785147292515,69.0798234055941
"Kerguelen","KER3","CAT2-S3-1E",181,207,208.1,207.5,10924.02,131.6,68.2224303290348,5.623204587,0.171863242,32.9566768047722,-5.16898008142461,71.082333690969
"Marion Island","PB1","PB1_1A",4,5,6.3,5.7,154.78,104.5384615,37.1878461,9.794512059,0.108719084,19.4773974310856,-18.6613667380103,57.6161616001815
"Marion Island","PB1","PB1_1A",7,9.8,11.1,10.4,333.91,141.2857143,63.06825188,13.40015169,0.246562791,37.7811049866145,-0.354336471718781,75.9165464449478
"Marion Island","PB1","PB1_1A",9,12.6,13.8,13.2,440.63,100.5384615,44.69641183,11.97926549,0.028750237,17.4850082143843,-20.660744617555,55.6307610463236
"Marion Island","PB1","PB1_1A",14,19.4,20.7,20.1,704.72,109.2857143,48.26597555,11.24002965,0.187708495,21.8419912530043,-16.2901658983249,59.9741484043335
"Marion Island","PB1","PB1_1A",16,22.3,23.5,22.9,810.69,89.23076923,48.22197605,11.60429285,0.204235554,11.8526771782532,-26.319858128173,50.0252124846794
"Marion Island","PB1","PB1_1A",17,23.7,24.9,24.3,862.94,104.4615385,41.3271811,11.43140635,0.166898533,19.4390822921565,-18.6998040151885,57.5779685995015
"Marion Island","PB1","PB1_1A",22,30.4,31.6,31,1116.79,124.2307692,49.25131783,13.55326154,0.265643926,29.2860828094465,-8.83724097277753,67.4094065916704
"Marion Island","PB1","PB1_1A",28,38.5,39.8,39.2,1426.52,119.8571429,54.67647102,33.18613386,0.19579819,27.1075913399462,-11.0164369560003,65.2316196358927
"Marion Island","PB1","PB1_1A",32,44,45.3,44.7,1634.77,137.0909091,34.75760218,45.7672747,0.32494765,35.6916838249539,-2.43858351983376,73.8219511697416
"Marion Island","PB1","PB1_1B",39,46.4,47.6,47,1723.12,119.8461538,30.39968792,44.24220161,0.508785319,27.1021176988609,-11.0219143272443,65.226149724966
"Marion Island","PB1","PB1_1B",41,49.3,50.5,49.9,1830.5,104.5454545,51.83312384,50.31560728,0.130820579,19.4808806255337,-18.6578724639277,57.6196337149951
"Marion Island","PB1","PB1_1B",42,50.6,51.8,51.2,1878.53,124.6923077,33.49224939,51.72438273,0.45000213,29.5159738920696,-8.60736632488198,67.6393141090211
"Marion Island","PB1","PB1_1B",44,53.3,54.5,53.9,1980.2,140.1538462,34.15368734,55.39246919,0.332354815,37.2173245373225,-0.916579888924112,75.3512289635691
"Marion Island","PB1","PB1_1B",45,54.7,55.8,55.2,2030.05,106.0833333,34.56340243,54.30724473,0.439888682,20.2468939099621,-17.8895191170468,58.383306936971
"Marion Island","PB1","PB1_1B",46,56,57.7,56.8,2091.11,130.8333333,41.5893793,62.48854446,0.431170957,32.5748021883012,-5.55040606950582,70.7000104461082
"Marion Island","PB1","PB1_1B",52,64.3,65.4,64.9,2400.08,130.8333333,32.94301784,48.02260133,0.533050875,32.5748021883012,-5.55040606950582,70.7000104461082
"Marion Island","PB1","PB1_1B",54,66.9,68.1,67.5,2499.09,137.2307692,51.08677886,44.9569015,0.224784508,35.7613477637256,-2.36906903775705,73.8917645652082
"Marion Island","PB1","PB1_1B",57,70.8,72,71.4,2647.86,116.3846154,33.29799409,44.4717921,0.120073839,25.3779347535215,-12.7477611975248,63.5036307045679
"Marion Island","PB1","PB1_1B",62,77.7,78.9,78.3,2906.71,135.0769231,50.70250082,39.51227571,0.375366619,34.6885228277071,-3.43976871295544,72.8168143683696
"Marion Island","PB1","PB1_1B",64,80.4,81.5,81,3009.64,120.5,43.18985571,43.98661868,0.642204633,27.4277967284261,-10.6960304529864,65.5516239098387
"Marion Island","PB1","PB1_1B",65,81.7,82.8,82.3,3058.43,98,47.44374659,40.27640183,0.306100654,16.2206073844815,-21.9302545992473,54.3714693682103
"Marion Island","PB1","PB1_1B",66,83,84.1,83.6,3107.49,127.0833333,42.52370106,41.21203391,0.502786814,30.7069372976438,-7.41676551555348,68.830640110841
"Marion Island","PB1","PB1_1B",67,84.3,85.4,84.9,3155.81,114.9090909,48.67330797,36.60114857,0.534376769,24.6429799778269,-13.4837215357713,62.769681491425
"Marion Island","PB1","PB1_1B",68,85.6,86.6,86.1,3200.37,144.3333333,55.57937267,39.07498882,0.308692412,39.299115794668,1.15901816743523,77.4392134219007
"Marion Island","PB1","PB1_1C",77,89.2,90.3,89.7,3335.04,139.25,43.26897902,46.39592631,0.45931967,36.7671211817134,-1.36563064350995,74.8998730069367
"Marion Island","PB1","PB1_1C",79,91.8,92.9,92.4,3436.21,130.9166667,26.60300165,47.36751669,0.217890577,32.616310330189,-5.50894437550702,70.741565035885
"Marion Island","PB1","PB1_1C",81,94.5,95.6,95.1,3538.8,151,39.17482185,46.29202129,0.476807819,42.6197645057734,4.4668509569165,80.7726780546302
"Marion Island","PB1","PB1_1C",84,98.5,99.6,99.1,3690.04,131.7142857,34.96528891,44.25396404,0.420412658,33.013602203848,-5.11212565353741,71.1393300612334
"Marion Island","PB1","PB1_1C",86,101.2,102.3,101.8,3791.98,88.2,27.78808698,45.27192781,0.090543856,11.3392538035634,-26.8362386274376,49.5147462345644
"Marion Island","PB1","PB1_1C",87,102.6,103.7,103.1,3841.55,99.16666667,29.10742902,39.09656722,0.367507732,16.8017209076797,-21.3467279537238,54.9501697690832
"Marion Island","PB1","PB1_1C",88,103.9,105,104.4,3891.1,110.5555556,59.41403687,41.1989837,0.477908211,22.4744957812648,-15.656204630329,60.6051961928586
