"Location","Site","Section","sample","min_depth","max_depth","midpoint","SH20_age","Ti","Ti_sd","Ti_ICP","Ti_ICP_sd","fit","lwr","upr"
"Bird Island","BI10","BI10.1",1,0,1.1,0.6,-55.4909090909091,0.00041653041441507,0.00045840985313136,134.9563972,2.246361623,1577.70021989983,-3013.3615810607,6168.76202086036
"Bird Island","BI10","BI10.1",4,3.9,5,4.5,5.21666666666667,0.00030033138284418,0.00027470288969218,79.78694045,0.954822132,1566.29994822845,-3024.77523230515,6157.37512876206
"Bird Island","BI10","BI10.1",10,11.7,12.8,12.3,132.083333333333,0.00030030613478015,0.00017708828837934,340.544392,4.893302391,1566.29747114422,-3024.77771230574,6157.37265459418
"Bird Island","BI10","BI10.1",22,26.7,27.8,27.2,382.866666666667,0.00077995570707258,0.00032750172106656,1070.668936,10.73236296,1613.35582745984,-2977.66467392373,6204.37632884342
"Bird Island","BI10","BI10.1",30,36.3,37.2,36.7,541.72,0.00195539237477893,0.0007082663310902,1962.99309,30.40726253,1728.67776399573,-2862.21483254829,6319.57036053975
"Bird Island","BI10","BI10.1",34,40.9,41.9,41.4,618.7,0.00081673095153514,0.00032789001516759,1538.231355,7.943023099,1616.96384184677,-2974.05252655036,6207.98021024389
"Bird Island","BI10","BI10.2",45,44,45,44.5,670.06,0.00091998934506041,0.00033533871981271,3006.601666,14.09773486,1627.09450922518,-2963.9102998128,6218.09931826316
"Bird Island","BI10","BI10.2",51,51.9,52.9,52.4,800.245454545455,0.00031948411466599,0.00029810848917945,301.0170716,3.519876752,1568.17902022299,-3022.8939491688,6159.25198961479
"Bird Island","BI10","BI10.2",54,55.3,56.3,55.8,856.145454545455,0.00020734774597755,0.00018731283635767,1904.013462,92.77560752,1557.17733587152,-3033.90861211471,6148.26328385775
"Bird Island","BI10","BI10.2",62,64.4,65.4,64.9,1005.71818181818,0.00167222491946768,0.00121836830504181,225.6496719,2.024591047,1700.89624227908,-2890.02637482242,6291.81885938058
"Bird Island","BI10","BI10.2",67,70.1,71.2,70.6,1100.56666666667,0.00093361206186661,0.00034405426113661,1442.000824,11.02828725,1628.43103217544,-2962.5722568469,6219.43432119778
"Bird Island","BI10","BI10.2",71,74.7,75.8,75.2,1174.81666666667,0.0010098614291523,0.00035701397184026,461.9149499,4.1315028,1635.91184754951,-2955.08295509442,6226.90665019344
"Bird Island","BI10","BI10.2",81,86.5,87.5,87,1349.67272727273,0.00069228380533842,0.00037477498795436,2197.326275,24.940646,1604.75434873662,-2986.27603986394,6195.78473733719
"Bird Island","BI10","BI10.3",88,84.8,85.8,85.3,1324,0.00058740414657649,0.00043687856703922,574.7925663,2.379383359,1594.46461923954,-2996.57766050473,6185.50689898381
"Bird Island","BI10","BI10.3",95,93,94,93.5,1444.54545454545,0.00270550582004988,0.00202114083558313,606.0238476,2.682720915,1802.27129523979,-2788.54420695907,6393.08679743865
"Bird Island","BI10","BI10.3",98,96.3,97.3,96.8,1492.28181818182,0.0021825654143377,0.00055941689753849,562.7226914,3.077677491,1750.96568096346,-2839.9031949171,6341.83455684401
"Bird Island","BI10","BI10.3",104,103.2,104.2,103.7,1595.6,0.00145324394032501,0.00178794946737132,441.0920959,6.868091078,1679.41204727899,-2911.5341303189,6270.35822487689
"Bird Island","BI10","BI10.3",114,114.9,115.9,115.4,1769.91818181818,0.00072614726011613,0.00050542468135648,354.6954517,1.783713254,1608.07668782137,-2982.9498761079,6199.10325175063
"Bird Island","BI10","BI10.3",120,121.8,122.7,122.3,1872.71,0.00037928779435652,0.0002763372528438,192.9637106,2.274240107,1574.04635135479,-3017.01972863501,6165.11243134459
"Bird Island","BI10","BI10.4",135,129.4,130.4,129.9,1986.59090909091,0.00105218752025319,0.00066220956371225,401.5251511,5.219646629,1640.06445476847,-2950.92565281566,6231.0545623526
"Bird Island","BI10","BI10.4",145,141,142,141.5,2162.97272727273,0.00056422391686634,0.00046065749996003,523.0275133,1.869875762,1592.19040995803,-2998.85450724314,6183.23532715921
"Bird Island","BI10","BI10.4",155,152.7,153.8,153.2,2335.40833333333,0.00053862945838923,0.00032103129661226,1149.476822,20.0568356,1589.67934101042,-3001.36849225375,6180.72717427458
"Bird Island","BI10","BI10.4",165,164.8,165.8,165.3,2517.27272727273,0.00194712659632033,0.00152593593736331,253.7523195,4.53576382,1727.86680956066,-2863.02665617114,6318.76027529246
"Bird Island","BI10","BI10.4",168,168.4,170,169.2,2576.01176470588,0.00127198255804901,0.00090064521238579,1574.554031,8.965107785,1661.62851695572,-2929.33739031017,6252.59442422161
"Bird Island","BI10","BI10.5",181,174.6,175.6,175.1,2667,0.00142706582405404,0.00093396390559816,227.5458294,2.628673775,1676.84371574215,-2914.10529852257,6267.79273000687
"Bird Island","BI10","BI10.5",191,186.6,187.6,187.1,2847.45454545455,0.00114577381935096,0.00050160331149034,915.5577505,17.12303214,1649.24619423746,-2941.73357208389,6240.22596055882
"Bird Island","BI10","BI10.5",194,190.3,191.3,190.8,2903.10909090909,0.00092718741904898,0.0005120350987347,2196.956371,20.5861252,1627.80071131543,-2963.20329442021,6218.80471705106
"Bird Island","BI10","BI10.5",197,194,195,194.5,2954.41818181818,0.00106536548871932,0.00041619054161495,660.9863166,4.425975943,1641.35734351771,-2949.63130458177,6232.34599161719
"Bird Island","BI10","BI10.5",202,199.9,200.8,200.3,3041.91111111111,0.00160210995913258,0.000587959443045,234.8825033,3.049548028,1694.01727276236,-2896.91285538586,6284.94740091059
"Bird Island","BI10","BI10.6",218,209.5,210.5,210,3183,0.00131955914687127,0.00042604447425385,1293.229498,27.32451171,1666.29624981406,-2924.66445896355,6257.25695859168
"Bird Island","BI10","BI10.6",228,221.4,222.4,221.9,3362.6,0.00101319205524975,0.00025351781176037,430.4165299,8.811078548,1636.23861483692,-2954.75581794707,6227.23304762092
"Bird Island","BI10","BI10.6",239,234.2,235.2,234.7,3550.09090909091,0.00114093527495631,0.00037336984052503,389.6638198,1.204776961,1648.77148528467,-2942.20881434823,6239.75178491756
"Bird Island","BI10","BI10.6",247,243.9,245,244.5,3699.925,0.00049015992797531,0.00035704435967776,301.303437,4.144805205,1584.92400177021,-3006.12936504648,6175.97736858691
"Bird Island","BI10","BI10.7",259,250.7,251.7,251.2,3790.45,0.0005718598889098,0.0004293376591052,344.5794406,2.148483588,1592.93957416873,-2998.10447383598,6183.98362217344
"Bird Island","BI10","BI10.7",271,265,266,265.5,3978.94545454545,0.00097777427165237,0.00055294563158757,232.314161,2.611283675,1632.76378075656,-2958.23458867081,6223.76215018392
"Bird Island","BI10","BI10.7",280,275.9,276.9,276.4,4128.55454545455,0.00076233079513217,0.00028812050895005,227.4128172,2.821840444,1611.62664967248,-2979.39583549333,6202.6491348383
"Bird Island","BI10","BI10.8",300,289.7,290.8,290.3,4314.73333333333,0.00113972707771171,0.0005908940579708,263.8954581,3.723189943,1648.65294921225,-2942.32748361285,6239.63338203735
"Bird Island","BI10","BI10.8",303,293.4,294.4,293.9,4365.28181818182,0.0014388892714073,0.00093155609626463,277.5603378,3.234638602,1678.00371260354,-2912.94401993747,6268.95144514456
"Bird Island","BI10","BI10.8",311,303.1,304,303.6,4492.98,0.00332351412584439,0.00098193817623668,691.4862269,19.13692576,1862.90400866241,-2727.85062791788,6453.65864524271
"Bird Island","BI10","BI10.8",318,311.7,312.8,312.2,4610.66666666667,0.0012460095947953,0.00043485725884434,244.2716404,8.441122001,1659.08031295436,-2931.88843825478,6250.0490641635
"Bird Island","BI10","BI10.8",326,321.7,322.8,322.2,4729.33333333333,0.00117263646478291,0.00043728609276394,390.264881,7.243542018,1651.88168484006,-2939.09512331076,6242.85849299088
"Bird Island","BI10","BI10.9",342,332.1,333.1,332.6,4891.35454545455,0.00221974382368989,0.00089882548541935,159.3219544,2.10548711,1754.61324980456,-2836.2517748467,6345.47827445583
"Bird Island","BI10","BI10.9",348,339.5,340.5,340,5008.74545454545,0.00116215158749086,0.00063097136765587,247.3342292,5.109463262,1650.85301491094,-2940.12494731801,6241.83097713989
"Bird Island","BI10","BI10.9",361,355.7,356.7,356.2,5262.19090909091,0.00285097226787562,0.00074751482535464,799.193679,23.04972736,1816.54298926223,-2774.25797086431,6407.34394938876
"Bird Island","BI10","BI10.9",365,360.7,361.7,361.2,5341.56,0.00325910823041255,0.00106970832613386,482.4222414,13.2812371,1856.58515475085,-2734.17571314403,6447.34602264573
"Bird Island","BI10","BI10.9",372,369.1,371,370.1,5483.135,0.00185733581485174,0.00076994197808391,927.4315698,12.88564894,1719.05744782598,-2871.84548746194,6309.96038311391
"Bird Island","BI10","BI10.10",379,367.3,368.4,367.9,5447.30909090909,0.0019823960994472,0.00115902948403888,541.6620458,6.468674827,1731.32709586361,-2859.56266409068,6322.2168558179
"Bird Island","BI10","BI10.10",386,375.7,376.6,376.1,5581.52,0.00205979461549285,0.00067026977538087,617.6592849,3.394601775,1738.92065407105,-2851.96100094162,6329.80230908372
"Bird Island","BI10","BI10.10",390,380.5,381.5,381,5660.04545454545,0.00207390127499473,0.00068827914818145,862.5856098,15.31657184,1740.3046565754,-2850.57552527763,6331.18483842843
"Bird Island","BI10","BI10.10",392,382.9,384,383.4,5698.00833333333,0.0025668736522366,0.00075990959064789,859.4671757,5.986441722,1788.67011152855,-2802.15937303472,6379.49959609183
"Bird Island","BI10","BI10.10",396,387.7,388.8,388.2,5774.45833333333,0.00108746215569861,0.00043426618595485,1453.514493,20.57369583,1643.52524460252,-2947.46095869373,6234.51144789876
"Bird Island","BI10","BI10.10",403,396.3,397.4,396.8,5914.69166666667,0.00216250752854358,0.0008659553470021,1096.289357,31.68024497,1748.997804432,-2841.87315280056,6339.86876166456
"Bird Island","BI10","BI10.10",410,404.6,405.6,405.1,6045.02727272727,0.00118876502626255,0.00055233467618748,439.7704209,9.598344787,1653.46405588094,-2937.51097833317,6244.43909009506
"Bird Island","BI10","BI10.11",422,409.9,410.9,410.4,6127.60909090909,0.00305346586330625,0.00055818976851827,2545.357841,41.02197568,1836.40960921951,-2754.37132886431,6427.19054730332
"Bird Island","BI10","BI10.11",424,412.2,413.2,412.7,6161.61818181818,0.00300168039414657,0.00063298892142111,713.4399266,14.05510364,1831.32894366603,-2759.45709035701,6422.11497768906
"Bird Island","BI10","BI10.11",427,415.8,416.8,416.3,6233.21818181818,0.00232724784061523,0.00066652973596747,623.497368,13.29859263,1765.16045473515,-2825.69348258549,6356.01439205578
"Bird Island","BI10","BI10.11",439,430.3,431.3,430.8,6633.50909090909,0.00242152271472336,0.00070075847876426,1578.677596,31.2176272,1774.40975020765,-2816.43452380851,6365.2540242238
"Bird Island","BI10","BI10.11",443,435.2,436.3,435.7,6779.31666666667,0.00370226656144638,0.00051351068686838,564.5866399,11.41091288,1900.06336019646,-2690.65515819046,6490.78187858338
"Bird Island","BI10","BI10.11",449,442.8,443.8,443.3,6996.89090909091,0.00475437691825217,0.00115249584911421,383.0841407,7.383390906,2003.28576862537,-2587.33714063398,6593.90867788472
"Bird Island","BI10","BI10.12",461,447.5,448.7,448.1,7135.69230769231,0.00249277154645677,0.0007613167947603,3810.984322,92.18327006,1781.39996369779,-2809.43704419622,6372.23697159181
"Bird Island","BI10","BI10.12",465,452.8,453.9,453.4,7290.50833333333,0.0243064755380895,0.0117564321348556,2897.539841,26.18796901,3921.5395870809,-668.570285370695,8511.64945953249
"Bird Island","BI10","BI10.12",469,458.3,459.3,458.8,7450.61818181818,0.00538856121729378,0.0015533266553099,3795.356029,93.10104025,2065.50550661334,-2525.06312590931,6656.07413913599
"Bird Island","BI10","BI10.12",475,466.1,467.2,466.6,7672.18333333333,0.0048952154976768,0.00140802472747244,5093.523369,50.42995617,2017.10342308897,-2573.50721456966,6607.71406074761
"Bird Island","BI10","BI10.12",479,471.4,472.4,471.9,7821.06363636364,0.00499138722636677,0.00122853124851461,3509.410749,57.96869106,2026.53881871448,-2564.0635107591,6617.14114818805
"Bird Island","BI10","BI10.12",484,478.2,479.2,478.7,8011.50909090909,0.00284066228669401,0.00126990045112598,3248.960975,183.8381806,1815.53147836744,-2775.27050806346,6406.33346479834
"Bird Island","BI10","BI10.13",506,473.4,474.5,474,7881.69166666667,0.00535972548291293,0.00096520592225728,1199.537678,19.22244936,2062.67643651403,-2527.89460917213,6653.2474822002
"Bird Island","BI10","BI10.13",519,491,492,491.5,8384.23636363636,0.00205093708974567,0.00064869074413559,307.9839209,4.116043221,1738.05164338749,-2852.83093725515,6328.93422403014
"Bird Island","BI10","BI10.13",522,494.8,495.8,495.3,8490.03636363636,0.00320693635619862,0.00164349249617606,1347.461524,14.95676567,1851.46657904843,-2739.29935558413,6442.23251368099
"Bird Island","BI10","BI10.13",525,498.7,499.7,499.2,8597.97,0.00556819521459479,0.00290172290197524,2883.518514,39.47106595,2083.12937441122,-2507.42434261005,6673.68309143248
"Bird Island","BI10","BI10.13",529,503.9,505.1,504.5,8738.44,0.00280716885140637,0.00125223455700464,440.1427786,8.564769473,1812.2454418461,-2778.5598832807,6403.0507669729
"Isla Hermite","HER42PB","HER42PB_1A",3,2.5,3.7,3.1,-30.6269230769231,0.00422792030687342,0.00198245951464383,1607.114721,33.91012061,1951.63517987457,-2639.03470255577,6542.3050623049
"Isla Hermite","HER42PB","HER42PB_1A",5,5.3,6.5,5.9,-1.38846153846154,0.00584042981750855,0.00271128568147125,1837.980819,28.85629885,2109.8382754202,-2480.69322303677,6700.36977387716
"Isla Hermite","HER42PB","HER42PB_1A",7,8.1,9.3,8.7,27.85,0.00721123348120284,0.00135633905336335,1832.527324,6.413845634,2244.32764218139,-2346.0990416599,6834.75432602268
"Isla Hermite","HER42PB","HER42PB_1A",9,10.9,12.1,11.5,56.4453846153846,0.00823547085664832,0.00403914383495587,1580.648497,25.4484408,2344.81543608295,-2245.5406267311,6935.17149889701
"Isla Hermite","HER42PB","HER42PB_1A",13,16.3,17.5,16.9,110.519230769231,0.00305578801884406,0.00064196966501692,1819.746676,23.83868146,1836.63743559324,-2754.14327437332,6427.4181455598
"Isla Hermite","HER42PB","HER42PB_1A",16,20.5,21.6,21.1,152.406666666667,0.0056928102559153,0.00186366878098898,2092.551562,28.04019092,2095.35533968983,-2495.18814911627,6685.89882849592
"Isla Hermite","HER42PB","HER42PB_1A",20,26.1,27.3,26.7,210.763076923077,0.00812966420158271,0.00336163454326596,2256.103454,45.34767943,2334.4347591007,-2255.92829425381,6924.79781245522
"Isla Hermite","HER42PB","HER42PB_1A",25,33.1,34.1,33.6,281.104545454545,0.0106625971508029,0.00267152008150815,3140.602681,31.40602681,2582.94047688609,-2007.27451278376,7173.15546655594
"Isla Hermite","HER42PB","HER42PB_1A",28,37.1,38.2,37.7,321.895,0.015873416611805,0.00608670714173185,2780.927179,39.76725866,3094.17328737367,-1495.86368885765,7684.21026360498
"Isla Hermite","HER42PB","HER42PB_1A",31,41.2,42.3,41.7,363.2825,0.00857673155311931,0.0045419995851455,2482.596033,49.15540146,2378.29647803259,-2212.03751659435,6968.63047265954
"Isla Hermite","HER42PB","HER42PB_1B",40,43.1,44.2,43.7,382.52,0.00582591581374375,0.00196595189059012,2488.325779,20.15543881,2108.4143084239,-2482.11836286893,6698.94697971673
"Isla Hermite","HER42PB","HER42PB_1B",48,54,55.1,54.5,493.1425,0.00552063438895633,0.0014739657460944,1575.735639,15.59978283,2078.46318807676,-2512.09445834873,6669.02083450224
"Isla Hermite","HER42PB","HER42PB_1B",50,56.7,57.8,57.2,520.634166666667,0.00464170196598932,0.00105685325993495,1161.29693,11.14845052,1992.23124391041,-2598.40157257086,6582.86406039167
"Isla Hermite","HER42PB","HER42PB_1B",56,64.7,65.8,65.2,601.545833333333,0.00586644451029155,0.00170111295838801,1911.570392,23.70347286,2112.39057350017,-2478.1388260894,6702.91997308975
"Isla Hermite","HER42PB","HER42PB_1B",60,69.9,70.9,70.4,653.46,0.0045254648061608,0.00199451572810214,2382.409952,38.35680023,1980.8272314807,-2609.8158888867,6571.4703518481
"Isla Hermite","HER42PB","HER42PB_1B",63,73.7,74.8,74.3,692.363333333333,0.00409568303132859,0.00200264242141216,1894.366875,25.95282619,1938.66139820089,-2652.02055629135,6529.34335269312
"Isla Hermite","HER42PB","HER42PB_1B",69,81.5,82.5,82,770.521818181818,0.018600047240928,0.00324882139824936,3316.178876,18.57060171,3361.68265900328,-1228.32906988642,7951.69438789298
"Isla Hermite","HER42PB","HER42PB_1C",80,86.5,87.8,87.2,822.286923076923,0.0112771937982484,0.00442906800067444,2867.600154,48.17568258,2643.23847295779,-1946.94665858097,7233.42360449654
"Isla Hermite","HER42PB","HER42PB_1C",86,94.8,96,95.4,906.45,0.00550120171222762,0.00128012509459642,1937.934236,25.58073192,2076.5566507243,-2514.00260528296,6667.11590673156
"Isla Hermite","HER42PB","HER42PB_1C",90,100.2,101.4,100.8,961.955384615385,0.00484849669868288,0.00589077610479003,2422.968415,22.04901258,2012.51984787763,-2578.09484671064,6603.13454246589
"Isla Hermite","HER42PB","HER42PB_1C",91,101.6,103.1,102.3,977.5775,0.00316378900362048,0.00107124964932512,1886.233337,4.904206677,1847.23339797419,-2743.53673986557,6438.00353581394
"Isla Hermite","HER42PB","HER42PB_1C",97,109.8,111,110.4,1058.64692307692,0.0117271394943099,0.00588603238232522,2339.38198,29.71015115,2687.38258589162,-1902.78218916898,7277.54736095223
"Isla Hermite","HER42PB","HER42PB_1C",104,119.2,120.3,119.8,1151.60416666667,0.00333128590517945,0.00078717683445445,1783.788743,37.28118474,1863.66649690859,-2727.08738950583,6454.42038332301
"Isla Hermite","HER42PB","HER42PB_1D",118,127.3,128.4,127.8,1233.23666666667,0.0015728174309983,0.00070903641877809,2617.070294,65.68846437,1691.14338668812,-2899.78988854502,6282.07666192127
"Isla Hermite","HER42PB","HER42PB_1D",121,130.9,132.2,131.6,1270.93,0.00174061466021974,0.00062357271133836,1282.645911,9.74810892,1707.6059507299,-2883.30936984,6298.5212712998
"Isla Hermite","HER42PB","HER42PB_1D",131,143.2,144.4,143.8,1396.85230769231,0.00076104767204917,0.00042187178201669,1694.217096,25.58267815,1611.50076263594,-2979.52186702861,6202.52339230049
"Isla Hermite","HER42PB","HER42PB_1D",137,150.7,151.9,151.3,1480.03461538462,0.00122581332071382,0.00057571022945218,1150.276453,21.05005909,1657.09885916627,-2933.87210638376,6248.0698247163
"Isla Hermite","HER42PB","HER42PB_1D",144,159.2,160.3,159.8,1611.23,0.00427230300965416,0.00135935486619278,2133.687133,27.95130145,1955.98956099436,-2634.67629428208,6546.6554162708
"Isla Hermite","HER42PB","HER42PB_1D",147,162.9,164.1,163.5,1669.44846153846,0.00480487707385755,0.00168457573303128,1670.874143,30.07573457,2008.24033223546,-2582.37816251728,6598.8588269882
"Isla Hermite","HER42PB","HER42PB_1E",158,169.3,170.5,169.9,1768.77461538462,0.00105089100706941,0.00064258402224429,410.3823586,2.339179444,1639.9372540309,-2951.05299720333,6230.92750526513
"Isla Hermite","HER42PB","HER42PB_1E",162,175.6,176.8,176.2,1865.00538461538,0.00176595090214319,0.00057261636119568,1400.001342,14.28001368,1710.09168608547,-2880.82093879565,6301.0043109666
"Isla Hermite","HER42PB","HER42PB_1E",166,181.9,183.1,182.5,1961.41923076923,0.0017205688891158,0.00060698526043295,914.3215586,7.406004625,1705.6392627691,-2885.27819345426,6296.55671899246
"Isla Hermite","HER42PB","HER42PB_1E",174,194.9,196.1,195.5,2158.50153846154,0.001308075444731,0.00060107828398751,982.7018051,5.89621083,1665.16958531073,-2925.79237694178,6256.13154756325
"Isla Hermite","HER42PB","HER42PB_1E",179,202.5,203.6,203,2273.88416666667,0.00177549471221153,0.0008831203165159,1202.301468,13.105086,1711.02802803332,-2879.88358246313,6301.93963852978
"Isla Hermite","HER42PB","HER42PB_1F",184,201.4,202.5,202,2256.42833333333,0.00545005243233262,0.00238390142063819,2108.785455,79.07945455,2071.53840161572,-2519.02510233864,6662.10190557009
"Isla Hermite","HER42PB","HER42PB_1F",189,208.1,209.3,208.7,2363.54384615385,0.00218112483917132,0.00062069016770916,775.5257867,6.204206294,1750.82434632377,-2840.04467895724,6341.69337160477
"Isla Hermite","HER42PB","HER42PB_1F",191,210.9,212.2,211.5,2407.86357142857,0.00166555669998366,0.00049049721975678,993.0986057,14.89647909,1700.24202414443,-2890.68130596173,6291.16535425059
"Isla Hermite","HER42PB","HER42PB_1F",197,219.3,220.5,219.9,2535.41461538462,0.00411487473908787,0.00278830128911602,599.0527127,5.271663872,1940.54429411952,-2650.13590154024,6531.22448977928
"Isla Hermite","HER42PB","HER42PB_1F",200,223.4,224.6,224,2595.94769230769,0.00187987121731278,0.00076621268727223,690.7048329,7.804964612,1721.26839319107,-2869.63216070553,6312.16894708768
"Isla Hermite","HER42PB","HER42PB_1F",205,230.3,231.5,230.9,2697.92846153846,0.00285697284591005,0.00055311862894387,549.7826232,9.071413283,1817.13170518226,-2773.66865792523,6407.93206828974
"Isla Hermite","HER42PB","HER42PB_1F",209,235.8,236.9,236.4,2780.0925,0.00374681800210309,0.00180848889228428,1725.260893,23.46354815,1904.43429616702,-2686.28003289333,6495.14862522738
"Isla Hermite","HER42PB","HER42PB_1F",211,238.4,239.5,239,2819.29,0.00291126205800912,0.00103577761658892,2165.153606,17.10471349,1822.4580126255,-2768.33695931736,6413.25298456837
"Isla Hermite","HER42PB","HER42PB_1F",213,241.1,242.3,241.7,2859.43,0.00321100756450883,0.00083478781381115,1731.529863,45.19292942,1851.86600475913,-2738.89953387878,6442.63154339703
"Isla Hermite","HER42PB","HER42PB_1G",224,246.9,248.1,247.5,2943.97461538462,0.00108906064402375,0.00147289855292947,544.0403813,9.248686483,1643.6820720814,-2947.30395447483,6234.66809863763
"Isla Hermite","HER42PB","HER42PB_1G",231,256.4,257.6,257,3049.39,0.00109430251971097,0.00062130022887176,1581.334342,22.13868078,1644.19635181415,-2946.78909527619,6235.18179890449
"Isla Hermite","HER42PB","HER42PB_1G",232,257.7,258.9,258.3,3062.22846153846,0.00086132297293435,0.0008097271997542,644.4824408,6.058134943,1621.33875918863,-2969.67260910978,6212.35012748703
"Isla Hermite","HER42PB","HER42PB_1G",236,263.2,264.4,263.8,3116.22307692308,0.00154745583639287,0.00060295898541781,511.753571,7.881004994,1688.65516398426,-2902.28084035459,6279.59116832311
"Isla Hermite","HER42PB","HER42PB_1G",240,268.6,269.8,269.2,3169.09230769231,0.00075174607443158,0.00041990941873104,979.9509916,16.95315215,1610.58818411971,-2980.43549335172,6201.61186159114
"Isla Hermite","HER42PB","HER42PB_1G",245,275.2,276.4,275.8,3233.34153846154,0.00098482614707254,0.00034943532357125,746.8175441,15.30975965,1633.45563932453,-2957.5419456683,6224.45322431736
"Isla Hermite","HER42PB","HER42PB_1G",253,285.8,286.9,286.3,3335.24833333333,0.00237915063927272,0.00084853982127103,1299.51414,18.84295504,1770.25263147019,-2820.59597884582,6361.1012417862
"Isla Hermite","HER42PB","HER42PB_1H",260,285,286.2,285.6,3328.03692307692,0.00189579546562175,0.00049630324701333,1317.861996,16.60506115,1722.83071909371,-2868.06815395473,6313.72959214216
"Isla Hermite","HER42PB","HER42PB_1H",264,290.3,291.5,290.9,3378.91846153846,0.00101076215109875,0.00048010632551242,661.2738356,13.42385886,1636.00021726095,-2954.99448535259,6226.9949198745
"Isla Hermite","HER42PB","HER42PB_1H",269,297,298.2,297.6,3442.75846153846,0.0018749556424099,0.00051739824564058,1159.633301,2.203303272,1720.78612678527,-2870.11494628498,6311.68719985552
"Isla Hermite","HER42PB","HER42PB_1H",273,302.3,303.5,302.9,3494.21153846154,0.00138166619476421,0.00074919553160651,705.6349353,6.421277911,1672.38956409659,-2918.56437987191,6263.34350806509
"Isla Hermite","HER42PB","HER42PB_1H",278,309.3,310.6,309.9,3563.64071428571,0.00229832770612561,0.00075513750334629,1244.681812,14.93618175,1762.32310415229,-2828.53380869408,6353.18001699867
"Isla Hermite","HER42PB","HER42PB_1H",281,313.5,314.8,314.2,3603.44,0.00407561470526807,0.00241864236977533,1777.250694,7.464452914,1936.69249737627,-2653.99129875739,6527.37629350993
"Isla Hermite","HER42PB","HER42PB_1H",286,320.5,321.8,321.1,3669.60384615385,0.00154077053324575,0.00048312960432936,1032.997546,17.25105902,1687.99926977368,-2902.9374546278,6278.93599417515
"Isla Hermite","HER42PB","HER42PB_1I",301,332.1,333.3,332.7,3782.35692307692,0.00096277511044742,0.00031129924511952,1399.073387,25.04341363,1631.29221502776,-2959.70782390911,6222.29225396463
"Isla Hermite","HER42PB","HER42PB_1I",303,334.9,336.2,335.6,3810.93642857143,0.00101139775806221,0.00064818219482022,439.3035398,3.602289027,1636.06257657636,-2954.93205545241,6227.05720860513
"Isla Hermite","HER42PB","HER42PB_1I",312,347.6,348.8,348.2,4016.98,0.00109595941806068,0.00038024118530493,512.3554916,0.973475434,1644.35890989285,-2946.62635407064,6235.34417385633
"Isla Hermite","HER42PB","HER42PB_1I",317,354.3,355.4,354.9,4144.90083333333,0.0064140020601899,0.00341480815029923,2190.796475,19.71716827,2166.11137254785,-2424.37483510037,6756.59758019607
"Isla Hermite","HER42PB","HER42PB_1I",320,358.3,359.6,358.9,4223.08571428571,0.00488142984551876,0.00131739944553209,1567.919211,16.30635979,2015.75091457282,-2574.86091876936,6606.362747915
"Isla Hermite","HER42PB","HER42PB_1I",322,361,362.2,361.6,4273.55307692308,0.0109211999280522,0.00350118147612177,2459.596002,18.44697001,2608.31196127593,-1981.89017623578,7198.51409878763
"Isla Hermite","HER42PB","HER42PB_1J",335,369.7,370.8,370.2,4438.2275,0.00530999028658975,0.00136564031897227,2487.088223,6.715138201,2057.7969229583,-2532.7782971515,6648.37214306809
"Isla Hermite","HER42PB","HER42PB_1J",340,376.7,377.9,377.3,4574.44,0.00167788908916649,0.00056041860960144,2279.040838,6.837122514,1701.45195322164,-2889.47005845305,6292.37396489633
"Isla Hermite","HER42PB","HER42PB_1J",342,379.6,380.9,380.3,4631.57428571429,0.00195298896924145,0.0005387414508112,2482.192492,13.15562021,1728.44196619524,-2862.45088303466,6319.33481542514
"Isla Hermite","HER42PB","HER42PB_1J",346,385.3,386.5,385.9,4743.01769230769,0.0024466815569205,0.00079336381935616,931.8953279,16.21497871,1776.87808089945,-2813.96362372311,6367.71978552201
"Isla Hermite","HER42PB","HER42PB_1J",349,389.6,390.9,390.2,4828.70428571429,0.00519520428643835,0.00167577591249467,1260.681432,26.60037821,2046.53528361324,-2544.04963005701,6637.12019728349
"Isla Hermite","HER42PB","HER42PB_1J",352,394,395.2,394.6,4912.70923076923,0.00449872815691542,0.00129193432401913,1130.676773,9.723820245,1978.20410234736,-2612.44140008874,6568.84960478346
"Isla Hermite","HER42PB","HER42PB_1J",353,395.4,396.6,396,4939.73076923077,0.00536200600632088,0.00286961064718514,2039.268789,17.53771158,2062.900178365,-2527.67067628207,6653.47103301206
"Kerguelen","KER1","CAT1-S1-1A",1,0,1.4,0.7,-43.6,0.00077659190785271,0.00044200559035053,8034.582758,86.27648623,1613.02580556176,-2977.99507428579,6204.0466854093
"Kerguelen","KER1","CAT1-S1-1A",3,3.1,4.7,3.9,3.97058823529412,0.0178473634970491,0.00967443830080077,10205.77283,252.6865249,3287.83695610159,-1302.17708078159,7877.85099298477
"Kerguelen","KER1","CAT1-S1-1A",5,6.4,7.8,7.1,59.76,0.0256870134689733,0.0161175316475147,11837.89698,130.380681,4056.98398151299,-533.180329782165,8647.14829280815
"Kerguelen","KER1","CAT1-S1-1A",7,9.3,10.6,9.9,108.485714285714,0.00561408792778829,0.00234857997194002,3166.073488,44.73377847,2087.63190245357,-2502.91803643178,6678.18184133893
"Kerguelen","KER1","CAT1-S1-1A",8,10.7,12,11.4,130.207142857143,0.0171801465332367,0.0122242432457428,9442.994519,253.226675,3222.37638772696,-1367.64266746153,7812.39544291545
"Kerguelen","KER1","CAT1-S1-1A",9,12.1,13.6,12.8,153.175,0.00977539758204205,0.0113121278814973,3112.020149,70.38593935,2495.89744413559,-2094.36482695252,7086.1597152237
"Kerguelen","KER1","CAT1-S1-1A",11,15.1,16.5,15.8,212.526666666667,0.00378304972510089,0.00159474167182283,3257.609478,97.329283,1907.98898573468,-2682.72194550993,6498.69991697929
"Kerguelen","KER1","CAT1-S1-1A",13,18,19.4,18.7,308.48,0.00203167310111019,0.00100250831168365,338.8842864,6.962616026,1736.16165600163,-2854.72293946685,6327.04625147011
"Kerguelen","KER1","CAT1-S1-1A",17,24,25.5,24.7,466.2125,0.00790203388402626,0.00302313862756182,6877.170886,109.8412701,2312.1019786489,-2278.27635209476,6902.48030939255
"Kerguelen","KER1","CAT1-S1-1A",20,28.6,30,29.3,587.28,0.00256110901762678,0.00082146896569221,2119.195067,42.49584384,1788.10454398681,-2802.72552460458,6378.9346125782
"Kerguelen","KER1","CAT1-S1-1A",23,33,34.4,33.7,665.746666666667,0.0344106954959593,0.0218831603085428,12890.21714,60.8506047,4912.8632753234,322.078459700409,9503.64809094638
"Kerguelen","KER1","CAT1-S1-1A",25,35.9,37.2,36.6,716.192857142857,0.034901713549969,0.0133829905171012,4855.040059,57.8341097,4961.03699188184,370.203060013004,9551.87092375067
"Kerguelen","KER1","CAT1-S1-1A",26,37.3,38.7,38,744.413333333333,0.0218787531576268,0.006704183762405,10403.61788,155.4234859,3683.35606432863,-906.687081130072,8273.39920978734
"Kerguelen","KER1","CAT1-S1-1A",27,38.8,40.1,39.4,772.55,0.0268418935665897,0.00990945769650629,9675.703494,40.69163139,4170.2891156669,-419.929922045507,8760.5081533793
"Kerguelen","KER1","CAT1-S1-1A",28,40.2,41.6,40.9,799.733333333333,0.0211237429105233,0.0092116908891713,8232.043472,175.7847238,3609.28210850223,-980.747824295541,8199.3120413
"Kerguelen","KER1","CAT1-S1-1B",36,45.1,46.2,45.6,888.225,0.0306508139473954,0.0143702757018274,13294.3136,138.4755692,4543.98179217889,-46.4770485845947,9134.44063294238
"Kerguelen","KER1","CAT1-S1-1B",40,50.7,52.1,51.4,1089.45333333333,0.0216978853262855,0.00730805274939359,10841.15992,130.6451559,3665.61114523569,-924.428509238098,8255.65079970948
"Kerguelen","KER1","CAT1-S1-1B",41,52.3,53.6,53,1213.32142857143,0.0412384292036601,0.0159013438415681,11278.11655,175.8665955,5582.73132943121,991.127887654998,10174.3347712074
"Kerguelen","KER1","CAT1-S1-1B",46,59.9,61.2,60.5,1808.84285714286,0.00922368720922212,0.00136800874950096,3746.441884,59.23831837,2441.76921217845,-2148.52495146658,7032.06337582349
"Kerguelen","KER1","CAT1-S1-1B",49,64.4,65.8,65.1,2110.62666666667,0.00874638029694397,0.00215892268878224,2161.427163,2.306044471,2394.94069392805,-2195.38260196567,6985.26398982177
"Kerguelen","KER1","CAT1-S1-1B",51,67.6,68.9,68.3,2364.32142857143,0.0048834951563515,0.00072089743844354,1321.532644,26.45067866,2015.95354194639,-2574.65811218738,6606.56519608017
"Kerguelen","KER1","CAT1-S1-1B",57,76.5,77.9,77.2,3056.76,0.002043435228633,0.00068663269681506,498.7916112,15.46904819,1737.31563678254,-2853.56772820512,6328.1990017702
"Kerguelen","KER1","CAT1-S1-1C",69,86.1,87.5,86.8,3452.74666666667,0.00175521027153026,0.00092601914261991,291.56336,2.633210049,1709.03792423175,-2881.87584292388,6299.95169138737
"Kerguelen","KER1","CAT1-S1-1C",73,92.4,93.7,93.1,3631.13571428571,0.00171941666775891,0.00043935375940548,755.0023464,16.03135126,1705.52621848365,-2885.39136057264,6296.44379753994
"Kerguelen","KER1","CAT1-S1-1C",80,103.1,104.5,103.8,3940.82666666667,0.00213249413625302,0.00194399128686457,223.979161,4.416598968,1746.0531944704,-2844.82088188226,6336.92727082306
"Kerguelen","KER1","CAT1-S1-1C",86,112.2,113.6,112.9,4208.64,0.000857079740482,0.00058852088342431,334.2205693,6.961726331,1620.92245621202,-2970.08938734278,6211.93429976682
"Kerguelen","KER1","CAT1-S1-1C",93,122.9,124.1,123.5,4497.10769230769,0.00076992303488808,0.00043681453775263,237.3718165,2.315375042,1612.37152331421,-2978.6501070638,6203.39315369223
"Kerguelen","KER1","CAT1-S1-1D",105,130.3,131.4,130.8,4654.675,0.00092831149037489,0.00055272410255743,393.3367813,9.38595087,1627.91099380505,-2963.09288651398,6218.91487412408
"Kerguelen","KER1","CAT1-S1-1D",108,134.6,135.8,135.2,4745.8,0.00134973605624011,0.00062054025420384,386.7326744,7.70046112,1669.25690241466,-2921.70051641955,6260.21432124887
"Kerguelen","KER1","CAT1-S1-1D",110,137.6,138.8,138.2,4810.63076923077,0.00124937763076179,0.00040680913632239,218.0937453,1.218257687,1659.4107505191,-2931.55763166387,6250.37913270206
"Kerguelen","KER1","CAT1-S1-1D",114,143.4,144.6,144,4936.93076923077,0.00129748579261504,0.00043998924106075,441.6354183,3.726801625,1664.13063593744,-2926.83248293509,6255.09375480998
"Kerguelen","KER1","CAT1-S1-1D",117,147.8,148.9,148.4,5072.725,0.00502499756824993,0.00260760265569486,2787.737038,26.53025849,2029.8363249265,-2560.76311466173,6620.43576451473
"Kerguelen","KER1","CAT1-S1-1D",119,150.7,151.8,151.3,5184.44166666667,0.00201496770511432,0.00076661166933783,435.4794317,8.232842168,1734.52269180239,-2856.3636527722,6325.40903637698
"Kerguelen","KER1","CAT1-S1-1D",123,156.5,157.7,157.1,5436.62307692308,0.00100902763907513,0.00038096869242529,337.7373781,5.496537482,1635.83004451494,-2955.16485073074,6226.82493976062
"Kerguelen","KER1","CAT1-S1-1D",124,158,159.2,158.6,5499.66923076923,0.00084828692131008,0.00044714155110882,439.2617094,15.50786053,1620.05979388203,-2970.95303485768,6211.07262262175
"Kerguelen","KER1","CAT1-S1-1E",132,161.5,162.7,162.1,5646.26923076923,0.00078069879170572,0.00036270022055891,4823.395579,68.52333173,1613.42873139525,-2977.59168639279,6204.4491491833
"Kerguelen","KER1","CAT1-S1-1E",137,168.8,170,169.4,5947.94615384615,0.00258350838829426,0.00060643337804989,314.2119789,7.44344845,1790.30214329057,-2800.52565713855,6381.12994371968
"Kerguelen","KER1","CAT1-S1-1E",144,179,180.2,179.6,6370.75384615385,0.00211413833769884,0.00046772001129127,904.1879244,6.44341763,1744.2523094937,-2846.6236772561,6335.12829624351
"Kerguelen","KER1","CAT1-S1-1E",145,180.4,181.6,181,6433.53846153846,0.00738579505790535,0.00973119484625867,2923.188804,57.700133,2261.45385546294,-2328.9603271463,6851.86803807218
"Kerguelen","KER1","CAT1-S1-1E",146,181.9,183,182.4,6500.14166666667,0.0267753863812031,0.0135104625165287,3433.05248,24.39482226,4163.76410447484,-426.45155457779,8753.97976352747
"Kerguelen","KER1","CAT1-S1-1E",147,183.3,184.4,183.8,6564.375,0.00606647259976278,0.00191836915427956,1119.777227,20.32893742,2132.01530299275,-2458.49810012853,6722.52870611403
"Kerguelen","KER1","CAT1-S1-1E",151,189,190.3,189.7,6812.30714285714,0.00159334663811624,0.00032966483800376,617.9743965,10.1499901,1693.15750449253,-2897.77356459159,6284.08857357666
"Kerguelen","KER1","CAT1-S1-1E",157,198.4,199.7,199,7055.1,0.0016629413886642,0.00053227012898774,449.3132406,5.072336847,1699.9854362956,-2890.93817353093,6290.90904612213
"Kerguelen","KER1","CAT1-S1-1E",161,204.5,205.8,205.2,7160.46428571429,0.00227777079525571,0.00128604183289657,602.974911,13.83517938,1760.30626833643,-2830.55276275231,6351.16529942517
"Kerguelen","KER1","CAT1-S1-1F",170,210.3,211.7,211,7263.93333333333,0.00142853347381174,0.0007914710283886,168.1798853,3.365678645,1676.98770666643,-2913.9611484497,6267.93656178256
"Kerguelen","KER1","CAT1-S1-1F",177,220.9,222.2,221.6,7451.67142857143,0.00086387976960687,0.00032145997691079,347.1872575,3.829031114,1621.58960617316,-2969.42147580987,6212.60068815619
"Kerguelen","KER1","CAT1-S1-1F",179,224,225.4,224.7,7505.43333333333,0.00130042476560698,0.00049103210645151,426.0420821,6.662632451,1664.4189781903,-2926.54381961204,6255.38177599265
"Kerguelen","KER1","CAT1-S1-1F",180,225.6,226.8,226.2,7531.69230769231,0.0031227045752657,0.00086724872612878,1197.40653,21.15846533,1843.20261012358,-2747.57154081544,6433.97676106261
"Kerguelen","KER1","CAT1-S1-1F",185,233.2,234.5,233.8,7669.85,0.013680618305215,0.00593718413645826,1951.217642,25.5783098,2879.03813454402,-1711.05299037037,7469.1292594584
"Kerguelen","KER1","CAT1-S1-1F",186,234.7,235.9,235.3,7695.93846153846,0.00657234652748728,0.00225262642356854,2239.96755,52.98605028,2181.64652736322,-2408.82754048184,6772.12059520827
"Kerguelen","KER1","CAT1-S1-1F",188,237.8,239.1,238.4,7751.90714285714,0.00329171520956966,0.00087619589967687,436.639577,11.13465165,1859.78422117807,-2730.97348871764,6450.54193107378
"Kerguelen","KER1","CAT1-S1-1F",191,242.3,243.6,242.9,7831.4,0.00213075212562771,0.00138916114288478,238.2842793,2.516513925,1745.88228603756,-2844.99197152575,6336.75654360088
"Kerguelen","KER3","CAT2-S3-1A",6,7.9,9.1,8.5,386.276923076923,0.00113854126152724,0.00053873907230549,1493.72135,52.91622772,1648.53660894269,-2942.44395461621,6239.51717250159
"Kerguelen","KER3","CAT2-S3-1A",9,12.3,13.5,12.9,621.707692307692,0.00085559372596607,0.00044424053638329,1028.300333,41.97503234,1620.77666352373,-2970.23534649642,6211.78867354389
"Kerguelen","KER3","CAT2-S3-1A",13,18.1,19.3,18.7,928.807692307692,0.00099920116715614,0.00043693661617122,1383.034771,54.8904067,1634.86597065018,-2956.13001626398,6225.86195756434
"Kerguelen","KER3","CAT2-S3-1A",15,21,22.1,21.6,1082.7,0.00085177379339246,0.00055779165592317,1475.406854,49.34926785,1620.40189044244,-2970.61054755527,6211.41432844014
"Kerguelen","KER3","CAT2-S3-1A",20,28.2,29.4,28.8,1469.79230769231,0.00106335798094329,0.0005956235152941,937.5899962,26.00205725,1641.16038719441,-2949.82848317,6232.14925755882
"Kerguelen","KER3","CAT2-S3-1A",21,29.6,30.7,30.2,1540.33333333333,0.00116274754226525,0.000522180632218,1221.194979,32.01951858,1650.9114839553,-2940.06641265799,6241.88938056859
"Kerguelen","KER3","CAT2-S3-1A",22,31,32.1,31.6,1613.25833333333,0.00296778289722331,0.00066603454959406,2205.724776,44.47793014,1828.00326471087,-2762.78611409689,6418.79264351863
"Kerguelen","KER3","CAT2-S3-1A",27,38.2,39.3,38.7,1994.20833333333,0.00779868181197858,0.00278427438496668,2003.194081,55.76531167,2301.962120483,-2288.42325402643,6892.34749499243
"Kerguelen","KER3","CAT2-S3-1A",28,39.5,40.7,40.1,2065.98461538462,0.00934560324804872,0.00431126037256455,3299.904326,122.978558,2453.73037867814,-2136.55657303169,7044.01733038797
"Kerguelen","KER3","CAT2-S3-1A",32,45.1,47,46.1,2386.005,0.00547041083512796,0.00109117705075129,3690.444085,148.8328951,2073.53576183056,-2517.02604939266,6664.09757305377
"Kerguelen","KER3","CAT2-S3-1B",38,46.4,47.6,47,2436.8,0.00655542426961431,0.00106837524788868,2737.714004,83.43219744,2179.9862868738,-2410.48907084458,6770.46164459218
"Kerguelen","KER3","CAT2-S3-1B",42,51.6,52.7,52.2,2712.45833333333,0.00713619547944767,0.00209451966489882,2833.675864,107.3163869,2236.96567371985,-2353.46644271733,6827.39779015704
"Kerguelen","KER3","CAT2-S3-1B",45,55.3,56.5,55.9,2912.56153846154,0.0343999943098179,0.0146627069324045,7876.665965,151.2091388,4911.81338336157,321.029621335516,9502.59714538763
"Kerguelen","KER3","CAT2-S3-1B",47,58.1,59.3,58.7,3063.31538461538,0.00180009377174706,0.00046125650979738,1708.112446,62.94800743,1713.44143852198,-2877.46756004334,6304.35043708731
"Kerguelen","KER3","CAT2-S3-1B",52,64.6,65.7,65.1,3406.90833333333,0.00119452346585671,0.00032405135637296,895.5841879,28.59071384,1654.02901563052,-2936.94538562363,6245.00341688466
"Kerguelen","KER3","CAT2-S3-1B",55,68.3,69.4,68.9,3606.60833333333,0.00203593700185047,0.00174739116927892,1828.049201,32.68879172,1736.57998674124,-2854.30416256414,6327.46413604662
"Kerguelen","KER3","CAT2-S3-1B",56,69.5,70.7,70.1,3672.84615384615,0.00073085229478023,0.00031000826731833,927.5947566,23.56033515,1608.5382981521,-2982.48773494108,6199.56433124527
"Kerguelen","KER3","CAT2-S3-1B",62,77.2,78.2,77.7,4072.19090909091,0.0011383626046579,0.00050332191389785,1011.744965,18.57907434,1648.51908094079,-2942.46150231543,6239.49966419701
"Kerguelen","KER3","CAT2-S3-1B",65,80.8,81.9,81.4,4264.50833333333,0.0006686250995173,0.00031967884896415,577.1550241,14.26116795,1602.43319622694,-2988.59986874754,6193.46626120141
"Kerguelen","KER3","CAT2-S3-1B",68,84.5,85.6,85.1,4460.44166666667,0.00188586993266845,0.00032961492722502,952.6036137,34.82955324,1721.85692636394,-2869.04299416508,6312.75684689295
"Kerguelen","KER3","CAT2-S3-1C",78,89.2,90.2,89.7,4699.99090909091,0.00289858819034395,0.00110457805869272,1037.181165,23.116577,1821.2145811394,-2769.58164772198,6412.01081000078
"Kerguelen","KER3","CAT2-S3-1C",83,95.7,96.8,96.2,5048.06666666667,0.00177868895149636,0.00083759253910352,583.3137913,22.04463858,1711.34141442853,-2879.56985668882,6302.25268554588
"Kerguelen","KER3","CAT2-S3-1C",85,98.3,99.3,98.8,5181.87272727273,0.00180757185948011,0.0004549517611478,1077.5868,41.39643087,1714.17511272379,-2876.73309256943,6305.08331801702
"Kerguelen","KER3","CAT2-S3-1C",89,103.5,104.7,104.1,5467.83076923077,0.0017192507485939,0.0006989544551119,788.19654,7.26986791,1705.50994017624,-2885.4076565686,6296.42753692108
"Kerguelen","KER3","CAT2-S3-1C",91,106.1,107.2,106.7,5603.63333333333,0.00514963316459451,0.00131893539159603,1181.094722,40.50805916,2042.06430685581,-2548.52447816815,6632.65309187977
"Kerguelen","KER3","CAT2-S3-1C",96,112.8,113.9,113.3,5955.025,0.00523663450822059,0.00170022838211117,1033.481684,13.881713,2050.59999721143,-2539.98140818721,6641.18140261007
"Kerguelen","KER3","CAT2-S3-1C",101,118.9,119.9,119.4,6277.73636363636,0.00425696992668416,0.00100138217315338,594.3690449,15.21761973,1954.48523424521,-2636.18201091249,6545.1524794029
"Kerguelen","KER3","CAT2-S3-1D",110,122.4,123.5,123,6466.25,0.0013347511366719,0.0004068584615826,701.3821602,9.131695992,1667.78673393097,-2923.17231787355,6258.74578573548
"Kerguelen","KER3","CAT2-S3-1D",115,128.9,130,129.5,6808.05,0.00180976757720875,0.00043903135964453,551.7054476,18.06804668,1714.39053430074,-2876.51743813837,6305.29850673984
"Kerguelen","KER3","CAT2-S3-1D",117,131.4,132.4,131.9,6937.85454545455,0.00237986080969973,0.00158497800257948,666.0439538,21.66536514,1770.32230619718,-2820.52623134819,6361.17084374255
"Kerguelen","KER3","CAT2-S3-1D",121,136.5,137.6,137.1,7212.99166666667,0.00234222856781089,0.0006551185110884,1277.650304,43.43022078,1766.63021190572,-2824.22218614482,6357.48260995626
"Kerguelen","KER3","CAT2-S3-1D",124,140.5,141.6,141,7429.425,0.00152349912962861,0.00040526314331856,551.7275601,17.8249631,1686.30477464132,-2904.63381133103,6277.24336061367
"Kerguelen","KER3","CAT2-S3-1D",130,148.3,149.4,148.9,7841.69166666667,0.00334877695709174,0.00081610129144209,1250.404357,32.17840893,1865.38254170623,-2725.36965778163,6456.13474119409
"Kerguelen","KER3","CAT2-S3-1D",133,152.3,153.4,152.8,8051.725,0.00434379311622012,0.00073380106200495,1550.668939,49.66441545,1963.00344592653,-2627.65594853015,6553.6628403832
"Kerguelen","KER3","CAT2-S3-1D",134,153.6,154.8,154.2,8122.73846153846,0.00469943593484142,0.00059054857902359,2482.480732,90.29891478,1997.89551598465,-2592.73221414766,6588.52324611696
"Kerguelen","KER3","CAT2-S3-1D",136,156.4,157.6,157,8271.9,0.00476237815292025,0.00058575737090098,2058.571835,66.85269078,2004.07076870403,-2586.55144005531,6594.69297746337
"Kerguelen","KER3","CAT2-S3-1D",139,160.4,161.5,160.9,8483.125,0.00282039157414991,0.00071721562202091,823.5410759,26.87484917,1813.5427214316,-2777.26128478594,6404.34672764914
"Kerguelen","KER3","CAT2-S3-1D",141,163,164.1,163.5,8623.30833333333,0.00242753191884465,0.00044436670247797,464.8436599,11.36893739,1774.99931243192,-2815.84434752223,6365.84297238607
"Kerguelen","KER3","CAT2-S3-1D",142,164.3,165.5,164.9,8696.08461538462,0.00177300194224329,0.00045164598823611,465.2383663,12.3061113,1710.78346270031,-2880.12841269053,6301.69533809114
"Kerguelen","KER3","CAT2-S3-1E",150,166.5,167.5,167,8805.21818181818,0.00139085933648949,0.00055795553776802,824.966145,11.3869828,1673.29150201952,-2917.66144267105,6264.24444671009
"Kerguelen","KER3","CAT2-S3-1E",152,169.1,170.2,169.6,8943.06666666667,0.00146477580949697,0.00030707661114958,1131.044645,10.76172675,1680.54343744345,-2910.40149192194,6271.48836680885
"Kerguelen","KER3","CAT2-S3-1E",156,174.6,175.7,175.1,9234.5,0.00128850527349458,0.00050849031467128,493.835685,4.310471207,1663.24955839025,-2927.7145419011,6254.2136586816
"Kerguelen","KER3","CAT2-S3-1E",158,177.2,178.3,177.8,9367.74166666667,0.00100022969340497,0.00042634285495112,541.1782668,16.48665431,1634.96687922488,-2956.02899339714,6225.9627518469
"Kerguelen","KER3","CAT2-S3-1E",159,178.6,179.6,179.1,9437.28181818182,0.00096890570820808,0.0003764040697079,363.0065924,8.892316598,1631.89368716599,-2959.10566922283,6222.89304355481
"Kerguelen","KER3","CAT2-S3-1E",163,183.8,184.9,184.3,9717.925,0.00370458835242007,0.00090547352537794,2640.113003,66.117107,1900.29115080285,-2690.42714895052,6491.00945055623
"Kerguelen","KER3","CAT2-S3-1E",165,186.4,187.5,187,9857.625,0.00207843655901906,0.00039700702478003,867.4628485,17.81610152,1740.74961269324,-2850.13009580482,6331.62932119129
"Kerguelen","KER3","CAT2-S3-1E",168,190.4,191.5,190.9,10071.1416666667,0.00717243737469245,0.00170871666516081,2657.03495,69.17864037,2240.52136128532,-2349.90812690349,6830.95084947414
"Kerguelen","KER3","CAT2-S3-1E",171,194,195,194.5,10256.1727272727,0.00695850267323837,0.00226045615518764,2445.179433,44.71304475,2219.53225592412,-2370.91286596442,6809.97737781266
"Kerguelen","KER3","CAT2-S3-1E",174,197.7,198.6,198.1,10446.9,0.0208734714314787,0.0102696521766571,2701.145029,85.11701468,3584.72800668112,-1005.29833572911,8174.75434909136
"Kerguelen","KER3","CAT2-S3-1E",177,201.6,202.7,202.1,10658.8916666667,0.00280870006294673,0.00071259550260859,2013.3191,57.08091674,1812.3956688085,-2778.40950353045,6403.20084114744
"Kerguelen","KER3","CAT2-S3-1E",181,207,208.1,207.5,10924.02,0.00167693038076946,0.00015278166680458,925.9678774,26.29557011,1701.35789446718,-2889.56421966695,6292.28000860131
"Marion Island","PB1","PB1_1A",4,5,6.3,5.7,154.78,0.000751321,0.000474601,483.9049853,9.53292821,1610.54648012325,-2980.47724524495,6201.57020549145
"Marion Island","PB1","PB1_1A",7,9.8,11.1,10.4,333.91,0.001710789,0.000470834,1408.35037,17.18187451,1704.67975913702,-2886.23873993914,6295.59825821318
"Marion Island","PB1","PB1_1A",9,12.6,13.8,13.2,440.63,0.001370858,0.000570911,1241.462931,20.11169948,1671.32917353289,-2919.62594594474,6262.28429301052
"Marion Island","PB1","PB1_1A",14,19.4,20.7,20.1,704.72,0.003669565,0.000742051,2277.256134,12.06945751,1896.8550143133,-2693.86658703745,6487.57661566406
"Marion Island","PB1","PB1_1A",16,22.3,23.5,22.9,810.69,0.003589407,0.000617214,2862.642661,63.2644028,1888.99072349883,-2701.7384631768,6479.71991017445
"Marion Island","PB1","PB1_1A",17,23.7,24.9,24.3,862.94,0.0026349,0.00056197,2202.675675,10.57284324,1795.34416754115,-2795.4784408605,6386.16677594281
"Marion Island","PB1","PB1_1A",22,30.4,31.6,31,1116.79,0.003181056,0.000701872,2912.205495,30.57815769,1848.92746071304,-2741.84099365775,6439.69591508383
"Marion Island","PB1","PB1_1A",28,38.5,39.8,39.2,1426.52,0.019945808,0.002153534,10129.00989,111.4191088,3493.71506969286,-1096.30139286261,8083.73153224833
"Marion Island","PB1","PB1_1A",32,44,45.3,44.7,1634.77,0.056893506,0.014128248,15989.14162,182.2762145,7118.64885044478,2524.06562797758,11713.232072912
"Marion Island","PB1","PB1_1B",39,46.4,47.6,47,1723.12,0.038568805,0.009941729,14153.99091,191.0788772,5320.81485068982,729.566290322725,9912.06341105691
"Marion Island","PB1","PB1_1B",41,49.3,50.5,49.9,1830.5,0.13961896,0.037315021,19379.59354,81.39429288,15234.8322384502,10599.1825454729,19870.4819314274
"Marion Island","PB1","PB1_1B",42,50.6,51.8,51.2,1878.53,0.156246091,0.024121293,18233.81632,85.69893669,16866.1178692596,12217.1379599332,21515.097778586
"Marion Island","PB1","PB1_1B",44,53.3,54.5,53.9,1980.2,0.188469092,0.039261552,17231.49344,79.26486983,20027.5122500977,15347.9601935564,24707.0643066391
"Marion Island","PB1","PB1_1B",45,54.7,55.8,55.2,2030.05,0.226942178,0.031752631,17539.18581,261.3338685,23802.1016464702,19078.0084509837,28526.1948419568
"Marion Island","PB1","PB1_1B",46,56,57.7,56.8,2091.11,0.260763571,0.040429956,18368.00203,88.16640976,27120.3140557464,22350.02187098,31890.6062405127
"Marion Island","PB1","PB1_1B",52,64.3,65.4,64.9,2400.08,0.250223426,0.034757022,19759.52586,353.6955128,26086.2218190792,21331.0221092827,30841.4215288757
"Marion Island","PB1","PB1_1B",54,66.9,68.1,67.5,2499.09,0.15196906,0.01981268,20035.274,136.2398632,16446.4989215995,11801.1080654572,21091.8897777418
"Marion Island","PB1","PB1_1B",57,70.8,72,71.4,2647.86,0.201662591,0.029088556,21583.66777,51.80080265,21321.9246979698,16628.0737977566,26015.775598183
"Marion Island","PB1","PB1_1B",62,77.7,78.9,78.3,2906.71,0.119999864,0.031995721,20092.56561,403.8605687,13310.0053158577,8687.91784472595,17932.0927869895
"Marion Island","PB1","PB1_1B",64,80.4,81.5,81,3009.64,0.089803672,0.015527994,17955.59469,197.5115416,10347.4608988586,5741.61978509729,14953.3020126198
"Marion Island","PB1","PB1_1B",65,81.7,82.8,82.3,3058.43,0.116178317,0.016545266,18292.79638,343.904572,12935.0738434009,8315.35349695648,17554.7941898452
"Marion Island","PB1","PB1_1B",66,83,84.1,83.6,3107.49,0.078762823,0.015570004,16696.80175,200.361621,9264.24465874852,4662.93296208173,13865.5563554153
"Marion Island","PB1","PB1_1B",67,84.3,85.4,84.9,3155.81,0.114869256,0.023490219,18645.98996,193.9182955,12806.6420412365,8187.71188587226,17425.5721966007
"Marion Island","PB1","PB1_1B",68,85.6,86.6,86.1,3200.37,0.14614821,0.015786316,18764.10578,127.5959193,15875.4160953382,11234.7318361551,20516.1003545213
"Marion Island","PB1","PB1_1C",77,89.2,90.3,89.7,3335.04,0.179051761,0.020632471,22143.81355,327.7284405,19103.5791469739,14433.6035015251,23773.5547924227
"Marion Island","PB1","PB1_1C",79,91.8,92.9,92.4,3436.21,0.201473598,0.014028487,24511.61008,257.3719059,21303.3826196507,16609.7437795602,25997.0214597411
"Marion Island","PB1","PB1_1C",81,94.5,95.6,95.1,3538.8,0.235211846,0.048121656,25718.47587,216.0351973,24613.437683936,19878.6493920239,29348.2259758482
"Marion Island","PB1","PB1_1C",84,98.5,99.6,99.1,3690.04,0.22879295,0.028552905,22742.68935,179.6672459,23983.6806434424,19257.227953921,28710.1333329638
"Marion Island","PB1","PB1_1C",86,101.2,102.3,101.8,3791.98,0.27384273,0.043657075,24341.33179,150.9162571,28403.5086212894,23613.6255905568,33193.391652022
"Marion Island","PB1","PB1_1C",87,102.6,103.7,103.1,3841.55,0.297498019,0.037205792,24341.69856,219.075287,30724.3259071065,25896.6195969626,35552.0322172504
"Marion Island","PB1","PB1_1C",88,103.9,105,104.4,3891.1,0.241861078,0.052000286,24549.50975,282.3193622,25265.7929590294,20522.1215944934,30009.4643235654
