"Location","Site","Section","sample","min_depth","max_depth","midpoint","Zn","Zn_sd","Zn_ICP","Zn_ICP_sd","fit","lwr","upr"
"Bird Island","BI10","BI10.1",1,0,1.1,0.6,-2.02534724333283,-0.101267362166642,-0.468515677217699,-0.0234257838608849,-1.08431940344943,-2.21852978375455,0.0498909768556972
"Bird Island","BI10","BI10.1",4,3.9,5,4.5,-5.46325522691564,-0.273162761345782,-0.824728511639977,-0.0412364255819989,-1.59394343119709,-2.72910715525426,-0.458779707139914
"Bird Island","BI10","BI10.1",10,11.7,12.8,12.3,-2.32230891470943,-0.116115445735472,-1.22441044399362,-0.0612205221996812,-1.12834001242917,-2.26220141914206,0.00552139428372578
"Bird Island","BI10","BI10.1",22,26.7,27.8,27.2,-0.169000707249376,-0.00845003536246878,-0.375443324260563,-0.0187721662130282,-0.809140776466992,-1.94737352971774,0.329091976783758
"Bird Island","BI10","BI10.1",30,36.3,37.2,36.7,-0.835512314516237,-0.0417756157258118,-1.03108390301738,-0.0515541951508691,-0.907942236965047,-2.04436648472042,0.228482010790329
"Bird Island","BI10","BI10.1",34,40.9,41.9,41.4,-1.8213905024329,-0.0910695251216449,-0.909626728365094,-0.0454813364182547,-1.05408553556231,-2.1885827636794,0.080411692554782
"Bird Island","BI10","BI10.2",45,44,45,44.5,0.425795914009926,0.0212897957004963,-1.65726410096228,-0.0828632050481138,-0.720970106610678,-1.86115949046523,0.419219277243875
"Bird Island","BI10","BI10.2",51,51.9,52.9,52.4,-3.17821653417442,-0.158910826708721,0.175033506879896,0.00875167534399479,-1.25521690689366,-2.38852862577552,-0.12190518801179
"Bird Island","BI10","BI10.2",54,55.3,56.3,55.8,-1.68035877121448,-0.084017938560724,-1.34328981062405,-0.0671644905312027,-1.03317946150594,-2.16789748446328,0.101538561451393
"Bird Island","BI10","BI10.2",62,64.4,65.4,64.9,0.907825166935652,0.0453912583467826,0.453266322576737,0.0226633161288369,-0.649515695805826,-1.79152669490595,0.4924953032943
"Bird Island","BI10","BI10.2",67,70.1,71.2,70.6,-0.234541713399256,-0.0117270856699628,0.327338358359992,0.0163669179179996,-0.818856356900278,-1.95689324740661,0.319180533606055
"Bird Island","BI10","BI10.2",71,74.7,75.8,75.2,-2.46434432767037,-0.123217216383518,0.315867057635071,0.0157933528817535,-1.14939486892376,-2.28311817027411,-0.0156715675734096
"Bird Island","BI10","BI10.2",81,86.5,87.5,87,-0.559361567164994,-0.0279680783582497,-1.08875874826682,-0.0544379374133409,-0.867006570041233,-2.00413075364039,0.270117613557925
"Bird Island","BI10","BI10.3",88,84.8,85.8,85.3,-0.935864416935486,-0.0467932208467743,-0.501829499903644,-0.0250914749951822,-0.922818098352863,-2.05900532601785,0.213369129312121
"Bird Island","BI10","BI10.3",95,93,94,93.5,-3.28180980874554,-0.164090490437277,-0.530321057526555,-0.0265160528763277,-1.27057322884486,-2.40386439930904,-0.137282058380676
"Bird Island","BI10","BI10.3",98,96.3,97.3,96.8,-2.62907499737764,-0.131453749868882,-0.874900624940047,-0.0437450312470024,-1.17381399468009,-2.3074004824289,-0.0402275069312792
"Bird Island","BI10","BI10.3",104,103.2,104.2,103.7,-1.672153521755,-0.0836076760877498,-0.462279231238962,-0.0231139615619481,-1.03196314265792,-2.16669457613927,0.102768290823437
"Bird Island","BI10","BI10.3",114,114.9,115.9,115.4,-4.10800715297528,-0.205400357648764,-0.857796409816268,-0.0428898204908134,-1.39304597107398,-2.5265287445846,-0.259563197563364
"Bird Island","BI10","BI10.3",120,121.8,122.7,122.3,-0.823584702431988,-0.0411792351215994,0.333205891113354,0.0166602945556677,-0.906174127480787,-2.04262716163604,0.230278906674468
"Bird Island","BI10","BI10.4",135,129.4,130.4,129.9,-0.470683163866361,-0.0235341581933181,0.334532170981399,0.0167266085490699,-0.853861178925737,-1.99122495530134,0.283502597449864
"Bird Island","BI10","BI10.4",145,141,142,141.5,0.463340348387709,0.0231670174193855,-1.18926388153614,-0.0594631940768072,-0.71540464471976,-1.85572834039793,0.424919050958414
"Bird Island","BI10","BI10.4",155,152.7,153.8,153.2,0.884796990141574,0.0442398495070787,-0.0828511002206056,-0.00414255501103028,-0.652929316026474,-1.79484850188103,0.488989869828079
"Bird Island","BI10","BI10.4",165,164.8,165.8,165.3,-0.388260047818238,-0.0194130023909119,0.093235247557558,0.0046617623778779,-0.841643050755773,-1.97923597580389,0.295949874292342
"Bird Island","BI10","BI10.4",168,168.4,170,169.2,-0.764827665660627,-0.0382413832830313,-0.619586956009441,-0.0309793478004721,-0.897464180070638,-2.03406092573396,0.239132565592685
"Bird Island","BI10","BI10.5",181,174.6,175.6,175.1,-0.432930255114827,-0.0216465127557414,-0.251623598370358,-0.0125811799185179,-0.848264813488086,-1.98573277678544,0.289203149809267
"Bird Island","BI10","BI10.5",191,186.6,187.6,187.1,-1.85829911179806,-0.092914955589903,-0.629099535708045,-0.0314549767854023,-1.0595567448713,-2.19399921917145,0.0748857294288476
"Bird Island","BI10","BI10.5",194,190.3,191.3,190.8,-2.5752722710496,-0.12876361355248,-1.13501573372021,-0.0567507866860106,-1.16583845774715,-2.29946687089238,-0.0322100446019185
"Bird Island","BI10","BI10.5",197,194,195,194.5,-1.31526305708905,-0.0657631528544526,-0.164578660590369,-0.00822893302951846,-0.979058888984946,-2.11443365571919,0.156315877749298
"Bird Island","BI10","BI10.5",202,199.9,200.8,200.3,-1.92374960478333,-0.0961874802391665,-0.238185594128208,-0.0119092797064104,-1.06925890793457,-2.20360737759708,0.0650895617279417
"Bird Island","BI10","BI10.6",218,209.5,210.5,210,1.0091054047425,0.0504552702371251,-0.0578833912614944,-0.00289416956307472,-0.634502250719789,-1.77692274595362,0.507918244514045
"Bird Island","BI10","BI10.6",228,221.4,222.4,221.9,1.27373523952026,0.0636867619760132,0.838469398445124,0.0419234699222562,-0.595274405499483,-1.73880857031042,0.548259759311456
"Bird Island","BI10","BI10.6",239,234.2,235.2,234.7,-1.14576744709101,-0.0572883723545506,-0.892467951631096,-0.0446233975815548,-0.953933424352024,-2.08965479902676,0.181787950322709
"Bird Island","BI10","BI10.6",247,243.9,245,244.5,-0.694710932398161,-0.0347355466199081,0.407013315612795,0.0203506657806398,-0.887070309092018,-2.02384269568764,0.249702077503602
"Bird Island","BI10","BI10.7",259,250.7,251.7,251.2,-5.93120122644005,-0.296560061322002,-0.995585725289888,-0.0497792862644944,-1.66331018742932,-2.79944764170534,-0.527172733153299
"Bird Island","BI10","BI10.7",271,265,266,265.5,-0.0895333415765095,-0.00447666707882547,0.653124182436912,0.0326562091218456,-0.797360798886994,-1.93583629575018,0.341114697976198
"Bird Island","BI10","BI10.7",280,275.9,276.9,276.4,0.617852812448894,0.0308926406224447,0.410896480386628,0.0205448240193314,-0.692500231731366,-1.83339015702312,0.44838969356039
"Bird Island","BI10","BI10.8",300,289.7,290.8,290.3,0.435003567860565,0.0217501783930283,0.344877945161354,0.0172438972580677,-0.719605194674734,-1.85982739953158,0.420617010182113
"Bird Island","BI10","BI10.8",303,293.4,294.4,293.9,0.452519977751778,0.0226259988875889,-0.213731243816044,-0.0106865621908022,-0.717008620419964,-1.85729347582359,0.42327623498366
"Bird Island","BI10","BI10.8",311,303.1,304,303.6,-1.30166422401306,-0.065083211200653,-0.315528491906316,-0.0157764245953158,-0.977043043267739,-2.11244464339656,0.158358556861085
"Bird Island","BI10","BI10.8",318,311.7,312.8,312.2,-2.97499862355783,-0.148749931177892,-0.257649018564532,-0.0128824509282266,-1.22509256074668,-2.35847344031447,-0.0917116811788918
"Bird Island","BI10","BI10.8",326,321.7,322.8,322.2,-1.78987427158445,-0.0894937135792227,-0.187466382293693,-0.00937331911468467,-1.04941367448252,-2.18395865162417,0.0851313026591378
"Bird Island","BI10","BI10.9",342,332.1,333.1,332.6,-0.646357684303623,-0.0323178842151811,-0.00826935348290858,-0.000413467674145429,-0.879902584660098,-2.01679872189439,0.25699355257419
"Bird Island","BI10","BI10.9",348,339.5,340.5,340,0.0311874262896636,0.00155937131448318,0.556399550831748,0.0278199775415874,-0.779465554381748,-1.91832083917796,0.359389730414466
"Bird Island","BI10","BI10.9",361,355.7,356.7,356.2,-2.76868450398739,-0.138434225199369,-1.07566209825523,-0.0537831049127616,-1.19450924289792,-2.32799942760804,-0.0610190581878036
"Bird Island","BI10","BI10.9",365,360.7,361.7,361.2,-0.368461797485145,-0.0184230898742573,-0.0354590544710291,-0.00177295272355146,-0.838708224074754,-1.97635711735183,0.29894066920232
"Bird Island","BI10","BI10.9",372,369.1,371,370.1,-0.978841834283746,-0.0489420917141873,-0.364480064642598,-0.0182240032321299,-0.929188927541952,-2.06527747605317,0.206899620969261
"Bird Island","BI10","BI10.10",379,367.3,368.4,367.9,-1.84634277370303,-0.0923171386851516,-0.500617095138496,-0.0250308547569248,-1.05778437713889,-2.19224445099973,0.0766756967219526
"Bird Island","BI10","BI10.10",386,375.7,376.6,376.1,-1.98905515585452,-0.0994527577927261,-0.155941896981779,-0.00779709484908897,-1.0789395852913,-2.21319819907782,0.0553190284952298
"Bird Island","BI10","BI10.10",390,380.5,381.5,381,-2.08785618810235,-0.104392809405117,-1.03653308873166,-0.0518266544365829,-1.09358552120354,-2.22771567606632,0.0405446336592314
"Bird Island","BI10","BI10.10",392,382.9,384,383.4,-1.02808042671321,-0.0514040213356604,-0.400161210290325,-0.0200080605145163,-0.936487892468982,-2.07246547151572,0.199489686577758
"Bird Island","BI10","BI10.10",396,387.7,388.8,388.2,-2.02401828131993,-0.101200914065997,-1.21493915652886,-0.0607469578264431,-1.08412240254743,-2.21833452764134,0.0500897225464716
"Bird Island","BI10","BI10.10",403,396.3,397.4,396.8,-1.24009409884221,-0.0620047049421105,-1.03467360426011,-0.0517336802130053,-0.967916093003702,-2.10344131377556,0.167609127768158
"Bird Island","BI10","BI10.10",410,404.6,405.6,405.1,0.303250551548709,0.0151625275774354,-0.421715277759381,-0.0210857638879691,-0.739135822940932,-1.87889572911306,0.400624083231191
"Bird Island","BI10","BI10.11",422,409.9,410.9,410.4,-3.67274477887037,-0.183637238943518,-1.16474216499625,-0.0582371082498127,-1.32852412660414,-2.46182722006732,-0.195221033140958
"Bird Island","BI10","BI10.11",424,412.2,413.2,412.7,-1.46645666165946,-0.0733228330829729,-0.866234187642122,-0.0433117093821061,-1.00147132529761,-2.13655922431603,0.133616573720804
"Bird Island","BI10","BI10.11",427,415.8,416.8,416.3,-1.67182810524919,-0.0835914052624593,-0.906858332572691,-0.0453429166286346,-1.03191490399906,-2.16664687061555,0.10281706261743
"Bird Island","BI10","BI10.11",439,430.3,431.3,430.8,-1.9610756411919,-0.0980537820595949,-1.03058791025578,-0.0515293955127888,-1.07479199523802,-2.20908862487215,0.0595046343961156
"Bird Island","BI10","BI10.11",443,435.2,436.3,435.7,-2.38148698201676,-0.119074349100838,-0.834030080954017,-0.0417015040477009,-1.13711237200351,-2.27091397198353,-0.00331077202348373
"Bird Island","BI10","BI10.11",449,442.8,443.8,443.3,-1.25834326833313,-0.0629171634166563,-1.38650136476128,-0.0693250682380641,-0.970621289100695,-2.10610950539827,0.164866927196881
"Bird Island","BI10","BI10.12",461,447.5,448.7,448.1,-2.45083885930475,-0.122541942965238,-1.6093002351383,-0.0804650117569148,-1.14739286328022,-2.28112849412991,-0.0136572324305311
"Bird Island","BI10","BI10.12",465,452.8,453.9,453.4,-2.9324302023841,-0.146621510119205,-1.30977624339934,-0.0654888121699669,-1.21878235978813,-2.35218256751417,-0.0853821520620883
"Bird Island","BI10","BI10.12",469,458.3,459.3,458.8,-2.46256345279597,-0.123128172639799,-1.43073656048752,-0.071536828024376,-1.14913087796451,-2.28285579547117,-0.0154059604578451
"Bird Island","BI10","BI10.12",475,466.1,467.2,466.6,-2.93869802108971,-0.146934901054485,-1.83688035556811,-0.0918440177784057,-1.21971148035482,-2.35310873691917,-0.0863142237904748
"Bird Island","BI10","BI10.12",479,471.4,472.4,471.9,-2.83645979370199,-0.141822989685099,-1.87477506420038,-0.0937387532100192,-1.2045560260844,-2.33800595998309,-0.0711060921857127
"Bird Island","BI10","BI10.12",484,478.2,479.2,478.7,-2.54360639475827,-0.127180319737913,-1.47338203882678,-0.0736691019413392,-1.16114441372538,-2.29479875363972,-0.0274900738110282
"Bird Island","BI10","BI10.13",506,473.4,474.5,474,-1.81250625020797,-0.0906253125103987,-0.308535200923883,-0.0154267600461942,-1.0527685636061,-2.18727915916401,0.0817420319517965
"Bird Island","BI10","BI10.13",519,491,492,491.5,-1.2703974731303,-0.063519873656515,-0.255625868130085,-0.0127812934065042,-0.972408164267037,-2.10787210589574,0.163055777361668
"Bird Island","BI10","BI10.13",522,494.8,495.8,495.3,-1.77094441774829,-0.0885472208874145,-1.1821031059347,-0.059105155296735,-1.04660757600556,-2.18118167349713,0.087966521486021
"Bird Island","BI10","BI10.13",525,498.7,499.7,499.2,-0.754535824215756,-0.0377267912107878,-1.76447639248263,-0.0882238196241313,-0.895938551777175,-2.03256079588317,0.240683692328819
"Bird Island","BI10","BI10.13",529,503.9,505.1,504.5,0.0961774505861078,0.00480887252930539,-0.2768614912041,-0.013843074560205,-0.769831649663084,-1.9088968979961,0.369233598669935
"Isla Hermite","HER42PB","HER42PB_1A",3,2.5,3.7,3.1,-2.81015007242519,-0.140507503621259,-1.39659266208127,-0.0698296331040635,-1.20065596064052,-2.33412101490007,-0.067190906380973
"Isla Hermite","HER42PB","HER42PB_1A",5,5.3,6.5,5.9,-3.46858363556269,-0.173429181778135,-1.6430775328143,-0.0821538766407151,-1.29825995878497,-2.43153917889921,-0.164980738670723
"Isla Hermite","HER42PB","HER42PB_1A",7,8.1,9.3,8.7,-3.30979939435953,-0.165489969717977,-1.67472084332347,-0.0837360421661734,-1.27472231178242,-2.40800963466053,-0.141434988904311
"Isla Hermite","HER42PB","HER42PB_1A",9,10.9,12.1,11.5,-6.93320221277895,-0.346660110638948,-1.7921083512701,-0.0896054175635052,-1.81184347595934,-2.95074162090217,-0.672945331016508
"Isla Hermite","HER42PB","HER42PB_1A",13,16.3,17.5,16.9,-3.87116885917839,-0.19355844295892,-1.83704450052838,-0.0918522250264189,-1.35793785131451,-2.4913011130343,-0.224574589594724
"Isla Hermite","HER42PB","HER42PB_1A",16,20.5,21.6,21.1,-4.55720443733246,-0.227860221866623,-2.00223670361556,-0.100111835180778,-1.45963348022216,-2.5934854410011,-0.325781519443217
"Isla Hermite","HER42PB","HER42PB_1A",20,26.1,27.3,26.7,-3.08776278227427,-0.154388139113714,-1.70142174339584,-0.0850710871697922,-1.24180834401519,-2.37514612722125,-0.108470560809137
"Isla Hermite","HER42PB","HER42PB_1A",25,33.1,34.1,33.6,-3.34391357803302,-0.167195678901651,-1.84243702718981,-0.0921218513594905,-1.27977928473516,-2.4130628985518,-0.146495670918525
"Isla Hermite","HER42PB","HER42PB_1A",28,37.1,38.2,37.7,-2.97252969671773,-0.148626484835886,-1.79367270366388,-0.0896836351831941,-1.22472657525595,-2.35810853003433,-0.0913446204775716
"Isla Hermite","HER42PB","HER42PB_1A",31,41.2,42.3,41.7,-5.05101581679116,-0.252550790839558,-1.77094606798261,-0.0885473033991303,-1.53283443421776,-2.6673074086574,-0.398361459778133
"Isla Hermite","HER42PB","HER42PB_1B",40,43.1,44.2,43.7,-3.89541715043655,-0.194770857521828,-1.80507125021546,-0.0902535625107732,-1.36153233723909,-2.49490545012686,-0.22815922435132
"Isla Hermite","HER42PB","HER42PB_1B",48,54,55.1,54.5,-3.45010630451954,-0.172505315225977,-1.75025251580829,-0.0875126257904143,-1.29552094077948,-2.42879990402968,-0.162241977529278
"Isla Hermite","HER42PB","HER42PB_1B",50,56.7,57.8,57.2,-2.68784684085511,-0.134392342042756,-1.69588538070201,-0.0847942690351007,-1.18252613698703,-2.31606988658527,-0.048982387388788
"Isla Hermite","HER42PB","HER42PB_1B",56,64.7,65.8,65.2,-3.14440245536157,-0.157220122768078,-1.68347830867393,-0.0841739154336963,-1.25020442048579,-2.38352499669329,-0.116883844278303
"Isla Hermite","HER42PB","HER42PB_1B",60,69.9,70.9,70.4,-4.2622541515195,-0.213112707575975,-1.78677484194115,-0.0893387420970575,-1.41591103233841,-2.54949954376598,-0.282322520910844
"Isla Hermite","HER42PB","HER42PB_1B",63,73.7,74.8,74.3,-3.46673004201258,-0.173336502100629,-1.64430100199275,-0.0822150500996375,-1.29798518825145,-2.43126436833776,-0.164706008165144
"Isla Hermite","HER42PB","HER42PB_1B",69,81.5,82.5,82,-3.52046371809181,-0.176023185904591,-1.76384513795037,-0.0881922568975184,-1.30595048940551,-2.43923211996211,-0.172668858848916
"Isla Hermite","HER42PB","HER42PB_1C",80,86.5,87.8,87.2,-3.1300185747187,-0.156500928735935,-1.80316328301905,-0.0901581641509525,-1.24807220193228,-2.38139686668359,-0.114747537180976
"Isla Hermite","HER42PB","HER42PB_1C",86,94.8,96,95.4,-6.77677334715525,-0.338838667357763,-1.88125352358353,-0.0940626761791767,-1.78865498198689,-2.92706164263591,-0.650248321337872
"Isla Hermite","HER42PB","HER42PB_1C",90,100.2,101.4,100.8,-6.45248382314652,-0.322624191157326,-1.93654596861725,-0.0968272984308625,-1.74058338316258,-2.87804236258774,-0.603124403737407
"Isla Hermite","HER42PB","HER42PB_1C",91,101.6,103.1,102.3,-3.57840680879859,-0.178920340439929,-1.04485645356551,-0.0522428226782753,-1.31453978016232,-2.44782704775925,-0.181252512565393
"Isla Hermite","HER42PB","HER42PB_1C",97,109.8,111,110.4,-2.67590946475096,-0.133795473237548,-1.80723448843939,-0.0903617244219695,-1.18075658011698,-2.31430875188523,-0.0472044083487315
"Isla Hermite","HER42PB","HER42PB_1C",104,119.2,120.3,119.8,-6.49636566941614,-0.324818283470807,-1.65574912597094,-0.0827874562985472,-1.7470882818823,-2.88466987184386,-0.609506691920733
"Isla Hermite","HER42PB","HER42PB_1D",118,127.3,128.4,127.8,-6.25137668018421,-0.312568834009211,-2.05555314563028,-0.102777657281514,-1.71077193018167,-2.84769155387508,-0.573852306488248
"Isla Hermite","HER42PB","HER42PB_1D",121,130.9,132.2,131.6,-3.97392748864136,-0.198696374432068,-2.00740483740414,-0.100370241870207,-1.3731704482551,-2.50657918949254,-0.239761707017663
"Isla Hermite","HER42PB","HER42PB_1D",131,143.2,144.4,143.8,-3.81105208114663,-0.190552604057332,-1.96697489322994,-0.0983487446614972,-1.34902634038925,-2.48236752555708,-0.21568515522141
"Isla Hermite","HER42PB","HER42PB_1D",137,150.7,151.9,151.3,-4.92482288648475,-0.246241144324238,-1.94839685185374,-0.0974198425926871,-1.51412801458026,-2.64842087248202,-0.379835156678497
"Isla Hermite","HER42PB","HER42PB_1D",144,159.2,160.3,159.8,-6.54055426495901,-0.32702771324795,-1.87472513118842,-0.0937362565594212,-1.7536386520925,-2.89134549034069,-0.615931813844301
"Isla Hermite","HER42PB","HER42PB_1D",147,162.9,164.1,163.5,-1.57852524415298,-0.0789262622076488,-1.94033064323236,-0.0970165321616178,-1.01808399866381,-2.15297285159552,0.116804854267888
"Isla Hermite","HER42PB","HER42PB_1E",158,169.3,170.5,169.9,-3.77063173285803,-0.188531586642901,-1.75330640075732,-0.0876653200378659,-1.34303456259991,-2.47636278460696,-0.209706340592867
"Isla Hermite","HER42PB","HER42PB_1E",162,175.6,176.8,176.2,-3.58001518037158,-0.179000759018579,-1.72150194845408,-0.086075097422704,-1.31477819980678,-2.44806566820056,-0.181490731413
"Isla Hermite","HER42PB","HER42PB_1E",166,181.9,183.1,182.5,-6.25357544889473,-0.312678772444736,-1.89236703646508,-0.0946183518232539,-1.71109786833117,-2.84802318860569,-0.574172548056651
"Isla Hermite","HER42PB","HER42PB_1E",174,194.9,196.1,195.5,-2.06343988185999,-0.103171994093,-1.10608182137112,-0.0553040910685562,-1.08996612929737,-2.22412719120225,0.0441949326075051
"Isla Hermite","HER42PB","HER42PB_1E",179,202.5,203.6,203,-4.73638416207871,-0.236819208103935,-1.22069652416704,-0.061034826208352,-1.48619448576738,-2.62024574933011,-0.352143222204644
"Isla Hermite","HER42PB","HER42PB_1F",184,201.4,202.5,202,-3.08606460013885,-0.154303230006942,-1.73614391734169,-0.0868071958670846,-1.24155661115211,-2.37489495610268,-0.108218266201554
"Isla Hermite","HER42PB","HER42PB_1F",189,208.1,209.3,208.7,-3.10720022448229,-0.155360011224114,-1.79261652055353,-0.0896308260276764,-1.24468968570161,-2.37802122925713,-0.111358142146089
"Isla Hermite","HER42PB","HER42PB_1F",191,210.9,212.2,211.5,-3.3068201290038,-0.16534100645019,-1.74679538601789,-0.0873397693008947,-1.27428067541008,-2.4075683733504,-0.140992977469755
"Isla Hermite","HER42PB","HER42PB_1F",197,219.3,220.5,219.9,-6.53141867321544,-0.326570933660772,-1.10556074887851,-0.0552780374439255,-1.75228442240327,-2.88996522020982,-0.614603624596708
"Isla Hermite","HER42PB","HER42PB_1F",200,223.4,224.6,224,-3.61629902919983,-0.180814951459992,-1.34974221388115,-0.0674871106940574,-1.32015679669487,-2.45344943119268,-0.186864162197066
"Isla Hermite","HER42PB","HER42PB_1F",205,230.3,231.5,230.9,-3.75137244590512,-0.187568622295256,-1.34252874689231,-0.0671264373446156,-1.34017963005508,-2.47350220728516,-0.206857052824993
"Isla Hermite","HER42PB","HER42PB_1F",209,235.8,236.9,236.4,-4.66635528131111,-0.233317764065555,-1.91593829593409,-0.0957969147967047,-1.47581363774996,-2.60978347667192,-0.341843798828
"Isla Hermite","HER42PB","HER42PB_1F",211,238.4,239.5,239,-3.40742853100376,-0.170371426550188,-1.9300272041319,-0.096501360206595,-1.289194529794,-2.42247410760514,-0.155914951982855
"Isla Hermite","HER42PB","HER42PB_1F",213,241.1,242.3,241.7,-6.56742980596359,-0.328371490298179,-1.81841961369507,-0.0909209806847535,-1.75762259276806,-2.89540648075284,-0.619838704783286
"Isla Hermite","HER42PB","HER42PB_1G",224,246.9,248.1,247.5,-3.48766969262016,-0.174383484631008,-1.57618635298677,-0.0788093176493386,-1.30108921230713,-2.43436902953439,-0.167809395079878
"Isla Hermite","HER42PB","HER42PB_1G",231,256.4,257.6,257,-6.0443850380338,-0.30221925190169,-1.68398146074557,-0.0841990730372785,-1.68008817864249,-2.8164913834014,-0.543684973883584
"Isla Hermite","HER42PB","HER42PB_1G",232,257.7,258.9,258.3,-3.91657881925188,-0.195828940962594,-1.62170257972682,-0.081085128986341,-1.36466927253434,-2.49805142721378,-0.231287117854905
"Isla Hermite","HER42PB","HER42PB_1G",236,263.2,264.4,263.8,-3.26571059937652,-0.163285529968826,-1.16706974645294,-0.0583534873226468,-1.26818673567477,-2.40148044768697,-0.134893023662579
"Isla Hermite","HER42PB","HER42PB_1G",240,268.6,269.8,269.2,-5.92812031623753,-0.296406015811876,-1.72331080321177,-0.0861655401605887,-1.66285348356347,-2.79898386848604,-0.526723098640904
"Isla Hermite","HER42PB","HER42PB_1G",245,275.2,276.4,275.8,-5.88597796221253,-0.294298898110626,-1.22930821361023,-0.0614654106805113,-1.65660644137981,-2.79264100329236,-0.520571879467258
"Isla Hermite","HER42PB","HER42PB_1G",253,285.8,286.9,286.3,-3.43832999088187,-0.171916499544093,-1.76869607822841,-0.0884348039114207,-1.29377525927296,-2.42705422369285,-0.160496294853077
"Isla Hermite","HER42PB","HER42PB_1H",260,285,286.2,285.6,-3.45092468565259,-0.17254623428263,-1.46842530176743,-0.0734212650883716,-1.2956422548726,-2.42892122281155,-0.162363286933649
"Isla Hermite","HER42PB","HER42PB_1H",264,290.3,291.5,290.9,-6.06653518533587,-0.303326759266793,-1.74370105462969,-0.0871850527314846,-1.68337164269598,-2.81982823112499,-0.546915054266964
"Isla Hermite","HER42PB","HER42PB_1H",269,297,298.2,297.6,-5.04730571268078,-0.252365285634039,-1.69295989719597,-0.0846479948597986,-1.53228446074287,-2.66675193003884,-0.397816991446907
"Isla Hermite","HER42PB","HER42PB_1H",273,302.3,303.5,302.9,-3.70601777885705,-0.185300888942853,-1.34331460537209,-0.0671657302686043,-1.33345640528915,-2.46676704541,-0.200145765168301
"Isla Hermite","HER42PB","HER42PB_1H",278,309.3,310.6,309.9,-6.38658211402239,-0.31932910570112,-1.76050487016108,-0.088025243508054,-1.7308143333219,-2.86809248798215,-0.593536178661645
"Isla Hermite","HER42PB","HER42PB_1H",281,313.5,314.8,314.2,-6.62600170712941,-0.331300085356471,-1.8565805685981,-0.0928290284299051,-1.76630509629274,-2.90425919316442,-0.628350999421059
"Isla Hermite","HER42PB","HER42PB_1H",286,320.5,321.8,321.1,-2.58995843324298,-0.129497921662149,-1.33304911739541,-0.0666524558697707,-1.1680154855108,-2.30163218894388,-0.0343987820777325
"Isla Hermite","HER42PB","HER42PB_1I",301,332.1,333.3,332.7,-3.69061097045937,-0.184530548522969,-1.12070203470706,-0.0560351017353532,-1.33117255133266,-2.46447956965436,-0.197865533010962
"Isla Hermite","HER42PB","HER42PB_1I",303,334.9,336.2,335.6,-6.19515259719823,-0.309757629859911,-0.632247994755619,-0.0316123997377809,-1.70243745940334,-2.83921292322535,-0.565661995581331
"Isla Hermite","HER42PB","HER42PB_1I",312,347.6,348.8,348.2,-3.96952613645718,-0.198476306822859,-1.65025649526691,-0.0825128247633455,-1.37251800646831,-2.5059245994479,-0.23911141348871
"Isla Hermite","HER42PB","HER42PB_1I",317,354.3,355.4,354.9,-5.21954701707595,-0.260977350853797,-1.89624252610233,-0.0948121263051163,-1.55781693796726,-2.6925533715176,-0.423080504416918
"Isla Hermite","HER42PB","HER42PB_1I",320,358.3,359.6,358.9,-4.57090418173811,-0.228545209086905,-1.77579853132788,-0.0887899265663941,-1.46166428469874,-2.59553043642705,-0.327798132970417
"Isla Hermite","HER42PB","HER42PB_1I",322,361,362.2,361.6,-3.76048686335697,-0.188024343167849,-1.77245884839042,-0.0886229424195209,-1.34153072093784,-2.47485592676098,-0.208205515114686
"Isla Hermite","HER42PB","HER42PB_1J",335,369.7,370.8,370.2,-3.66971919004749,-0.183485959502375,-1.43588136377129,-0.0717940681885645,-1.32807562339533,-2.46137808144546,-0.194773165345199
"Isla Hermite","HER42PB","HER42PB_1J",340,376.7,377.9,377.3,-4.20525968781917,-0.210262984390958,-1.80196970894089,-0.0900984854470444,-1.40746236288914,-2.54100924063365,-0.273915485144643
"Isla Hermite","HER42PB","HER42PB_1J",342,379.6,380.9,380.3,-3.48928936253818,-0.174464468126909,-1.86194601149698,-0.093097300574849,-1.30132930678063,-2.43460919019985,-0.168049423361412
"Isla Hermite","HER42PB","HER42PB_1J",346,385.3,386.5,385.9,-5.27227735425744,-0.263613867712872,-1.42215672134809,-0.0711078360674047,-1.56563350750526,-2.70045775209351,-0.430809262917012
"Isla Hermite","HER42PB","HER42PB_1J",349,389.6,390.9,390.2,-2.86825534126915,-0.143412767063457,-1.8865851311009,-0.0943292565550449,-1.20926929214417,-2.34270180754707,-0.0758367767412647
"Isla Hermite","HER42PB","HER42PB_1J",352,394,395.2,394.6,-6.5664433411975,-0.328322167059875,-1.98483493391307,-0.0992417466956535,-1.75747636251707,-2.89525741071703,-0.619695314317112
"Isla Hermite","HER42PB","HER42PB_1J",353,395.4,396.6,396,-6.6505287590506,-0.33252643795253,-1.89406101553916,-0.0947030507769579,-1.76994090476945,-2.90796720854813,-0.631914600990761
"Kerguelen","KER1","CAT1-S1-1A",1,0,1.4,0.7,-1.24543209498674,-0.062271604749337,-1.45146465282921,-0.0725732326414605,-0.968707379771198,-2.10422174479562,0.166806985253223
"Kerguelen","KER1","CAT1-S1-1A",3,3.1,4.7,3.9,-2.69538939428195,-0.134769469714097,-1.57338809024046,-0.0786694045120231,-1.18364421998263,-2.31718271603584,-0.05010572392942
"Kerguelen","KER1","CAT1-S1-1A",5,6.4,7.8,7.1,-2.58134090689061,-0.129067045344531,-1.56969483906176,-0.078484741953088,-1.16673805210948,-2.30036160237156,-0.0331145018473951
"Kerguelen","KER1","CAT1-S1-1A",7,9.3,10.6,9.9,-3.83049179991,-0.1915245899955,-1.60877238103523,-0.0804386190517614,-1.35190801954465,-2.48525597764021,-0.218560061449083
"Kerguelen","KER1","CAT1-S1-1A",8,10.7,12,11.4,-3.29253744101656,-0.164626872050828,-1.58925194956544,-0.0794625974782722,-1.27216345731876,-2.40545306741391,-0.138873847223606
"Kerguelen","KER1","CAT1-S1-1A",9,12.1,13.6,12.8,-2.70829789338548,-0.135414894669274,-1.59907171196901,-0.0799535855984505,-1.18555773289128,-2.31908735999487,-0.052028105787685
"Kerguelen","KER1","CAT1-S1-1A",11,15.1,16.5,15.8,-2.6781635456824,-0.13390817728412,-1.42372463050638,-0.0711862315253188,-1.18109071756587,-2.31464128891977,-0.0475401462119691
"Kerguelen","KER1","CAT1-S1-1A",13,18,19.4,18.7,-3.23058679317859,-0.16152933965893,-1.09171011558394,-0.054585505779197,-1.26298009964208,-2.39628018915665,-0.129680010127506
"Kerguelen","KER1","CAT1-S1-1A",17,24,25.5,24.7,-5.03725204454436,-0.251862602227218,-1.58440631684234,-0.0792203158421172,-1.53079413846729,-2.66524675372124,-0.396341523213352
"Kerguelen","KER1","CAT1-S1-1A",20,28.6,30,29.3,-3.62140788818358,-0.181070394409179,-1.43545750039201,-0.0717728750196003,-1.32091411693291,-2.45420757669299,-0.187620657172837
"Kerguelen","KER1","CAT1-S1-1A",23,33,34.4,33.7,-2.17139109647028,-0.108569554823514,-1.50774677189789,-0.0753873385948943,-1.1059684577636,-2.23999703524638,0.0280601197191852
"Kerguelen","KER1","CAT1-S1-1A",25,35.9,37.2,36.6,-2.28009773024691,-0.114004886512345,-1.39180085387924,-0.069590042693962,-1.12208276705072,-2.25598881095329,0.0118232768518423
"Kerguelen","KER1","CAT1-S1-1A",26,37.3,38.7,38,-2.43871987710887,-0.121935993855443,-1.42837050410524,-0.071418525205262,-1.14559638572807,-2.27934322385775,-0.0118495475983833
"Kerguelen","KER1","CAT1-S1-1A",27,38.8,40.1,39.4,-3.00648346718248,-0.150324173359124,-1.40094600841771,-0.0700473004208855,-1.22975976908897,-2.36312743169886,-0.0963921064790805
"Kerguelen","KER1","CAT1-S1-1A",28,40.2,41.6,40.9,-2.53018665372914,-0.126509332686457,-1.3838092858138,-0.0691904642906899,-1.15915511601664,-2.29282072321229,-0.0254895088209839
"Kerguelen","KER1","CAT1-S1-1B",36,45.1,46.2,45.6,-2.86166021306733,-0.143083010653367,-1.38789079900368,-0.0693945399501838,-1.20829165230803,-2.34172770382573,-0.0748556007903296
"Kerguelen","KER1","CAT1-S1-1B",40,50.7,52.1,51.4,-1.93981267139975,-0.0969906335699874,-1.33303396011053,-0.0666516980055267,-1.0716400434234,-2.20596604637107,0.0626859595242732
"Kerguelen","KER1","CAT1-S1-1B",41,52.3,53.6,53,-2.53041036846025,-0.126520518423013,-1.65015358634689,-0.0825076793173446,-1.15918827874318,-2.29285369674201,-0.0255228607443485
"Kerguelen","KER1","CAT1-S1-1B",46,59.9,61.2,60.5,-2.83545486847038,-0.141772743423519,-1.71012006855056,-0.0855060034275278,-1.20440705931549,-2.33785755898813,-0.0709565596428559
"Kerguelen","KER1","CAT1-S1-1B",49,64.4,65.8,65.1,-2.00370718243115,-0.100185359121557,-1.00811936912261,-0.0504059684561304,-1.08111155290483,-2.21535054726016,0.0531274414505016
"Kerguelen","KER1","CAT1-S1-1B",51,67.6,68.9,68.3,-2.86572330465699,-0.14328616523285,-1.81886189548357,-0.0909430947741784,-1.20889395147104,-2.34232781971878,-0.0754600832233057
"Kerguelen","KER1","CAT1-S1-1B",57,76.5,77.9,77.2,-6.02300954884126,-0.301150477442063,-1.67524694722984,-0.0837623473614922,-1.67691954732676,-2.81327166242874,-0.540567432224781
"Kerguelen","KER1","CAT1-S1-1C",69,86.1,87.5,86.8,-6.04071727382935,-0.302035863691468,-1.56329657327097,-0.0781648286635484,-1.67954448149422,-2.81593889010157,-0.54315007288687
"Kerguelen","KER1","CAT1-S1-1C",73,92.4,93.7,93.1,-4.21528789218626,-0.210764394609313,-1.58328074313017,-0.0791640371565087,-1.40894891050038,-2.5425028959106,-0.275394925090155
"Kerguelen","KER1","CAT1-S1-1C",80,103.1,104.5,103.8,-2.10185590362885,-0.105092795181442,-1.44032071318607,-0.0720160356593037,-1.09566079239987,-2.22977347424579,0.0384518894460513
"Kerguelen","KER1","CAT1-S1-1C",86,112.2,113.6,112.9,-5.81969603418852,-0.290984801709426,-1.32199882173509,-0.0660999410867547,-1.64678102915593,-2.78266818149529,-0.51089387681657
"Kerguelen","KER1","CAT1-S1-1C",93,122.9,124.1,123.5,-5.76786844480737,-0.288393422240369,-1.31129274753153,-0.0655646373765767,-1.63909827994478,-2.77487298215173,-0.503323577737833
"Kerguelen","KER1","CAT1-S1-1D",105,130.3,131.4,130.8,-5.86265483292473,-0.293132741646237,-1.21828999261126,-0.0609144996305629,-1.65314909838399,-2.78913132976768,-0.51716686700029
"Kerguelen","KER1","CAT1-S1-1D",108,134.6,135.8,135.2,-5.01772986314068,-0.250886493157034,-1.73423059345738,-0.0867115296728692,-1.52790023532478,-2.66232427342569,-0.393476197223866
"Kerguelen","KER1","CAT1-S1-1D",110,137.6,138.8,138.2,-2.75418123653433,-0.137709061826716,-1.52575644791123,-0.0762878223955617,-1.19235932684135,-2.32585867679329,-0.0588599768894098
"Kerguelen","KER1","CAT1-S1-1D",114,143.4,144.6,144,-3.50274968857196,-0.175137484428598,-1.81643802122526,-0.090821901061263,-1.30332462067527,-2.43660514812161,-0.170044093228932
"Kerguelen","KER1","CAT1-S1-1D",117,147.8,148.9,148.4,-3.27144480442806,-0.163572240221403,-1.44458283024596,-0.0722291415122982,-1.26903675513087,-2.40232953439167,-0.13574397587006
"Kerguelen","KER1","CAT1-S1-1D",119,150.7,151.8,151.3,-3.20171744138338,-0.160085872069169,-0.658460180492602,-0.0329230090246301,-1.25870060309633,-2.39200678939812,-0.125394416794535
"Kerguelen","KER1","CAT1-S1-1D",123,156.5,157.7,157.1,-2.34814892320935,-0.117407446160468,-1.438966087512,-0.0719483043756001,-1.13217044921562,-2.26600534332978,0.00166444489854256
"Kerguelen","KER1","CAT1-S1-1D",124,158,159.2,158.6,-5.73240285475831,-0.286620142737916,-1.53178730192299,-0.0765893650961493,-1.63384097901248,-2.76954015492381,-0.498141803101155
"Kerguelen","KER1","CAT1-S1-1E",132,161.5,162.7,162.1,-5.76833812869554,-0.288416906434777,-1.51485831752901,-0.0757429158764506,-1.63916790431984,-2.77494361450947,-0.5033921941302
"Kerguelen","KER1","CAT1-S1-1E",137,168.8,170,169.4,-6.14460440921722,-0.307230220460861,-1.23960605442848,-0.0619803027214239,-1.69494436439404,-2.83159269617597,-0.558296032612108
"Kerguelen","KER1","CAT1-S1-1E",144,179,180.2,179.6,-6.02438009513491,-0.301219004756745,-1.36947371312049,-0.0684736856560245,-1.67712271254402,-2.81347809080991,-0.54076733427812
"Kerguelen","KER1","CAT1-S1-1E",145,180.4,181.6,181,-2.89369505986542,-0.144684752993271,-1.23754215553776,-0.0618771077768882,-1.21304039128868,-2.34645964365806,-0.0796211389192925
"Kerguelen","KER1","CAT1-S1-1E",146,181.9,183,182.4,-2.12911871944379,-0.106455935972189,-0.747663654511989,-0.0373831827255995,-1.0997021414033,-2.23378131604463,0.0343770332380271
"Kerguelen","KER1","CAT1-S1-1E",147,183.3,184.4,183.8,-1.73230677187,-0.0866153385934998,-0.866025770362888,-0.0433012885181444,-1.04088006008331,-2.17551462080891,0.0937545006422857
"Kerguelen","KER1","CAT1-S1-1E",151,189,190.3,189.7,-5.80623109716759,-0.290311554858379,-1.71962852926282,-0.0859814264631409,-1.64478503174391,-2.78064273182008,-0.508927331667744
"Kerguelen","KER1","CAT1-S1-1E",157,198.4,199.7,199,-3.91617581911531,-0.195808790955766,-1.6757481512437,-0.0837874075621852,-1.3646095331365,-2.49799151175469,-0.231227554518303
"Kerguelen","KER1","CAT1-S1-1E",161,204.5,205.8,205.2,-4.00770799735483,-0.200385399867742,-1.94981503405299,-0.0974907517026495,-1.37817795834325,-2.51160378421076,-0.244752132475743
"Kerguelen","KER1","CAT1-S1-1F",170,210.3,211.7,211,-5.96623419884041,-0.298311709942021,-1.88149931940031,-0.0940749659700156,-1.66850335856244,-2.80472181156148,-0.532284905563394
"Kerguelen","KER1","CAT1-S1-1F",177,220.9,222.2,221.6,-5.95953954623355,-0.297976977311677,-1.78283616212814,-0.0891418081064073,-1.66751096556001,-2.80371385292131,-0.53130807819872
"Kerguelen","KER1","CAT1-S1-1F",179,224,225.4,224.7,-5.98704890256748,-0.299352445128374,-1.89888859592641,-0.0949444297963207,-1.67158886090875,-2.8078559727983,-0.535321749019206
"Kerguelen","KER1","CAT1-S1-1F",180,225.6,226.8,226.2,-2.83704900945406,-0.141852450472703,-1.43014702340306,-0.0715073511701532,-1.2046433694648,-2.3380929720689,-0.071193766860697
"Kerguelen","KER1","CAT1-S1-1F",185,233.2,234.5,233.8,-1.79034076692766,-0.089517038346383,-1.28026570403547,-0.0640132852017733,-1.04948282619829,-2.18402708988977,0.0850614374931888
"Kerguelen","KER1","CAT1-S1-1F",186,234.7,235.9,235.3,-3.42335964500751,-0.171167982250375,-1.37674322522289,-0.0688371612611445,-1.29155610506706,-2.42483525627571,-0.158276953858412
"Kerguelen","KER1","CAT1-S1-1F",188,237.8,239.1,238.4,-4.27127166638272,-0.213563583319136,-2.1354739104039,-0.106773695520195,-1.41724775870422,-2.55084313256585,-0.283652384842577
"Kerguelen","KER1","CAT1-S1-1F",191,242.3,243.6,242.9,-4.10374898050442,-0.205187449025221,-1.664976122282,-0.0832488061141,-1.39241475377095,-2.52589492041742,-0.258934587124489
"Kerguelen","KER3","CAT2-S3-1A",6,7.9,9.1,8.5,-3.9509212647373,-0.197546063236865,-1.14812946578337,-0.0574064732891684,-1.36976008225774,-2.50315779239641,-0.236362372119081
"Kerguelen","KER3","CAT2-S3-1A",9,12.3,13.5,12.9,-5.76065604325726,-0.288032802162863,-1.26695597966063,-0.0633477989830316,-1.63802913756364,-2.77378838679908,-0.502269888328202
"Kerguelen","KER3","CAT2-S3-1A",13,18.1,19.3,18.7,-5.69362171574407,-0.284681085787204,-1.4785793063579,-0.0739289653178952,-1.62809219214574,-2.76371010511754,-0.492474279173944
"Kerguelen","KER3","CAT2-S3-1A",15,21,22.1,21.6,-4.27064351094296,-0.213532175547148,-1.57594632322961,-0.0787973161614806,-1.41715464303422,-2.55074953642548,-0.283559749642971
"Kerguelen","KER3","CAT2-S3-1A",20,28.2,29.4,28.8,-5.73103345972537,-0.286551672986269,-1.63278061444576,-0.0816390307222881,-1.63363798445428,-2.76933426734243,-0.497941701566128
"Kerguelen","KER3","CAT2-S3-1A",21,29.6,30.7,30.2,-4.34419398063637,-0.217209699031819,-1.80009912715426,-0.090004956357713,-1.42805751966352,-2.56171115106732,-0.294403888259722
"Kerguelen","KER3","CAT2-S3-1A",22,31,32.1,31.6,-6.09144997682347,-0.304572498841173,-1.60627557971949,-0.0803137789859743,-1.68706492839444,-2.82358210163669,-0.550547755152194
"Kerguelen","KER3","CAT2-S3-1A",27,38.2,39.3,38.7,-3.13056529900139,-0.156528264950069,-1.68691601352581,-0.0843458006762903,-1.2481532465188,-2.38147775236595,-0.114828740671649
"Kerguelen","KER3","CAT2-S3-1A",28,39.5,40.7,40.1,-2.87133014983887,-0.143566507491944,-1.45691435766742,-0.0728457178833712,-1.20972509152429,-2.34315597205923,-0.0762942109893554
"Kerguelen","KER3","CAT2-S3-1A",32,45.1,47,46.1,-5.21497245898805,-0.260748622949402,-1.69405546586396,-0.084702773293198,-1.55713882071425,-2.69186775716275,-0.422409884265751
"Kerguelen","KER3","CAT2-S3-1B",38,46.4,47.6,47,-4.88527024640601,-0.2442635123203,-1.73025732807571,-0.0865128664037855,-1.5082648629656,-2.64250429236458,-0.374025433566623
"Kerguelen","KER3","CAT2-S3-1B",42,51.6,52.7,52.2,-4.97864512895402,-0.248932256447701,-1.80611331972964,-0.0903056659864822,-1.52210644452096,-2.65647432610804,-0.387738562933885
"Kerguelen","KER3","CAT2-S3-1B",45,55.3,56.5,55.9,-2.76304613538559,-0.13815230676928,-1.77321334436269,-0.0886606672181347,-1.19367342991791,-2.32716715463854,-0.0601797051972781
"Kerguelen","KER3","CAT2-S3-1B",47,58.1,59.3,58.7,-5.79344532516245,-0.289672266258122,-1.09788031423129,-0.0548940157115645,-1.64288971149153,-2.77871959913371,-0.507059823849344
"Kerguelen","KER3","CAT2-S3-1B",52,64.6,65.7,65.1,-3.81843348126434,-0.190921674063217,-0.653024926820744,-0.0326512463410372,-1.35012053455511,-2.48346425026797,-0.216776818842243
"Kerguelen","KER3","CAT2-S3-1B",55,68.3,69.4,68.9,-2.25891815667186,-0.112945907833593,-0.760442233686232,-0.0380221116843116,-1.11894317761353,-2.25287223865501,0.014985883427947
"Kerguelen","KER3","CAT2-S3-1B",56,69.5,70.7,70.1,-3.05383361766968,-0.152691680883484,-0.522594204700463,-0.0261297102350232,-1.23677879767292,-2.37012831036672,-0.103429284979117
"Kerguelen","KER3","CAT2-S3-1B",62,77.2,78.2,77.7,-5.78059444702144,-0.289029722351072,-1.4817491226893,-0.0740874561344651,-1.64098474012243,-2.77678682514844,-0.505182655096423
"Kerguelen","KER3","CAT2-S3-1B",65,80.8,81.9,81.4,-5.5338360211977,-0.276691801059885,-1.65836964611574,-0.0829184823057869,-1.60440609303546,-2.73970378309282,-0.469108402978091
"Kerguelen","KER3","CAT2-S3-1B",68,84.5,85.6,85.1,-6.01558659404303,-0.300779329702151,-1.89173785905338,-0.0945868929526692,-1.67581919323348,-2.81215366482219,-0.539484721644768
"Kerguelen","KER3","CAT2-S3-1C",78,89.2,90.2,89.7,-4.46647954507961,-0.22332397725398,-2.00148997415643,-0.100074498707822,-1.44618472440098,-2.5799470853746,-0.312422363427366
"Kerguelen","KER3","CAT2-S3-1C",83,95.7,96.8,96.2,-4.0413331157945,-0.202066655789725,-1.52905359958175,-0.0764526799790877,-1.38316243389482,-2.51660631430554,-0.249718553484098
"Kerguelen","KER3","CAT2-S3-1C",85,98.3,99.3,98.8,-5.17117811172015,-0.258558905586008,-1.86916176577383,-0.0934580882886913,-1.55064689255509,-2.68530503241165,-0.415988752698519
"Kerguelen","KER3","CAT2-S3-1C",89,103.5,104.7,104.1,-3.75731902182044,-0.187865951091022,1.18267684448766,0.0591338422243832,-1.3410611306606,-2.47438541416317,-0.207736847158037
"Kerguelen","KER3","CAT2-S3-1C",91,106.1,107.2,106.7,-3.3925218913968,-0.16962609456984,-1.85882374485603,-0.0929411872428016,-1.28698481919297,-2.42026500890886,-0.153704629477073
"Kerguelen","KER3","CAT2-S3-1C",96,112.8,113.9,113.3,-6.35602615519191,-0.317801307759596,-1.61060994791108,-0.0805304973955538,-1.72628481976736,-2.86348048282903,-0.589089156705696
"Kerguelen","KER3","CAT2-S3-1C",101,118.9,119.9,119.4,-6.23945131229251,-0.311972565614625,-1.75757139173812,-0.0878785695869058,-1.70900415336903,-2.84589295796351,-0.572115348774555
"Kerguelen","KER3","CAT2-S3-1D",110,122.4,123.5,123,-5.82046549727203,-0.291023274863602,-1.82405564906369,-0.0912027824531843,-1.64689509180033,-2.78278393224361,-0.511006251357056
"Kerguelen","KER3","CAT2-S3-1D",115,128.9,130,129.5,-3.45529553014874,-0.172764776507437,-1.12809322006259,-0.0564046610031295,-1.29629017430134,-2.42956917777871,-0.163011170823975
"Kerguelen","KER3","CAT2-S3-1D",117,131.4,132.4,131.9,-6.1160219716888,-0.30580109858444,-1.75880464570698,-0.0879402322853489,-1.69070739906348,-2.82728488149129,-0.554129916635674
"Kerguelen","KER3","CAT2-S3-1D",121,136.5,137.6,137.1,-4.47371133438049,-0.223685566719025,-1.93514993422164,-0.0967574967110818,-1.44725674075772,-2.5810259647881,-0.313487516727329
"Kerguelen","KER3","CAT2-S3-1D",124,140.5,141.6,141,-5.91259282467644,-0.295629641233822,-1.75630872142858,-0.0878154360714292,-1.66055173993683,-2.79664662871356,-0.524456851160107
"Kerguelen","KER3","CAT2-S3-1D",130,148.3,149.4,148.9,-6.09977339065013,-0.304988669532506,-1.94701281671157,-0.0973506408355787,-1.68829876353465,-2.82483630360512,-0.551761223464182
"Kerguelen","KER3","CAT2-S3-1D",133,152.3,153.4,152.8,-6.3566444056667,-0.317832220283335,-1.91459675243058,-0.0957298376215291,-1.72637646715834,-2.86357379082742,-0.589179143489257
"Kerguelen","KER3","CAT2-S3-1D",134,153.6,154.8,154.2,-4.16046328905942,-0.208023164452971,-1.87319523948018,-0.093659761974009,-1.40082189395468,-2.53433815725637,-0.267305630652985
"Kerguelen","KER3","CAT2-S3-1D",136,156.4,157.6,157,-6.32950603455114,-0.316475301727557,-1.91840829239998,-0.0959204146199988,-1.72235356542261,-2.85947832567533,-0.585228805169894
"Kerguelen","KER3","CAT2-S3-1D",139,160.4,161.5,160.9,-6.05884461703758,-0.302942230851879,-2.00913245326704,-0.100456622663352,-1.68223161846887,-2.81866962096263,-0.545793615975111
"Kerguelen","KER3","CAT2-S3-1D",141,163,164.1,163.5,-6.10370265486646,-0.305185132743323,-1.9047561197766,-0.0952378059888302,-1.68888122457362,-2.82542840137611,-0.552334047771138
"Kerguelen","KER3","CAT2-S3-1D",142,164.3,165.5,164.9,-5.968493398897,-0.29842466994485,-1.91132487629647,-0.0955662438148237,-1.66883825485339,-2.80506196997412,-0.532614539732646
"Kerguelen","KER3","CAT2-S3-1E",150,166.5,167.5,167,-5.81669783528141,-0.290834891764071,-2.04421063220277,-0.102210531610138,-1.646336586137,-2.78221716600195,-0.510456006272051
"Kerguelen","KER3","CAT2-S3-1E",152,169.1,170.2,169.6,-5.84740396107276,-0.292370198053638,-1.94029296209279,-0.0970146481046397,-1.6508883599416,-2.78683664297369,-0.514940076909512
"Kerguelen","KER3","CAT2-S3-1E",156,174.6,175.7,175.1,-6.04096642581762,-0.302048321290881,-2.04127734458894,-0.102063867229447,-1.67958141495503,-2.81597642069585,-0.54318640921421
"Kerguelen","KER3","CAT2-S3-1E",158,177.2,178.3,177.8,-3.52582963473711,-0.176291481736855,-1.65820970720578,-0.082910485360289,-1.30674591501504,-2.44002793703788,-0.173463892992195
"Kerguelen","KER3","CAT2-S3-1E",159,178.6,179.6,179.1,-4.64069252245118,-0.232034626122559,-1.66939832096488,-0.0834699160482439,-1.47200947585972,-2.60595061027372,-0.338068341445715
"Kerguelen","KER3","CAT2-S3-1E",163,183.8,184.9,184.3,-4.11011450736819,-0.205505725368409,-0.465454670560132,-0.0232727335280066,-1.39335835826955,-2.52684242811258,-0.259874288426506
"Kerguelen","KER3","CAT2-S3-1E",165,186.4,187.5,187,-5.84918087029669,-0.292459043514835,-1.15947977550603,-0.0579739887753017,-1.65115176304604,-2.78710399046599,-0.515199535626089
"Kerguelen","KER3","CAT2-S3-1E",168,190.4,191.5,190.9,-3.61737256267679,-0.180868628133839,-1.62230419935394,-0.0811152099676968,-1.32031593372154,-2.45360873962841,-0.187023127814657
"Kerguelen","KER3","CAT2-S3-1E",171,194,195,194.5,-2.67025126085456,-0.133512563042728,-1.22090975614001,-0.0610454878070006,-1.17991782681897,-2.31347403665788,-0.0463616169800531
"Kerguelen","KER3","CAT2-S3-1E",174,197.7,198.6,198.1,-2.07076347822456,-0.103538173911228,-1.36513145454214,-0.0682565727271069,-1.09105175482741,-2.22520348846121,0.0430999788063893
"Kerguelen","KER3","CAT2-S3-1E",177,201.6,202.7,202.1,-0.274223780382657,-0.0137111890191329,-0.836850416674977,-0.0418425208337488,-0.824738694328157,-1.96265890702028,0.313181518363968
"Kerguelen","KER3","CAT2-S3-1E",181,207,208.1,207.5,-0.532922342349944,-0.0266461171174972,-0.440337155481842,-0.0220168577740921,-0.863087307424224,-2.00028217132543,0.274107556476977
"Marion Island","PB1","PB1_1A",4,5,6.3,5.7,-5.88703381885391,-0.294351690942695,-0.553743163954086,-0.0276871581977043,-1.65676295805125,-2.79279990083496,-0.520726015267534
"Marion Island","PB1","PB1_1A",7,9.8,11.1,10.4,-3.75706321534463,-0.187853160767231,-1.01259865549689,-0.0506299327748447,-1.34102321076072,-2.4743474201902,-0.207699001331246
"Marion Island","PB1","PB1_1A",9,12.6,13.8,13.2,-4.13068963506556,-0.206534481753278,-1.11283554343513,-0.0556417771717567,-1.39640834666325,-2.52990528909092,-0.262911404235587
"Marion Island","PB1","PB1_1A",14,19.4,20.7,20.1,-2.58995076175662,-0.129497538087831,-1.44350626457679,-0.0721753132288394,-1.16801434831522,-2.30163105781293,-0.0343976388175102
"Marion Island","PB1","PB1_1A",16,22.3,23.5,22.9,-2.75807101909444,-0.137903550954722,-1.46371410256078,-0.0731857051280389,-1.19293593525112,-2.32643280798656,-0.0594390625156702
"Marion Island","PB1","PB1_1A",17,23.7,24.9,24.3,-2.6475332104361,-0.132376660521805,-1.41306886676384,-0.0706534433381918,-1.1765501786992,-2.31012289976312,-0.0429774576352877
"Marion Island","PB1","PB1_1A",22,30.4,31.6,31,-5.9970225646797,-0.299851128233985,-1.74386804497906,-0.0871934022489531,-1.6730673233578,-2.80935789184193,-0.536776754873677
"Marion Island","PB1","PB1_1A",28,38.5,39.8,39.2,-3.10075283470594,-0.155037641735297,-1.75916827779476,-0.0879584138897379,-1.24373394611754,-2.37706752060862,-0.11040037162647
"Marion Island","PB1","PB1_1A",32,44,45.3,44.7,-2.09358024778689,-0.104679012389344,-1.66495148593505,-0.0832475742967525,-1.09443403674423,-2.2285570255462,0.0396889520577499
"Marion Island","PB1","PB1_1B",39,46.4,47.6,47,-1.86155558307769,-0.0930777791538846,-1.76766691070346,-0.0883833455351732,-1.06003947332643,-2.19447717700251,0.0743982303496551
"Marion Island","PB1","PB1_1B",41,49.3,50.5,49.9,-1.98242999581244,-0.0991214997906218,-1.90920857028495,-0.0954604285142476,-1.07795749363519,-2.21222504374521,0.0563100564748213
"Marion Island","PB1","PB1_1B",42,50.6,51.8,51.2,-1.73630140878209,-0.0868150704391046,-1.90139640488118,-0.0950698202440589,-1.04147221175295,-2.17610045753837,0.0931560340324742
"Marion Island","PB1","PB1_1B",44,53.3,54.5,53.9,-1.47578565625382,-0.0737892828126912,-1.91170316020513,-0.0955851580102563,-1.00285422438122,-2.13792511255622,0.132216663793781
"Marion Island","PB1","PB1_1B",45,54.7,55.8,55.2,-1.66058081755432,-0.0830290408777159,-1.91585686425393,-0.0957928432126965,-1.03024764353611,-2.16499809677112,0.104502809698894
"Marion Island","PB1","PB1_1B",46,56,57.7,56.8,-1.71853374123769,-0.0859266870618846,-1.95506316030461,-0.0977531580152303,-1.03883839190061,-2.17349483862822,0.0958180548269971
"Marion Island","PB1","PB1_1B",52,64.3,65.4,64.9,-1.4417726126493,-0.0720886306324648,-1.76556690918071,-0.0882783454590357,-0.997812244095395,-2.13294553962702,0.137321051436228
"Marion Island","PB1","PB1_1B",54,66.9,68.1,67.5,-2.00302243948604,-0.100151121974302,-1.85398336141263,-0.0926991680706314,-1.08101004889154,-2.21524995572009,0.0532298579370176
"Marion Island","PB1","PB1_1B",57,70.8,72,71.4,-1.82260263154986,-0.0911301315774929,-1.72236125133231,-0.0861180625666156,-1.05426521754498,-2.18876062751133,0.0802301924213695
"Marion Island","PB1","PB1_1B",62,77.7,78.9,78.3,-1.77805721938669,-0.0889028609693343,-1.72126071715185,-0.0860630358575923,-1.04766195402755,-2.18222507092114,0.0869011628660394
"Marion Island","PB1","PB1_1B",64,80.4,81.5,81,-1.99255412837034,-0.0996277064185172,-1.65585660308892,-0.0827928301544459,-1.07945826132189,-2.21371217188301,0.0547956492392214
"Marion Island","PB1","PB1_1B",65,81.7,82.8,82.3,-1.79901829193443,-0.0899509145967214,-1.66084321346981,-0.0830421606734905,-1.05076915360029,-2.18530018262855,0.0837618754279732
"Marion Island","PB1","PB1_1B",66,83,84.1,83.6,-1.75145222533783,-0.0875726112668917,-1.72373324423354,-0.086186662211677,-1.0437181183315,-2.17832254664188,0.0908863099788755
"Marion Island","PB1","PB1_1B",67,84.3,85.4,84.9,-2.01115604879003,-0.100557802439501,-1.92896413629209,-0.0964482068146047,-1.08221574804155,-2.21644484417056,0.0520133480874605
"Marion Island","PB1","PB1_1B",68,85.6,86.6,86.1,-1.26272149391676,-0.0631360746958382,-1.73476960571197,-0.0867384802855985,-0.971270302677259,-2.10674968667368,0.164209081319164
"Marion Island","PB1","PB1_1C",77,89.2,90.3,89.7,-1.17006929090083,-0.0585034645450414,-1.4363780845743,-0.0718189042287151,-0.957535848728475,-2.09320590466284,0.17813420720589
"Marion Island","PB1","PB1_1C",79,91.8,92.9,92.4,-1.16103122726747,-0.0580515613633737,-1.28817358502014,-0.0644086792510072,-0.956196076281433,-2.09188515465736,0.179493002094499
"Marion Island","PB1","PB1_1C",81,94.5,95.6,95.1,-1.02422236992768,-0.0512111184963839,-1.27760171617021,-0.0638800858085104,-0.935915986982358,-2.0719021805268,0.20007020656208
"Marion Island","PB1","PB1_1C",84,98.5,99.6,99.1,-0.660195089980742,-0.0330097544990371,-1.18738712088336,-0.059369356044168,-0.881953795585005,-2.01881429974014,0.254906708570125
"Marion Island","PB1","PB1_1C",86,101.2,102.3,101.8,-0.722695668520402,-0.0361347834260201,-1.26861515448123,-0.0634307577240616,-0.891218673157076,-2.02792041783189,0.245483071517741
"Marion Island","PB1","PB1_1C",87,102.6,103.7,103.1,-0.702502768413547,-0.0351251384206773,-1.14254952013287,-0.0571274760066433,-0.888225344908181,-2.024977990407,0.248527300590634
"Marion Island","PB1","PB1_1C",88,103.9,105,104.4,-0.518624336759418,-0.0259312168379709,-1.10463216405469,-0.0552316082027345,-0.860967818702421,-1.9982011724226,0.276265535017755
"South Georgia","POB4","POB_1A",16,31.5,32.9,32.2,-4.21250017797348,-0.210625008898674,-1.37167271659643,-0.0685836358298213,-1.40853566903141,-2.54208766926598,-0.274983668796827
"South Georgia","POB4","POB_1A",19,36.1,37.4,36.8,-6.84645553811814,-0.342322776905907,-2.09855293647399,-0.104927646823699,-1.79898443786249,-2.93760727512903,-0.66036160059595
"South Georgia","POB4","POB_1A",21,39.2,40.6,39.9,-7.10533835269902,-0.355266917634951,-2.19166915823333,-0.109583457911667,-1.83736036395225,-2.9768251312278,-0.697895596676691
"South Georgia","POB4","POB_1A",24,43.8,45.1,44.4,-7.16498625391866,-0.358249312695933,-2.34366537761933,-0.117183268880966,-1.84620237014072,-2.98586977765547,-0.706534962625976
"South Georgia","POB4","POB_1A",28,49.9,51.2,50.5,-6.58197112539057,-0.329098556269528,-1.90673558116042,-0.0953367790580212,-1.7597781495225,-2.89760400157557,-0.621952297469427
"South Georgia","POB4","POB_1E",170,200.2,201.3,200.7,-6.27459818381161,-0.31372990919058,-1.93369034297703,-0.0966845171488514,-1.71421420852811,-2.85119421835593,-0.57723419870029
"South Georgia","POB4","POB_1E",174,205.3,206.4,205.9,-5.78070063969655,-0.289035031984827,-1.15084220129545,-0.0575421100647724,-1.64100048177086,-2.77680279592044,-0.505198167621284
"South Georgia","POB4","POB_1E",177,209.4,210.5,209.9,-6.0778334714137,-0.303891673570685,0.894250724673022,0.0447125362336511,-1.68504646298934,-2.82153045464541,-0.548562471333275
"South Georgia","POB4","POB_1E",183,217.6,218.5,218.1,-6.31497666703731,-0.315748833351865,-0.37701026710756,-0.018850513355378,-1.72019978037997,-2.85728596889119,-0.583113591868751
"South Georgia","POB4","POB_1F",196,225.1,226.2,225.7,-5.71592545244599,-0.285796272622299,-0.310215806109098,-0.0155107903054549,-1.63139842378025,-2.76706290353407,-0.495733944026433
"South Georgia","POB4","POB_1F",202,232.5,233.6,233,-6.12956789807193,-0.306478394903596,-0.521058010780046,-0.0260529005390023,-1.69271540206877,-2.82932636832895,-0.556104435808593
"South Georgia","POB4","POB_1F",208,240,241.2,240.6,-5.54395532524188,-0.277197766262094,-0.619510999733577,-0.0309755499866789,-1.60590614495937,-2.74122341792817,-0.470588871990568
"South Georgia","POB4","POB_1F",214,247.5,248.6,248.1,-5.39879658812632,-0.269939829406316,-0.797693363501543,-0.0398846681750771,-1.58438829729595,-2.71943368372928,-0.449342910862608
"South Georgia","POB4","POB_1F",219,253.8,254.8,254.3,-6.01250185090389,-0.300625092545195,-0.309986448165701,-0.0154993224082851,-1.67536192118587,-2.81168907557315,-0.539034766798595
"South Georgia","POB4","POB_1G",233,261.6,262.8,262.2,-6.05313698014899,-0.302656849007449,-0.738800128563374,-0.0369400064281687,-1.68138553738876,-2.81780978122901,-0.544961293548506
"South Georgia","POB4","POB_1G",239,269.2,270.5,269.8,-5.81510178763493,-0.290755089381747,-1.23085774836306,-0.061542887418153,-1.64609999335035,-2.78197707782415,-0.510222908876552
"South Georgia","POB4","POB_1G",247,279.3,280.2,279.8,-6.48194450062039,-0.324097225031019,-0.474173461579765,-0.0237086730789883,-1.74495053585721,-2.88249163711979,-0.607409434594629
"South Georgia","POB4","POB_1G",255,289.2,290.5,289.9,-1.85816788545262,-0.0929083942726309,-1.43902390473434,-0.0719511952367169,-1.05953729231497,-2.19397995906253,0.0749053744325905
"South Georgia","POB4","POB_1G",256,290.6,291.8,291.2,-6.39015305243857,-0.319507652621928,-1.16080591199793,-0.0580402955998964,-1.73134367733784,-2.86863152823065,-0.594055826445037
"South Georgia","POB4","POB_1G",261,297.2,298.5,297.9,-1.16062642479351,-0.0580313212396754,-1.08636933701297,-0.0543184668506484,-0.956136069711097,-2.09182600183388,0.179553862411682
"South Georgia","POB4","POB_1H",270,299.6,300.9,300.3,-7.42888909244599,-0.371444454622299,-1.39383359062671,-0.0696916795313357,-1.8853224478585,-3.02592523570764,-0.744719660009365
"South Georgia","POB4","POB_1H",272,302.4,303.6,303,-1.54084704572095,-0.0770423522860475,-1.50177015296399,-0.0750885076481997,-1.01249870803507,-2.14745319025281,0.122455774182676
"South Georgia","POB4","POB_1H",274,305.3,306.6,305.9,-7.57830868215768,-0.378915434107884,-1.159607720275,-0.0579803860137498,-1.90747191011779,-3.04863234636167,-0.766311473873913
"South Georgia","POB4","POB_1H",276,308.2,309.4,308.8,-3.2268311726098,-0.16134155863049,-1.75389928174719,-0.0876949640873595,-1.26242337895901,-2.39572421796002,-0.129122539957994
"South Georgia","POB4","POB_1H",277,309.6,310.8,310.2,-0.881346488594654,-0.0440673244297327,-1.29511657987911,-0.0647558289939553,-0.914736542255902,-2.05105138780533,0.22157830329353
"South Georgia","POB4","POB_1H",278,311,312.3,311.6,-1.69350097674063,-0.0846750488370317,-1.58628191737705,-0.0793140958688523,-1.0351276182762,-2.16982429117301,0.0995690546206218
"South Georgia","POB4","POB_1H",280,313.9,315,314.5,-1.95177903189041,-0.0975889515945207,-1.14635645882325,-0.0573178229411626,-1.07341389684235,-2.2077233177527,0.0608955240679905
"South Georgia","POB4","POB_1H",283,317.9,319.1,318.5,-3.16597578537255,-0.158298789268627,-1.54978014448862,-0.0774890072244308,-1.25340237906544,-2.38671718211564,-0.120087576015238
