"Location","Site","Section","sample","min_depth","max_depth","midpoint","K","K_sd","K_ICP","K_ICP_sd","K_fit_OLS","K_lwr_OLS","K_upr_OLS","K_fit_WLS","K_lwr_WLS","K_upr_WLS"
"Bird Island","BI10","BI10.1",1,0,1.1,0.6,8.63636363636364,9.83130436181006,1782.206118,320.7971012,2573.35245796885,-5895.63266786396,11042.3375838017,2611.70294306858,-5092.43548668868,10315.8413728258
"Bird Island","BI10","BI10.1",4,3.9,5,4.5,10.4166666666667,8.97935342208936,1331.46149,239.6630682,2674.36731526188,-5794.0469646733,11142.7815951971,2710.73161460829,-5030.62741368422,10452.0906429008
"Bird Island","BI10","BI10.1",10,11.7,12.8,12.3,9.83333333333333,8.55817879238476,1545.22611,278.1406998,2641.26883010629,-5827.32923958303,11109.8668997956,2678.28392223145,-5050.86988782725,10407.4377322902
"Bird Island","BI10","BI10.1",22,26.7,27.8,27.2,11.3333333333333,9.2080333832952,4972.490853,895.0483535,2726.37922050637,-5741.7526543286,11194.5110953413,2761.72084548619,-4998.83644743396,10522.2781384063
"Bird Island","BI10","BI10.1",30,36.3,37.2,36.7,26.3,22.6374812104959,16457.36219,2962.325194,3575.59178249832,-4889.03753434011,12040.2210993367,3594.23592418346,-4482.86039457645,11671.3322429434
"Bird Island","BI10","BI10.1",34,40.9,41.9,41.4,11.0909090909091,8.14192293570193,10808.43657,1945.518583,2712.62400589626,-5755.58179287575,11180.8298046683,2748.2360902127,-5007.24176787411,10503.7139482995
"Bird Island","BI10","BI10.2",51,45.9,46.9,46.4,10.7272727272727,11.0642750245184,2479.827204,446.3688967,2691.99118398108,-5776.32652773185,11160.308895694,2728.00895730245,-5019.85272287675,10475.8706374817
"Bird Island","BI10","BI10.2",54,49.3,50.3,49.8,12.5454545454545,9.51171526448975,23399.21394,4211.858509,2795.15529355694,-5672.61517841037,11262.9257655243,2829.14462185365,-4956.83352351619,10615.1227672235
"Bird Island","BI10","BI10.2",62,58.4,59.4,58.9,5,6.34034699365894,867.9986358,156.2397544,2367.02423881713,-6103.21862961502,10837.2671072493,2409.43161396618,-5218.95423759606,10037.8174655284
"Bird Island","BI10","BI10.2",67,64.1,65.2,64.6,17.8333333333333,18.624682222223,7766.606331,1397.98914,3095.19091224007,-5371.16316246816,11561.5449869483,3123.28084625672,-4774.04909568829,11020.6107882017
"Bird Island","BI10","BI10.2",71,68.7,69.8,69.2,18.1666666666667,13.1483378371104,1973.319538,355.1975168,3114.10433232898,-5352.16919299506,11580.377857653,3141.82238475777,-4762.55113142015,11046.1959009357
"Bird Island","BI10","BI10.3",84,80,81,80.5,24.8,37.5819105421744,14359.67839,2584.74211,3490.48139209824,-4974.4047418914,11955.3675260879,3510.79900092873,-4534.32078186744,11555.9187837249
"Bird Island","BI10","BI10.3",88,84.8,85.8,85.3,3.63636363636364,5.00545157348919,3095.570446,557.2026803,2289.65115663524,-6181.09511940277,10760.3974326732,2333.57986555278,-5266.49484029257,9933.65457139814
"Bird Island","BI10","BI10.3",95,93,94,93.5,26.6363636363636,16.8598501017816,3134.001598,564.1202876,3594.67714276985,-4869.89746688783,12059.2517524275,3612.94602212543,-4471.3281925599,11697.2202368108
"Bird Island","BI10","BI10.3",98,96.3,97.3,96.8,39.8181818181818,24.9792641277448,3044.618396,548.0313113,4342.61693719483,-4120.64539555752,12805.8792699472,4346.17959012162,-4021.44331146614,12713.8024917094
"Bird Island","BI10","BI10.3",104,103.2,104.2,103.7,19.6363636363636,18.6776482849031,1424.582603,256.4248685,3197.4953209028,-5268.43541279824,11663.4260546038,3223.57371360332,-4711.88922855195,11159.0366557586
"Bird Island","BI10","BI10.3",114,114.9,115.9,115.4,8.54545454545454,9.20177848422398,1716.680373,309.0024671,2568.19425249006,-5900.82081549946,11037.2093204796,2606.64615984102,-5095.59397418846,10308.8862938705
"Bird Island","BI10","BI10.3",119,120.7,121.7,121.2,9.18181818181818,8.1218000691741,1641.390095,295.4502171,2604.30169084161,-5864.50539922078,11073.108780904,2642.04364243394,-5073.48933311137,10357.5766179792
"Bird Island","BI10","BI10.3",120,121.8,122.7,122.3,7.7,9.39325999498222,683.2265993,122.9807879,2520.22294153728,-5949.07427659876,10989.5201596733,2559.61807582471,-5124.97883400059,10244.21498565
"Bird Island","BI10","BI10.4",145,132,133,132.5,10,9.60208310732624,5412.77206,974.2989708,2650.72554015074,-5817.8196945916,11119.2707748931,2687.55469148198,-5045.08537917868,10420.1947621426
"Bird Island","BI10","BI10.4",155,143.7,144.8,144.2,15,8.56737999624156,5594.694254,1007.044966,2934.42684148436,-5532.65373963551,11401.5074226042,2965.67776899777,-4871.89720760105,10803.2527455966
"Bird Island","BI10","BI10.5",172,156.1,157.2,156.6,10.1666666666667,8.44052274698814,2804.420041,504.7956074,2660.1822501952,-5808.31040846868,11128.6749088591,2696.8254607325,-5039.30162672721,10432.9525481922
"Bird Island","BI10","BI10.5",175,159.9,161,160.5,15.8333333333333,9.42755471364595,21023.43508,3784.218314,2981.71039170662,-5485.14874008701,11448.5695235003,3012.0316152504,-4843.09677736027,10867.1600078611
"Bird Island","BI10","BI10.5",181,167.1,168.1,167.6,8.81818181818182,8.17090180846866,1243.638909,223.8550036,2583.66886892643,-5885.25660361399,11052.5943414669,2621.8165095237,-5086.11919399226,10329.7522130397
"Bird Island","BI10","BI10.5",191,179.1,180.1,179.6,18.8181818181818,17.069377152188,11337.75217,2040.795391,3151.07147159366,-5315.04760855613,11617.1905517434,3178.06266455528,-4740.08600746503,11096.2113365756
"Bird Island","BI10","BI10.5",194,182.8,183.8,183.3,3.63636363636364,5.2205886118852,21256.47654,3826.165777,2289.65115663524,-6181.09511940277,10760.3974326732,2333.57986555278,-5266.49484029256,9933.65457139813
"Bird Island","BI10","BI10.5",197,186.5,187.5,187,10.5454545454545,10.308866439756,4642.258304,835.6064947,2681.6747730235,-5786.69935731259,11150.0489033596,2717.89539084733,-5026.15954168431,10461.950323379
"Bird Island","BI10","BI10.5",202,192.4,193.3,192.8,41.1,56.0980292781207,2367.746797,426.1944235,4415.34763444581,-4047.87363260178,12878.5689014934,4417.48023363021,-3977.90136454516,12812.8618318056
"Bird Island","BI10","BI10.6",221,205.5,206.6,206,24.6666666666667,16.5822102558645,21467.56946,3864.162503,3482.91602406268,-4981.99395422793,11947.8260023533,3503.38238552831,-4538.89766115273,11545.6624322093
"Bird Island","BI10","BI10.6",231,217,218,217.5,15.0909090909091,10.3581325098161,3810.216932,685.8390478,2939.58504696315,-5527.47106138282,11406.6411553091,2970.73455222533,-4868.75446239251,10810.2235668432
"Bird Island","BI10","BI10.6",242,230.4,231.5,230.9,17.8333333333333,10.4519100762695,2179.747422,392.354536,3095.19091224007,-5371.16316246816,11561.5449869483,3123.28084625672,-4774.04909568829,11020.6107882017
"Bird Island","BI10","BI10.6",250,240.2,242,241.1,4.57894736842105,5.37810158031504,2601.638721,468.2949698,2343.13360291535,-6127.26285560612,10813.5300614368,2386.01072322801,-5233.62778714374,10005.6492335998
"Bird Island","BI10","BI10.7",259,252.7,253.7,253.2,10,8.08702664766229,2160.208858,388.8375944,2650.72554015074,-5817.8196945916,11119.2707748931,2687.55469148198,-5045.08537917868,10420.1947621426
"Bird Island","BI10","BI10.7",271,267,268,267.5,6.18181818181818,9.97815796445598,2135.960113,384.4728203,2434.08091004144,-6035.73968066608,10903.901500749,2475.16979592446,-5177.79505250864,10128.1346443576
"Bird Island","BI10","BI10.7",280,277.9,278.9,278.4,11.1818181818182,10.1470998991651,1942.49545,349.649181,2717.78221137505,-5750.3958017298,11185.9602244799,2753.29287344026,-5004.08958704085,10510.6753339214
"Bird Island","BI10","BI10.8",300,293.7,294.8,294.3,4.75,6.21032864011091,643.1526044,115.7674688,2352.83917375045,-6117.49468966213,10823.173037163,2395.52546009039,-5227.66605026515,10018.7169704459
"Bird Island","BI10","BI10.8",303,297.4,298.4,297.9,5.54545454545454,7.13251198896485,661.9708417,119.1547515,2397.97347168989,-6072.07288279128,10868.0198261711,2439.77231333154,-5199.95279267453,10079.4974193376
"Bird Island","BI10","BI10.8",311,307.1,308,307.6,13.3,9.75306219718824,1745.183529,314.1330352,2837.96839903093,-5629.58401605126,11305.5208141131,2871.1159226424,-4930.70651435652,10672.9383596413
"Bird Island","BI10","BI10.8",318,315.7,316.8,316.2,3.83333333333333,5.02418393795691,543.4726901,97.82508422,2300.82726850595,-6169.84522308688,10771.4997600988,2344.5362292125,-5259.62458387888,9948.69704230388
"Bird Island","BI10","BI10.9",337,326,327.1,326.5,10.4545454545455,8.86976478113863,2704.115972,486.740875,2676.51656754471,-5791.88588763845,11144.9190227279,2712.83860761978,-5029.31328699177,10454.9905022313
"Bird Island","BI10","BI10.9",342,332.1,333.1,332.6,10.4545454545455,9.52222281154601,473.7956247,85.28321245,2676.51656754471,-5791.88588763845,11144.9190227279,2712.83860761978,-5029.31328699177,10454.9905022313
"Bird Island","BI10","BI10.9",348,339.5,340.5,340,11.3636363636364,17.8396901726052,519.5682507,93.52228513,2728.09862233264,-5740.02405052491,11196.2212951902,2763.40643989538,-4997.78589372518,10524.5987735159
"Bird Island","BI10","BI10.9",353,345.7,346.7,346.2,23.5,0.707106781186548,590.2581944,106.246475,3416.7190537515,-5048.40663823439,11881.8447457374,3438.48700077462,-4578.96375556189,11455.9377571111
"Bird Island","BI10","BI10.9",361,355.7,356.7,356.2,32.0909090909091,18.2398165859997,2355.45594,423.9820692,3904.16947149743,-4559.66539792317,12368.004340918,3916.35301577903,-4284.69073908438,12117.3967706424
"Bird Island","BI10","BI10.9",365,360.7,361.7,361.2,33.2,16.936482646773,1070.885179,192.7593322,3967.09957833871,-4496.61885233299,12430.8180090104,3978.04577115526,-4246.82514200067,12202.9166843112
"Bird Island","BI10","BI10.9",370,366.8,367.8,367.3,23.0909090909091,12.786356364927,1447.271106,260.5087991,3393.50712909693,-5071.69721017861,11858.7114683725,3415.7314762506,-4593.02076189129,11424.4837143925
"Bird Island","BI10","BI10.10",382,370,370.9,370.4,10.8,8.2435159704798,1739.758107,313.1564593,2696.11774836412,-5772.17748216714,11164.4129788954,2732.0543838845,-5017.33024592772,10481.4390136967
"Bird Island","BI10","BI10.10",386,374.7,375.6,375.1,20.1,17.6789265636928,1334.018291,240.1232924,3223.80216884464,-5242.02460695032,11689.6289446396,3249.36330806388,-4695.91854569973,11194.6451618275
"Bird Island","BI10","BI10.10",390,379.5,380.5,380,13.9090909090909,14.3279764478767,3262.422113,587.2359803,2872.52837573884,-5594.85188905366,11339.9086405313,2904.99637026705,-4909.62704879238,10719.6197893265
"Bird Island","BI10","BI10.10",392,381.9,383,382.4,20.8333333333333,8.34302466771258,2439.861236,439.1750225,3265.41169304024,-5200.25474669504,11731.0781327755,3290.15469276619,-4670.66873324072,11250.9781187731
"Bird Island","BI10","BI10.10",396,386.7,387.8,387.2,18.25,9.57387543835258,4192.532888,754.6559198,3118.8326873512,-5347.42086254874,11585.0862372511,3146.45776938304,-4759.67708313152,11052.5926218976
"Bird Island","BI10","BI10.10",403,395.3,396.4,395.8,7.75,5.97152333237432,2645.007056,476.1012701,2523.05995455062,-5946.2203920029,10992.3403011041,2562.39930659987,-5123.24046946286,10248.0390826626
"Bird Island","BI10","BI10.10",410,403.6,404.6,404.1,15.5454545454545,13.9525168794998,1279.071246,230.2328243,2965.37607435711,-5501.55882602329,11432.3109747375,2996.01846836313,-4853.04397183603,10845.0809085623
"Bird Island","BI10","BI10.11",422,412.9,413.9,413.4,36.1818181818182,12.9059535239995,2999.419337,539.8954807,4136.28871804312,-4327.17360246456,12599.7510385508,4143.90826101922,-4145.15985985876,12432.9763818972
"Bird Island","BI10","BI10.11",424,415.2,416.2,415.7,19.6363636363636,4.20173124492101,1873.201141,337.1762054,3197.4953209028,-5268.43541279824,11663.4260546038,3223.57371360332,-4711.88922855195,11159.0366557586
"Bird Island","BI10","BI10.11",427,418.8,419.8,419.3,30.1818181818182,12.6634764722661,2896.949952,521.4509914,3795.84715644278,-4668.2150336129,12259.9093464985,3810.16056800027,-4349.93510858276,11970.2562445833
"Bird Island","BI10","BI10.11",439,433.3,434.3,433.8,61.4545454545455,13.04119347578,3339.764406,601.1575931,5570.26984114756,-2894.35519541724,14034.8948777124,5549.69399828088,-3290.94391397313,14390.3319105349
"Bird Island","BI10","BI10.11",443,438.2,439.3,438.7,27.8333333333333,8.78876693526596,1374.155784,247.3480411,3662.59351490729,-4801.79498029667,12126.9820101113,3679.52700128831,-4430.31198873451,11789.3659913111
"Bird Island","BI10","BI10.11",449,445.8,446.8,446.3,48.1818181818182,14.9453550096221,959.6082071,172.7294773,4817.17184124379,-3646.09905684401,13280.4427393316,4811.40364705713,-3737.96051208818,13360.7678062024
"Bird Island","BI10","BI10.12",461,452.4,453.6,453,54.0769230769231,13.3881884414431,6631.161901,1193.609142,5151.66162729167,-3312.00771313676,13615.3309677201,5139.31659019813,-3538.9999847608,13817.6331651571
"Bird Island","BI10","BI10.12",465,457.6,458.7,458.1,30.8333333333333,14.6028224752075,5147.889503,926.6201105,3832.81429570746,-4631.16649268346,12296.7950840984,3846.40084779778,-4327.65974651106,12020.4614421066
"Bird Island","BI10","BI10.12",469,462.9,463.9,463.4,53,14.1138230115019,5505.035933,990.9064679,5090.55673161981,-3373.01559961961,13554.1290628592,5079.4131581178,-3575.29541701895,13734.1217332546
"Bird Island","BI10","BI10.12",477,473.1,474.2,473.6,40.3333333333333,15.5407577522832,2516.983872,453.057097,4371.84676824133,-4091.3972167817,12835.0907532644,4374.83469507779,-4003.93996097279,12753.6093511284
"Bird Island","BI10","BI10.12",480,476.9,478,477.5,21.1666666666667,10.0619294492868,6175.999603,1111.679929,3284.32511312915,-5181.27010501117,11749.9203312695,3308.69623126725,-4659.19598580924,11276.5884483437
"Bird Island","BI10","BI10.13",519,491,492,491.5,17.2727272727273,10.6685604379495,790.4601626,142.2828293,3063.38197845418,-5403.10990263618,11529.8738595445,3092.09734968677,-4793.39298842813,10977.5876878017
"Bird Island","BI10","BI10.13",522,494.8,495.8,495.3,26.7272727272727,14.3742193463917,3163.380594,569.4085069,3599.83534824865,-4864.7246569325,12064.3953534298,3618.00280535299,-4468.21184418361,11704.2174548896
"Bird Island","BI10","BI10.13",525,498.7,499.7,499.2,54.8,24.8363532839353,6266.517708,1127.973187,5192.68920009991,-3271.05135027181,13656.4297504716,5179.53746602349,-3514.64273840923,13873.7176704562
"Bird Island","BI10","BI10.13",529,503.9,505.1,504.5,37.9,19.3071661997991,1326.826528,238.828775,4233.7788015923,-4229.57363925986,12697.1312424445,4239.48146402011,-4086.66787370384,12565.630801744
"Isla Hermite","HER42PB","HER42PB1A",3,2.5,3.1,2.8,69.2857142857143,19.7206683939658,5443.67845,979.862121,6014.61239882073,-2451.58281838722,14480.8076160287,5985.29975345496,-3028.72231665438,14999.3218235643
"Isla Hermite","HER42PB","HER42PB1A",5,5.3,5.9,5.6,76,16.5931712862049,5975.780316,1075.640457,6395.58271775443,-2072.4141978068,14863.5796333157,6358.77931469045,-2804.74058104588,15522.2992104268
"Isla Hermite","HER42PB","HER42PB1A",7,8.1,8.7,8.4,114.714285714286,34.2963277223392,5333.453521,960.0216338,8592.24136522328,105.67143284019,17078.8112976064,8512.24657202704,-1526.62886381838,18551.1220078725
"Isla Hermite","HER42PB","HER42PB1A",9,10.9,11.5,11.2,107.142857142857,20.2272800233461,5207.184,937.29312,8162.6365374895,-319.205913495399,16644.4789884744,8091.08876893168,-1774.95582421332,17957.1333620767
"Isla Hermite","HER42PB","HER42PB1A",13,16.3,16.9,16.6,72.4285714285714,18.6624144816718,5837.940234,1050.829242,6192.93893108757,-2274.0473042534,14659.9251664285,6160.11997360774,-2923.78565420969,15244.0256014252
"Isla Hermite","HER42PB","HER42PB1A",16,20.5,21.1,20.8,71.8571428571429,32.8147759981616,6956.874444,1252.2374,6160.51592522087,-2306.31963727276,14627.3514877145,6128.33447903451,-2942.85259725952,15199.5215553286
"Isla Hermite","HER42PB","HER42PB1A",20,26.1,26.7,26.4,89.4285714285714,20.1895776978878,5864.826617,1055.668791,7157.52335562185,-1315.33723859298,15630.3839498367,7105.73843716144,-2358.95488589334,16570.4317602162
"Isla Hermite","HER42PB","HER42PB1A",25,33.1,33.6,33.4,119.166666666667,50.4595547608842,8871.994311,1596.958976,8844.87061926798,355.272767315479,17334.4684712205,8759.90855057683,-1380.93557466837,18900.752675822
"Isla Hermite","HER42PB","HER42PB1A",28,37.1,37.7,37.4,153.714285714286,33.119552561965,7746.307975,1394.335436,10805.1115156255,2285.80456676985,19324.4184644811,10681.6065766502,-258.065792056617,21621.2789453571
"Isla Hermite","HER42PB","HER42PB1A",31,41.2,41.7,41.5,88.5,20.5499391726594,8706.157013,1567.108262,7104.83597108847,-1367.63426647731,15577.3062086542,7054.08700847994,-2389.69129917674,16497.8653161366
"Isla Hermite","HER42PB","HER42PB1B",48,54,54.5,54.3,73.3333333333333,14.7873820085459,4618.995032,831.4191058,6244.27535704317,-2222.95567042175,14711.5063845081,6210.44700668203,-2893.60753231206,15314.5015456761
"Isla Hermite","HER42PB","HER42PB1B",50,56.7,57.2,57,59.1666666666667,18.6913527243661,3415.579205,614.8042569,5440.4550032646,-3023.81931725423,13904.7293237834,5422.43162038728,-3367.76005642994,14212.6232972045
"Isla Hermite","HER42PB","HER42PB1B",56,64.7,65.2,65,64.5,14.2232204510793,4921.529077,885.8752339,5743.06972468712,-2722.09794673725,14208.2373961115,5719.09623640413,-3188.8396311087,14627.032103917
"Isla Hermite","HER42PB","HER42PB1B",60,69.9,70.4,70.2,35.6666666666667,6.28225012767453,7273.786524,1309.281574,4107.05888699662,-4356.4417486763,12570.5595226696,4115.25315606305,-4162.70981346712,12393.2161255932
"Isla Hermite","HER42PB","HER42PB1B",63,73.7,74.3,74,46.2857142857143,10.2910039308496,5415.67046,974.8206828,4709.58641268611,-3753.62529369146,13172.7981190637,4705.93359688231,-3802.1015451074,13213.968738872
"Isla Hermite","HER42PB","HER42PB1B",69,81.5,82,81.8,151,22.4855509160883,8945.422022,1610.175964,10651.1022377586,2134.52651943841,19167.6779560788,10530.6254774274,-345.834945142282,21407.085899997
"Isla Hermite","HER42PB","HER42PB1C",80,86.5,87.2,86.9,128.857142857143,26.2515305676232,8976.759109,1615.81664,9394.71076042406,897.88914809248,17891.5323727556,9298.93756271457,-1064.65598283106,19662.5311082602
"Isla Hermite","HER42PB","HER42PB1C",86,94.8,95.4,95.1,71.7142857142857,11.6291915126588,5721.295663,1029.833219,6152.41017375419,-2314.38819628215,14619.2085437905,6120.3881053912,-2947.62019246323,15188.3964032456
"Isla Hermite","HER42PB","HER42PB1C",90,100.2,100.8,100.5,44.8571428571429,17.2184839772899,6594.697268,1187.045508,4628.52889801936,-3834.66038478303,13091.7181808218,4626.46986044923,-3850.47545861232,13103.4151795108
"Isla Hermite","HER42PB","HER42PB1C",91,101.6,102.3,102,56.5,11.9761668086484,5009.073815,901.6332867,5289.14764255334,-3174.77955351415,13753.0748386208,5274.09931237886,-3457.41664838316,14005.6152731409
"Isla Hermite","HER42PB","HER42PB1C",97,109.8,110.4,110.1,154,85.736028988207,7175.3422,1291.561596,10821.3230185588,2301.72464761709,19340.9213895005,10697.4993239368,-248.831075591832,21643.8297234655
"Isla Hermite","HER42PB","HER42PB1C",104,119.2,119.8,119.5,48.2857142857143,12.1066687644219,6260.84885,1126.952793,4823.06693321955,-3640.20817830378,13286.3420447429,4817.18282788863,-3734.44803730585,13368.8136930831
"Isla Hermite","HER42PB","HER42PB1D",118,127.3,127.8,127.6,40.1666666666667,14.0771682758525,5656.960644,1018.252916,4362.39005819688,-4100.85959171283,12825.6397081066,4365.56392582727,-4009.60218715015,12740.7300388047
"Isla Hermite","HER42PB","HER42PB1D",121,130.9,131.6,131.3,32.5,13.5962179615194,3648.143898,656.6659016,3927.381396152,-4536.40918794545,12391.1719802494,3939.10854030305,-4270.72066604517,12148.9377466513
"Isla Hermite","HER42PB","HER42PB1D",131,143.2,143.8,143.5,20.2857142857143,10.4994330912719,5049.87496,908.9774928,3234.33964575132,-5231.44605110123,11700.1253426039,3259.69359380018,-4689.52283968961,11208.91002729
"Isla Hermite","HER42PB","HER42PB1D",137,150.7,151.3,151,22.8571428571429,7.28991475552747,3309.7982,595.763676,3380.24317215146,-5085.00680950637,11845.4931538093,3402.72831937973,-4601.05517724542,11406.5118160049
"Isla Hermite","HER42PB","HER42PB1D",144,159.2,159.8,159.5,59.1428571428571,16.395411669413,5997.873908,1079.617303,5439.10404468682,-3025.16688284154,13903.3749722152,5421.10722478006,-3368.55997469047,14210.7744242506
"Isla Hermite","HER42PB","HER42PB1D",147,162.9,163.5,163.2,89.4285714285714,37.9027577838216,4295.763522,773.237434,7157.52335562185,-1315.33723859298,15630.3839498367,7105.73843716144,-2358.95488589334,16570.4317602162
"Isla Hermite","HER42PB","HER42PB1E",158,169.3,169.9,169.6,36,15.2206000757745,1024.567593,184.4221667,4125.97230708553,-4337.50325351223,12589.4478676833,4133.7946945641,-4151.35329020188,12418.9426793301
"Isla Hermite","HER42PB","HER42PB1E",162,175.6,176.2,175.9,43,11.3724814061547,3756.973168,676.2551702,4523.15412895259,-3940.03449048136,12986.3427483865,4523.16700308622,-3913.42466114304,12959.7586673155
"Isla Hermite","HER42PB","HER42PB1E",166,181.9,182.5,182.2,33.4285714285714,12.1086352500621,3191.150345,574.4070621,3980.06878068538,-4483.62708035479,12443.7646417256,3990.75996898455,-4239.02492558423,12220.5448635533
"Isla Hermite","HER42PB","HER42PB1E",174,194.9,195.5,195.2,24.5714285714286,12.7391410340617,3125.582355,562.6048239,3477.51218975156,-4987.41492174761,11942.4393012507,3498.08480309943,-4542.16712399757,11538.3367301964
"Isla Hermite","HER42PB","HER42PB1E",179,202.5,203,202.8,30,5.8309518948453,5457.248831,982.3047896,3785.53074548519,-4678.55486844654,12249.6163594169,3800.04700154515,-4356.15324147044,11956.2472445607
"Isla Hermite","HER42PB","HER42PB1F",189,208.1,208.7,208.4,43.4285714285714,10.9674844100967,2756.113305,496.1003949,4547.47138335261,-3915.71453090639,13010.6572976116,4547.00612401614,-3898.89154292224,12992.9037909545
"Isla Hermite","HER42PB","HER42PB1F",191,210.9,211.5,211.2,41.4285714285714,13.7944088052266,2828.534907,509.1362833,4433.99086281917,-4029.2223479513,12897.2040735896,4435.75689300982,-3966.74579784955,12838.2595838692
"Isla Hermite","HER42PB","HER42PB1F",197,219.3,219.9,219.6,44.7142857142857,8.57737888701604,3423.57602,616.2436836,4620.42314655268,-3842.76494191755,13083.6112350229,4618.52348680592,-3855.31516170384,13092.3621353157
"Isla Hermite","HER42PB","HER42PB1F",200,223.4,224,223.7,27.5714285714286,9.03432607442568,2194.360902,394.9849624,3647.73297055173,-4816.69510491972,12112.1610460232,3664.95864960891,-4439.28370039221,11769.20099961
"Isla Hermite","HER42PB","HER42PB1F",205,230.3,230.9,230.6,42.4285714285714,8.24332341670403,2525.307497,454.5553495,4490.73112308589,-3972.463770954,12953.9260171258,4491.38150851298,-3932.80814327906,12915.571160305
"Isla Hermite","HER42PB","HER42PB1F",209,235.8,236.4,236.1,36.1428571428571,19.68441491323,5697.238235,1025.502882,4134.0780585522,-4329.38707313605,12597.5431902405,4141.74106820741,-4146.48696196398,12429.9690983788
"Isla Hermite","HER42PB","HER42PB1F",211,238.4,239,238.7,47.2857142857143,27.1766706675308,5573.411793,1003.214123,4766.32667295283,-3696.91206759534,13229.565413501,4761.55821238547,-3768.26465037976,13291.3810751507
"Isla Hermite","HER42PB","HER42PB1F",213,241.1,241.7,241.4,70.8571428571429,34.0168025708304,4695.135297,845.1243535,6103.77566495415,-2362.80354686928,14570.3548767776,6072.70986353135,-2976.23301088695,15121.6527379497
"Isla Hermite","HER42PB","HER42PB1G",220,241.3,242,241.7,53.8571428571429,15.6676798051336,4695.135297,845.1243535,5139.19124041986,-3324.45742288857,13602.8399037283,5127.09139997766,-3546.40539592051,13800.5881958758
"Isla Hermite","HER42PB","HER42PB1G",230,255,255.6,255.3,12.4285714285714,8.46280376819926,4369.778556,786.5601401,2788.52331508421,-5679.28140980703,11256.3280399755,2822.64304341822,-4960.88209241858,10606.168179255
"Isla Hermite","HER42PB","HER42PB1G",235,261.8,262.4,262.1,21.2857142857143,5.02375310282017,1649.869327,296.9764789,3291.07990601804,-5174.49012704341,11756.6499390795,3315.31820930334,-4655.09924641134,11285.735665018
"Isla Hermite","HER42PB","HER42PB1G",239,267.2,267.8,267.5,26.2857142857143,12.6189577714681,2991.060367,538.3908661,3574.78120735165,-4889.85045633171,12039.412871035,3593.44128681913,-4483.35023899462,11670.2328126329
"Isla Hermite","HER42PB","HER42PB1H",259,283.7,284.3,284,32.6666666666667,8.38252149813328,3156.428577,568.1571439,3936.83810619646,-4526.93488362142,12400.6110960143,3948.37930955358,-4265.03024688228,12161.7888659894
"Isla Hermite","HER42PB","HER42PB1H",260,285,285.6,285.3,32.4285714285714,15.9149525379661,3752.970488,675.5346878,3923.32852041866,-4540.4696834635,12387.1267243008,3935.13535348139,-4273.15961049116,12143.4303174539
"Isla Hermite","HER42PB","HER42PB1H",264,290.3,290.9,290.6,16.8571428571429,9.80524640908413,2146.234669,386.3222404,3039.80161055113,-5426.79431991429,11506.3975410165,3068.98062636078,-4807.73806770075,10945.6993204223
"Isla Hermite","HER42PB","HER42PB1H",269,297,297.6,297.3,32.1428571428571,19.2737176091223,3230.055285,581.4099513,3907.11701748531,-4556.71214180767,12370.9461767783,3919.24260619478,-4282.91655012362,12121.4017625132
"Isla Hermite","HER42PB","HER42PB1H",273,302.3,302.9,302.6,17.2857142857143,12.7895046257245,2161.527815,389.0750067,3064.11886495115,-5402.36979054968,11530.607520452,3092.81974729071,-4792.94477621724,10978.5842707987
"Isla Hermite","HER42PB","HER42PB1H",278,309.3,309.9,309.6,37,8.38649708360608,3158.319141,568.4974454,4182.71256735225,-4280.69399207037,12646.1191267749,4189.41931006726,-4117.29844952536,12496.1370696599
"Isla Hermite","HER42PB","HER42PB1H",281,313.5,314.2,313.9,53,10.515294982616,4932.545491,887.8581884,5090.55673161981,-3373.01559961961,13554.1290628592,5079.4131581178,-3575.29541701895,13734.1217332546
"Isla Hermite","HER42PB","HER42PB1I",293,321,321.6,321.3,29.8333333333333,7.46770826068257,3296.461851,593.3631332,3776.07403544074,-4688.03332144072,12240.1813923222,3790.77623229462,-4361.8538702804,11943.4063348697
"Isla Hermite","HER42PB","HER42PB1I",301,332.1,332.7,332.4,25.5714285714286,10.952277432223,3630.013724,653.4024703,3534.25245001828,-4930.49898415506,11999.0038841916,3553.70941860259,-4507.84868752065,11615.2675247258
"Isla Hermite","HER42PB","HER42PB1I",303,334.9,335.6,335.3,26.375,7.94512429103535,1910.49941,343.8898938,3579.84730201833,-4884.76972513042,12044.4643291671,3598.4077703462,-4480.28879134588,11677.1043320383
"Isla Hermite","HER42PB","HER42PB1I",312,347.6,348.2,347.9,17,10.1980390271856,1824.238565,328.3629417,3047.9073620178,-5418.65261980235,11514.467343838,3076.92700000409,-4802.80644570296,10956.6604457111
"Isla Hermite","HER42PB","HER42PB1I",317,354.3,354.9,354.6,66.4285714285714,10.2933172958178,6392.588844,1150.665992,5852.49736948723,-2613.05868545188,14318.0534244263,5826.37228058879,-3124.26649151125,14777.0110526888
"Isla Hermite","HER42PB","HER42PB1I",320,358.3,358.9,358.6,81.1428571428571,42.2824966600782,4495.825694,809.2486249,6687.38977055472,-1782.27137993092,15157.0509210404,6644.84876584955,-2633.68087003621,15923.3784017353
"Isla Hermite","HER42PB","HER42PB1J",329,361.3,361.9,361.6,112.571428571429,39.7192528582682,7640.061698,1375.211106,8470.65509322317,-14.5229739374063,16955.8331603837,8393.05096737743,-1596.83608659908,18382.9380213539
"Isla Hermite","HER42PB","HER42PB1J",335,369.7,370.2,370,76.6666666666667,18.4788167009326,7405.052803,1332.909505,6433.40955793225,-2034.78918712172,14901.6083029862,6395.86239169256,-2782.54210806506,15574.2668914502
"Isla Hermite","HER42PB","HER42PB1J",340,376.7,377.3,377,27,18.7349939951952,6938.306145,1248.895106,3615.30996468503,-4849.20668983351,12079.8266192036,3633.17315503568,-4458.8639789476,11725.2102890189
"Isla Hermite","HER42PB","HER42PB1J",342,379.6,380.3,380,23.125,8.6427095619041,8950.558177,1611.100472,3395.44145615148,-5069.75626954292,11860.6391818459,3417.62776996093,-4591.84918825443,11427.1047281763
"Isla Hermite","HER42PB","HER42PB1J",346,385.3,385.9,385.6,37.8571428571429,23.2194499750286,2336.807871,420.6254168,4231.3470761523,-4232.00777029029,12694.7019225949,4237.09755192712,-4088.12607104105,12562.3211748953
"Isla Hermite","HER42PB","HER42PB1J",349,389.6,390.2,389.9,78.2857142857143,18.0158660233537,4675.210641,841.5379154,6525.27474122123,-1943.43140649917,14993.9808889416,6485.92129298339,-2728.6615824526,15700.5041684194
"Isla Hermite","HER42PB","HER42PB1J",352,394,394.6,394.3,41,12.5299640861417,3450.956197,621.1721155,4409.67360841914,-4053.55031061469,12872.897527453,4411.9177720799,-3981.29699256837,12805.1325367282
"Isla Hermite","HER42PB","HER42PB1J",353,395.4,396,395.7,65.1428571428571,24.5521796142323,6847.805483,1232.604987,5779.54560628716,-2685.7476705985,14244.8388831728,5754.85491779901,-3167.30793902483,14677.0177746229
"Kerguelen","KER1","CAT1.1A",1,0,1.4,0.7,41,11.4891252930761,6749.372655,1214.887078,4409.67360841914,-4053.55031061469,12872.897527453,4411.9177720799,-3981.29699256837,12805.1325367282
"Kerguelen","KER1","CAT1.1A",3,3.1,4.7,3.9,48.8823529411765,41.3020616206703,8470.459825,1524.682769,4856.92036581566,-3606.38089318535,13320.2216248167,4850.37062369303,-3714.28133520073,13415.0225825868
"Kerguelen","KER1","CAT1.1A",5,6.4,7.8,7.1,111.133333333333,45.2987963679053,7270.581826,1308.704729,8389.05719512527,-95.2106296423481,16873.3250198929,8313.05747270141,-1643.98539043589,18270.1003358387
"Kerguelen","KER1","CAT1.1A",7,9.3,10.6,9.9,52.1428571428571,45.3615512264553,2638.458059,474.9224506,5041.92222281976,-3421.58063523321,13505.4250808727,5031.73491625795,-3604.19970311697,13667.6695356329
"Kerguelen","KER1","CAT1.1A",8,10.7,12,11.4,104.5,100.293990923607,7029.037339,1265.226721,8012.68013535603,-467.637308325492,16492.9975790375,7944.08085653048,-1861.81092158615,17749.9726346471
"Kerguelen","KER1","CAT1.1A",9,12.1,13.6,12.8,49.375,59.0354413325871,3048.627916,548.7530249,4884.87328815294,-3578.45206609787,13348.1986424038,4877.77392691885,-3697.63498124951,13453.1828350872
"Kerguelen","KER1","CAT1.1A",11,15.1,16.5,15.8,20.2,8.92988561756852,2675.023484,481.5042271,3229.47619487131,-5236.32842151462,11695.2808112572,3254.9257696142,-4692.47459653245,11202.3261357608
"Kerguelen","KER1","CAT1.1A",13,18,19.4,18.7,10.3333333333333,8.68222047525588,458.1692768,82.47046982,2669.63896023965,-5798.8013812191,11138.0793016984,2706.09622998303,-5033.51862945077,10445.7110894168
"Kerguelen","KER1","CAT1.1A",17,24,25.5,24.7,21.6875,17.0439383164025,5071.624524,912.8924143,3313.87733201806,-5151.60867752815,11779.3633415643,3337.66738517514,-4641.27534999144,11316.6101203417
"Kerguelen","KER1","CAT1.1A",20,28.6,30,29.3,7.46666666666667,8.45041559981069,2197.636489,395.574568,2506.98354747505,-5962.392712682,10976.3598076321,2546.63899887397,-5133.09211915768,10226.3701169056
"Kerguelen","KER1","CAT1.1A",23,33,34.4,33.7,88.9333333333333,86.8146355885973,12528.03678,2255.04662,7129.42341720404,-1343.22798828217,15602.0748226903,7078.1910085313,-2375.34604126308,16531.7280583257
"Kerguelen","KER1","CAT1.1A",25,35.9,37.2,36.6,94.4285714285714,64.4177642552763,3483.960682,627.1129228,7441.22465695546,-1033.87574263843,15916.3250565494,7383.86151467724,-2193.66904858786,16961.3920779423
"Kerguelen","KER1","CAT1.1A",26,37.3,38.7,38,46.2,22.7759271412353,11659.94441,2098.789994,4704.7229618061,-3758.4868618072,13167.9327854194,4701.16577269632,-3805.00279913028,13207.3343445229
"Kerguelen","KER1","CAT1.1A",27,38.8,40.1,39.4,71.3571428571429,33.9289010972995,7647.184074,1376.493133,6132.14579508751,-2334.56042640356,14598.8520165786,6100.52217128293,-2959.54068845254,15160.5850310184
"Kerguelen","KER1","CAT1.1A",28,40.2,41.6,40.9,44.2,33.6795826238136,5002.720293,900.4896527,4591.24244127266,-3871.94292536045,13054.4278079058,4589.91654169001,-3872.74159171136,13052.5746750914
"Kerguelen","KER1","CAT1.1B",36,45.1,46.2,45.6,77,54.6941911491023,9110.578774,1639.904179,6452.32297802116,-2015.97823519948,14920.6241912418,6414.40393019361,-2771.44558689375,15600.253447281
"Kerguelen","KER1","CAT1.1B",40,50.7,52.1,51.4,54.2666666666667,28.5268461695462,9163.233327,1649.381999,5162.42772795766,-3301.2598264185,13626.1152823338,5149.87100442181,-3532.60739473883,13832.3494035824
"Kerguelen","KER1","CAT1.1B",41,52.3,53.6,53,84.0714285714286,47.7967882501844,12647.00276,2276.460497,6853.55767562155,-1617.16127333864,15324.2766245817,6807.74942553738,-2536.45911818028,16151.957969255
"Kerguelen","KER1","CAT1.1B",46,59.9,61.2,60.5,27.2857142857143,14.1553391472485,3713.686646,668.4635963,3631.52146761838,-4832.950516449,12095.9934516858,3649.06590232229,-4449.07287228498,11747.2046769296
"Kerguelen","KER1","CAT1.1B",49,64.4,65.8,65.1,83,31.2981058304081,15479.98661,2786.39759,6792.76453962149,-1677.55814370623,15263.0872229492,6748.15162321257,-2572.01255451193,16068.3158009371
"Kerguelen","KER1","CAT1.1B",51,67.6,68.9,68.3,105.5,33.1494285830784,1332.507255,239.8513059,8069.42039562275,-411.466456444531,16550.30724769,7999.70547203364,-1828.9359572287,17828.346901296
"Kerguelen","KER1","CAT1.1B",57,76.5,77.9,77.2,14.0666666666667,10.5658930165933,442.9078563,79.72341413,2881.46926523542,-5585.86702630901,11348.8055567798,2913.76146119482,-4904.17524982641,10731.6981722161
"Kerguelen","KER1","CAT1.1B",63,86,87.4,86.7,14.6666666666667,5.74041644415986,323.9790116,58.31622209,2915.51342139545,-5551.65755250363,11382.6843952945,2947.13623049672,-4883.42245648513,10777.6949174786
"Kerguelen","KER1","CAT1.1C",73,92.4,93.7,93.1,16.2142857142857,9.37409336275388,487.3846201,87.72923162,3003.32572895109,-5463.43432559895,11470.0857835011,3033.22194496589,-4829.93688021793,10896.3807701497
"Kerguelen","KER1","CAT1.1C",80,103.1,104.5,103.8,18,32.7239536556502,196.5150343,35.37270617,3104.64762228452,-5361.66604819498,11570.961292764,3132.55161550725,-4768.29975909463,11033.4029901091
"Kerguelen","KER1","CAT1.1C",86,112.2,113.6,112.9,6.8,7.2820719186624,299.9494325,53.99089785,2469.15670729723,-6000.44818211375,10938.7615967082,2509.55592187187,-5156.28128060822,10175.393124352
"Kerguelen","KER1","CAT1.1C",93,122.9,124.1,123.5,6.84615384615385,8.5522526647092,167.7999201,30.20398562,2471.77548854031,-5997.81343929028,10941.3644163709,2512.12321181817,-5154.67547779498,10178.9219014313
"Kerguelen","KER1","CAT1.1D",105,130.3,131.4,130.8,12,8.63397096042456,335.8691783,60.45645209,2764.20606068419,-5703.72534780038,11232.1374691688,2798.80392248829,-4975.72996760656,10573.3378125831
"Kerguelen","KER1","CAT1.1D",108,134.6,135.8,135.2,13.1538461538462,9.02631480585288,238.5346084,42.93622951,2829.67559176118,-5637.91864601288,11297.2698295352,2862.98617114579,-4935.7660790658,10661.7384213574
"Kerguelen","KER1","CAT1.1D",110,137.6,138.8,138.2,10.9230769230769,9.50843080693426,35.89186233,6.460535219,2703.10116501233,-5765.1561327448,11171.3584627695,2738.90049040797,-5013.06176464147,10490.8627454574
"Kerguelen","KER1","CAT1.1D",114,143.4,144.6,144,6.15384615384615,5.91391232386472,157.0594404,28.27069927,2432.49376989412,-6037.33666523638,10902.3242050246,2473.61386262367,-5178.76877972594,10125.9965049733
"Kerguelen","KER1","CAT1.1D",117,147.8,148.9,148.4,22.5833333333333,9.76504278567486,7255.583194,1306.004975,3364.707148507,-5100.59694225164,11830.0112392656,3387.49776989672,-4610.4675642774,11385.4631040708
"Kerguelen","KER1","CAT1.1D",119,150.7,151.8,151.3,13.3333333333333,17.925772879665,293.8266765,52.88880177,2839.85974103982,-5627.68316342155,11307.4026455012,2872.9700764925,-4929.55265785908,10675.4928108441
"Kerguelen","KER1","CAT1.1D",123,156.5,157.7,157.1,4.38461538461539,7.28627089736194,199.7601332,35.95682398,2332.10715557607,-6138.36074755957,10802.5750587117,2375.20108134885,-5240.40189486854,9990.80405756625
"Kerguelen","KER1","CAT1.1D",124,158,159.2,158.6,6,9.69535971483266,973.6824666,175.262844,2423.76449908385,-6046.12021065241,10893.6492088201,2465.05622946934,-5184.12467240384,10114.2371313425
"Kerguelen","KER1","CAT1.1D",126,161,162.3,161.7,13.2857142857143,13.2921525224968,4674.018055,841.3232499,2837.15782388426,-5630.39867034922,11304.7143181177,2870.32128527807,-4931.20103329894,10671.8436038551
"Kerguelen","KER1","CAT1.1E",137,168.8,170,169.4,35.3076923076923,13.9247059537154,214.2359607,38.56247293,4086.69058843934,-4376.83821124766,12550.2193881263,4095.28534536961,-4174.94267292454,12365.5133636638
"Kerguelen","KER1","CAT1.1E",144,179,180.2,179.6,14,7.84219357067906,4531.40776,815.6533968,2877.68658121763,-5589.66828614119,11345.0414485765,2910.05315349461,-4906.48170028656,10726.5880072758
"Kerguelen","KER1","CAT1.1E",145,180.4,181.6,181,60.5384615384615,67.3171788186534,23278.04767,4190.048581,5518.2910013228,-2946.18774173847,13982.7697443841,5498.73718268007,-3321.69013819332,14319.1645035535
"Kerguelen","KER1","CAT1.1E",146,181.9,183,182.4,464.166666666667,71.7278104216125,34328.60153,6179.148275,28420.2604112873,19169.1476058149,37671.3732167597,27950.4008991666,9499.870382704,46400.9314156292
"Kerguelen","KER1","CAT1.1E",147,183.3,184.4,183.8,143.166666666667,116.034347057109,1154.260764,207.7669375,10206.6368656693,1697.56464539242,18715.7090859462,10094.8993226526,-599.542290728525,20789.3409360338
"Kerguelen","KER1","CAT1.1E",151,189,190.3,189.7,7.85714285714286,9.37145537385607,519.0692231,93.43246016,2529.13926815062,-5940.10500344452,10998.3835397458,2568.35908683235,-5119.51563596428,10256.233809629
"Kerguelen","KER1","CAT1.1E",157,198.4,199.7,199,10.7857142857143,10.2295091349906,510.1301471,91.82342648,2695.30717321745,-5772.99246936964,11163.6068158045,2731.25974652017,-5017.82572117813,10480.3452142185
"Kerguelen","KER1","CAT1.1F",166,204.4,205.7,205,14.8571428571429,18.059121466225,714.0118801,128.5221384,2926.32109001768,-5540.79810400808,11393.4402840434,2957.73139535446,-4876.83624382086,10792.2990345298
"Kerguelen","KER1","CAT1.1F",170,210.3,211.7,211,7.13333333333333,8.28825905092488,104.6756783,18.84162209,2488.07012738614,-5981.41992983412,10957.5601846064,2528.09746037292,-5144.68515181525,10200.8800725611
"Kerguelen","KER1","CAT1.1F",177,220.9,222.2,221.6,10.4285714285714,6.61832288440189,265.0120521,47.70216938,2675.04279455076,-5793.36776759288,11143.4533566944,2711.3938124119,-5030.2143982439,10453.0020230677
"Kerguelen","KER1","CAT1.1F",179,224,225.4,224.7,7.93333333333333,10.6534143867231,407.8905822,73.4203048,2533.46233559952,-5935.75634776265,11002.6810189617,2572.59715277545,-5116.86705896285,10262.0613645137
"Kerguelen","KER1","CAT1.1F",180,225.6,226.8,226.2,102.538461538462,54.0410575158915,11517.71875,2073.189375,7901.38193252517,-577.845552449685,16380.6094175,7834.97103381277,-1926.33528991201,17596.2773575375
"Kerguelen","KER1","CAT1.1F",185,233.2,234.5,233.8,314.071428571429,114.079233117038,14262.12932,2567.183278,19903.8175369678,11106.4409948153,28701.1940791203,19601.4109912639,4833.2874490472,34369.5345334806
"Kerguelen","KER1","CAT1.1F",186,234.7,235.9,235.3,182.076923076923,68.3842836945029,12958.49641,2332.529354,12414.4149414322,3862.54727875528,20966.282604109,12259.2673746024,655.050244920834,23863.4845042841
"Kerguelen","KER1","CAT1.1F",188,237.8,239.1,238.4,68.3571428571429,20.7720490558352,88.32467556,15.8984416,5961.92501428734,-2504.0541228269,14427.9041514016,5933.64832477346,-3059.75864080564,14927.0552903526
"Kerguelen","KER1","CAT1.1G",218,241.9,243.3,242.6,16.5,8.63579313537113,-28.65886723,-5.158596101,3019.53723188444,-5447.149402841,11486.2238666099,3049.11469225251,-4820.06942369353,10918.2988081986
"Kerguelen","KER3","CAT2.3A",6,7.9,9.1,8.5,19.4615384615385,13.6236031982205,2433.469353,438.0244835,3187.57569498204,-5278.39475912306,11653.5461490871,3213.8491304734,-4717.91276100754,11145.6110219543
"Kerguelen","KER3","CAT2.3A",9,12.3,13.5,12.9,13.2307692307692,7.44036117127216,1807.885973,325.4194751,2834.04022716631,-5633.5319738415,11301.6124281741,2867.26498772295,-4933.10307965427,10667.6330551002
"Kerguelen","KER3","CAT2.3A",13,18.1,19.3,18.7,13.1538461538462,11.802867969595,2390.397694,430.2715849,2829.67559176118,-5637.91864601288,11297.2698295352,2862.98617114579,-4935.7660790658,10661.7384213574
"Kerguelen","KER3","CAT2.3A",15,21,22.1,21.6,13,11.1191889828514,2551.414712,459.2546482,2820.94632095091,-5646.69215584174,11288.5847977436,2854.42853799145,-4941.09254905062,10649.9496250335
"Kerguelen","KER3","CAT2.3A",20,28.2,29.4,28.8,9.38461538461538,7.56679656502078,1463.774697,263.4794455,2615.80845690968,-5852.93314735978,11084.5500611791,2653.32415886465,-5066.44733153484,10373.0956492641
"Kerguelen","KER3","CAT2.3A",21,29.6,30.7,30.2,8.08333333333333,9.58652779433279,1742.201387,313.5962497,2541.97337463952,-5927.19508994641,11011.1418392255,2580.94084510092,-5111.65314254061,10273.5348327425
"Kerguelen","KER3","CAT2.3A",22,31,32.1,31.6,26.4166666666667,11.139269874338,4461.087959,802.9958326,3582.21147952944,-4882.39874269645,12046.8217017553,3600.72546265883,-4478.86018091287,11680.3111062305
"Kerguelen","KER3","CAT2.3A",27,38.2,39.3,38.7,110.916666666667,54.3129958219165,3566.70755,642.007359,8376.76347206752,-107.368874736925,16860.895818872,8301.00547267577,-1651.09129007755,18253.1022354291
"Kerguelen","KER3","CAT2.3A",28,39.5,40.7,40.1,116.538461538462,57.4711744915301,8937.293284,1608.712791,8695.74557625929,207.957267855832,17183.5338846627,8613.71565085699,-1466.90776489365,18694.3390666076
"Kerguelen","KER3","CAT2.3B",37,45,46.3,45.6,36.6428571428571,12.1756828452146,4770.599596,858.7079273,4162.44818868556,-4300.98194226179,12625.8783196329,4169.55337595899,-4129.45836279383,12468.5651147118
"Kerguelen","KER3","CAT2.3B",38,46.4,47.6,47,45.8461538461538,18.137650315693,3732.955372,671.931967,4684.64563894249,-3778.55713835004,13147.848416235,4681.48321644136,-3816.98136241552,13179.9477952982
"Kerguelen","KER3","CAT2.3B",42,51.6,52.7,52.2,47.9166666666667,15.3116612324388,3515.939224,632.8690603,4802.12707526398,-3661.13352660017,13265.3876771281,4796.65469597675,-3746.92562636578,13340.2350183193
"Kerguelen","KER3","CAT2.3B",45,55.3,56.5,55.9,139.846153846154,67.2543011683344,13911.44149,2504.059468,10018.2301040144,1512.16854381718,18524.2916642117,9910.19707373829,-707.2763702882,20527.6705177648
"Kerguelen","KER3","CAT2.3B",47,58.1,59.3,58.7,9.15384615384615,7.72276023459395,1680.089191,302.4160544,2602.71455069428,-5866.10160196699,11071.5307033556,2640.48770913315,-5074.46073208119,10355.4361503475
"Kerguelen","KER3","CAT2.3B",52,64.6,65.7,65.1,10.6666666666667,11.9721899973786,1510.227592,271.8409666,2688.55238032856,-5779.78410335909,11156.8888640162,2724.63776848408,-5021.95489634264,10471.2304333108
"Kerguelen","KER3","CAT2.3B",55,68.3,69.4,68.9,70.4166666666667,102.314540274172,33527.2042,6034.896756,6078.78293126523,-2387.68632271797,14545.2521852484,6048.20854479782,-2990.94167014973,15087.3587597454
"Kerguelen","KER3","CAT2.3B",56,69.5,70.7,70.1,7.92307692307692,8.72220861232538,1775.555422,319.599976,2532.88038421216,-5936.34174056953,11002.1025089939,2572.02664389849,-5117.22358881169,10261.2768766087
"Kerguelen","KER3","CAT2.3B",62,77.2,78.2,77.7,8.72727272727273,9.0010100443329,1616.540504,290.9772907,2578.51066344764,-5890.4445972352,11047.4659241305,2616.75972629614,-5089.27722667924,10322.7966792715
"Kerguelen","KER3","CAT2.3B",65,80.8,81.9,81.4,11.0833333333333,8.50089121887532,1287.60712,231.7692816,2712.19415543969,-5756.01396228155,11180.4022731609,2747.8146916104,-5007.50445967404,10503.1338428948
"Kerguelen","KER3","CAT2.3B",68,84.5,85.6,85.1,13.4166666666667,11.3093552049405,1236.883197,222.6389755,2844.58809606205,-5622.93107716541,11312.1072692895,2877.60546111777,-4926.6681454086,10681.8790676441
"Kerguelen","KER3","CAT2.3C",78,89.2,90.2,89.7,22.1818181818182,14.6343307453275,1349.077299,242.8339138,3341.925074309,-5123.45962712807,11807.3097757461,3365.163643975,-4624.27325506296,11354.600543013
"Kerguelen","KER3","CAT2.3C",83,95.7,96.8,96.2,10.6666666666667,9.31600122305052,1255.647618,226.0165712,2688.55238032856,-5779.78410335909,11156.8888640162,2724.63776848408,-5021.95489634264,10471.2304333108
"Kerguelen","KER3","CAT2.3C",85,98.3,99.3,98.8,5.72727272727273,9.47724547630702,1448.382036,260.7087665,2408.28988264747,-6061.69158299618,10878.2713482911,2449.88587978666,-5193.62084589729,10093.3926054706
"Kerguelen","KER3","CAT2.3C",89,103.5,104.7,104.1,12.3076923076923,10.9573766278294,1497.257302,269.5063144,2781.66460230472,-5686.17568050586,11249.5048851153,2815.91918879696,-4965.06945751723,10596.9078351111
"Kerguelen","KER3","CAT2.3C",91,106.1,107.2,106.7,45.6666666666667,19.1232050058815,1476.40484,265.7528712,4674.46148966385,-3788.73816030343,13137.6611396311,4671.49931109464,-3823.05842632904,13166.0570485183
"Kerguelen","KER3","CAT2.3C",96,112.8,113.9,113.3,45.6666666666667,14.7051835841116,1832.481065,329.8465917,4674.46148966385,-3788.73816030343,13137.6611396311,4671.49931109464,-3823.05842632904,13166.0570485183
"Kerguelen","KER3","CAT2.3C",101,118.9,119.9,119.4,31.0909090909091,17.0144323763947,1088.069624,195.8525323,3847.42921123071,-4616.52048796526,12311.3789104267,3860.72840027587,-4318.85590910721,12040.312709659
"Kerguelen","KER3","CAT2.3D",110,122.4,123.5,123,10.8333333333333,9.43719270019459,1139.245415,205.0641747,2698.00909037301,-5770.2758527582,11166.2940335042,2733.90853773461,-5016.17415847487,10483.9912339441
"Kerguelen","KER3","CAT2.3D",115,128.9,130,129.5,18.75,8.30251878539388,1052.078106,189.3740591,3147.20281748457,-5318.93224005031,11613.3378750194,3174.27007713462,-4742.43650363554,11090.9766579048
"Kerguelen","KER3","CAT2.3D",117,131.4,132.4,131.9,20.0909090909091,12.3729911133448,1369.881307,246.5786353,3223.28634829676,-5242.54244661552,11689.115143209,3248.85762974112,-4696.23164442862,11193.9469039109
"Kerguelen","KER3","CAT2.3D",121,136.5,137.6,137.1,17.0833333333333,6.44498865692398,1905.039024,342.9070243,3052.63571704003,-5413.90338262909,11519.1748167091,3081.56238462935,-4799.92990870808,10963.0546779668
"Kerguelen","KER3","CAT2.3D",124,140.5,141.6,141,9.91666666666667,12.2582686997451,1172.723456,211.0902221,2645.99718512852,-5822.57443472905,11114.5688049861,2682.91930685671,-5047.97753891438,10413.8161526278
"Kerguelen","KER3","CAT2.3D",130,148.3,149.4,148.9,26.0833333333333,11.5558590674981,1668.833707,300.3900673,3563.29805944053,-4901.36705581687,12027.9631746979,3582.18392415778,-4490.29022560993,11654.6580739255
"Kerguelen","KER3","CAT2.3D",133,152.3,153.4,152.8,39.1666666666667,11.3604844113535,2102.277758,378.4099964,4305.64979793015,-4157.63928772949,12768.9388835898,4309.93931032411,-4043.58806968657,12663.4666903348
"Kerguelen","KER3","CAT2.3D",134,153.6,154.8,154.2,45.6153846153846,17.0271276768302,3216.421278,578.95583,4671.55173272709,-3791.64707896682,13134.750544421,4668.64676670986,-3824.79485177438,13162.0883851941
"Kerguelen","KER3","CAT2.3D",136,156.4,157.6,157,37.3076923076923,9.01281139438573,2409.761443,433.7570597,4200.17110897278,-4263.2160976079,12663.5583155535,4206.53457637593,-4106.82446296638,12519.8936157182
"Kerguelen","KER3","CAT2.3D",139,160.4,161.5,160.9,18,8.29019135649309,1087.584239,195.765163,3104.64762228452,-5361.66604819498,11570.961292764,3132.55161550725,-4768.29975909463,11033.4029901091
"Kerguelen","KER3","CAT2.3D",141,163,164.1,163.5,17.5,5.71282448849635,962.7736169,173.299251,3076.27749215116,-5390.15816821945,11542.7131525218,3104.73930775567,-4785.54989942962,10995.028514941
"Kerguelen","KER3","CAT2.3D",142,164.3,165.5,164.9,10.3076923076923,8.00400540755081,1130.73032,203.5314576,2668.18408177127,-5800.26429163833,11136.6324551809,2704.66995779064,-5034.40827222694,10443.7481878082
"Kerguelen","KER3","CAT2.3E",150,166.5,167.5,167,8.72727272727273,9.5717387040277,1320.408365,237.6735057,2578.51066344764,-5890.4445972352,11047.4659241305,2616.75972629614,-5089.27722667924,10322.7966792715
"Kerguelen","KER3","CAT2.3E",152,169.1,170.2,169.6,11.75,8.56127645538062,1998.212264,359.6782075,2750.02099561751,-5717.98510228017,11218.0270935152,2784.8977686125,-4984.39349901421,10554.1890362392
"Kerguelen","KER3","CAT2.3E",156,174.6,175.7,175.1,8.33333333333333,8.89671372763647,1283.586316,231.0455369,2556.1584397062,-5912.92679278164,11025.243672194,2594.84699897671,-5102.96466398538,10292.6586619388
"Kerguelen","KER3","CAT2.3E",158,177.2,178.3,177.8,6.41666666666667,8.09554684921771,1186.056597,213.4901875,2447.40627419499,-6022.33195185705,10917.144500247,2488.23315259566,-5169.62066725256,10146.0869724439
"Kerguelen","KER3","CAT2.3E",159,178.6,179.6,179.1,6.81818181818182,6.53939113095679,956.4968488,172.1694328,2470.18834839299,-5999.41025075376,10939.7869475397,2510.56727851738,-5155.64868451728,10176.783241552
"Kerguelen","KER3","CAT2.3E",163,183.8,184.9,184.3,61,34.9258955764656,28404.1912,5112.754416,5544.47881375359,-2920.07265550175,14009.0302830089,5524.41008214307,-3306.197756684,14355.0179209701
"Kerguelen","KER3","CAT2.3E",165,186.4,187.5,187,5,7.04530791636275,997.6136229,179.5704521,2367.02423881713,-6103.21862961502,10837.2671072493,2409.43161396618,-5218.95423759606,10037.8174655284
"Kerguelen","KER3","CAT2.3E",168,190.4,191.5,190.9,93.0833333333333,61.2141670075175,18363.9166,3305.504988,7364.89549731094,-1109.57942403722,15839.3704186591,7309.03316286941,-2238.10305602416,16856.169381763
"Kerguelen","KER3","CAT2.3E",171,194,195,194.5,109.818181818182,93.4203598599558,2582.837915,464.9108247,8314.43515586543,-169.017022189106,16797.88733392,8239.90267534274,-1687.12694699704,18166.9322976825
"Kerguelen","KER3","CAT2.3E",174,197.7,198.6,198.1,612.2,103.919627062884,38386.72772,6909.61099,36819.7102727711,26963.3793703399,46676.0411752023,36184.6981474842,14056.190179945,58313.2061150234
"Kerguelen","KER3","CAT2.3E",177,201.6,202.7,202.1,20.9166666666667,32.0438856267558,5185.884967,933.4592941,3270.14004806247,-5195.50848909828,11735.7885852232,3294.79007739146,-4667.80028678935,11257.3804415723
"Kerguelen","KER3","CAT2.3E",181,207,208.1,207.5,2,2.82842712474619,2111.546111,380.0783,2196.80345801696,-6274.56976359392,10668.1766796278,2242.55776745671,-5323.61399519576,9808.72953010917
"Marion Island","PB1","PB1.1A",4,5,6.3,5.7,64.6923076923077,29.9871767465823,2134.314662,384.1766392,5753.98131319996,-2711.22352830215,14219.1861547021,5729.79327784704,-3182.39775680301,14641.9843124971
"Marion Island","PB1","PB1.1A",7,9.8,11.1,10.4,34.4285714285714,10.6750196232159,2089.942677,376.1896819,4036.80904095211,-4426.7938125379,12500.4118944421,4046.38458448771,-4204.9128224503,12297.6819914257
"Marion Island","PB1","PB1.1A",9,12.6,13.8,13.2,19.7692307692308,11.9802187386392,1779.04261,320.2276698,3205.03423660257,-5260.86650026374,11670.9349734689,3230.96439678207,-4707.31185882604,11169.2406523902
"Marion Island","PB1","PB1.1A",14,19.4,20.7,20.1,15.7142857142857,10.5933837946041,1462.794157,263.3029483,2974.95559881773,-5491.93477214163,11441.8459697771,3005.40963721431,-4847.21001757182,10858.0292920004
"Marion Island","PB1","PB1.1A",16,22.3,23.5,22.9,14.3076923076923,7.66360027863988,1354.604703,243.8288465,2895.14512283816,-5572.12435570916,11362.4146013855,2927.16841980328,-4895.83752063321,10750.1743602398
"Marion Island","PB1","PB1.1A",17,23.7,24.9,24.3,7.15384615384615,6.80497555526045,1102.266789,198.408022,2489.23403016084,-5980.24899427272,10958.7170545944,2529.23847812683,-5143.97164510367,10202.4486013573
"Marion Island","PB1","PB1.1A",22,30.4,31.6,31,10.3846153846154,9.28743292069505,1144.77978,206.0603604,2672.54871717641,-5795.87557876253,11140.9730131153,2708.94877436781,-5031.73939744413,10449.6369461797
"Marion Island","PB1","PB1.1A",28,38.5,39.8,39.2,18.2857142857143,11.8284440190622,3227.770248,580.9986446,3120.85912521787,-5345.38588361345,11587.1041340492,3148.44436279386,-4758.44540230289,11055.3341278906
"Marion Island","PB1","PB1.1A",32,44,45.3,44.7,17.9090909090909,9.7923903665504,4573.268115,823.1882607,3099.48941680573,-5366.8462602277,11565.8250938392,3127.49483227969,-4771.4356729299,11026.4253374893
"Marion Island","PB1","PB1.1B",39,46.4,47.6,47,19.4615384615385,11.251780485886,4438.860201,798.9948362,3187.57569498204,-5278.39475912306,11653.5461490871,3213.8491304734,-4717.91276100754,11145.6110219543
"Marion Island","PB1","PB1.1B",41,49.3,50.5,49.9,69.3636363636364,40.6356314760155,8579.334172,1544.280151,6019.03371780255,-2447.17999775973,14485.2474333648,5989.63413907858,-3026.11854520499,15005.3868233622
"Marion Island","PB1","PB1.1B",42,50.6,51.8,51.2,80.4615384615385,28.0820683729415,6114.128317,1100.543097,6648.73157125212,-1820.69494197369,15118.1580844779,6606.95067616609,-2656.3183367953,15870.2196891275
"Marion Island","PB1","PB1.1B",44,53.3,54.5,53.9,118.230769230769,41.5113515522237,6085.950991,1095.471178,8791.76755517217,302.821404681647,17280.7137056627,8707.84961555461,-1411.54042621922,18827.2396573284
"Marion Island","PB1","PB1.1B",45,54.7,55.8,55.2,118.166666666667,41.9216440806446,5971.77161,1074.91889,8788.13035900125,299.228549072199,17277.0321689303,8704.28393507367,-1413.63703747791,18822.2049076252
"Marion Island","PB1","PB1.1B",46,56,57.7,56.8,172.222222222222,51.27269145353,7275.637169,1309.61469,11855.2566500857,3315.53206615061,20394.9812340208,11711.103428661,338.579963115948,23083.6268942062
"Marion Island","PB1","PB1.1B",52,64.3,65.4,64.9,90.4166666666667,16.6430893839583,5582.114343,1004.780582,7213.58813659969,-1259.69664826379,15686.8729214632,7160.700854861,-2326.26224555836,16647.6639552804
"Marion Island","PB1","PB1.1B",54,66.9,68.1,67.5,58.3846153846154,20.5812959647769,5139.243725,925.0638705,5396.08120997909,-3068.08443116226,13860.2468511204,5378.93031851943,-3394.03980042911,14151.900437468
"Marion Island","PB1","PB1.1B",57,70.8,72,71.4,85.6153846153846,39.2418536377052,5962.569172,1073.262451,6941.162143396,-1530.14663539714,15412.4709221891,6893.63138683621,-2485.25681800883,16272.5195916812
"Marion Island","PB1","PB1.1B",62,77.7,78.9,78.3,45.3846153846154,29.1362845421834,5264.353752,947.5836754,4658.4578265117,-3804.73751681705,13121.6531698404,4655.81031697836,-3832.6094351542,13144.2300691109
"Marion Island","PB1","PB1.1B",64,80.4,81.5,81,26.6666666666667,18.1825757417936,3567.259715,642.1067487,3596.39654459612,-4868.17318833301,12060.9662775253,3614.63161653462,-4470.2893878987,11699.552620968
"Marion Island","PB1","PB1.1B",65,81.7,82.8,82.3,43.25,22.7041245752236,4342.971443,781.7348597,4537.33919401927,-3925.84763898126,13000.5260270198,4537.073156962,-3904.94654177578,12979.0928556998
"Marion Island","PB1","PB1.1B",66,83,84.1,83.6,43.3333333333333,20.6720423116182,4009.199321,721.6558778,4542.06754904149,-3921.11881816148,13005.2539162445,4541.70854158727,-3902.12079268033,12985.5378758549
"Marion Island","PB1","PB1.1B",67,84.3,85.4,84.9,48.8181818181818,23.4726146043349,4866.164345,875.9095821,4853.27927959534,-3610.01900761705,13316.5775668077,4846.80112965005,-3716.45001022929,13410.0522695294
"Marion Island","PB1","PB1.1B",68,85.6,86.6,86.1,35.6666666666667,10.8012344973464,3482.606716,626.8692089,4107.05888699662,-4356.4417486763,12570.5595226696,4115.25315606305,-4162.70981346712,12393.2161255932
"Marion Island","PB1","PB1.1C",77,89.2,90.3,89.7,47.5833333333333,12.8236878352902,3031.680891,545.7025604,4783.21365517506,-3680.03493418102,13246.4622445311,4778.11315747569,-3758.19806936947,13314.4243843209
"Marion Island","PB1","PB1.1C",79,91.8,92.9,92.4,36.6666666666667,14.5122727581196,2909.478926,523.7062067,4163.79914726335,-4299.62937520061,12627.2276697273,4170.87777156621,-4128.64761460987,12470.4031577423
"Marion Island","PB1","PB1.1C",81,94.5,95.6,95.1,55.4,23.3485664561137,3170.339497,570.6611095,5226.73335625995,-3237.06998855377,13690.5367010737,5212.91223532538,-3494.43901094642,13920.2634815972
"Marion Island","PB1","PB1.1C",84,98.5,99.6,99.1,58.5714285714286,11.0733485278414,3088.798418,555.9837152,5406.68103882013,-3057.51004426298,13870.8721219032,5389.32173020683,-3387.7611695651,14166.4046299788
"Marion Island","PB1","PB1.1C",86,101.2,102.3,101.8,74.3,19.1314168610459,4067.195364,732.0951655,6299.124275301,-2168.37672662776,14766.6252772298,6264.21746833508,-2861.37967749523,15389.8146141654
"Marion Island","PB1","PB1.1C",87,102.6,103.7,103.1,88.4166666666667,27.4440201578457,3202.886124,576.5195023,7100.10761606624,-1372.32798185579,15572.5432139883,7049.45162385468,-2392.45032407688,16491.3535717862
"Marion Island","PB1","PB1.1C",88,103.9,105,104.4,72.1111111111111,18.1069354422859,2975.878148,535.6580666,6174.92615005051,-2291.97600225285,14641.8283023539,6142.4613655115,-2934.37772194451,15219.3004529675
