"Location","Site","Section","sample","min_depth","max_depth","midpoint","SH20_age","Zn","Zn_sd","Zn_ICP","Zn_ICP_sd","fit","lwr","upr"
"Bird Island","BI10","BI10.1",1,0,1.1,0.6,-55.4909090909091,8,18.1548891486563,22.90793616,0.057813095,42.6457881616049,-40.6502417389017,125.941818062112
"Bird Island","BI10","BI10.1",4,3.9,5,4.5,5.21666666666667,0.181818181818182,0.603022689155525,12.50967591,0.167196198,39.2733954257941,-44.0331396406294,122.579930492218
"Bird Island","BI10","BI10.1",10,11.7,12.8,12.3,132.083333333333,4.33333333333333,12.7017059221718,13.94648753,0.043639925,41.064162111089,-42.2364950488554,124.364819271033
"Bird Island","BI10","BI10.1",22,26.7,27.8,27.2,382.866666666667,90.9166666666667,60.6247149321633,83.1136075,1.204215632,78.4121045312268,-4.92065185683838,161.744860919292
"Bird Island","BI10","BI10.1",30,36.3,37.2,36.7,541.72,74.1,26.9132350753718,90.06087679,0.829001857,71.158192326815,-12.145231681639,154.461616335269
"Bird Island","BI10","BI10.1",34,40.9,41.9,41.4,618.7,17.4545454545455,19.2216733733754,83.32372544,0.676115824,46.7240305397948,-36.5625100019048,130.010571081494
"Bird Island","BI10","BI10.2",45,44,45,44.5,670.06,265.8,53.0509189364331,63.36397587,0.318454995,153.848477931517,69.556354441687,238.140601421346
"Bird Island","BI10","BI10.2",51,51.9,52.9,52.4,800.245454545455,3.27272727272727,10.8544084047995,154.2471074,0.912951267,40.60666697251,-42.6954273297583,123.908761274778
"Bird Island","BI10","BI10.2",54,55.3,56.3,55.8,856.145454545455,13,22.2126090318089,56.72463202,1.511547748,44.802550957763,-38.4880220325517,128.093123948078
"Bird Island","BI10","BI10.2",62,64.4,65.4,64.9,1005.71818181818,495.454545454545,70.3311646944136,109.0593506,0.741410788,252.910553852509,165.6115089576,340.209598747418
"Bird Island","BI10","BI10.2",67,70.1,71.2,70.6,1100.56666666667,121.083333333333,57.9018893290952,261.6355831,2.462160119,91.4245734013805,8.01134855406161,174.837798248699
"Bird Island","BI10","BI10.2",71,74.7,75.8,75.2,1174.81666666667,10,20.1629723638519,140.4650062,0.492872097,43.5084932800682,-39.7852357408902,126.802222301027
"Bird Island","BI10","BI10.2",81,86.5,87.5,87,1349.67272727273,73.3636363636364,45.6141923687633,67.51751759,0.138761249,70.8405599877445,-12.4618339014547,154.142953876944
"Bird Island","BI10","BI10.3",88,84.8,85.8,85.3,1324,36.4545454545455,39.9734002465731,65.03458094,0.286572998,54.9197291651956,-28.3583876145799,138.197845944971
"Bird Island","BI10","BI10.3",95,93,94,93.5,1444.54545454545,5.09090909090909,10.0145348913921,71.97280393,0.774294779,41.3909443529311,-41.9087133851244,124.690602090987
"Bird Island","BI10","BI10.3",98,96.3,97.3,96.8,1492.28181818182,11.3636363636364,33.3114776834434,41.79884834,0.244174097,44.096701315384,-39.1955492170197,127.388951847788
"Bird Island","BI10","BI10.3",104,103.2,104.2,103.7,1595.6,24.7272727272727,30.6074857153962,45.72842227,0.254790732,49.8611400614793,-33.4204963396508,133.142776462609
"Bird Island","BI10","BI10.3",114,114.9,115.9,115.4,1769.91818181818,1.54545454545455,5.12569285782198,35.80217711,0.124414396,39.8616034611099,-43.442926095347,123.166133017567
"Bird Island","BI10","BI10.3",120,121.8,122.7,122.3,1872.71,41.3,30.3938955859378,87.02811474,1.036590908,57.0098283840179,-26.2684158314457,140.288072599481
"Bird Island","BI10","BI10.4",135,129.4,130.4,129.9,1986.59090909091,89.7272727272727,51.8981520077371,126.1466188,1.544773235,77.8990564115346,-5.43125984854562,161.229372671615
"Bird Island","BI10","BI10.4",145,141,142,141.5,2162.97272727273,198.090909090909,48.8517237064457,36.99629166,0.295665893,124.641988284634,40.8619555759653,208.422020993302
"Bird Island","BI10","BI10.4",155,152.7,153.8,153.2,2335.40833333333,335.916666666667,87.6101471222819,145.146567,1.516565475,184.093481542974,99.0876335772495,269.099329508698
"Bird Island","BI10","BI10.4",165,164.8,165.8,165.3,2517.27272727273,107.363636363636,72.575853735623,148.0981288,0.616201008,85.5065470016194,2.13434869798783,168.878745305251
"Bird Island","BI10","BI10.4",168,168.4,170,169.2,2576.01176470588,68.8823529411765,47.6233692016603,148.2023206,1.199008089,68.9075469148242,-14.3890381537798,152.204131983428
"Bird Island","BI10","BI10.5",181,174.6,175.6,175.1,2667,107.454545454545,47.1346234446901,72.11422012,0.027502016,85.5457608706404,2.17331502787442,168.918206713406
"Bird Island","BI10","BI10.5",191,186.6,187.6,187.1,2847.45454545455,20.1818181818182,25.1110261909711,93.7163573,0.254401542,47.9004466104265,-35.3840107565398,131.184903977393
"Bird Island","BI10","BI10.5",194,190.3,191.3,190.8,2903.10909090909,7.72727272727273,12.1333499833386,75.23867924,0.271229161,42.5281465545418,-40.7682093034105,125.824502412494
"Bird Island","BI10","BI10.5",197,194,195,194.5,2954.41818181818,35.5454545454545,28.1011161214769,130.7729603,0.867339372,54.527590474985,-28.7506054373688,137.805786387339
"Bird Island","BI10","BI10.5",202,199.9,200.8,200.3,3041.91111111111,22.1111111111111,13.6055544213057,90.27805952,0.945061034,48.7326520529845,-34.5505085721304,132.015812678099
"Bird Island","BI10","BI10.6",218,209.5,210.5,210,3183,572.545454545455,90.1591522102594,255.5835815,0.192255063,286.163914782365,197.440186917841,374.887642646889
"Bird Island","BI10","BI10.6",228,221.4,222.4,221.9,3362.6,641.909090909091,173.539882762122,399.0691035,1.143493468,316.084096845431,225.912780515545,406.255413175317
"Bird Island","BI10","BI10.6",239,234.2,235.2,234.7,3550.09090909091,49.1818181818182,27.4911556025504,48.4428199,0.895210879,60.4096708281435,-22.870756510267,143.690098166554
"Bird Island","BI10","BI10.6",247,243.9,245,244.5,3699.925,52.4166666666667,45.5121528891576,232.0043335,1.25702578,61.8050310008094,-21.4770005962386,145.087062597857
"Bird Island","BI10","BI10.7",259,250.7,251.7,251.2,3790.45,0.181818181818182,0.603022689155525,29.80921049,0.499214017,39.2733954257941,-44.0331396406294,122.579930492218
"Bird Island","BI10","BI10.7",271,265,266,265.5,3978.94545454545,134.909090909091,75.5241081317145,316.1883316,1.43334069,97.3883493149997,13.9263161105986,180.850382519401
"Bird Island","BI10","BI10.7",280,275.9,276.9,276.4,4128.55454545455,299.636363636364,72.5165811759941,205.2689039,3.657473631,168.443879981154,83.8303760538475,253.05738390846
"Bird Island","BI10","BI10.8",300,289.7,290.8,290.3,4314.73333333333,259.333333333333,120.815662239729,206.0678435,1.998237331,151.059064715152,66.8234264075411,235.294703022763
"Bird Island","BI10","BI10.8",303,293.4,294.4,293.9,4365.28181818182,321.727272727273,51.7920667845779,100.7202187,1.066310133,177.972850153271,93.1262934750139,262.819406831527
"Bird Island","BI10","BI10.8",311,303.1,304,303.6,4492.98,62.3,34.9095657059462,130.9239492,1.378555529,66.0682321278819,-17.2212541232876,149.357718379051
"Bird Island","BI10","BI10.8",318,311.7,312.8,312.2,4610.66666666667,6.5,15.1867166838775,83.34916521,1.323098068,41.9987593227575,-41.2990995792888,125.296618224804
"Bird Island","BI10","BI10.8",326,321.7,322.8,322.2,4729.33333333333,23.8333333333333,26.6793530429034,141.7452321,1.295372249,49.4755370161056,-33.8065898907968,132.757663923008
"Bird Island","BI10","BI10.9",342,332.1,333.1,332.6,4891.35454545455,79.3636363636364,46.6053059796258,108.9295808,0.641673601,73.4286753431342,-9.88273355291001,156.740084239178
"Bird Island","BI10","BI10.9",348,339.5,340.5,340,5008.74545454545,207.363636363636,60.2084258676022,242.3611357,4.004351166,128.641802924781,44.8020556196329,212.48155022993
"Bird Island","BI10","BI10.9",361,355.7,356.7,356.2,5262.19090909091,10.0909090909091,24.419068554941,50.4248919,0.745226883,43.5477071490892,-39.7459210282415,126.84133532642
"Bird Island","BI10","BI10.9",365,360.7,361.7,361.2,5341.56,159.2,63.7962033004751,199.4152519,1.966916731,107.866295117426,24.3004018448179,191.432188390034
"Bird Island","BI10","BI10.9",372,369.1,371,370.1,5483.135,63,54.8125993967772,155.6838291,0.659026021,66.370178919344,-16.919981191395,149.660339030083
"Bird Island","BI10","BI10.10",379,367.3,368.4,367.9,5447.30909090909,29.8181818181818,41.8301761455009,106.4331106,0.572822095,52.0571167266585,-31.2223263506132,135.33655980393
"Bird Island","BI10","BI10.10",386,375.7,376.6,376.1,5581.52,24.7,25.029094181683,153.3540492,1.292838823,49.849375900773,-33.4322749994425,133.131026800988
"Bird Island","BI10","BI10.10",390,380.5,381.5,381,5660.04545454545,18.2727272727273,22.9176390978255,63.73190593,0.856844166,47.0769553609843,-36.2089294706158,130.362840192584
"Bird Island","BI10","BI10.10",392,382.9,384,383.4,5698.00833333333,71.4166666666667,33.9958776467044,136.8739771,1.421346544,70.0007296262102,-13.2990434088843,153.300502661305
"Bird Island","BI10","BI10.10",396,387.7,388.8,388.2,5774.45833333333,13.5,27.612579478465,47.14281535,0.412457182,45.0182272373788,-38.2718542006013,128.308308675359
"Bird Island","BI10","BI10.10",403,396.3,397.4,396.8,5914.69166666667,50.4166666666667,56.0299568142441,61.90931635,1.442324435,60.9423258823462,-22.3386652148527,144.223316979545
"Bird Island","BI10","BI10.10",410,404.6,405.6,405.1,6045.02727272727,271.909090909091,70.2345421362659,97.22108231,0.698201201,156.483649929732,72.1367052955358,240.830594563927
"Bird Island","BI10","BI10.11",422,409.9,410.9,410.4,6127.60909090909,4.81818181818182,10.7871977994119,72.67126101,0.475237559,41.273302745868,-42.0267121816024,124.573317673338
"Bird Island","BI10","BI10.11",424,412.2,413.2,412.7,6161.61818181818,53.3636363636364,35.2881643820495,70.91847569,0.98294395,62.2135088031121,-21.0690704149803,145.496088021204
"Bird Island","BI10","BI10.11",427,415.8,416.8,416.3,6233.21818181818,37.0909090909091,31.3479011911628,61.6011836,0.476706737,55.194226248343,-28.083854509795,138.472307006481
"Bird Island","BI10","BI10.11",439,430.3,431.3,430.8,6633.50909090909,26.3636363636364,41.1613234171904,63.26427197,0.563265912,50.5669897038583,-32.713830366593,133.84780977431
"Bird Island","BI10","BI10.11",443,435.2,436.3,435.7,6779.31666666667,19.5,23.781199602742,53.82896824,0.907980366,47.6063425927686,-35.6786081053586,130.891293290896
"Bird Island","BI10","BI10.11",449,442.8,443.8,443.3,6996.89090909091,63.5454545454545,38.704944480941,18.55755468,0.125641085,66.6054621334704,-16.6852364376276,149.896160704568
"Bird Island","BI10","BI10.12",461,447.5,448.7,448.1,7135.69230769231,15.8461538461538,31.7800937533916,50.41642497,0.425761379,46.0302467032684,-37.25765969127,129.318153097807
"Bird Island","BI10","BI10.12",465,452.8,453.9,453.4,7290.50833333333,16.25,22.7321358433386,62.26601894,0.072783962,46.2044467752658,-37.0831070931191,129.492000643651
"Bird Island","BI10","BI10.12",469,458.3,459.3,458.8,7450.61818181818,17.1818181818182,30.1589727338919,58.60550147,0.854908221,46.6063889327316,-36.6803760374411,129.893153902904
"Bird Island","BI10","BI10.12",475,466.1,467.2,466.6,7672.18333333333,10.5,14.2158682144605,40.82277223,1.397062702,43.724169559684,-39.5690088479675,127.017347967335
"Bird Island","BI10","BI10.12",479,471.4,472.4,471.9,7821.06363636364,11.7272727272727,18.03380663693,35.42302354,0.65822487,44.2535567914682,-39.0383118423705,127.545425425307
"Bird Island","BI10","BI10.12",484,478.2,479.2,478.7,8011.50909090909,13.7272727272727,29.8231148912749,54.064265,2.19762822,45.1162619099315,-38.1735993494154,128.406123169278
"Bird Island","BI10","BI10.13",506,473.4,474.5,474,7881.69166666667,40.25,55.4930380563839,136.0251037,1.154440273,56.5569081968247,-26.7212299075656,139.835046301215
"Bird Island","BI10","BI10.13",519,491,492,491.5,8384.23636363636,56.3636363636364,52.0543422343857,94.75874646,2.09078523,63.5075664808069,-19.7769807869374,146.792113748551
"Bird Island","BI10","BI10.13",522,494.8,495.8,495.3,8490.03636363636,34.2727272727273,31.9032628710322,57.03901807,0.139519515,53.9785963086902,-29.2997650841612,137.256957701542
"Bird Island","BI10","BI10.13",525,498.7,499.7,499.2,8597.97,169.1,107.39175428723,47.08824283,2.313488133,112.136685453819,28.5218594160322,195.751511491606
"Bird Island","BI10","BI10.13",529,503.9,505.1,504.5,8738.44,296.1,48.64485812727,160.9095737,2.671233854,166.918460476235,82.340566148398,251.496354804071
"Isla Hermite","HER42PB","HER42PB_1A",3,2.5,3.7,3.1,-30.6269230769231,12.3076923076923,22.1449189634425,42.19689147,0.624513994,44.5039222629104,-38.7873475895488,127.79519211537
"Isla Hermite","HER42PB","HER42PB_1A",5,5.3,6.5,5.9,-1.38846153846154,6.76923076923077,16.6490932994055,35.42095591,0.354209559,42.1148927040891,-41.1826313933681,125.412416801546
"Isla Hermite","HER42PB","HER42PB_1A",7,8.1,9.3,8.7,27.85,9.53846153846154,15.3058560939671,31.93149296,0.194782107,43.3094074834997,-39.9848385321421,126.603653499142
"Isla Hermite","HER42PB","HER42PB_1A",9,10.9,12.1,11.5,56.4453846153846,0.181818181818182,0.603022689155525,27.71352621,0.146881689,39.2733954257941,-44.0331396406294,122.579930492218
"Isla Hermite","HER42PB","HER42PB_1A",13,16.3,17.5,16.9,110.519230769231,3.38461538461538,10.0460478260397,28.93439766,0.506351959,40.6549301959205,-42.6470104066798,123.956870798521
"Isla Hermite","HER42PB","HER42PB_1A",16,20.5,21.6,21.1,152.406666666667,2,6.92820323027551,27.00122448,0.615627918,40.0576728062152,-43.2462045094786,123.361550121909
"Isla Hermite","HER42PB","HER42PB_1A",20,26.1,27.3,26.7,210.763076923077,9.69230769230769,17.8062939031148,36.91192497,0.11811816,43.3757694156892,-39.9183033365353,126.669842167914
"Isla Hermite","HER42PB","HER42PB_1A",25,33.1,34.1,33.6,281.104545454545,9.45454545454546,17.6259106792451,47.90043877,0.728086669,43.2732100659418,-40.0211308497815,126.567550981665
"Isla Hermite","HER42PB","HER42PB_1A",28,37.1,38.2,37.7,321.895,15.3333333333333,19.6761661700524,42.59030524,0.234246679,45.8090402626368,-37.4793230400355,129.097403565309
"Isla Hermite","HER42PB","HER42PB_1A",31,41.2,42.3,41.7,363.2825,1.25,4.33012701892219,44.27594323,0.509173347,39.7341583867915,-43.5707994866416,123.039116260225
"Isla Hermite","HER42PB","HER42PB_1B",40,43.1,44.2,43.7,382.52,4.58333333333333,12.1539992171177,38.26194334,0.566276761,41.1720002508969,-42.1283246024157,124.47232510421
"Isla Hermite","HER42PB","HER42PB_1B",48,54,55.1,54.5,493.1425,5.83333333333333,13.4355927117173,30.62449678,0.275620471,41.7111909499364,-41.5875092726538,125.009891172527
"Isla Hermite","HER42PB","HER42PB_1B",50,56.7,57.8,57.2,520.634166666667,14.3333333333333,21.2745401972889,21.4504263,0.265985286,45.3776877034052,-37.9115963566034,128.666971763414
"Isla Hermite","HER42PB","HER42PB_1B",56,64.7,65.8,65.2,601.545833333333,8.5,19.9248588451713,34.30741154,0.161244834,42.8614644412207,-40.433975475855,126.156904358297
"Isla Hermite","HER42PB","HER42PB_1B",60,69.9,70.9,70.4,653.46,2.36363636363636,7.83929495902185,37.68347236,0.844109781,40.2145282822994,-43.0888330955265,123.517889660125
"Isla Hermite","HER42PB","HER42PB_1B",63,73.7,74.8,74.3,692.363333333333,5.5,19.0525588832576,37.52964617,0.240189735,41.5674067635259,-41.7317206800832,124.866534207135
"Isla Hermite","HER42PB","HER42PB_1B",69,81.5,82.5,82,770.521818181818,8.90909090909091,17.4840186768062,53.75514157,0.73644544,43.0379268518155,-40.2570376721988,126.33289137583
"Isla Hermite","HER42PB","HER42PB_1C",80,86.5,87.8,87.2,822.286923076923,12.3846153846154,26.4906853489375,44.16857409,0.295929446,44.5371032290051,-38.7540882623698,127.82829472038
"Isla Hermite","HER42PB","HER42PB_1C",86,94.8,96,95.4,906.45,0.181818181818182,0.603022689155525,29.23988643,0.245615046,39.2733954257941,-44.0331396406294,122.579930492218
"Isla Hermite","HER42PB","HER42PB_1C",90,100.2,101.4,100.8,961.955384615385,0.181818181818182,0.603022689155525,32.82610384,0.403761077,39.2733954257941,-44.0331396406294,122.579930492218
"Isla Hermite","HER42PB","HER42PB_1C",91,101.6,103.1,102.3,977.5775,4.6875,17.2151822528836,66.23589727,0.437156922,41.2169328091502,-42.0832543091423,124.517119927443
"Isla Hermite","HER42PB","HER42PB_1C",97,109.8,111,110.4,1058.64692307692,18.8461538461538,21.279278472441,36.659792,0.454581421,47.3243043809633,-35.9611366064033,130.60974536833
"Isla Hermite","HER42PB","HER42PB_1C",104,119.2,120.3,119.8,1151.60416666667,0.181818181818182,0.603022689155525,39.88560708,0.570364181,39.2733954257941,-44.0331396406294,122.579930492218
"Isla Hermite","HER42PB","HER42PB_1D",118,127.3,128.4,127.8,1233.23666666667,0.181818181818182,0.603022689155525,25.82803284,0.604375968,39.2733954257941,-44.0331396406294,122.579930492218
"Isla Hermite","HER42PB","HER42PB_1D",121,130.9,132.2,131.6,1270.93,2.14285714285714,6.71229804574745,17.02060447,0.095315385,40.1192946003912,-43.1843794047638,123.422968605546
"Isla Hermite","HER42PB","HER42PB_1D",131,143.2,144.4,143.8,1396.85230769231,2.15384615384615,7.76580274715321,20.90723648,0.288519863,40.1240347384047,-43.179623660747,123.427693137556
"Isla Hermite","HER42PB","HER42PB_1D",137,150.7,151.9,151.3,1480.03461538462,0.692307692307692,2.49615088301353,15.64215778,0.154857362,39.4935963826046,-43.8121793332814,122.799372098491
"Isla Hermite","HER42PB","HER42PB_1D",144,159.2,160.3,159.8,1611.23,0.181818181818182,0.603022689155525,29.06945023,0.465111204,39.2733954257941,-44.0331396406294,122.579930492218
"Isla Hermite","HER42PB","HER42PB_1D",147,162.9,164.1,163.5,1669.44846153846,48.3846153846154,43.6339670087774,22.37893368,0.503526008,60.0657953613434,-23.2142999265542,143.345890649241
"Isla Hermite","HER42PB","HER42PB_1E",158,169.3,170.5,169.9,1768.77461538462,2.46153846153846,8.87520313960367,7.99662512,0.049579076,40.2567586027837,-43.046464757889,123.559981963456
"Isla Hermite","HER42PB","HER42PB_1E",162,175.6,176.8,176.2,1865.00538461538,3.38461538461538,5.31567589836046,30.50864809,0.494240099,40.6549301959205,-42.6470104066798,123.956870798521
"Isla Hermite","HER42PB","HER42PB_1E",166,181.9,183.1,182.5,1961.41923076923,0.181818181818182,0.603022689155525,16.5256,0.41479256,39.2733954257941,-44.0331396406294,122.579930492218
"Isla Hermite","HER42PB","HER42PB_1E",174,194.9,196.1,195.5,2158.50153846154,15.5384615384615,24.2233199782613,37.24969056,0.19742336,45.8975228388894,-37.3906564577918,129.185702135571
"Isla Hermite","HER42PB","HER42PB_1E",179,202.5,203.6,203,2273.88416666667,0.916666666666667,3.17542648054294,33.9089395,0.220408107,39.590374200381,-43.715071026826,122.895819427588
"Isla Hermite","HER42PB","HER42PB_1F",184,201.4,202.5,202,2256.42833333333,8.66666666666667,18.2075575384276,33.08473766,0.231593164,42.933356534426,-40.3618889086573,126.228601977509
"Isla Hermite","HER42PB","HER42PB_1F",189,208.1,209.3,208.7,2363.54384615385,6.53846153846154,18.2145335040245,17.72327666,0.435992606,42.0153498058049,-41.2824610923148,125.313160703925
"Isla Hermite","HER42PB","HER42PB_1F",191,210.9,212.2,211.5,2407.86357142857,4.57142857142857,17.1047194823952,19.13786718,0.317688595,41.1668651013822,-42.1334755202708,124.467205723035
"Isla Hermite","HER42PB","HER42PB_1F",197,219.3,220.5,219.9,2535.41461538462,0.181818181818182,0.603022689155525,34.46965096,0.086174127,39.2733954257941,-44.0331396406294,122.579930492218
"Isla Hermite","HER42PB","HER42PB_1F",200,223.4,224.6,224,2595.94769230769,3.07692307692308,11.0940039245046,22.71049639,0.286152255,40.5222063315416,-42.7801581307978,123.824570793881
"Isla Hermite","HER42PB","HER42PB_1F",205,230.3,231.5,230.9,2697.92846153846,3.30769230769231,10.0115318124036,20.69597487,0.055879132,40.6217492298258,-42.6802969883651,123.923795448017
"Isla Hermite","HER42PB","HER42PB_1F",209,235.8,236.9,236.4,2780.0925,1.16666666666667,4.04145188432738,25.50832915,0.387726603,39.6982123401889,-43.6068669617385,123.003291642116
"Isla Hermite","HER42PB","HER42PB_1F",211,238.4,239.5,239,2819.29,4.91666666666667,13.1802768168843,29.23295322,0.397568164,41.3157844373074,-41.9841011673602,124.615670041975
"Isla Hermite","HER42PB","HER42PB_1F",213,241.1,242.3,241.7,2859.43,0.181818181818182,0.603022689155525,26.6817226,0.456257456,39.2733954257941,-44.0331396406294,122.579930492218
"Isla Hermite","HER42PB","HER42PB_1G",224,246.9,248.1,247.5,2943.97461538462,3.23076923076923,7.18973627418334,18.35356327,0.427638024,40.5885682637311,-42.7135838029472,123.890720330409
"Isla Hermite","HER42PB","HER42PB_1G",231,256.4,257.6,257,3049.39,0.181818181818182,0.603022689155525,29.3359331,0.410703063,39.2733954257941,-44.0331396406294,122.579930492218
"Isla Hermite","HER42PB","HER42PB_1G",232,257.7,258.9,258.3,3062.22846153846,1.84615384615385,5.33613708354264,15.23009592,0.085288537,39.9913108740257,-43.3127862897354,123.295408037787
"Isla Hermite","HER42PB","HER42PB_1G",236,263.2,264.4,263.8,3116.22307692308,4.23076923076923,15.2542553961938,21.94878635,0.410442305,41.0199208229627,-42.2808733795736,124.320715025499
"Isla Hermite","HER42PB","HER42PB_1G",240,268.6,269.8,269.2,3169.09230769231,0.181818181818182,0.603022689155525,17.94697181,0.148959866,39.2733954257941,-44.0331396406294,122.579930492218
"Isla Hermite","HER42PB","HER42PB_1G",245,275.2,276.4,275.8,3233.34153846154,0.181818181818182,0.603022689155525,27.14668681,0.496784369,39.2733954257941,-44.0331396406294,122.579930492218
"Isla Hermite","HER42PB","HER42PB_1G",253,285.8,286.9,286.3,3335.24833333333,5.33333333333333,16.9616322828014,20.09031476,0.263183123,41.4955146703206,-41.8038280239554,124.794857364597
"Isla Hermite","HER42PB","HER42PB_1H",260,285,286.2,285.6,3328.03692307692,4.53846153846154,16.3636557886443,32.04482347,0.522330623,41.1526446873416,-42.1477396295988,124.453029004282
"Isla Hermite","HER42PB","HER42PB_1H",264,290.3,291.5,290.9,3378.91846153846,0.181818181818182,0.603022689155525,13.25098663,0.348500948,39.2733954257941,-44.0331396406294,122.579930492218
"Isla Hermite","HER42PB","HER42PB_1H",269,297,298.2,297.6,3442.75846153846,0.769230769230769,2.77350098112615,22.23958244,0.289114572,39.5267773486994,-43.7788848336186,122.832439531017
"Isla Hermite","HER42PB","HER42PB_1H",273,302.3,303.5,302.9,3494.21153846154,2.92307692307692,10.5393037282794,25.45930847,0.440446036,40.4558443993521,-42.8467333902245,123.758422188929
"Isla Hermite","HER42PB","HER42PB_1H",278,309.3,310.6,309.9,3563.64071428571,0.181818181818182,0.603022689155525,22.96594282,0.1607616,39.2733954257941,-44.0331396406294,122.579930492218
"Isla Hermite","HER42PB","HER42PB_1H",281,313.5,314.8,314.2,3603.44,0.181818181818182,0.603022689155525,26.98125114,0.334567514,39.2733954257941,-44.0331396406294,122.579930492218
"Isla Hermite","HER42PB","HER42PB_1H",286,320.5,321.8,321.1,3669.60384615385,11.2307692307692,18.7045174853289,31.26595862,0.522141509,44.039388737584,-39.2530026333966,127.331780108565
"Isla Hermite","HER42PB","HER42PB_1I",301,332.1,333.3,332.7,3782.35692307692,2.69230769230769,9.70725343394151,47.12837952,0.325185819,40.3563015010679,-42.9465980260539,123.65920102819
"Isla Hermite","HER42PB","HER42PB_1I",303,334.9,336.2,335.6,3810.93642857143,0.181818181818182,0.603022689155525,53.63556539,0.455902306,39.2733954257941,-44.0331396406294,122.579930492218
"Isla Hermite","HER42PB","HER42PB_1I",312,347.6,348.8,348.2,4016.98,1.76923076923077,6.37905225659013,12.9771423,0.138855423,39.958129907931,-43.3460775291836,123.262337345046
"Isla Hermite","HER42PB","HER42PB_1I",317,354.3,355.4,354.9,4144.90083333333,1.08333333333333,3.75277674973257,30.15916633,0.476514828,39.6622662935862,-43.6429347101356,122.967467297308
"Isla Hermite","HER42PB","HER42PB_1I",320,358.3,359.6,358.9,4223.08571428571,1.78571428571429,4.64391365832032,26.45734265,0.203721538,39.9652401149513,-43.3389436725544,123.269423902457
"Isla Hermite","HER42PB","HER42PB_1I",322,361,362.2,361.6,4273.55307692308,5.46153846153846,12.9911212283325,40.93193485,0.151448159,41.5508162804785,-41.7483607393113,124.849993300268
"Isla Hermite","HER42PB","HER42PB_1J",335,369.7,370.8,370.2,4438.2275,5.08333333333333,9.23883437485815,64.61496501,0.594457678,41.3876765305127,-41.9119910899366,124.687344150962
"Isla Hermite","HER42PB","HER42PB_1J",340,376.7,377.9,377.3,4574.44,1.76923076923077,6.37905225659013,38.30523184,0.597561617,39.958129907931,-43.3460775291836,123.262337345046
"Isla Hermite","HER42PB","HER42PB_1J",342,379.6,380.9,380.3,4631.57428571429,3.92857142857143,8.1567743031769,38.04452155,0.391858572,40.8895670275905,-42.4116333684481,124.190767423629
"Isla Hermite","HER42PB","HER42PB_1J",346,385.3,386.5,385.9,4743.01769230769,0.615384615384615,2.21880078490092,28.66381491,0.447155513,39.4604154165099,-43.8454740658097,122.76630489883
"Isla Hermite","HER42PB","HER42PB_1J",349,389.6,390.9,390.2,4828.70428571429,10.7142857142857,17.7565960503894,23.73971131,0.12582047,43.8166022509479,-39.4763431927326,127.109547694628
"Isla Hermite","HER42PB","HER42PB_1J",352,394,395.2,394.6,4912.70923076923,0.181818181818182,0.603022689155525,16.6275996,0.310936112,39.2733954257941,-44.0331396406294,122.579930492218
"Isla Hermite","HER42PB","HER42PB_1J",353,395.4,396.6,396,4939.73076923077,0.181818181818182,0.603022689155525,27.36166731,0.601956681,39.2733954257941,-44.0331396406294,122.579930492218
"Kerguelen","KER1","CAT1-S1-1A",1,0,1.4,0.7,-43.6,47,31.6227766016838,74.45665889,0.998541864,59.4685379716381,-23.8110400963006,142.748116039577
"Kerguelen","KER1","CAT1-S1-1A",3,3.1,4.7,3.9,3.97058823529412,16.4705882352941,22.0060152204426,81.89432683,1.376284175,46.2995980750963,-36.9877659491445,129.586962099337
"Kerguelen","KER1","CAT1-S1-1A",5,6.4,7.8,7.1,59.76,23.0666666666667,24.7832508725051,74.54857758,0.647526893,49.1448333873614,-34.1377392635259,132.427406038249
"Kerguelen","KER1","CAT1-S1-1A",7,9.3,10.6,9.9,108.485714285714,3.78571428571429,7.76757136015916,27.27598299,0.458474537,40.8279452334145,-42.4734484326375,124.129338899467
"Kerguelen","KER1","CAT1-S1-1A",8,10.7,12,11.4,130.207142857143,8.64285714285714,13.8097353779423,65.36111894,0.643115219,42.9230862353967,-40.3721869227313,126.218359393525
"Kerguelen","KER1","CAT1-S1-1A",9,12.1,13.6,12.8,153.175,12.5,31.6333157709821,28.74841778,0.45941447,44.5868746781472,-38.7041997084536,127.877949064748
"Kerguelen","KER1","CAT1-S1-1A",11,15.1,16.5,15.8,212.526666666667,9.33333333333333,18.9949868073006,28.98839799,0.171941507,43.2209249072471,-40.0735535758257,126.51540339032
"Kerguelen","KER1","CAT1-S1-1A",13,18,19.4,18.7,308.48,4.33333333333333,10.9261590863831,11.6740324,0.10489905,41.064162111089,-42.2364950488554,124.364819271033
"Kerguelen","KER1","CAT1-S1-1A",17,24,25.5,24.7,466.2125,0.9375,2.56823545130374,44.32511103,0.350471561,39.5993607120316,-43.7060539274559,122.904775351519
"Kerguelen","KER1","CAT1-S1-1A",20,28.6,30,29.3,587.28,2.66666666666667,10.3279555898864,29.368275,0.129787204,40.3452411790363,-42.9576942260851,123.648176584158
"Kerguelen","KER1","CAT1-S1-1A",23,33,34.4,33.7,665.746666666667,36.6,43.0328777962684,93.54908632,0.215122776,54.9824713556293,-28.2956357841834,138.260578495442
"Kerguelen","KER1","CAT1-S1-1A",25,35.9,37.2,36.6,716.192857142857,31.8571428571429,52.2050058649804,40.14643479,0.370308521,52.9366277889879,-30.3422231637669,136.215478741743
"Kerguelen","KER1","CAT1-S1-1A",26,37.3,38.7,38,744.413333333333,22.6666666666667,27.7480158020782,81.59730828,0.230844804,48.9722923636687,-34.3105220396576,132.255106766995
"Kerguelen","KER1","CAT1-S1-1A",27,38.8,40.1,39.4,772.55,13.4285714285714,25.000659331965,79.93730908,0.565674037,44.9874163402909,-38.3027347167538,128.277567397336
"Kerguelen","KER1","CAT1-S1-1A",28,40.2,41.6,40.9,799.733333333333,21.6,29.2032287843069,53.3476494,0.456586235,48.512182967155,-34.7713069184281,131.795672852738
"Kerguelen","KER1","CAT1-S1-1B",36,45.1,46.2,45.6,888.225,17.9166666666667,26.520860857183,105.4949459,0.961084227,46.9233677073185,-36.3627992395821,130.209534654219
"Kerguelen","KER1","CAT1-S1-1B",40,50.7,52.1,51.4,1089.45333333333,42.1333333333333,40.259633570589,88.37360202,2.113767288,57.3692888500442,-25.9090704933593,140.647648193448
"Kerguelen","KER1","CAT1-S1-1B",41,52.3,53.6,53,1213.32142857143,27.4285714285714,28.1799554667833,81.69604829,0.669962803,51.0263521695335,-32.2539932941437,134.306697633211
"Kerguelen","KER1","CAT1-S1-1B",46,59.9,61.2,60.5,1808.84285714286,10.5,22.1246468898376,30.18599746,0.312888828,43.724169559684,-39.5690088479675,127.017347967335
"Kerguelen","KER1","CAT1-S1-1B",49,64.4,65.8,65.1,2110.62666666667,31.6,33.9217587145141,64.2076509,0.983473977,52.8257085594712,-30.4532080444779,136.10462516342
"Kerguelen","KER1","CAT1-S1-1B",51,67.6,68.9,68.3,2364.32142857143,9.92857142857143,20.8269953729225,10.51247544,0.113252779,43.4776823829802,-39.8161261005231,126.771490866484
"Kerguelen","KER1","CAT1-S1-1B",57,76.5,77.9,77.2,3056.76,0.181818181818182,0.603022689155525,11.403039,0.023987942,39.2733954257941,-44.0331396406294,122.579930492218
"Kerguelen","KER1","CAT1-S1-1C",69,86.1,87.5,86.8,3452.74666666667,0.181818181818182,0.603022689155525,8.987606637,0.174366221,39.2733954257941,-44.0331396406294,122.579930492218
"Kerguelen","KER1","CAT1-S1-1C",73,92.4,93.7,93.1,3631.13571428571,1.21428571428571,3.14223270519966,9.510397791,0.055405562,39.7187529382475,-43.5862569425034,123.023762818998
"Kerguelen","KER1","CAT1-S1-1C",80,103.1,104.5,103.8,3940.82666666667,13.1333333333333,26.4382479067913,5.963937738,0.025577129,44.8600646323272,-38.430376314838,128.150505579492
"Kerguelen","KER1","CAT1-S1-1C",86,112.2,113.6,112.9,4208.64,0.181818181818182,0.603022689155525,10.45252365,0.130952766,39.2733954257941,-44.0331396406294,122.579930492218
"Kerguelen","KER1","CAT1-S1-1C",93,122.9,124.1,123.5,4497.10769230769,0.181818181818182,0.603022689155525,9.118797628,0.147479116,39.2733954257941,-44.0331396406294,122.579930492218
"Kerguelen","KER1","CAT1-S1-1D",105,130.3,131.4,130.8,4654.675,0.181818181818182,0.603022689155525,11.7594545,0.04012809,39.2733954257941,-44.0331396406294,122.579930492218
"Kerguelen","KER1","CAT1-S1-1D",108,134.6,135.8,135.2,4745.8,0.384615384615385,1.38675049056307,5.798802064,0.133579217,39.3608725182257,-43.9453596605774,122.667104697029
"Kerguelen","KER1","CAT1-S1-1D",110,137.6,138.8,138.2,4810.63076923077,5.53846153846154,9.08859527664007,4.641441298,0.066323119,41.5839972465733,-41.7150806790855,124.883075172232
"Kerguelen","KER1","CAT1-S1-1D",114,143.4,144.6,144,4936.93076923077,2.23076923076923,8.04315284526582,6.264222559,0.084999184,40.1572157044994,-43.1463335857055,123.460764994704
"Kerguelen","KER1","CAT1-S1-1D",117,147.8,148.9,148.4,5072.725,5,9.11542149825827,28.72260097,0.157111928,41.3517304839101,-41.9480459919722,124.651506959792
"Kerguelen","KER1","CAT1-S1-1D",119,150.7,151.8,151.3,5184.44166666667,3.33333333333333,7.83156008298049,21.92880594,0.771044273,40.6328095518574,-42.6692014352592,123.934820538974
"Kerguelen","KER1","CAT1-S1-1D",123,156.5,157.7,157.1,5436.62307692308,6.61538461538461,16.2303135189397,9.708856297,0.229171541,42.0485307718996,-41.2491842930659,125.346245836865
"Kerguelen","KER1","CAT1-S1-1D",124,158,159.2,158.6,5499.66923076923,0.181818181818182,0.603022689155525,10.21776865,0.164653492,39.2733954257941,-44.0331396406294,122.579930492218
"Kerguelen","KER1","CAT1-S1-1E",132,161.5,162.7,162.1,5646.26923076923,0.181818181818182,0.603022689155525,53.70010907,0.379025561,39.2733954257941,-44.0331396406294,122.579930492218
"Kerguelen","KER1","CAT1-S1-1E",137,168.8,170,169.4,5947.94615384615,0.181818181818182,0.603022689155525,10.03284659,0.050604346,39.2733954257941,-44.0331396406294,122.579930492218
"Kerguelen","KER1","CAT1-S1-1E",144,179,180.2,179.6,6370.75384615385,0.181818181818182,0.603022689155525,18.29158675,0.257119006,39.2733954257941,-44.0331396406294,122.579930492218
"Kerguelen","KER1","CAT1-S1-1E",145,180.4,181.6,181,6433.53846153846,9.07692307692308,29.850911595409,30.48216342,0.197518023,43.1103216869313,-40.1844497100301,126.405093083893
"Kerguelen","KER1","CAT1-S1-1E",146,181.9,183,182.4,6500.14166666667,36.8333333333333,42.88638973197,87.59499317,0.753510405,55.0831202861166,-28.1949731304631,138.361213702696
"Kerguelen","KER1","CAT1-S1-1E",147,183.3,184.4,183.8,6564.375,34.75,50.7813942305644,34.97989363,0.152811284,54.1844691210508,-29.0938227388152,137.462760980917
"Kerguelen","KER1","CAT1-S1-1E",151,189,190.3,189.7,6812.30714285714,0.181818181818182,0.603022689155525,8.670290595,0.080639438,39.2733954257941,-44.0331396406294,122.579930492218
"Kerguelen","KER1","CAT1-S1-1E",157,198.4,199.7,199,7055.1,1.78571428571429,6.68153104781061,8.265161932,0.072734146,39.9652401149513,-43.3389436725544,123.269423902457
"Kerguelen","KER1","CAT1-S1-1E",161,204.5,205.8,205.2,7160.46428571429,1.78571428571429,4.54344111251121,6.808603707,0.108154782,39.9652401149513,-43.3389436725544,123.269423902457
"Kerguelen","KER1","CAT1-S1-1F",170,210.3,211.7,211,7263.93333333333,0.181818181818182,0.603022689155525,3.679275906,0.060549087,39.2733954257941,-44.0331396406294,122.579930492218
"Kerguelen","KER1","CAT1-S1-1F",177,220.9,222.2,221.6,7451.67142857143,0.181818181818182,0.603022689155525,6.792163379,0.141345191,39.2733954257941,-44.0331396406294,122.579930492218
"Kerguelen","KER1","CAT1-S1-1F",179,224,225.4,224.7,7505.43333333333,0.181818181818182,0.603022689155525,6.692282931,0.090105003,39.2733954257941,-44.0331396406294,122.579930492218
"Kerguelen","KER1","CAT1-S1-1F",180,225.6,226.8,226.2,7531.69230769231,11.3846153846154,24.0642835669326,34.35259618,0.423250154,44.1057506697735,-39.1864776884998,127.397979028047
"Kerguelen","KER1","CAT1-S1-1F",185,233.2,234.5,233.8,7669.85,51.7142857142857,41.9091114958743,38.16917132,0.643907987,61.5020571794443,-21.7795910541251,144.783705413014
"Kerguelen","KER1","CAT1-S1-1F",186,234.7,235.9,235.3,7695.93846153846,6.69230769230769,15.3263640795016,34.52282262,0.356622142,42.0817117379944,-41.2159077267501,125.379331202739
"Kerguelen","KER1","CAT1-S1-1F",188,237.8,239.1,238.4,7751.90714285714,1.71428571428571,6.41426980589819,3.835435411,0.104351899,39.9344292178633,-43.369857128511,123.238715564238
"Kerguelen","KER1","CAT1-S1-1F",191,242.3,243.6,242.9,7831.4,1.53846153846154,5.54700196225229,5.547621978,0.047512144,39.8585870096468,-43.4459526447956,123.163126664089
"Kerguelen","KER3","CAT2-S3-1A",6,7.9,9.1,8.5,386.276923076923,1.46153846153846,4.01280003271582,33.9867472,0.829112693,39.825406043552,-43.4792448157524,123.130056902856
"Kerguelen","KER3","CAT2-S3-1A",9,12.3,13.5,12.9,621.707692307692,0.181818181818182,0.603022689155525,22.83873715,0.668420943,39.2733954257941,-44.0331396406294,122.579930492218
"Kerguelen","KER3","CAT2-S3-1A",13,18.1,19.3,18.7,928.807692307692,0.181818181818182,0.603022689155525,21.31018792,0.696001663,39.2733954257941,-44.0331396406294,122.579930492218
"Kerguelen","KER3","CAT2-S3-1A",15,21,22.1,21.6,1082.7,0.833333333333333,2.88675134594813,19.50535782,0.465175211,39.5544281537783,-43.7511395951168,122.859995902673
"Kerguelen","KER3","CAT2-S3-1A",20,28.2,29.4,28.8,1469.79230769231,0.181818181818182,0.603022689155525,14.3729798,0.410391691,39.2733954257941,-44.0331396406294,122.579930492218
"Kerguelen","KER3","CAT2-S3-1A",21,29.6,30.7,30.2,1540.33333333333,0.833333333333333,2.88675134594813,13.07843571,0.308143877,39.5544281537783,-43.7511395951168,122.859995902673
"Kerguelen","KER3","CAT2-S3-1A",22,31,32.1,31.6,1613.25833333333,0.181818181818182,0.603022689155525,25.41388525,0.462599646,39.2733954257941,-44.0331396406294,122.579930492218
"Kerguelen","KER3","CAT2-S3-1A",27,38.2,39.3,38.7,1994.20833333333,7.41666666666667,22.4518002247778,20.72720657,0.422312402,42.3941658353865,-40.9025648183236,125.690896489097
"Kerguelen","KER3","CAT2-S3-1A",28,39.5,40.7,40.1,2065.98461538462,10.4615384615385,24.6191503529786,39.26943077,0.573854051,43.7075790766366,-39.5856413364305,127.000799489704
"Kerguelen","KER3","CAT2-S3-1A",32,45.1,47,46.1,2386.005,0.6,2.68328157299975,27.51857011,0.706941335,39.453779223291,-43.8521330402591,122.759691486841
"Kerguelen","KER3","CAT2-S3-1B",38,46.4,47.6,47,2436.8,0.923076923076923,3.32820117735137,22.31535337,0.498619634,39.5931392808889,-43.7122965328928,122.898575094671
"Kerguelen","KER3","CAT2-S3-1B",42,51.6,52.7,52.2,2712.45833333333,0.916666666666667,3.17542648054294,20.69108587,0.427441505,39.590374200381,-43.715071026826,122.895819427588
"Kerguelen","KER3","CAT2-S3-1B",45,55.3,56.5,55.9,2912.56153846154,19,30.878795313289,41.60383738,1.403200361,47.3906663131528,-35.8946577972947,130.6759904236
"Kerguelen","KER3","CAT2-S3-1B",47,58.1,59.3,58.7,3063.31538461538,0.181818181818182,0.603022689155525,31.83349681,1.019096502,39.2733954257941,-44.0331396406294,122.579930492218
"Kerguelen","KER3","CAT2-S3-1B",52,64.6,65.7,65.1,3406.90833333333,1.41666666666667,4.90747728811182,44.45209818,1.344994227,39.8060504799968,-43.4986653563535,123.110766316347
"Kerguelen","KER3","CAT2-S3-1B",55,68.3,69.4,68.9,3606.60833333333,15.4166666666667,21.3518503917463,108.0616059,2.93711721,45.8449863092395,-37.4433020411586,129.133274659638
"Kerguelen","KER3","CAT2-S3-1B",56,69.5,70.7,70.1,3672.84615384615,3.76923076923077,12.1665788546181,74.84515086,1.794796406,40.8208350263942,-42.4805809917341,124.122251044523
"Kerguelen","KER3","CAT2-S3-1B",62,77.2,78.2,77.7,4072.19090909091,0.181818181818182,0.603022689155525,18.47659493,0.399430846,39.2733954257941,-44.0331396406294,122.579930492218
"Kerguelen","KER3","CAT2-S3-1B",65,80.8,81.9,81.4,4264.50833333333,0.181818181818182,0.603022689155525,13.02478337,0.345735346,39.2733954257941,-44.0331396406294,122.579930492218
"Kerguelen","KER3","CAT2-S3-1B",68,84.5,85.6,85.1,4460.44166666667,0.181818181818182,0.603022689155525,8.90748345,0.296383707,39.2733954257941,-44.0331396406294,122.579930492218
"Kerguelen","KER3","CAT2-S3-1C",78,89.2,90.2,89.7,4699.99090909091,1.18181818181818,3.91964747951093,9.240124767,0.267960723,39.7047479850257,-43.6003092186654,123.009805188717
"Kerguelen","KER3","CAT2-S3-1C",83,95.7,96.8,96.2,5048.06666666667,1.41666666666667,4.90747728811182,15.43833055,0.563376979,39.8060504799968,-43.4986653563535,123.110766316347
"Kerguelen","KER3","CAT2-S3-1C",85,98.3,99.3,98.8,5181.87272727273,0.363636363636364,1.20604537831105,12.52057742,0.49560741,39.3518231638362,-43.9544402731147,122.658086600787
"Kerguelen","KER3","CAT2-S3-1C",89,103.5,104.7,104.1,5467.83076923077,2.23076923076923,8.04315284526582,319.6209724,7.046355457,40.1572157044994,-43.1463335857055,123.460764994704
"Kerguelen","KER3","CAT2-S3-1C",91,106.1,107.2,106.7,5603.63333333333,4.25,8.37881527750466,10.57375526,0.364906885,41.0282160644864,-42.2725524110244,124.328984539997
"Kerguelen","KER3","CAT2-S3-1C",96,112.8,113.9,113.3,5955.025,0.181818181818182,0.603022689155525,12.60844943,0.145229912,39.2733954257941,-44.0331396406294,122.579930492218
"Kerguelen","KER3","CAT2-S3-1C",101,118.9,119.9,119.4,6277.73636363636,0.181818181818182,0.603022689155525,7.807563922,0.140879521,39.2733954257941,-44.0331396406294,122.579930492218
"Kerguelen","KER3","CAT2-S3-1D",110,122.4,123.5,123,6466.25,0.181818181818182,0.603022689155525,7.549441951,0.145282859,39.2733954257941,-44.0331396406294,122.579930492218
"Kerguelen","KER3","CAT2-S3-1D",115,128.9,130,129.5,6808.05,2.91666666666667,10.1036297108185,16.14366288,0.414587382,40.4530793188442,-42.8495073795836,123.755666017272
"Kerguelen","KER3","CAT2-S3-1D",117,131.4,132.4,131.9,6937.85454545455,0.181818181818182,0.603022689155525,10.41672528,0.189235987,39.2733954257941,-44.0331396406294,122.579930492218
"Kerguelen","KER3","CAT2-S3-1D",121,136.5,137.6,137.1,7212.99166666667,1,3.46410161513775,9.172328677,0.256158351,39.6263202469836,-43.6790027318319,122.931643225799
"Kerguelen","KER3","CAT2-S3-1D",124,140.5,141.6,141,7429.425,0.181818181818182,0.603022689155525,8.062815032,0.225281995,39.2733954257941,-44.0331396406294,122.579930492218
"Kerguelen","KER3","CAT2-S3-1D",130,148.3,149.4,148.9,7841.69166666667,0.181818181818182,0.603022689155525,9.555585218,0.352223234,39.2733954257941,-44.0331396406294,122.579930492218
"Kerguelen","KER3","CAT2-S3-1D",133,152.3,153.4,152.8,8051.725,0.181818181818182,0.603022689155525,12.17608051,0.403980913,39.2733954257941,-44.0331396406294,122.579930492218
"Kerguelen","KER3","CAT2-S3-1D",134,153.6,154.8,154.2,8122.73846153846,2.07692307692308,7.48845264904059,20.20440283,0.600799397,40.09085377231,-43.2129139686717,123.394621513292
"Kerguelen","KER3","CAT2-S3-1D",136,156.4,157.6,157,8271.9,0.181818181818182,0.603022689155525,15.78135257,0.446260205,39.2733954257941,-44.0331396406294,122.579930492218
"Kerguelen","KER3","CAT2-S3-1D",139,160.4,161.5,160.9,8483.125,0.181818181818182,0.603022689155525,7.801664241,0.101929306,39.2733954257941,-44.0331396406294,122.579930492218
"Kerguelen","KER3","CAT2-S3-1D",141,163,164.1,163.5,8623.30833333333,0.181818181818182,0.603022689155525,7.362706322,0.159387654,39.2733954257941,-44.0331396406294,122.579930492218
"Kerguelen","KER3","CAT2-S3-1D",142,164.3,165.5,164.9,8696.08461538462,0.181818181818182,0.603022689155525,8.349818929,0.207969492,39.2733954257941,-44.0331396406294,122.579930492218
"Kerguelen","KER3","CAT2-S3-1E",150,166.5,167.5,167,8805.21818181818,0.181818181818182,0.603022689155525,8.318544287,0.079080752,39.2733954257941,-44.0331396406294,122.579930492218
"Kerguelen","KER3","CAT2-S3-1E",152,169.1,170.2,169.6,8943.06666666667,0.181818181818182,0.603022689155525,14.86451,0.162882736,39.2733954257941,-44.0331396406294,122.579930492218
"Kerguelen","KER3","CAT2-S3-1E",156,174.6,175.7,175.1,9234.5,0.181818181818182,0.603022689155525,7.409196191,0.122879686,39.2733954257941,-44.0331396406294,122.579930492218
"Kerguelen","KER3","CAT2-S3-1E",158,177.2,178.3,177.8,9367.74166666667,3.25,11.2583302491977,13.53520131,0.353660616,40.5968635052547,-42.7052620774677,123.898989087977
"Kerguelen","KER3","CAT2-S3-1E",159,178.6,179.6,179.1,9437.28181818182,0.636363636363636,2.11057941204435,9.220712284,0.210469594,39.4694647708994,-43.8363936611171,122.775323202916
"Kerguelen","KER3","CAT2-S3-1E",163,183.8,184.9,184.3,9717.925,2.16666666666667,7.50555349946513,118.9866526,1.993878014,40.1295648994205,-43.1740752987343,123.433205097575
"Kerguelen","KER3","CAT2-S3-1E",165,186.4,187.5,187,9857.625,0.181818181818182,0.603022689155525,20.40517355,0.574597453,39.2733954257941,-44.0331396406294,122.579930492218
"Kerguelen","KER3","CAT2-S3-1E",168,190.4,191.5,190.9,10071.1416666667,4.66666666666667,11.3003083894631,27.9689,0.590361095,41.2079462974995,-42.0922683336285,124.508160928628
"Kerguelen","KER3","CAT2-S3-1E",171,194,195,194.5,10256.1727272727,14.9090909090909,23.564611371523,42.63542732,0.971670563,45.6260422072052,-37.662706910501,128.914791324911
"Kerguelen","KER3","CAT2-S3-1E",174,197.7,198.6,198.1,10446.9,41.9,51.223800891556,54.94178027,1.66359873,57.2686399195569,-26.0096844304989,140.546964269613
"Kerguelen","KER3","CAT2-S3-1E",177,201.6,202.7,202.1,10658.8916666667,97.8333333333333,87.3330441818022,76.3419094,1.645399394,81.3956263992455,-1.95242203460703,164.743674833098
"Kerguelen","KER3","CAT2-S3-1E",181,207,208.1,207.5,10924.02,59.8,91.4231918060182,89.9339509,3.241544302,64.9898507298029,-18.297386392577,148.277087852183
"Marion Island","PB1","PB1_1A",4,5,6.3,5.7,154.78,0.181818181818182,0.603022689155525,32.22505588,0.447928277,39.2733954257941,-44.0331396406294,122.579930492218
"Marion Island","PB1","PB1_1A",7,9.8,11.1,10.4,333.91,2.285714286,6.603362447,31.8213276,0.801897456,40.1809163946903,-43.1225551031342,123.484387892515
"Marion Island","PB1","PB1_1A",9,12.6,13.8,13.2,440.63,1.076923077,3.882901374,24.29654636,0.218668917,39.6595012131115,-43.6457091636068,122.96471158983
"Marion Island","PB1","PB1_1A",14,19.4,20.7,20.1,704.72,7.5,12.41432175,21.32425029,0.138607627,42.4301118819891,-40.8665178439652,125.726741607943
"Marion Island","PB1","PB1_1A",16,22.3,23.5,22.9,810.69,5.230769231,11.6200534,22.50065448,0.389261323,41.4512733822938,-41.8482023174098,124.750749081997
"Marion Island","PB1","PB1_1A",17,23.7,24.9,24.3,862.94,6.153846154,17.29569385,21.58351439,0.250368767,41.8494449753975,-41.4488485824594,125.147738533255
"Marion Island","PB1","PB1_1A",22,30.4,31.6,31,1116.79,0.181818181818182,0.603022689155525,18.08953077,0.327420507,39.2733954257941,-44.0331396406294,122.579930492218
"Marion Island","PB1","PB1_1A",28,38.5,39.8,39.2,1426.52,7.5,13.32291259,52.60385462,0.678589725,42.4301118819891,-40.8665178439652,125.726741607943
"Marion Island","PB1","PB1_1A",32,44,45.3,44.7,1634.77,36.90909091,44.19831342,87.38332267,1.389394831,55.115798510693,-28.1622909115104,138.393887932896
"Marion Island","PB1","PB1_1B",39,46.4,47.6,47,1723.12,41.38461538,43.55368041,77.76789376,0.24885726,57.0463274447312,-26.2319272128046,140.324582102267
"Marion Island","PB1","PB1_1B",41,49.3,50.5,49.9,1830.5,60.27272727,40.46749537,103.8651099,0.51932555,65.1937628475359,-18.0938806951264,148.481406390198
"Marion Island","PB1","PB1_1B",42,50.6,51.8,51.2,1878.53,79.15384615,31.23792074,95.36897347,0.429160381,73.3381817975804,-9.97288798811175,156.649251583273
"Marion Island","PB1","PB1_1B",44,53.3,54.5,53.9,1980.2,124.8461538,37.59176806,97.01418486,0.12611844,93.0476756396064,9.62190876884887,176.473442510364
"Marion Island","PB1","PB1_1B",45,54.7,55.8,55.2,2030.05,102.9166667,24.87955836,99.41379483,0.874841395,83.5883352563846,0.22784955420893,166.94882095856
"Marion Island","PB1","PB1_1B",46,56,57.7,56.8,2091.11,105,50.57783751,98.6333706,0.680570257,84.4869864070721,1.12111022533651,167.852862588808
"Marion Island","PB1","PB1_1B",52,64.3,65.4,64.9,2400.08,124.8333333,32.22035871,97.63871281,0.702998732,93.0421454841208,9.61642228802158,176.46786868022
"Marion Island","PB1","PB1_1B",54,66.9,68.1,67.5,2499.09,59.69230769,38.8252165,85.7867325,0.677715187,64.9433973762748,-18.3437483900031,148.230543142553
"Marion Island","PB1","PB1_1B",57,70.8,72,71.4,2647.86,81.53846154,47.28744616,102.3212025,1.534818038,74.36679174884,-8.94823461444624,157.681818112126
"Marion Island","PB1","PB1_1B",62,77.7,78.9,78.3,2906.71,70.53846154,35.42272196,94.45367825,1.322351495,69.6219135972922,-13.6767260989567,152.920553293541
"Marion Island","PB1","PB1_1B",64,80.4,81.5,81,3009.64,44.5,38.05856731,83.81316773,1.676263355,58.3901565735591,-24.8886789013607,141.668992048479
"Marion Island","PB1","PB1_1B",65,81.7,82.8,82.3,3058.43,62.91666667,51.26128848,88.38830769,0.6894288,66.3342328741792,-16.955846003422,149.62431175178
"Marion Island","PB1","PB1_1B",66,83,84.1,83.6,3107.49,60.41666667,30.38079038,79.16775438,1.662522842,65.2558514761002,-18.031917564074,148.543620516274
"Marion Island","PB1","PB1_1B",67,84.3,85.4,84.9,3155.81,52.45454545,53.01766429,82.38325202,0.82383252,61.8213701109408,-21.4606827127843,145.103422934666
"Marion Island","PB1","PB1_1B",68,85.6,86.6,86.1,3200.37,122.6666667,63.56938466,74.93381275,0.164854388,92.1075483012091,8.68911360189391,175.525983000524
"Marion Island","PB1","PB1_1C",77,89.2,90.3,89.7,3335.04,144.9166667,25.14488321,102.1457624,0.49029966,101.705142744113,18.2031126259519,185.207172862273
"Marion Island","PB1","PB1_1C",79,91.8,92.9,92.4,3436.21,142.3333333,57.54576571,119.2586413,1.574214065,100.590815270674,17.0994848369098,184.082145704439
"Marion Island","PB1","PB1_1C",81,94.5,95.6,95.1,3538.8,188.2,53.67349853,129.1482542,1.291482542,120.375519335143,36.6555153283517,204.095523341934
"Marion Island","PB1","PB1_1C",84,98.5,99.6,99.1,3690.04,223.8571429,49.16105698,134.7501137,1.293601092,135.756319179945,51.8021581592905,219.7104802006
"Marion Island","PB1","PB1_1C",86,101.2,102.3,101.8,3791.98,247.2,34.32135713,148.6548013,1.902781457,145.825320329808,61.6913667995985,229.959273860018
"Marion Island","PB1","PB1_1C",87,102.6,103.7,103.1,3841.55,267,35.54254813,145.9557979,1.649300517,154.366101002595,70.0633208816288,238.66888112356
"Marion Island","PB1","PB1_1C",88,103.9,105,104.4,3891.1,312.6666667,89.61724164,150.0412815,0.735202279,174.064534555217,89.3157722136178,258.813296896816
"South Georgia","POB4","POB_1A",16,31.5,32.9,32.2,-17.69,3,5.19615242270663,25.16989811,0.077839906,40.4890253654468,-42.8134456440646,123.791496374958
"South Georgia","POB4","POB_1A",19,36.1,37.4,36.8,-1.785,0.181818181818182,0.603022689155525,10.81225849,0.033361483,39.2733954257941,-44.0331396406294,122.579930492218
"South Georgia","POB4","POB_1A",21,39.2,40.6,39.9,17.4366666666667,0.181818181818182,0.603022689155525,14.76699588,0.059434745,39.2733954257941,-44.0331396406294,122.579930492218
"South Georgia","POB4","POB_1A",24,43.8,45.1,44.4,249.323333333333,0.181818181818182,0.603022689155525,12.98468362,0.038736948,39.2733954257941,-44.0331396406294,122.579930492218
"South Georgia","POB4","POB_1A",28,49.9,51.2,50.5,569.63,0.181818181818182,0.603022689155525,11.42068754,0.030793824,39.2733954257941,-44.0331396406294,122.579930492218
"South Georgia","POB4","POB_1E",170,200.2,201.3,200.7,3778.715,0.181818181818182,0.603022689155525,13.08869613,0.221798509,39.2733954257941,-44.0331396406294,122.579930492218
"South Georgia","POB4","POB_1E",174,205.3,206.4,205.9,3794.655,0.181818181818182,0.603022689155525,22.19696967,0.067312524,39.2733954257941,-44.0331396406294,122.579930492218
"South Georgia","POB4","POB_1E",177,209.4,210.5,209.9,3808.20666666667,0.181818181818182,0.603022689155525,207.3506979,1.608385462,39.2733954257941,-44.0331396406294,122.579930492218
"South Georgia","POB4","POB_1E",183,217.6,218.5,218.1,3834.505,0.181818181818182,0.603022689155525,57.54928203,0.147104951,39.2733954257941,-44.0331396406294,122.579930492218
"South Georgia","POB4","POB_1F",196,225.1,226.2,225.7,3857.985,0.181818181818182,0.603022689155525,35.48721301,0.197163042,39.2733954257941,-44.0331396406294,122.579930492218
"South Georgia","POB4","POB_1F",202,232.5,233.6,233,3880.55,0.181818181818182,0.603022689155525,42.23221979,0.200230784,39.2733954257941,-44.0331396406294,122.579930492218
"South Georgia","POB4","POB_1F",208,240,241.2,240.6,3906.24,0.181818181818182,0.603022689155525,46.48458085,0.433257479,39.2733954257941,-44.0331396406294,122.579930492218
"South Georgia","POB4","POB_1F",214,247.5,248.6,248.1,3964.74,0.181818181818182,0.603022689155525,23.71024737,0.207637432,39.2733954257941,-44.0331396406294,122.579930492218
"South Georgia","POB4","POB_1F",219,253.8,254.8,254.3,4013.88,0.181818181818182,0.603022689155525,25.39532485,0.21174893,39.2733954257941,-44.0331396406294,122.579930492218
"South Georgia","POB4","POB_1G",233,261.6,262.8,262.2,4076.15166666667,0.181818181818182,0.603022689155525,31.59199718,0.371442859,39.2733954257941,-44.0331396406294,122.579930492218
"South Georgia","POB4","POB_1G",239,269.2,270.5,269.8,4137.68428571429,0.181818181818182,0.603022689155525,15.11042647,0.140918233,39.2733954257941,-44.0331396406294,122.579930492218
"South Georgia","POB4","POB_1G",247,279.3,280.2,279.8,4218.848,0.181818181818182,0.603022689155525,39.54360665,0.138155746,39.2733954257941,-44.0331396406294,122.579930492218
"South Georgia","POB4","POB_1G",255,289.2,290.5,289.9,4348.3,31,48.5489443757534,69.88848099,0.384878863,52.5668970239322,-30.7121828955853,135.84597694345
"South Georgia","POB4","POB_1G",256,290.6,291.8,291.2,4366.59142857143,0.181818181818182,0.603022689155525,55.97334616,0.182097226,39.2733954257941,-44.0331396406294,122.579930492218
"South Georgia","POB4","POB_1G",261,297.2,298.5,297.9,4452.81857142857,235.714285714286,321.927897872445,80.21168655,0.410701529,140.870928078063,56.8280503271694,224.913805828956
"South Georgia","POB4","POB_1H",270,299.6,300.9,300.3,4523.25,0.181818181818182,0.603022689155525,87.03952565,0.578511591,39.2733954257941,-44.0331396406294,122.579930492218
"South Georgia","POB4","POB_1H",272,302.4,303.6,303,4931.03714285714,131.571428571429,183.960917174325,79.02378554,0.722568208,95.9486401237982,12.499075162377,179.398205085219
"South Georgia","POB4","POB_1H",274,305.3,306.6,305.9,5380.51285714286,0.181818181818182,0.603022689155525,101.2819468,0.697430954,39.2733954257941,-44.0331396406294,122.579930492218
"South Georgia","POB4","POB_1H",276,308.2,309.4,308.8,5800.02142857143,25.7142857142857,29.8480277724469,52.25471702,0.632460481,50.2868906394222,-32.9942407491866,133.568022028031
"South Georgia","POB4","POB_1H",277,309.6,310.8,310.2,6009.77285714286,295.714285714286,161.606223359657,67.51896284,0.548313061,166.75208163196,82.178042840519,251.3261204234
"South Georgia","POB4","POB_1H",278,311,312.3,311.6,6219.52714285714,96,109.404448416567,63.49918772,0.268131811,80.6048133739875,-2.73899860177386,163.948625349749
"South Georgia","POB4","POB_1H",280,313.9,315,314.5,6654.02,71.3333333333333,174.730268318533,82.76241771,0.155141321,69.9647835796075,-13.3348806086839,153.264447767899
"South Georgia","POB4","POB_1H",283,317.9,319.1,318.5,7253.32,24.3333333333333,59.604250407724,56.98595731,0.101614097,49.6912132957214,-33.5906353813584,132.973061972801
