"Location","Site","Section","sample","min_depth","max_depth","midpoint","Ca","Ca_sd","Ca_ICP","Ca_ICP_sd","Ca_fit_OLS","Ca_lwr_OLS","Ca_upr_OLS","Ca_fit_WLS","Ca_lwr_WLS","Ca_upr_WLS"
"Bird Island","BI10","BI10.1",1,0,1.1,0.6,-6.80758541593921,-0.680758541593921,7.35055584285185,0.95557225957074,8.05342818508728,7.19117709290532,8.91567927726925,8.09060191227481,6.92355218907145,9.25765163547817
"Bird Island","BI10","BI10.1",4,3.9,5,4.5,-6.95635233262163,-0.695635233262164,7.24247120132883,0.941521256172748,7.96489709347065,7.10150740923046,8.82828677771085,8.00465427549929,6.81407545341687,9.19523309758172
"Bird Island","BI10","BI10.1",10,11.7,12.8,12.3,-6.61499894187169,-0.661499894187169,7.84267996218333,1.01954839508383,8.16803626570101,7.30714066558527,9.02893186581675,8.20186557687282,7.06525467464806,9.33847647909757
"Bird Island","BI10","BI10.1",22,26.7,27.8,27.2,-5.78629652032065,-0.578629652032065,8.75807660650184,1.13854995884524,8.66119651692724,7.80459498077525,9.51779805307923,8.68063475694869,7.67468533534559,9.68658417855179
"Bird Island","BI10","BI10.1",30,36.3,37.2,36.7,-5.1750432851041,-0.51750432851041,9.04100380665293,1.17533049486488,9.02495290426594,8.16990386754829,9.8800019409836,9.03377624976057,8.12377993810446,9.94377256141668
"Bird Island","BI10","BI10.1",34,40.9,41.9,41.4,-5.46525974364459,-0.546525974364459,9.04402113279338,1.17572274726314,8.85224528584733,7.99663089250995,9.70785967918471,8.86610846903912,7.91060792246418,9.82160901561407
"Bird Island","BI10","BI10.2",45,44,45,44.5,-5.14897803524557,-0.514897803524557,9.28899573342214,1.20756944534488,9.04046431684809,8.18545083420126,9.89547779949492,9.04883501872119,8.14292035143743,9.95474968600494
"Bird Island","BI10","BI10.2",51,51.9,52.9,52.4,-5.41437262611466,-0.541437262611466,8.85011583510835,1.15051505856409,8.88252817511206,8.02703538738388,9.73802096284023,8.89550766337312,7.94799330982176,9.84302201692448
"Bird Island","BI10","BI10.2",54,55.3,56.3,55.8,-5.55609395270816,-0.555609395270816,8.89923601451618,1.1569006818871,8.79818990939762,7.94233471592104,9.65404510287421,8.81363050027102,7.84386715677152,9.78339384377052
"Bird Island","BI10","BI10.2",62,64.4,65.4,64.9,-4.98199434764984,-0.498199434764984,8.66848236944953,1.12690270802844,9.1398361965287,8.28499091331621,9.99468147974118,9.14530709496615,8.26551873452873,10.0250954554036
"Bird Island","BI10","BI10.2",67,70.1,71.2,70.6,-4.70870176364323,-0.470870176364323,9.11437754626484,1.18486908101443,9.3024724286453,8.4476799703518,10.1572648869388,9.30319738581479,8.46607826128939,10.1403165103402
"Bird Island","BI10","BI10.2",71,74.7,75.8,75.2,-5.15280892334931,-0.515280892334931,8.79883085915351,1.14384801168996,9.03818455792556,8.18316600716308,9.89320310868803,9.04662178619201,8.14010728436294,9.95313628802107
"Bird Island","BI10","BI10.2",81,86.5,87.5,87,-5.24324040548484,-0.524324040548484,9.20085797360353,1.19611153656846,8.98436884399866,8.1292149083049,9.83952277969241,8.99437648627598,8.07369672492888,9.91505624762307
"Bird Island","BI10","BI10.3",88,84.8,85.8,85.3,-5.1946205961298,-0.51946205961298,8.87915750034754,1.15429047504518,9.01330245970021,8.1582250679068,9.86837985149361,9.02246578064148,8.10940319896901,9.93552836231395
"Bird Island","BI10","BI10.3",95,93,94,93.5,-5.05550019276608,-0.505550019276608,8.8147196915889,1.14591355990656,9.09609291775768,8.24118629361406,9.9509995419013,9.10284030316986,8.21155603784126,9.99412456849846
"Bird Island","BI10","BI10.3",98,96.3,97.3,96.8,-5.15080995864012,-0.515080995864012,8.79563762526239,1.14343289128411,9.03937414047357,8.18435824102954,9.8943900399176,9.04777665514126,8.141575150581,9.95397815970151
"Bird Island","BI10","BI10.3",104,103.2,104.2,103.7,-5.14084682119248,-0.514084682119248,8.86638463037066,1.15263000194819,9.04530319683796,8.19030029175216,9.90030610192376,9.05353269376591,8.14889113395724,9.95817425357458
"Bird Island","BI10","BI10.3",114,114.9,115.9,115.4,-5.33880155415136,-0.533880155415136,8.62807448322606,1.12164968281939,8.92750046898457,8.07217064552285,9.78283029244629,8.93916760597785,8.00350768882855,9.87482752312715
"Bird Island","BI10","BI10.3",120,121.8,122.7,122.3,-5.45941132050221,-0.545941132050221,8.58487534895951,1.11603379536474,8.8557256785084,8.00012574696632,9.71132561005047,8.86948729921965,7.9149047529934,9.82406984544591
"Bird Island","BI10","BI10.4",135,129.4,130.4,129.9,-5.15374668930943,-0.515374668930943,8.63892667704869,1.12306046801633,9.0376264940362,8.18260669438343,9.89264629368898,9.04608000734817,8.1394186685695,9.95274134612684
"Bird Island","BI10","BI10.4",145,141,142,141.5,-5.37883354462537,-0.537883354462537,8.61036395885455,1.11934731465109,8.90367745849752,8.04826393359676,9.75909098339829,8.91603978257874,7.97410110964939,9.85797845550809
"Bird Island","BI10","BI10.4",155,152.7,153.8,153.2,-5.5302334621362,-0.55302334621362,8.76969936588547,1.14006091756511,8.81357946986666,7.95779592873405,9.66936301099927,8.82857097292503,7.8628691852917,9.79427276055837
"Bird Island","BI10","BI10.4",165,164.8,165.8,165.3,-4.88322592732254,-0.488322592732254,8.63815616889409,1.12296030195623,9.1986132167414,8.34381889851579,10.053407534967,9.20236892366092,8.33801484068361,10.0667230066382
"Bird Island","BI10","BI10.4",168,168.4,170,169.2,-5.24328712482892,-0.524328712482892,8.77955772742215,1.14134250456488,8.98434104134856,8.12918702790355,9.83949505479356,8.99434949494414,8.07366241269093,9.91503657719734
"Bird Island","BI10","BI10.5",181,174.6,175.6,175.1,-5.17927776801265,-0.517927776801265,8.72857245906881,1.13471441967895,9.02243296634771,8.16737791657872,9.8774880161167,9.0313298469778,8.12067035806544,9.94198933589016
"Bird Island","BI10","BI10.5",191,186.6,187.6,187.1,-5.10791455042468,-0.510791455042468,8.71490494063882,1.13293764228305,9.06490116892413,8.20993860524648,9.91986373260178,9.07255877099642,8.17307251281325,9.97204502917958
"Bird Island","BI10","BI10.5",194,190.3,191.3,190.8,-5.26359482994316,-0.526359482994316,9.17960398133751,1.19334851757388,8.97225593975416,8.1170673664913,9.82744451301702,8.98261705266579,8.05874749565014,9.90648660968145
"Bird Island","BI10","BI10.5",197,194,195,194.5,-5.0976914248107,-0.50976914248107,8.89407516616314,1.15622977160121,9.07098494407067,8.2160340882442,9.92593579989713,9.07846501350366,8.18057880751682,9.9763512194905
"Bird Island","BI10","BI10.5",202,199.9,200.8,200.3,-4.78508601277046,-0.478508601277046,8.67703049899777,1.12801396486971,9.25701621359188,8.40223680336525,10.1117956238185,9.25906764349195,8.41003465620576,10.1081006307781
"Bird Island","BI10","BI10.6",218,209.5,210.5,210,-4.86201338611468,-0.486201338611468,8.81944482295733,1.14652782698445,9.21123678568384,8.35644870726993,10.0660248640978,9.21462412009489,8.3535829206502,10.0756653195396
"Bird Island","BI10","BI10.6",228,221.4,222.4,221.9,-5.04958765474348,-0.504958765474348,9.04275541013175,1.17555820331713,9.09961146514065,8.24471051379428,9.95451241648702,9.10625617466683,8.21589688360218,9.99661546573148
"Bird Island","BI10","BI10.6",239,234.2,235.2,234.7,-4.7622179129512,-0.47622179129512,8.88158935590362,1.15460661626747,9.27062500434553,8.41584395080021,10.1254060578909,9.2722793116561,8.42681414359404,10.1177444797182
"Bird Island","BI10","BI10.6",247,243.9,245,244.5,-5.63905654848376,-0.563905654848376,8.78336639404459,1.1418376312258,8.74881892469783,7.89271723566261,9.60492061373306,8.76570022647972,7.78290217032273,9.74849828263672
"Bird Island","BI10","BI10.7",259,250.7,251.7,251.2,-5.21803127861639,-0.521803127861639,8.73889307890912,1.13605610025819,8.99937077836777,8.14425762034746,9.85448393638809,9.00894064427451,8.0922107352577,9.92567055329132
"Bird Island","BI10","BI10.7",271,265,266,265.5,-4.97770263174317,-0.497770263174317,8.95819998038147,1.16456599744959,9.14239019376544,8.28754787476948,9.99723251276139,9.14778656317128,8.26866916100965,10.0269039653329
"Bird Island","BI10","BI10.7",280,275.9,276.9,276.4,-5.23279883518832,-0.523279883518832,8.73175704697569,1.13512841610684,8.9905826154282,8.13544585455044,9.84571937630596,9.00040893160203,8.08136529065037,9.91945257255368
"Bird Island","BI10","BI10.8",300,289.7,290.8,290.3,-4.79442949690052,-0.479442949690052,8.81367998812089,1.14577839845572,9.25145591249817,8.39667661715191,10.1062352078444,9.2536695993694,8.40317862038927,10.1041605783495
"Bird Island","BI10","BI10.8",303,293.4,294.4,293.9,-4.9237895471358,-0.49237895471358,8.69287715253073,1.13007402982899,9.17447383399372,8.31966295015291,10.0292847178345,9.17893396016395,8.30824289165709,10.0496250286708
"Bird Island","BI10","BI10.8",311,303.1,304,303.6,-4.4669974184578,-0.44669974184578,8.80307557099186,1.14439982422894,9.44631052117919,8.59133462419903,10.3012864181593,9.44283809176158,8.64335060202038,10.2423255815028
"Bird Island","BI10","BI10.8",318,311.7,312.8,312.2,-4.95565966580068,-0.495565966580068,8.72498455204253,1.13424799176553,9.15550794790645,8.30067978039273,10.0103361154202,9.16052152382335,8.28484984625313,10.0361932013936
"Bird Island","BI10","BI10.8",326,321.7,322.8,322.2,-5.37232372055808,-0.537232372055809,8.36966059458673,1.08805587729628,8.90755145040218,8.05215193934467,9.7629509614597,8.91980072625415,7.97888320822529,9.86071824428302
"Bird Island","BI10","BI10.9",342,332.1,333.1,332.6,-4.75333163226463,-0.475333163226463,8.12160079471329,1.05580810331273,9.27591322397889,8.42113101005778,10.1306954379,9.2774132140167,8.43333422660893,10.1214922014245
"Bird Island","BI10","BI10.9",348,339.5,340.5,340,-5.25276161786715,-0.525276161786715,8.76031834851882,1.13884138530745,8.9787027769421,8.12353282926735,9.83387272461685,8.98887576258185,8.06670397262563,9.91104755253807
"Bird Island","BI10","BI10.9",361,355.7,356.7,356.2,-4.88302888358314,-0.488302888358314,8.85019577273905,1.15052545045608,9.19873047733761,8.34393622473087,10.0535247299443,9.20248276243718,8.33815945612336,10.066806068751
"Bird Island","BI10","BI10.9",365,360.7,361.7,361.2,-4.33920929912264,-0.433920929912264,8.83194179501929,1.14815243335251,9.52235714466691,8.66719700162554,10.3775172877083,9.51666557377017,8.73702852631657,10.2963026212238
"Bird Island","BI10","BI10.9",372,369.1,371,370.1,-4.8209998848039,-0.48209998848039,8.9814921289308,1.167593976761,9.23564389260678,8.38086315936248,10.0904246258511,9.23831899522009,8.38368110179835,10.0929568886418
"Bird Island","BI10","BI10.10",379,367.3,368.4,367.9,-4.83110441230289,-0.483110441230289,8.84077687981103,1.14930099437543,9.22963069511835,8.37484872977363,10.0844126604631,9.23248127082116,8.37626603789479,10.0886965037475
"Bird Island","BI10","BI10.10",386,375.7,376.6,376.1,-4.84893969613493,-0.484893969613493,8.7033784156252,1.13143919403128,9.21901692975872,8.36423186818824,10.0738019913292,9.22217722923201,8.36317747190331,10.0811769865607
"Bird Island","BI10","BI10.10",390,380.5,381.5,381,-4.97320235487292,-0.497320235487292,8.98787944062394,1.16842432728111,9.14506830549071,8.29022902161094,9.99990758937049,9.15038652403933,8.27197265703578,10.0288003910429
"Bird Island","BI10","BI10.10",392,382.9,384,383.4,-4.69913289553799,-0.469913289553799,9.00010635982522,1.17001382677728,9.30816685559038,8.4533712418538,10.162962469327,9.30872564181822,8.47309830765479,10.1443529759816
"Bird Island","BI10","BI10.10",396,387.7,388.8,388.2,-5.12324038592858,-0.512324038592858,8.9339301416153,1.16141091840999,9.05578077456929,8.20079993565392,9.91076161348466,9.06370452186263,8.16181930217519,9.96558974155008
"Bird Island","BI10","BI10.10",403,396.3,397.4,396.8,-4.94992783063093,-0.494992783063093,8.89802628245142,1.15674341671868,9.15891895914377,8.30409417710238,10.0137437411852,9.16383299722223,8.28905719363108,10.0386088008134
"Bird Island","BI10","BI10.10",410,404.6,405.6,405.1,-4.51797141169104,-0.451797141169104,8.87897314521011,1.15426650887731,9.41597593224211,8.56105669340236,10.2708951710819,9.41338870642034,8.60597392807327,10.2208034847674
"Bird Island","BI10","BI10.11",422,409.9,410.9,410.4,-4.55924985962518,-0.455924985962518,9.15494049394655,1.19014226421305,9.3914111557626,8.53653076010204,10.2462915514232,9.38954076274565,8.57570288681364,10.2033786386777
"Bird Island","BI10","BI10.11",424,412.2,413.2,412.7,-4.55732732913498,-0.455732732913498,9.02543413469161,1.17330643750991,9.39255525235853,8.53767318744908,10.247437317268,9.39065147308331,8.57711282163893,10.2041901245277
"Bird Island","BI10","BI10.11",427,415.8,416.8,416.3,-4.7949581531163,-0.47949581531163,8.30380898861032,1.07949516851934,9.2511413095413,8.39636201104408,10.1059206080385,9.25336417694466,8.40279070025155,10.1039376536378
"Bird Island","BI10","BI10.11",439,430.3,431.3,430.8,-4.83648846769956,-0.483648846769956,8.52642819440421,1.10843566527255,9.22642664738905,8.37164387133114,10.081209423447,9.22937072146024,8.372314958868,10.0864264840525
"Bird Island","BI10","BI10.11",443,435.2,436.3,435.7,-4.67434431263687,-0.467434431263687,8.59407118021473,1.11722925342791,9.32291852452864,8.4681131616649,10.1777238873924,9.32304683746358,8.49128332132984,10.1548103535973
"Bird Island","BI10","BI10.11",449,442.8,443.8,443.3,-4.39637477782873,-0.439637477782873,8.93751154889699,1.16187650135661,9.48833800690766,8.63326774362602,10.3434082701893,9.48363915963524,8.69512620766098,10.2721521116095
"Bird Island","BI10","BI10.12",461,447.5,448.7,448.1,-4.78776571219201,-0.478776571219201,9.31962982035972,1.21155187664676,9.25542152627641,8.40064218201833,10.1102008705345,9.25751949127043,8.40806836836933,10.1069706141715
"Bird Island","BI10","BI10.12",465,452.8,453.9,453.4,-3.63479622580294,-0.363479622580294,9.34867012055559,1.21532711567223,9.94155288872567,9.08429625418844,10.7988095232629,9.923628629238,9.25271287006774,10.5945443884083
"Bird Island","BI10","BI10.12",469,458.3,459.3,458.8,-4.68875056810136,-0.468875056810136,9.23690275058605,1.20079735757619,9.31434537163402,8.4595459511865,10.1691447920815,9.31472386055736,8.4807149578482,10.1487327632665
"Bird Island","BI10","BI10.12",475,466.1,467.2,466.6,-4.75274586410445,-0.475274586410445,9.41157632837554,1.22350492268882,9.27626181421529,8.42147951354419,10.1310441148864,9.277751631927,8.43376401452949,10.1217392493245
"Bird Island","BI10","BI10.12",479,471.4,472.4,471.9,-4.70292093384838,-0.470292093384838,9.19579802455276,1.19545374319186,9.30591259655091,8.45111827245467,10.1607069206471,9.30653716505165,8.47031929292119,10.1427550371821
"Bird Island","BI10","BI10.12",484,478.2,479.2,478.7,-4.8830962526615,-0.48830962526615,9.21515320568939,1.19796991673962,9.19869038604459,8.34389611101897,10.0534846610702,9.20244384106134,8.33811001224054,10.0667776698821
"Bird Island","BI10","BI10.13",506,473.4,474.5,474,-4.58178759476768,-0.458178759476768,8.84805845717108,1.15024759943224,9.37799896480491,8.52313711858832,10.2328608110215,9.37651995733428,8.55917377730944,10.1938661373591
"Bird Island","BI10","BI10.13",519,491,492,491.5,-4.75587419043616,-0.475587419043616,8.85543266284345,1.15120624616965,9.27440014932866,8.41961829724229,10.129182001415,9.27594429289444,8.43146870243669,10.1204198833522
"Bird Island","BI10","BI10.13",522,494.8,495.8,495.3,-4.58530977268075,-0.458530977268075,9.10941512949219,1.18422396683398,9.37590291910829,8.52104380210159,10.230762036115,9.37448507703507,8.55659053789325,10.1923796161769
"Bird Island","BI10","BI10.13",525,498.7,499.7,499.2,-4.11264109640084,-0.411264109640084,9.34103600275103,1.21433468035763,9.65718772904608,8.80155268665447,10.5128227714377,9.64756162261404,8.90303287343562,10.3920903717925
"Bird Island","BI10","BI10.13",529,503.9,505.1,504.5,-4.08138156661252,-0.408138156661252,8.94646476480545,1.16304041942471,9.6757902541054,8.82007482314958,10.5315056850612,9.6656213012841,8.92592704408994,10.4053155584783
"Isla Hermite","HER42PB","HER42PB_1A",3,2.5,3.7,3.1,-4.25228972791561,-0.425228972791561,9.67710058327398,1.25802307582562,9.57408292277277,8.7187629918274,10.4294028537181,9.56688192496828,8.80072731026021,10.3330365396763
"Isla Hermite","HER42PB","HER42PB_1A",5,5.3,6.5,5.9,-4.10325130747022,-0.410325130747022,9.71647584295073,1.26314185958359,9.66277558609532,8.80711677500759,10.518434397183,9.65298641857274,8.90991011296559,10.3960627241799
"Isla Hermite","HER42PB","HER42PB_1A",7,8.1,9.3,8.7,-3.91362535137693,-0.391362535137693,9.64083569746842,1.2533086406709,9.77562186446259,8.91941351548864,10.6318302134365,9.76253969265389,9.04874756796398,10.4763318173438
"Isla Hermite","HER42PB","HER42PB_1A",9,10.9,12.1,11.5,-4.03919490240065,-0.403919490240065,9.65233966531506,1.25480415649096,9.70089550947823,8.84506587853304,10.5567251404234,9.68999395196014,8.95682030279134,10.4231676011289
"Isla Hermite","HER42PB","HER42PB_1A",13,16.3,17.5,16.9,-4.54364363133611,-0.454364363133611,9.77961448264658,1.27134988274405,9.40069841167447,8.5458040710598,10.2555927522891,9.3985570041946,8.58714789781531,10.2099661105739
"Isla Hermite","HER42PB","HER42PB_1A",16,20.5,21.6,21.1,-4.32753952208735,-0.432753952208735,9.96093738096627,1.29492185952562,9.52930182109697,8.67412184638586,10.3844817958081,9.52340759531802,8.7455816374898,10.3012335531462
"Isla Hermite","HER42PB","HER42PB_1A",20,26.1,27.3,26.7,-4.01771344434583,-0.401771344434583,9.73080159766745,1.26500420769677,9.71367911065462,8.85778880906745,10.5695694122418,9.70240451067492,8.97254942861927,10.4322595927306
"Isla Hermite","HER42PB","HER42PB_1A",25,33.1,34.1,33.6,-3.86113519583457,-0.386113519583457,10.0443589944064,1.30576666927283,9.80685872056556,8.95047485971332,10.6632425814178,9.79286501580672,9.08716203488047,10.498567996733
"Isla Hermite","HER42PB","HER42PB_1A",28,37.1,38.2,37.7,-3.39794509775448,-0.339794509775448,9.89376972856614,1.2861900647136,10.08250283502,9.22413179684707,10.9408738731929,10.0604654688886,9.42577001048002,10.6951609272971
"Isla Hermite","HER42PB","HER42PB_1A",31,41.2,42.3,41.7,-4.17232167490673,-0.417232167490673,10.0842068622508,1.31094689209261,9.62167185709507,8.76618028527028,10.4771634289199,9.61308215097904,8.85931686982863,10.3668474321295
"Isla Hermite","HER42PB","HER42PB_1B",40,43.1,44.2,43.7,-4.24120138342842,-0.424120138342842,9.89755861456796,1.28668261989383,9.58068158908624,8.72533926783088,10.4360239103416,9.57328803343433,8.80885218484764,10.337723882021
"Isla Hermite","HER42PB","HER42PB_1B",48,54,55.1,54.5,-4.2950178836979,-0.42950178836979,9.70988201501923,1.2622846619525,9.54865542613219,8.69341753023046,10.4038933220339,9.54219643645269,8.76941613681315,10.3149767360922
"Isla Hermite","HER42PB","HER42PB_1B",50,56.7,57.8,57.2,-4.43119643834511,-0.443119643834511,9.28021534016808,1.20642799422185,9.46761566025851,8.61259422918577,10.3226370913313,9.46352151858491,8.66959863486555,10.2574444023043
"Isla Hermite","HER42PB","HER42PB_1B",56,64.7,65.8,65.2,-4.35106472948076,-0.435106472948076,9.72426031579214,1.26415384105298,9.51530198606985,8.66016147514302,10.3704424969967,9.50981629407169,8.72833905026228,10.2912935378811
"Isla Hermite","HER42PB","HER42PB_1B",60,69.9,70.9,70.4,-4.49283231692321,-0.449283231692321,9.9145902716101,1.28889673530931,9.43093619055546,8.5759902096288,10.2858821714821,9.42791240452577,8.62440779219847,10.2314170168531
"Isla Hermite","HER42PB","HER42PB_1B",63,73.7,74.8,74.3,-4.52188697880531,-0.452188697880531,9.78416517770489,1.27194147310164,9.41364578089762,8.55873049703464,10.2685610647606,9.411126551987,8.60310263294808,10.2191504710259
"Isla Hermite","HER42PB","HER42PB_1B",69,81.5,82.5,82,-3.36142662337259,-0.336142662337259,10.1799865573056,1.32339825244972,10.1042349544542,9.24567384312947,10.9627960657789,10.0815634162129,9.45243388573462,10.7106929466912
"Isla Hermite","HER42PB","HER42PB_1C",80,86.5,87.8,87.2,-3.67904209889313,-0.367904209889313,10.1912024835731,1.3248563228645,9.91522219954047,9.0581509680492,10.7722934310317,9.89806630453586,9.22036272183789,10.5757698872338
"Isla Hermite","HER42PB","HER42PB_1C",86,94.8,96,95.4,-4.28919743499989,-0.428919743499989,9.86126439246674,1.28196437102068,9.55211917122031,8.69687049703036,10.4073678454103,9.54555910485856,8.77368159406711,10.31743661565
"Isla Hermite","HER42PB","HER42PB_1C",90,100.2,101.4,100.8,-4.72397534993142,-0.472397534993142,9.91711791563794,1.28922532903293,9.29338312776343,8.43859500449251,10.1481712510343,9.29437332280514,8.4548727169826,10.1338739286277
"Isla Hermite","HER42PB","HER42PB_1C",91,101.6,103.1,102.3,-4.62403703273255,-0.462403703273256,9.66008641612313,1.25581123409601,9.35285635281407,8.49802421926816,10.20768848636,9.35211104015597,8.52818566479654,10.1760364155154
"Isla Hermite","HER42PB","HER42PB_1C",97,109.8,111,110.4,-3.57677134147811,-0.357677134147811,10.0762156892767,1.30990803960597,9.97608345818805,9.11857280459064,10.8335941117855,9.95715155081967,9.29512761505669,10.6191754865826
"Isla Hermite","HER42PB","HER42PB_1C",104,119.2,120.3,119.8,-4.68839549445999,-0.468839549445999,9.90005448028148,1.28700708243659,9.31455667571812,8.45975711803208,10.1693562334042,9.31492899850763,8.48097544256894,10.1488825544463
"Isla Hermite","HER42PB","HER42PB_1D",118,127.3,128.4,127.8,-4.98261578455332,-0.498261578455332,9.95690713013051,1.29439792691697,9.13946637984725,8.28462066177397,9.99431209792054,9.14494807002666,8.265062553144,10.0248335869093
"Isla Hermite","HER42PB","HER42PB_1D",121,130.9,132.2,131.6,-4.72625856359332,-0.472625856359332,9.62298459446366,1.25098799728028,9.29202438885568,8.43723683949323,10.1468119382181,9.2930542337034,8.45319759169882,10.132910875708
"Isla Hermite","HER42PB","HER42PB_1D",131,143.2,144.4,143.8,-5.11381102033116,-0.511381102033116,9.69417491662022,1.26024273916063,9.0613921836662,8.20642269151033,9.91636167582208,9.06915218258898,8.16874298477409,9.96956138040388
"Isla Hermite","HER42PB","HER42PB_1D",137,150.7,151.9,151.3,-5.02784241875959,-0.502784241875959,9.59664303830568,1.24756359497974,9.11255204038444,8.25767084085354,9.96743323991534,9.11881912673723,8.23186129496108,10.0057769585134
"Isla Hermite","HER42PB","HER42PB_1D",144,159.2,160.3,159.8,-4.45072772345497,-0.445072772345497,9.86948843903248,1.28303349707422,9.4559926056842,8.60099660297868,10.3109886083897,9.45223764018091,8.65527929037586,10.249195989986
"Isla Hermite","HER42PB","HER42PB_1D",147,162.9,164.1,163.5,-4.2418700282313,-0.42418700282313,9.69919628002116,1.26089551640275,9.58028367901576,8.72494272079013,10.4356246372414,9.57290173490821,8.808362249772,10.3374412200444
"Isla Hermite","HER42PB","HER42PB_1E",158,169.3,170.5,169.9,-5.20590302117297,-0.520590302117297,8.6009081215736,1.11811805580457,9.00658829617898,8.15149392014947,9.8616826722085,9.01594754532962,8.10111763995827,9.93077745070097
"Isla Hermite","HER42PB","HER42PB_1E",162,175.6,176.8,176.2,-4.93477592436769,-0.493477592436769,9.55465674419412,1.24210537674524,9.16793584832499,8.31311943061256,10.0227522660374,9.17258676160083,8.30017893284209,10.0449945903596
"Isla Hermite","HER42PB","HER42PB_1E",166,181.9,183.1,182.5,-4.89695423496941,-0.489695423496941,9.50894465211324,1.23616280477472,9.19044351013506,8.33564426665916,10.045242753611,9.19443761994442,8.32793913692806,10.0609361029608
"Isla Hermite","HER42PB","HER42PB_1E",174,194.9,196.1,195.5,-5.01912496105932,-0.501912496105932,9.56477237079309,1.2434204082031,9.1177397935727,8.26286602147068,9.97261356567471,9.12385549439703,8.238261085333,10.0094499034611
"Isla Hermite","HER42PB","HER42PB_1E",179,202.5,203.6,203,-4.75718705168782,-0.475718705168782,9.39204429390632,1.22096575820782,9.27361886648472,8.41883719187345,10.128400541096,9.27518580892159,8.43050542650638,10.1198661913368
"Isla Hermite","HER42PB","HER42PB_1F",184,201.4,202.5,202,-4.37381785621758,-0.437381785621758,9.85249573006977,1.28082444490907,9.50176161571989,8.6466573287121,10.3568659027277,9.49667104971298,8.71166124908856,10.2816808503374
"Isla Hermite","HER42PB","HER42PB_1F",189,208.1,209.3,208.7,-4.78961293059626,-0.478961293059626,9.29849172569536,1.2088039243404,9.25432224785196,8.39954293360513,10.1091015620988,9.25645229125046,8.40671292479453,10.1061916577064
"Isla Hermite","HER42PB","HER42PB_1F",191,210.9,212.2,211.5,-4.95300059425959,-0.495300059425959,9.48007102402048,1.23240923312266,9.15709035958419,8.30226377774106,10.0119169414273,9.16205775862656,8.28680169453106,10.0373138227221
"Isla Hermite","HER42PB","HER42PB_1F",197,219.3,220.5,219.9,-4.56472788852508,-0.456472788852508,9.48399332719607,1.23291913253549,9.38815118446502,8.53327547019564,10.2430268987344,9.38637592174044,8.57168540255864,10.2010664409222
"Isla Hermite","HER42PB","HER42PB_1F",200,223.4,224.6,224,-4.88402965175591,-0.488402965175591,9.33464528764083,1.21350388739331,9.19813492087407,8.34334033350742,10.0529295082407,9.20190458510228,8.33742496614391,10.0663842040606
"Isla Hermite","HER42PB","HER42PB_1F",205,230.3,231.5,230.9,-4.66375548104274,-0.466375548104274,9.38192997598845,1.2196508968785,9.3292199310569,8.47440971103984,10.184030151074,9.32916436057976,8.4990510101951,10.1592777109644
"Isla Hermite","HER42PB","HER42PB_1F",209,235.8,236.9,236.4,-4.62459364647573,-0.462459364647573,9.97282044634227,1.2964666580245,9.35252511235153,8.49769332620397,10.2073568984991,9.35178946573008,8.5277773915213,10.1758015399389
"Isla Hermite","HER42PB","HER42PB_1F",211,238.4,239.5,239,-4.61803612725596,-0.461803612725596,9.80165411054569,1.27421503437094,9.35642748760922,8.50159153597472,10.2112634392437,9.35557796449458,8.53258726242365,10.1785686665655
"Isla Hermite","HER42PB","HER42PB_1F",213,241.1,242.3,241.7,-4.39570135345488,-0.439570135345488,9.71539461511851,1.26300129996541,9.48873876129761,8.633667509479,10.3438100131162,9.4840282194798,8.69561986724467,10.2724365717149
"Isla Hermite","HER42PB","HER42PB_1G",224,246.9,248.1,247.5,-5.11673438567428,-0.511673438567429,9.13586053379655,1.18766186939355,9.05965249092542,8.2046795161054,9.91462546574544,9.06746325639305,8.1665964637847,9.96833004900139
"Isla Hermite","HER42PB","HER42PB_1G",231,256.4,257.6,257,-5.12870438203874,-0.512870438203874,9.72246432315027,1.26392036200954,9.0525291541754,8.19754158982238,9.90751671852841,9.06054778807066,8.15780720848701,9.96328836765432
"Isla Hermite","HER42PB","HER42PB_1G",232,257.7,258.9,258.3,-5.1691265013287,-0.51691265013287,9.33094151569995,1.21302239704099,9.02847397829354,8.17343323256516,9.88351472402191,9.03719457417132,8.12812487095716,9.94626427738548
"Isla Hermite","HER42PB","HER42PB_1G",236,263.2,264.4,263.8,-4.79050370592113,-0.479050370592113,9.2367926374202,1.20078304286463,9.2537921480579,8.39901284377318,10.1085714523426,9.25593766047248,8.40605929371318,10.1058160272318
"Isla Hermite","HER42PB","HER42PB_1G",240,268.6,269.8,269.2,-5.14994944441773,-0.514994944441773,9.52900081118367,1.23877010545388,9.03988623190598,8.18487146925499,9.89490099455698,9.04827380306551,8.14220703589991,9.95434057023111
"Isla Hermite","HER42PB","HER42PB_1G",245,275.2,276.4,275.8,-4.97540893551249,-0.497540893551249,9.45636313148571,1.22932720709314,9.14375517084279,8.28891440813874,9.99859593354683,9.14911170840454,8.27035288700816,10.0278705298009
"Isla Hermite","HER42PB","HER42PB_1G",253,285.8,286.9,286.3,-4.63100673708579,-0.463100673708579,9.51789074530288,1.23732579688937,9.34870868646192,8.49388082026587,10.203536552658,9.34808440821694,8.52307338313014,10.1730954333037
"Isla Hermite","HER42PB","HER42PB_1H",260,285,286.2,285.6,-4.77373685716802,-0.477373685716802,9.62411464185365,1.25113490344097,9.26377008842385,8.40899010438396,10.1185500724637,9.26562443128577,8.41836221611585,10.1128866464557
"Isla Hermite","HER42PB","HER42PB_1H",264,290.3,291.5,290.9,-4.94708354194739,-0.494708354194739,9.37631440482408,1.21892087262713,9.16061159341785,8.30578844623753,10.0154347405982,9.16547623818002,8.29114497281377,10.0398075035463
"Isla Hermite","HER42PB","HER42PB_1H",269,297,298.2,297.6,-4.78125010915243,-0.478125010915243,9.59474094503739,1.24731632285486,9.25929895724359,8.4045194063677,10.1140785081195,9.26128377365194,8.41284931363851,10.1097182336654
"Isla Hermite","HER42PB","HER42PB_1H",273,302.3,303.5,302.9,-4.9238910387782,-0.49238910387782,9.31946955348349,1.21153104195285,9.17441343638589,8.31960250346605,10.0292243693057,9.17887532503853,8.30816839801547,10.0495822520616
"Isla Hermite","HER42PB","HER42PB_1H",278,309.3,310.6,309.9,-4.70907909708067,-0.470907909708067,9.47560411734487,1.23182853525483,9.30224787777158,8.44745553696832,10.1570402185749,9.30297938763382,8.46580143347011,10.1401573417975
"Isla Hermite","HER42PB","HER42PB_1H",281,313.5,314.8,314.2,-4.470227842248,-0.4470227842248,9.77431551837162,1.27066101738831,9.44438809816399,8.58941607686414,10.2993601194638,9.44097176760334,8.64098204353926,10.2409614916674
"Isla Hermite","HER42PB","HER42PB_1H",286,320.5,321.8,321.1,-4.88999781021346,-0.488999781021346,9.55723326093957,1.24244032392214,9.19458327380784,8.33978661316761,10.0493799344481,9.19845657981476,8.33304474613873,10.0638684134908
"Isla Hermite","HER42PB","HER42PB_1I",301,332.1,333.3,332.7,-4.89351948671747,-0.489351948671747,9.62461126774893,1.25119946480736,9.19248752649941,8.33768958067021,10.0472854723286,9.19642198919638,8.3304600507197,10.0623839276731
"Isla Hermite","HER42PB","HER42PB_1I",303,334.9,336.2,335.6,-4.9343908678875,-0.49343908678875,9.31992443349408,1.21159017635423,9.16816499517622,8.3133487789656,10.0229812113868,9.17280922164259,8.30046156590444,10.0451568773807
"Isla Hermite","HER42PB","HER42PB_1I",312,347.6,348.8,348.2,-4.87556917956143,-0.487556917956143,9.32488504534851,1.21223505589531,9.20316974216145,8.34837786814591,10.057961616177,9.20679248361719,8.34363427939592,10.0699506878385
"Isla Hermite","HER42PB","HER42PB_1I",317,354.3,355.4,354.9,-4.00908726407859,-0.400908726407859,9.98161145293741,1.29760948888186,9.71881254470415,8.86289740155624,10.5747276878521,9.70738814430061,8.97886534620266,10.4359109423986
"Isla Hermite","HER42PB","HER42PB_1I",320,358.3,359.6,358.9,-4.01999096357886,-0.401999096357886,9.77188117502338,1.27034455275304,9.71232376049765,8.85643997193821,10.5682075490571,9.70108871143572,8.97088184236253,10.4312955805089
"Isla Hermite","HER42PB","HER42PB_1I",322,361,362.2,361.6,-3.6897938047927,-0.36897938047927,10.1510443814303,1.31963576958594,9.90882386662306,9.05179660336044,10.7658511298857,9.89185468347131,9.21250070873075,10.5712086582119
"Isla Hermite","HER42PB","HER42PB_1J",335,369.7,370.8,370.2,-4.12827419068597,-0.412827419068597,10.050126434033,1.30651643642429,9.6478844851981,8.79228829417314,10.5034806762231,9.63852985977819,8.89158245857632,10.3854772609801
"Isla Hermite","HER42PB","HER42PB_1J",340,376.7,377.9,377.3,-4.76478372629097,-0.476478372629097,9.9168404070467,1.28918925291607,9.2690980905604,8.41431731772419,10.1238788633966,9.27079695524328,8.42493151880787,10.1166623916787
"Isla Hermite","HER42PB","HER42PB_1J",342,379.6,380.9,380.3,-4.7279308776667,-0.47279308776667,10.1189473077536,1.31546315000796,9.29102919588036,8.43624205463881,10.1458163371219,9.29208808178093,8.45197065950953,10.1322055040523
"Isla Hermite","HER42PB","HER42PB_1J",346,385.3,386.5,385.9,-4.73486979994837,-0.473486979994837,9.26659013828764,1.20465671797739,9.28689984791821,8.4321142895985,10.1416854062379,9.28807923367694,8.44687970714119,10.1292787602127
"Isla Hermite","HER42PB","HER42PB_1J",349,389.6,390.9,390.2,-4.1030000129483,-0.41030000129483,9.63604593635603,1.25268597172628,9.66292513129555,8.80726567963087,10.5185845829602,9.6531315998454,8.91009416235798,10.3961690373328
"Isla Hermite","HER42PB","HER42PB_1J",352,394,395.2,394.6,-4.36473390501963,-0.436473390501963,9.58076634298296,1.24549962458779,9.50716746894103,8.65204894924709,10.362285988635,9.50191915295702,8.71831981837384,10.2855184875402
"Isla Hermite","HER42PB","HER42PB_1J",353,395.4,396.6,396,-4.18745997151835,-0.418745997151835,9.92495860830957,1.29024461908024,9.61266306700834,8.75720579828281,10.4681203357339,9.60433624935259,8.84822673793075,10.3604457607744
"Kerguelen","KER1","CAT1-S1-1A",1,0,1.4,0.7,-5.45187575001903,-0.545187575001903,9.94099947962266,1.29232993235095,8.8602100914122,8.00462860762239,9.71579157520202,8.87384085099869,7.92044107096128,9.8272406310361
"Kerguelen","KER1","CAT1-S1-1A",3,3.1,4.7,3.9,-3.95055515609553,-0.395055515609553,10.1002644296905,1.31303437585976,9.75364496262288,8.89755402058409,10.6097359046617,9.74120410599976,9.02171625314881,10.4606919588507
"Kerguelen","KER1","CAT1-S1-1A",5,6.4,7.8,7.1,-3.6369680117777,-0.36369680117777,9.83731019003134,1.27885032470407,9.94026046035926,9.08301309378522,10.7975078269333,9.92237391564793,9.25112512935316,10.5936227019427
"Kerguelen","KER1","CAT1-S1-1A",7,9.3,10.6,9.9,-4.94024396619938,-0.494024396619938,8.97371165059452,1.16658251457729,9.16468182032494,8.30986248198566,10.0195011586642,9.16942769045986,8.29616534325205,10.0426900376677
"Kerguelen","KER1","CAT1-S1-1A",8,10.7,12,11.4,-3.95205745935548,-0.395205745935548,10.0457335657467,1.30594536354707,9.75275094296778,8.8966646707766,10.608837215159,9.74033617502564,9.02061654202818,10.4600558080231
"Kerguelen","KER1","CAT1-S1-1A",9,12.1,13.6,12.8,-4.57084354420315,-0.457084354420315,8.9957658372962,1.16944955884851,9.38451176190249,8.5296411428554,10.2393823809496,9.38284270236221,8.56720022915267,10.1984851755717
"Kerguelen","KER1","CAT1-S1-1A",11,15.1,16.5,15.8,-5.51116819196535,-0.551116819196535,8.8570644882529,1.15141838347288,8.82492519926559,7.96919290450684,9.68065749402434,8.8395856188706,7.87687767911152,9.80229355862969
"Kerguelen","KER1","CAT1-S1-1A",13,18,19.4,18.7,-5.55138806305171,-0.555138806305171,7.51876920640867,0.977439996833127,8.80099038115307,7.94514840982398,9.65683235248216,8.81634925054103,7.84732505204158,9.78537344904047
"Kerguelen","KER1","CAT1-S1-1A",17,24,25.5,24.7,-5.10573982318615,-0.510573982318615,9.63534111880107,1.25259434544414,9.06619534763461,8.21123530687069,9.92115538839854,9.07381518385319,8.17466931083599,9.97296105687039
"Kerguelen","KER1","CAT1-S1-1A",20,28.6,30,29.3,-5.82241319439383,-0.582241319439383,8.64956597971791,1.12444357736333,8.63970350858529,7.78296719092858,9.496439826242,8.65976894313736,7.64813738362295,9.67140050265177
"Kerguelen","KER1","CAT1-S1-1A",23,33,34.4,33.7,-3.51091200043811,-0.351091200043811,10.2084233665595,1.32709503765274,10.015276307549,9.15746239441882,10.8730902206791,9.99520070077996,9.34325506321872,10.6471463383412
"Kerguelen","KER1","CAT1-S1-1A",25,35.9,37.2,36.6,-3.59214249258816,-0.359214249258816,9.22189419575507,1.19884624544816,9.9669360965466,9.10949393548011,10.8243782576131,9.94827112134052,9.28389279751257,10.6126494451685
"Kerguelen","KER1","CAT1-S1-1A",26,37.3,38.7,38,-4.01519878422897,-0.401519878422897,9.98572801629662,1.29814464211856,9.71517558319136,8.85927806822659,10.5710730981561,9.70385731415541,8.97439063254357,10.4333239957672
"Kerguelen","KER1","CAT1-S1-1A",27,38.8,40.1,39.4,-3.8624691888528,-0.38624691888528,9.92040411277186,1.28965253466034,9.80606486222161,8.94968558736731,10.6624441370759,9.79209432330365,9.08618585957987,10.4980027870274
"Kerguelen","KER1","CAT1-S1-1A",28,40.2,41.6,40.9,-3.99808349508638,-0.399808349508638,9.43467774000756,1.22650810620098,9.7253608801977,8.86941365069857,10.5813081096968,9.7137453906669,8.98692180746414,10.4405689738697
"Kerguelen","KER1","CAT1-S1-1B",36,45.1,46.2,45.6,-3.63991564825704,-0.363991564825704,10.1785846220022,1.32321600086029,9.93850632388172,9.08127150850067,10.7957411392628,9.92067096720266,9.24897015797072,10.5923717764346
"Kerguelen","KER1","CAT1-S1-1B",40,50.7,52.1,51.4,-4.07013744607735,-0.407013744607735,9.93760062850563,1.29188808170573,9.68248162263979,8.82673639482579,10.5382268504538,9.67211740679713,8.93416153880801,10.4100732747862
"Kerguelen","KER1","CAT1-S1-1B",41,52.3,53.6,53,-3.46091099948743,-0.346091099948743,10.2348687464063,1.33053293703282,10.045031869436,9.18697711871069,10.9030866201613,10.0240879558496,9.37978343521154,10.6683924764876
"Kerguelen","KER1","CAT1-S1-1B",46,59.9,61.2,60.5,-5.0223401776061,-0.50223401776061,8.9342853070057,1.16145708991074,9.11582642037778,8.26094994155686,9.9707028991987,9.1219979559733,8.23590069520439,10.0080952167422
"Kerguelen","KER1","CAT1-S1-1B",49,64.4,65.8,65.1,-4.94295087349342,-0.494295087349342,8.30274116562577,1.07935635153135,9.16307094162294,8.30825011653744,10.0178917667084,9.16786381933796,8.29417843346342,10.0415492052125
"Kerguelen","KER1","CAT1-S1-1B",51,67.6,68.9,68.3,-5.41787958758475,-0.541787958758475,8.12276516165504,1.05595947101515,8.88044118471037,8.02494032280016,9.73594204662058,8.89348157412331,7.94541693699073,9.84154621125589
"Kerguelen","KER1","CAT1-S1-1B",57,76.5,77.9,77.2,-5.60034268384518,-0.560034268384518,8.56595682570995,1.11357438734229,8.77185751939069,7.91587401008679,9.62784102869459,8.78806652437939,7.81135193798889,9.76478111076989
"Kerguelen","KER1","CAT1-S1-1C",69,86.1,87.5,86.8,-5.58375501858366,-0.558375501858366,8.26461729747913,1.07440024867229,8.78172882778184,7.92579426572044,9.63766338984324,8.79764977488053,7.8235412721129,9.77175827764816
"Kerguelen","KER1","CAT1-S1-1C",73,92.4,93.7,93.1,-5.65373743085391,-0.565373743085391,8.13369763876573,1.05738069303955,8.74008234151718,7.88393439397172,9.59623028906264,8.75721858840029,7.77211317407699,9.74232400272359
"Kerguelen","KER1","CAT1-S1-1C",80,103.1,104.5,103.8,-5.60083534757126,-0.560083534757126,7.69143122339231,0.999886059041,8.77156433554012,7.91557935697739,9.62754931410285,8.78778189602299,7.81098990283942,9.76457388920656
"Kerguelen","KER1","CAT1-S1-1C",86,112.2,113.6,112.9,-5.79953511642772,-0.579953511642773,8.21909763839401,1.06848269299122,8.65331823732739,7.79666785329359,9.5099686213612,8.67298637601157,7.66495430979709,9.68101844222605
"Kerguelen","KER1","CAT1-S1-1C",93,122.9,124.1,123.5,-5.57530754820449,-0.557530754820449,8.34704543059529,1.08511590597739,8.7867559116977,7.93084588713254,9.64266593626287,8.80253016181072,7.82974872457939,9.77531159904204
"Kerguelen","KER1","CAT1-S1-1D",105,130.3,131.4,130.8,-5.78378104116209,-0.578378104116209,8.29732503289176,1.07865225427593,8.66269347687514,7.80610114954713,9.51928580420315,8.68208803361704,7.67653431800801,9.68764174922606
"Kerguelen","KER1","CAT1-S1-1D",108,134.6,135.8,135.2,-5.5479610365254,-0.55479610365254,8.156661708295,1.06036602207835,8.8030298023237,7.94719740856949,9.65886219607791,8.81832915869313,7.84984322131802,9.78681509606824
"Kerguelen","KER1","CAT1-S1-1D",110,137.6,138.8,138.2,-5.70022852327493,-0.570022852327493,7.86148487283987,1.02199303346918,8.71241552382499,7.85611585263563,9.56871519501434,8.73035912519565,7.73794534014335,9.72277291024795
"Kerguelen","KER1","CAT1-S1-1D",114,143.4,144.6,144,-5.68212723790042,-0.568212723790042,8.28138848690783,1.07658050329802,8.72318758652284,7.86694793433473,9.57942723871095,8.74081684479644,7.75124883613375,9.73038485345913
"Kerguelen","KER1","CAT1-S1-1D",117,147.8,148.9,148.4,-5.31156195580278,-0.531156195580278,8.64535379865867,1.12389599382563,8.94371073555981,8.08843448446909,9.79898698665053,8.95490483544381,8.02351615479557,9.88629351609205
"Kerguelen","KER1","CAT1-S1-1D",119,150.7,151.8,151.3,-5.58066679221262,-0.558066679221262,8.18864130774545,1.06452337000691,8.78356662920896,7.92764106804856,9.63949219036936,8.79943394682103,7.82581060166603,9.77305729197603
"Kerguelen","KER1","CAT1-S1-1D",123,156.5,157.7,157.1,-5.72810841154014,-0.572810841154014,8.44258246687294,1.09753572069348,8.69582422115292,7.83942974985861,9.55221869244723,8.71425197877226,7.7174544287234,9.71104952882113
"Kerguelen","KER1","CAT1-S1-1D",124,158,159.2,158.6,-5.81171838627032,-0.581171838627032,8.23262372364728,1.07024108407415,8.6460679816746,7.78937207471662,9.50276388863259,8.66594769244858,7.65599885023144,9.67589653466571
"Kerguelen","KER1","CAT1-S1-1E",132,161.5,162.7,162.1,-5.76673780887276,-0.576673780887276,9.64862594888936,1.25432137335562,8.67283589289678,7.81630534595285,9.52936643984071,8.69193448046792,7.68906164409581,9.69480731684004
"Kerguelen","KER1","CAT1-S1-1E",137,168.8,170,169.4,-5.59405068504045,-0.559405068504045,8.25981199428062,1.07377555925648,8.77560188362875,7.91963706018762,9.63156670706988,8.79170162309569,7.81597560583714,9.76742764035424
"Kerguelen","KER1","CAT1-S1-1E",144,179,180.2,179.6,-5.47326787800578,-0.547326787800578,8.15518753214192,1.06017437917845,8.84747965049897,7.99184525030586,9.70311405069207,8.86148190125998,7.90472429071672,9.81823951180324
"Kerguelen","KER1","CAT1-S1-1E",145,180.4,181.6,181,-4.96309356294805,-0.496309356294805,8.26959825640738,1.07504777333296,9.1510840407361,8.29625130148316,10.005916779989,9.1562267121401,8.27939305896048,10.0330603653197
"Kerguelen","KER1","CAT1-S1-1E",146,181.9,183,182.4,-3.99740856122131,-0.399740856122131,8.36920037765474,1.08799604909512,9.72576253288484,8.86981332080081,10.5817117449689,9.71413532259516,8.98741595322733,10.440854691963
"Kerguelen","KER1","CAT1-S1-1E",147,183.3,184.4,183.8,-5.34396839805301,-0.534396839805301,8.42097595628158,1.09472687431661,8.92442568366921,8.06908538948137,9.77976597785705,8.93618254698195,7.99971235331486,9.87265274064904
"Kerguelen","KER1","CAT1-S1-1E",151,189,190.3,189.7,-5.70920997247221,-0.570920997247221,8.33427550369154,1.0834558154799,8.7070706694752,7.85074077078516,9.56340056816524,8.72517024079487,7.73134432111317,9.71899616047658
"Kerguelen","KER1","CAT1-S1-1E",157,198.4,199.7,199,-5.2580055925314,-0.52580055925314,8.40047850082598,1.09206220510738,8.97558209116203,8.12040318162275,9.83076100070131,8.98584614255776,8.06285254227671,9.90883974283881
"Kerguelen","KER1","CAT1-S1-1E",161,204.5,205.8,205.2,-5.50986174305742,-0.550986174305742,8.41867054746995,1.09442717117109,8.82570266612812,7.96997383398184,9.68143149827439,8.84034039821744,7.87783759721058,9.8028431992243
"Kerguelen","KER1","CAT1-S1-1F",170,210.3,211.7,211,-5.18935788675749,-0.518935788675749,8.19122193444895,1.06485885147836,9.01643429449239,8.16136466418563,9.87150392479915,9.0255062243347,8.11326795714082,9.93774449152858
"Kerguelen","KER1","CAT1-S1-1F",177,220.9,222.2,221.6,-5.6029670888164,-0.56029670888164,8.48543854273557,1.10310701055562,8.77029573776526,7.91430439146169,9.62628708406884,8.78655031761616,7.80942338454735,9.76367725068497
"Kerguelen","KER1","CAT1-S1-1F",179,224,225.4,224.7,-5.39376108704473,-0.539376108704473,8.34695761159659,1.08510448950756,8.89479408808823,8.03934783790583,9.75024033827062,8.90741564071695,7.96313518748263,9.85169609395128
"Kerguelen","KER1","CAT1-S1-1F",180,225.6,226.8,226.2,-5.19324401693626,-0.519324401693626,8.65978743399626,1.12577236641951,9.01412166104832,8.1590463093273,9.86919701276934,9.02326107660619,8.11041411631715,9.93610803689523
"Kerguelen","KER1","CAT1-S1-1F",185,233.2,234.5,233.8,-4.83930252214343,-0.483930252214343,8.35935349275183,1.08671595405774,9.22475200549057,8.36996876304132,10.0795352479398,9.22774494783662,8.3702498519217,10.0852400437516
"Kerguelen","KER1","CAT1-S1-1F",186,234.7,235.9,235.3,-5.28400369337527,-0.528400369337527,8.38205996568466,1.08966779553901,8.96011063891314,8.10488579924238,9.81533547858389,8.9708261678348,8.0437577563215,9.89789457934811
"Kerguelen","KER1","CAT1-S1-1F",188,237.8,239.1,238.4,-5.38435502516425,-0.538435502516425,8.10110829231546,1.05314407800101,8.90039162915893,8.04496609547343,9.75581716284442,8.91284983810451,7.97004500571463,9.85565467049439
"Kerguelen","KER1","CAT1-S1-1F",191,242.3,243.6,242.9,-5.25797432452107,-0.525797432452107,8.252128921372,1.07277675977836,8.97560069873385,8.12042184293206,9.83077955453564,8.98586420713592,8.06287550712984,9.90885290714201
"Kerguelen","KER3","CAT2-S3-1A",6,7.9,9.1,8.5,-6.08752173462732,-0.608752173462732,9.05080416995608,1.17660454209429,8.48193759538926,7.62406543215267,9.33980975862584,8.50660684883439,7.45322923312022,9.55998446454856
"Kerguelen","KER3","CAT2-S3-1A",9,12.3,13.5,12.9,-6.20817430275826,-0.620817430275826,8.95251119508585,1.16382645536116,8.41013733360267,7.55166303637834,9.26861163082699,8.43690181405244,7.36450493860623,9.50929868949865
"Kerguelen","KER3","CAT2-S3-1A",13,18.1,19.3,18.7,-6.4718131836045,-0.64718131836045,9.03247663098054,1.17422196202747,8.25324601371514,7.39327121797832,9.11322080945197,8.2845887912636,7.17059252174115,9.39858506078605
"Kerguelen","KER3","CAT2-S3-1A",15,21,22.1,21.6,-6.39597997085905,-0.639597997085905,9.05117350567887,1.17665255573825,8.29837430739002,7.43885703792168,9.15789157685835,8.32840018138926,7.22637499073525,9.43042537204328
"Kerguelen","KER3","CAT2-S3-1A",20,28.2,29.4,28.8,-6.09752112022976,-0.609752112022976,8.92119492731739,1.15975534055126,8.47598696777244,7.61806692368082,9.33390701186406,8.5008298684351,7.44587644792072,9.55578328894949
"Kerguelen","KER3","CAT2-S3-1A",21,29.6,30.7,30.2,-6.30744234739671,-0.630744234739671,8.86229049412781,1.15209776423662,8.35106298729992,7.49205342300016,9.21007255159968,8.37955133563785,7.29149730214465,9.46760536913104
"Kerguelen","KER3","CAT2-S3-1A",22,31,32.1,31.6,-6.04305606472562,-0.604305606472562,8.97414125341878,1.16663836294444,8.5083990855085,7.65073540977179,9.36606276124522,8.53229615752558,7.48592485247312,9.57866746257804
"Kerguelen","KER3","CAT2-S3-1A",27,38.2,39.3,38.7,-5.21799203801152,-0.521799203801152,8.94295705366394,1.16258441697631,8.99939413042523,8.14428103404969,9.85450722680077,9.00896331488791,8.09223955358315,9.92568707619267
"Kerguelen","KER3","CAT2-S3-1A",28,39.5,40.7,40.1,-5.16828607945428,-0.516828607945428,9.18760189097389,1.19438824582661,9.02897411278325,8.17393453421797,9.88401369134853,9.03768011407234,8.1287420228433,9.94661820530138
"Kerguelen","KER3","CAT2-S3-1A",32,45.1,47,46.1,-5.7193272065114,-0.57193272065114,9.22549097083816,1.19931382620896,8.70104991033328,7.84468560623022,9.55741421443635,8.71932517540154,7.72390844557919,9.71474190522388
"Kerguelen","KER3","CAT2-S3-1B",38,46.4,47.6,47,-5.56957607517664,-0.556957607517664,9.06846230301866,1.17890009939243,8.79016670742462,7.93427318147556,9.64606023337369,8.80584142598807,7.83396033729214,9.777722514684
"Kerguelen","KER3","CAT2-S3-1B",42,51.6,52.7,52.2,-5.38046292954643,-0.538046292954643,9.15476427621045,1.19011935590736,8.90270781263175,8.0472907556481,9.7581248696154,8.91509843226722,7.97290416009628,9.85729270443816
"Kerguelen","KER3","CAT2-S3-1B",45,55.3,56.5,55.9,-3.85764755540974,-0.385764755540974,9.75868882811901,1.26862954765547,9.80893421302626,8.95253833145067,10.6653300946019,9.79487994264073,9.08971415956291,10.5000457257186
"Kerguelen","KER3","CAT2-S3-1B",47,58.1,59.3,58.7,-5.65419247669474,-0.565419247669474,9.12398249192,1.1861177239496,8.73981154404472,7.88366215000316,9.59596093808628,8.75695569315775,7.77177875678821,9.74213262952728
"Kerguelen","KER3","CAT2-S3-1B",52,64.6,65.7,65.1,-5.90003599609404,-0.590003599609404,9.11961915848126,1.18555049060256,8.59351023173241,7.73646802704231,9.45055243642251,8.61492364745734,7.59107566689872,9.63877162801596
"Kerguelen","KER3","CAT2-S3-1B",55,68.3,69.4,68.9,-5.81555468603803,-0.581555468603803,9.00677164100722,1.17088031333094,8.6437850022745,7.78707464805233,9.50049535649665,8.66373133341964,7.65317890190773,9.67428376493154
"Kerguelen","KER3","CAT2-S3-1B",56,69.5,70.7,70.1,-6.07906657935883,-0.607906657935883,9.10587115377252,1.18376324999043,8.48696925257757,7.62913729040548,9.34480121474965,8.51149167558285,7.45944644242049,9.56353690874522
"Kerguelen","KER3","CAT2-S3-1B",62,77.2,78.2,77.7,-5.73669352997762,-0.573669352997762,9.1123419166149,1.18460444915994,8.69071522297054,7.83429098398254,9.54713946195855,8.70929206794266,7.71114445646585,9.70743967941947
"Kerguelen","KER3","CAT2-S3-1B",65,80.8,81.9,81.4,-5.76549215853444,-0.576549215853444,9.29731765213452,1.20865129477749,8.6735771785716,7.81705110514579,9.53010325199742,8.69265413444218,7.68997722605238,9.69533104283197
"Kerguelen","KER3","CAT2-S3-1B",68,84.5,85.6,85.1,-5.46841137821943,-0.546841137821943,9.1456020630957,1.18892826820244,8.85036975024096,7.99474751134227,9.70599198913965,8.86428766405285,7.90829240348393,9.82028292462177
"Kerguelen","KER3","CAT2-S3-1C",78,89.2,90.2,89.7,-5.32904231103802,-0.532904231103802,9.19896970173341,1.19586606122534,8.93330818796836,8.07799787298297,9.78861850295375,8.94480584800783,8.01067630914503,9.87893538687064
"Kerguelen","KER3","CAT2-S3-1C",83,95.7,96.8,96.2,-5.68086854657574,-0.568086854657574,9.30078604194167,1.20910218545242,8.72393663287984,7.86770110934554,9.58017215641413,8.74154403298585,7.75217389574328,9.73091417022841
"Kerguelen","KER3","CAT2-S3-1C",85,98.3,99.3,98.8,-5.58365989709693,-0.558365989709693,9.31404398633085,1.21082571822301,8.78178543451434,7.92585115021704,9.63771971881163,8.79770472975339,7.82361117064072,9.77179828886606
"Kerguelen","KER3","CAT2-S3-1C",89,103.5,104.7,104.1,-5.6400928507721,-0.56400928507721,9.24376986371577,1.20169008228305,8.74820222190613,7.89209729357447,9.60430715023779,8.76510151989459,7.78214059808603,9.74806244170316
"Kerguelen","KER3","CAT2-S3-1C",91,106.1,107.2,106.7,-5.21985061372454,-0.521985061372454,9.20812072157386,1.1970556938046,8.99828809327399,8.14317207093566,9.85340411561231,9.00788955336979,8.09087461219064,9.92490449454893
"Kerguelen","KER3","CAT2-S3-1C",96,112.8,113.9,113.3,-5.10078669999221,-0.510078669999221,9.24452051237576,1.20178766660885,9.06914294790119,8.2141885880393,9.92409730776308,9.07667676922896,8.17830612760146,9.97504741085647
"Kerguelen","KER3","CAT2-S3-1C",101,118.9,119.9,119.4,-5.22989243126953,-0.522989243126953,9.19033913181177,1.19474408713553,8.99231221443682,8.13718016250936,9.84744426636428,9.0020880586143,8.08349980569241,9.9206763115362
"Kerguelen","KER3","CAT2-S3-1D",110,122.4,123.5,123,-5.6024094527841,-0.56024094527841,9.09648095553632,1.18254252421972,8.77062758659136,7.91463790762303,9.6266172655597,8.78687248265276,7.80983316601135,9.76391179929417
"Kerguelen","KER3","CAT2-S3-1D",115,128.9,130,129.5,-5.4832839028027,-0.54832839028027,9.31275444292594,1.21065807758037,8.84151912090875,7.9858593646792,9.69717887713831,8.85569530784004,7.8973653449261,9.81402527075398
"Kerguelen","KER3","CAT2-S3-1D",117,131.4,132.4,131.9,-5.25893315145421,-0.525893315145421,9.48916174310286,1.23359102660337,8.97503010147369,8.11984959618089,9.83021060676649,8.98531026066168,8.06217129419323,9.90844922713013
"Kerguelen","KER3","CAT2-S3-1D",121,136.5,137.6,137.1,-4.97669553942223,-0.497669553942223,9.30414278931411,1.20953856261083,9.14298951372528,8.28814788044535,9.99783114700521,9.14836839417868,8.26940843488979,10.0273283534676
"Kerguelen","KER3","CAT2-S3-1D",124,140.5,141.6,141,-5.10241645720715,-0.510241645720715,9.25670380353425,1.20337149445945,9.06817308048358,8.21321686140837,9.9231292995588,9.07573520383079,8.17710948668423,9.97436092097734
"Kerguelen","KER3","CAT2-S3-1D",130,148.3,149.4,148.9,-5.04110286920673,-0.504110286920673,9.22776885478899,1.19960995112257,9.10466075528158,8.24976771888197,9.95955379168119,9.11115811981494,8.22212612614792,10.000190113482
"Kerguelen","KER3","CAT2-S3-1D",133,152.3,153.4,152.8,-4.89413457509343,-0.489413457509343,9.26511633876385,1.2044651240393,9.1921214878224,8.33732331281995,10.0469196628249,9.19606663201415,8.33000861146637,10.0621246525619
"Kerguelen","KER3","CAT2-S3-1D",134,153.6,154.8,154.2,-4.86330469376294,-0.486330469376294,9.56007943379838,1.24281032639379,9.21046832937472,8.35567991868174,10.0652567400677,9.21387808836154,8.35263523810574,10.0751209386173
"Kerguelen","KER3","CAT2-S3-1D",136,156.4,157.6,157,-4.91192444431532,-0.491192444431532,9.42846853683969,1.22570090978916,9.18153474866659,8.32672933998706,10.0363401573461,9.1857888279683,8.31695162625452,10.0546260296821
"Kerguelen","KER3","CAT2-S3-1D",139,160.4,161.5,160.9,-4.93990323089644,-0.493990323089644,9.28315729272444,1.20681044805418,9.16488459167354,8.31006543856027,10.0197037447868,9.16962454467118,8.29641544719924,10.0428336421431
"Kerguelen","KER3","CAT2-S3-1D",141,163,164.1,163.5,-5.0011670122484,-0.50011670122484,9.26185236574728,1.20404080754715,9.12842655677839,8.27356719962234,9.98328591393444,9.13423040365814,8.25144429773436,10.0170165095819
"Kerguelen","KER3","CAT2-S3-1D",142,164.3,165.5,164.9,-5.0198927613713,-0.50198927613713,9.35644619108558,1.21633800484113,9.11728287612573,8.26240846112739,9.97215729112407,9.12341191040805,8.23769742067651,10.0091264001396
"Kerguelen","KER3","CAT2-S3-1E",150,166.5,167.5,167,-5.3141654403149,-0.53141654403149,9.41025782564113,1.22333351733335,8.94216140368546,8.08688015068998,9.79744265668094,8.95340071513139,8.02160384115932,9.88519758910347
"Kerguelen","KER3","CAT2-S3-1E",152,169.1,170.2,169.6,-5.25578381952785,-0.525578381952785,9.73897403104398,1.26606662403572,8.9769042667755,8.12172916660842,9.83207936694258,8.9871297353307,8.06448432483532,9.90977514582609
"Kerguelen","KER3","CAT2-S3-1E",156,174.6,175.7,175.1,-5.32932055116357,-0.532932055116357,9.36556063730716,1.21752288284993,8.93314260745761,8.07783174114633,9.78845347376888,8.94464509935631,8.01047193038053,9.8788182683321
"Kerguelen","KER3","CAT2-S3-1E",158,177.2,178.3,177.8,-5.26482754296985,-0.526482754296985,9.26795852784079,1.2048346086193,8.97152235306475,8.11633163292738,9.82671307320212,8.98190487301034,8.05784211734774,9.90596762867294
"Kerguelen","KER3","CAT2-S3-1E",159,178.6,179.6,179.1,-5.37590944713725,-0.537590944713725,9.17026485189954,1.19213443074694,8.9054175869373,8.05001037615255,9.76082479772205,8.91772913175939,7.97624914977964,9.85920911373914
"Kerguelen","KER3","CAT2-S3-1E",163,183.8,184.9,184.3,-5.27936228273777,-0.527936228273777,9.17342864976243,1.19254572446912,8.96287273924796,8.10765628245746,9.81808919603846,8.97350766641321,8.04716678873258,9.89984854409384
"Kerguelen","KER3","CAT2-S3-1E",165,186.4,187.5,187,-5.67654641477602,-0.567654641477602,9.1177914194227,1.18531288452495,8.72650873059399,7.87028733977634,9.58273012141164,8.74404107347242,7.75535038055137,9.73273176639348
"Kerguelen","KER3","CAT2-S3-1E",168,190.4,191.5,190.9,-5.09150256680026,-0.509150256680026,9.31300973823763,1.21069126597089,9.07466792929173,8.21972397343227,9.92961188515119,9.0820405243242,8.18512288503887,9.97895816360952
"Kerguelen","KER3","CAT2-S3-1E",171,194,195,194.5,-4.79914716366018,-0.479914716366018,9.64227786533771,1.2534961224939,9.24864843219657,8.3938690721871,10.103427792206,9.25094404507191,8.39971685002055,10.1021712401233
"Kerguelen","KER3","CAT2-S3-1E",174,197.7,198.6,198.1,-3.84168138802284,-0.384168138802284,9.3788574530918,1.21925146890193,9.8184356684521,8.96198418577777,10.6748871511264,9.80410413297733,9.10139715892106,10.5068111070336
"Kerguelen","KER3","CAT2-S3-1E",177,201.6,202.7,202.1,-5.5396203231486,-0.55396203231486,9.09521980661058,1.18237857485938,8.80799335521958,7.95218409057749,9.66380261986167,8.82314786852288,7.85597189954732,9.79032383749843
"Kerguelen","KER3","CAT2-S3-1E",181,207,208.1,207.5,-5.41173499518785,-0.541173499518785,9.17294849557703,1.19248330442501,8.88409782749472,8.02861108256767,9.73958457242177,8.89703151121443,7.94993102351203,9.84413199891683
"Marion Island","PB1","PB1_1A",4,5,6.3,5.7,-5.84453703451313,-0.584453703451313,8.2376791985245,1.07089829580818,8.6265376262763,7.76971637952489,9.48335887302771,8.64698725876117,7.63187439206016,9.66210012546219
"Marion Island","PB1","PB1_1A",7,9.8,11.1,10.4,-5.72577136809151,-0.572577136809151,8.78348385900289,1.14185290167038,8.69721499413039,7.84082857927228,9.55360140898849,8.71560216714701,7.71917211833971,9.7120322159543
"Marion Island","PB1","PB1_1A",9,12.6,13.8,13.2,-5.87009895868634,-0.587009895868634,8.50520825128065,1.10567707266648,8.61132574246945,7.75440413054369,9.46824735439522,8.63221927792837,7.61308352031761,9.65135503553912
"Marion Island","PB1","PB1_1A",14,19.4,20.7,20.1,-5.73741878564923,-0.573741878564923,8.72114306576237,1.13374859854911,8.69028362381032,7.83385685768492,9.54671038993572,8.70887306341919,7.71061139773331,9.70713472910507
"Marion Island","PB1","PB1_1A",16,22.3,23.5,22.9,-5.92452989897693,-0.592452989897693,8.84556195613134,1.14992305429707,8.57893392667392,7.72179060934201,9.43607724400583,8.60077269834083,7.57306864674208,9.62847674993958
"Marion Island","PB1","PB1_1A",17,23.7,24.9,24.3,-5.97566797255233,-0.597566797255233,8.784852211432,1.14203078748616,8.54850169363608,7.69114018241188,9.40586320486027,8.57122851828338,7.53547203371056,9.6069850028562
"Marion Island","PB1","PB1_1A",22,30.4,31.6,31,-5.62733378697291,-0.562733378697291,9.02943561328963,1.17382662972765,8.7557951321535,7.89972981106532,9.61186045324168,8.77247285893598,7.79151707739729,9.75342864047467
"Marion Island","PB1","PB1_1A",28,38.5,39.8,39.2,-4.62976138622087,-0.462976138622087,10.0619727146222,1.30805645290089,9.34944979392033,8.49462117841198,10.2042784094287,9.34880388917536,8.52398685497713,10.1736209233736
"Marion Island","PB1","PB1_1A",32,44,45.3,44.7,-3.76653466412954,-0.376653466412954,10.5403489125535,1.37024535863195,9.86315543307482,9.00642967299591,10.7198811931537,9.8475189154712,9.15637463050021,10.5386632004422
"Marion Island","PB1","PB1_1B",39,46.4,47.6,47,-3.9658966259958,-0.39658966259958,10.4851515775509,1.36306970508162,9.74451526424932,8.88847161970484,10.6005589087938,9.73234082435089,9.01048575649022,10.4541958922115
"Marion Island","PB1","PB1_1B",41,49.3,50.5,49.9,-2.45800724079423,-0.245800724079423,11.0087071590579,1.43113193067752,10.641859218712,9.77705581462588,11.506662622798,10.6034990903625,10.1099042461962,11.0970939345289
"Marion Island","PB1","PB1_1B",42,50.6,51.8,51.2,-2.32424559707499,-0.232424559707499,10.8556711053061,1.4112372436898,10.7214606825252,9.85548359242483,11.5874377726255,10.6807776777344,10.2067777576653,11.1547775978034
"Marion Island","PB1","PB1_1B",44,53.3,54.5,53.9,-1.95851564554305,-0.195851564554305,10.8330522105511,1.40829678737164,10.939106329609,10.0695960978838,11.8086165613343,10.8920721357576,10.4707207671412,11.3134235043739
"Marion Island","PB1","PB1_1B",45,54.7,55.8,55.2,-1.88856038302436,-0.188856038302436,10.8616353190277,1.4120125914736,10.9807366590749,10.1104968963027,11.8509764218471,10.9324876369158,10.5210210027528,11.3439542710788
"Marion Island","PB1","PB1_1B",46,56,57.7,56.8,-1.43407704177132,-0.143407704177132,10.9968900931697,1.42959571211206,11.2511993884235,10.3758043623383,12.1265944145086,11.1950579045912,10.8458359418825,11.5442798672999
"Marion Island","PB1","PB1_1B",52,64.3,65.4,64.9,-1.80303033143909,-0.180303033143909,10.8874988091006,1.41537484518307,11.0316355349925,10.1604805191027,11.9027905508824,10.9819012160299,10.5824240143662,11.3813784176936
"Marion Island","PB1","PB1_1B",54,66.9,68.1,67.5,-2.60675795413868,-0.260675795413868,10.7834144728247,1.40184388146721,10.5533377696908,9.68976452345273,11.4169110159289,10.5175608147988,10.0020010217992,11.0331206077983
"Marion Island","PB1","PB1_1B",57,70.8,72,71.4,-2.13423317549575,-0.213423317549575,10.7754098815195,1.40080328459753,10.834536946242,9.96678325864563,11.7022906338384,10.7905542258871,10.3440948494048,11.2370136023694
"Marion Island","PB1","PB1_1B",62,77.7,78.9,78.3,-3.00893233225744,-0.300893233225744,10.5705629452994,1.37417318288892,10.3140040689655,9.45335855745869,11.1746495804724,10.2852111893457,9.70950837895715,10.8609139997342
"Marion Island","PB1","PB1_1B",64,80.4,81.5,81,-3.5449958955412,-0.35449958955412,10.3741253781368,1.34863629915779,9.99499300459886,9.13733801867447,10.8526479905232,9.97550929155039,9.3183497860449,10.6326687970559
"Marion Island","PB1","PB1_1B",65,81.7,82.8,82.3,-3.04876908698792,-0.304876908698792,10.4934373542256,1.36414685604932,10.2902972431376,9.42990992654639,11.1506845597288,10.262196160183,9.68048495483538,10.8439073655306
"Marion Island","PB1","PB1_1B",66,83,84.1,83.6,-3.33975849380325,-0.333975849380325,10.4229678739275,1.35498582361058,10.1171296437228,9.25845345205868,10.9758058353869,10.0940818213218,9.4682522949758,10.7199113476678
"Marion Island","PB1","PB1_1B",67,84.3,85.4,84.9,-2.96117209615319,-0.296117209615319,11.0224283333139,1.4329156833308,10.3424261532062,9.48146351332419,11.2033887930883,10.3128038794178,9.74429353813172,10.8813142207039
"Marion Island","PB1","PB1_1B",68,85.6,86.6,86.1,-2.97428635014994,-0.297428635014994,10.4479137992733,1.35822879390553,10.3346218695123,9.4737471309987,11.1954966080258,10.3052273350877,9.73474326505571,10.8757114051197
"Marion Island","PB1","PB1_1C",77,89.2,90.3,89.7,-2.79832867469913,-0.279832867469913,10.404229074727,1.35254977971452,10.4393341633029,9.57722823640839,11.3014400901975,10.4068839850658,9.86280079171428,10.9509671784174
"Marion Island","PB1","PB1_1C",79,91.8,92.9,92.4,-2.70998746137974,-0.270998746137974,10.4002582713391,1.35203357527409,10.4919059596695,9.62913978819213,11.3546721311468,10.4579216665881,9.92702242118206,10.9888209119941
"Marion Island","PB1","PB1_1C",81,94.5,95.6,95.1,-2.45192511760049,-0.245192511760049,10.4901326127221,1.36371723965388,10.6454786861157,9.78062329941157,11.5103340728198,10.6070129369001,10.1143124400852,11.0997134337149
"Marion Island","PB1","PB1_1C",84,98.5,99.6,99.1,-2.57533491515217,-0.257533491515217,10.3786122392549,1.34921959110313,10.5720375989635,9.70821108665305,11.435864111274,10.535714958216,10.0248093602972,11.0466205561349
"Marion Island","PB1","PB1_1C",86,101.2,102.3,101.8,-2.28575894002549,-0.228575894002549,10.6016475287658,1.37821417873956,10.7443640661352,9.87803747553076,11.6106906567397,10.7030127101902,10.2346204997691,11.1714049206114
"Marion Island","PB1","PB1_1C",87,102.6,103.7,103.1,-2.10702557098959,-0.210702557098959,10.4169446285926,1.35420280171704,10.8507281733033,9.98270963268373,11.7187467139228,10.8062729714374,10.3637255223456,11.2488204205292
"Marion Island","PB1","PB1_1C",88,103.9,105,104.4,-2.44660360371623,-0.244660360371623,10.3983648191448,1.35178742648882,10.6486455154332,9.78374453853564,11.5135464923308,10.6100873539319,10.1181691068253,11.1020056010385
