"Location","Site","Section","sample","top","bottom","mp","depth","depth_err","SH20_min_age_95CI","SH20_max_age_95CI","SH20_median_age","SH20_mean_age","SH20_mean_95CI","accrate","accrate_err","Water_Content_pc","Dry_mass","Dry_mass_err","LOI550","LOI550_err","C_org_pc","C_org_pc_err","Volume_cm3","Volume_err_cm3","Wet_density_g_cm3","Dry_density_g_cm3","Dry_density_err_g_cm3","DMAR_g_cm2_yr","DMAR_err_g_cm2_yr","DMAR_err_pc"
"Marion Island","PB1","PB1.1A",1,0,1,0.5,0.5,0.5,-68.7,-65.5,-67,-67,2,1.27841,1.24808,92.7,7.3,0.36,0,0,0,0,1.4841,0.0557,1.12,0.0817,0.0071,0.1045,0.1111,106.4
"Marion Island","PB1","PB1.1A",2,1.1,3,2,2,0.9,-67.7,-63.7,-65.8,-65.8,2,1.20177,0.50575,93.33,6.67,0.33,0,0,0,0,3.7178,0.1933,0.6307,0.0421,0.0043,0.0506,0.0264,52.3
"Marion Island","PB1","PB1.1A",3,3.1,4.9,4,4,0.9,-67.3,-59.6,-64.5,-64.2,4,0.19107,0.03151,94.75,5.25,0.26,0,0,0,0,4.4518,0.2916,0.4123,0.0216,0.0025,0.0041,0.0012,28
"Marion Island","PB1","PB1.1A",4,5,6.3,5.7,5.7,0.7,-64.3,-40.8,-56.6,-55.5,12,0.08948,-0.0087,93.64,6.36,0.32,0,0,0,0,1.5945,0.1036,1.2693,0.0807,0.0093,0.0072,0.0001,1.8
"Marion Island","PB1","PB1.1A",5,6.4,7.7,7.1,7.1,0.7,-62.2,2.9,-43.6,-39.6,33,0.08663,-0.06331,92.59,7.41,0.37,0,0,0,0,2.5315,0.2063,1.1521,0.0854,0.0112,0.0074,-0.0044,-59.9
"Marion Island","PB1","PB1.1A",6,7.9,9.7,8.8,8.8,0.9,-60.2,55.4,-27.8,-20.3,58,0.09206,-0.25314,90.79,9.21,0.46,0,0,0,0,4.7062,0.4541,0.7619,0.0702,0.0103,0.0065,-0.0168,-260.3
"Marion Island","PB1","PB1.1A",7,9.8,11.1,10.4,10.4,0.7,-55.1,96.7,-11.7,-2.1,76,0.08802,-3.17392,88.48,11.52,0.58,0,0,0,0,3.9806,0.4359,0.9867,0.1136,0.0181,0.01,-0.3591,-3590
"Marion Island","PB1","PB1.1A",8,11.2,12.5,11.8,11.8,0.6,-46.5,110.6,6.4,13.8,79,0.08487,0.48874,89.34,10.66,0.53,0,0,0,0,3.8275,0.4574,1.0647,0.1135,0.0192,0.0096,0.0571,592.8
"Marion Island","PB1","PB1.1A",9,12.6,13.8,13.2,13.2,0.6,-40.6,127,24.1,29.6,84,0.09307,0.26736,89.37,10.63,0.53,0,0,0,0,2.9679,0.3725,1.1774,0.1252,0.022,0.0116,0.0355,304.8
"Marion Island","PB1","PB1.1A",10,13.9,15.2,14.5,14.5,0.7,-36.6,152.5,38.2,44.4,95,0.0834,0.18137,88.89,11.11,0.56,0,0,0,0,4.2887,0.6047,0.9624,0.1069,0.0204,0.0089,0.0211,236.6
"Marion Island","PB1","PB1.1A",11,15.3,16.6,15.9,15.9,0.6,-25.5,170.8,56.3,61.1,98,0.07958,0.13089,88.65,11.35,0.57,0,0,0,0,4.1237,0.6227,1.0868,0.1233,0.0248,0.0098,0.0181,184.6
"Marion Island","PB1","PB1.1A",12,16.7,17.9,17.3,17.3,0.6,-14.9,186.2,76.1,78.4,101,0.07958,0.10498,89.33,10.67,0.53,0,0,0,0,3.5423,0.5597,1.1515,0.1228,0.0255,0.0098,0.0149,152.7
"Marion Island","PB1","PB1.1A",13,18.1,19.3,18.7,18.7,0.6,-5.3,200.4,94.6,95.6,103,0.08136,0.09025,89.07,10.93,0.55,0,0,0,0,3.6361,0.6127,1.0363,0.1133,0.0248,0.0092,0.0122,132.8
"Marion Island","PB1","PB1.1A",14,19.4,20.7,20.1,20.1,0.7,2.8,221.1,112.8,112.8,109,0.08745,0.08746,89.67,10.33,0.52,0,0,0,0,4.082,0.7348,0.9981,0.1031,0.0237,0.009,0.0111,123
"Marion Island","PB1","PB1.1A",15,20.9,22.2,21.5,21.5,0.7,21.8,228.2,130.9,129,103,0.08591,0.07129,88.41,11.59,0.58,0,0,0,0,3.9806,0.7543,1.1213,0.1299,0.0311,0.0112,0.0119,106.9
"Marion Island","PB1","PB1.1A",16,22.3,23.5,22.9,22.9,0.6,33.1,237.9,150,145.3,102,0.08437,0.06175,88.27,11.73,0.59,0,0,0,0,4.3273,0.8741,1.2467,0.1462,0.0368,0.0123,0.0121,98.4
"Marion Island","PB1","PB1.1A",17,23.7,24.9,24.3,24.3,0.6,41.3,250.5,170.5,161.6,105,0.08595,0.05786,88.55,11.45,0.57,0,0,0,0,4.8578,1.042,0.9916,0.1135,0.03,0.0098,0.0092,93.8
"Marion Island","PB1","PB1.1A",18,25,26.2,25.6,25.6,0.6,53.7,261.7,186.9,176.9,104,0.08255,0.05035,89.05,10.95,0.55,0,0,0,0,4.9854,1.1317,1.1532,0.1263,0.035,0.0104,0.0092,88.7
"Marion Island","PB1","PB1.1A",19,26.3,27.5,26.9,26.9,0.6,67.5,266.4,204.1,192.7,99,0.08573,0.04617,89.25,10.75,0.54,0,0,0,0,4.7689,1.1207,1.2457,0.134,0.0382,0.0115,0.0095,82.4
"Marion Island","PB1","PB1.1A",20,27.6,28.9,28.2,28.2,0.6,79.5,274.2,220.5,208.4,97,0.08108,0.03967,89.57,10.43,0.52,0,0,0,0,5.0786,1.2468,1.157,0.1207,0.0357,0.0098,0.0077,78.5
"Marion Island","PB1","PB1.1A",21,29,30.2,29.6,29.6,0.6,89.3,288.9,238.7,225.3,100,0.04411,0.02047,89.55,10.45,0.52,0,0,0,0,4.8578,1.2363,1.0923,0.1142,0.0348,0.005,0.0039,76.9
"Marion Island","PB1","PB1.1A",22,30.4,31.6,31,31,0.6,121,335.6,266.6,256.4,107,0.03732,0.01637,89.28,10.72,0.54,0,0,0,0,4.8578,1.2849,1.0452,0.112,0.0352,0.0042,0.0031,75.3
"Marion Island","PB1","PB1.1A",23,31.7,33,32.4,32.4,0.6,144.3,435.6,294.4,293.1,146,0.03946,0.02037,88.47,11.53,0.58,0,0,0,0,4.8578,1.3335,1.2126,0.1398,0.0454,0.0055,0.0046,84.1
"Marion Island","PB1","PB1.1A",24,33.1,34.3,33.7,33.7,0.6,161,521.3,321.4,327.3,180,0.03661,0.0208,87.52,12.48,0.62,0,0,0,0,5.2022,1.493,1.1365,0.1419,0.0478,0.0052,0.0047,90.5
"Marion Island","PB1","PB1.1A",25,34.4,35.7,35.1,35.1,0.6,178.2,612.3,352.2,364.1,217,0.03978,0.02443,86.61,13.39,0.67,0,0,0,0,4.7493,1.3963,1.1855,0.1587,0.0546,0.0063,0.006,95.8
"Marion Island","PB1","PB1.1A",26,35.8,37,36.4,36.4,0.6,215.9,639.2,390.3,398.6,212,0.03693,0.02025,86.74,13.26,0.66,0,0,0,0,4.6419,1.4088,1.176,0.1559,0.0551,0.0058,0.0052,90.2
"Marion Island","PB1","PB1.1A",27,37.2,38.4,37.8,37.8,0.6,243.7,664.6,429.7,435.7,210,0.03694,0.01845,86.21,13.79,0.69,0,0,0,0,5.0786,1.6023,1.0846,0.1495,0.0547,0.0055,0.0048,86.5
"Marion Island","PB1","PB1.1A",28,38.5,39.8,39.2,39.2,0.6,263,720.9,465.2,472.8,229,0.04041,0.02021,85.62,14.38,0.72,0,0,0,0,5.1908,1.6922,1.1663,0.1677,0.0631,0.0068,0.0059,87.6
"Marion Island","PB1","PB1.1A",29,39.9,41.2,40.5,40.5,0.6,292.2,764.7,499.1,506.8,236,0.03851,0.01855,83.43,16.57,0.83,0,0,0,0,4.6419,1.5481,1.2167,0.2016,0.0773,0.0078,0.0067,86.5
"Marion Island","PB1","PB1.1A",30,41.3,42.5,41.9,41.9,0.6,326,789.1,535.8,542.4,232,0.03851,0.01702,79.39,20.61,1.03,0,0,0,0,4.2249,1.4428,1.272,0.2622,0.1026,0.0101,0.0084,83.3
"Marion Island","PB1","PB1.1A",31,42.7,43.9,43.3,43.3,0.6,354.5,817.5,574.1,578,231,0.03851,0.01598,73.61,26.39,1.32,0,0,0,0,4.3273,1.5232,1.2736,0.3361,0.1351,0.0129,0.0106,81.7
"Marion Island","PB1","PB1.1A",32,44,45.3,44.7,44.7,0.6,370.7,857.4,610.8,613.7,243,0.03973,0.01631,72.18,27.82,1.39,0,0,0,0,4.1237,1.4887,1.3275,0.3693,0.1518,0.0147,0.0121,82.2
"Marion Island","PB1","PB1.1B",38,45.1,46.2,45.7,45.7,0.6,403.2,877.4,636.9,639.3,237,0.03942,0.01509,71.09,28.91,1.45,0,0,0,0,3.3682,1.413,1.4175,0.4098,0.1924,0.0162,0.0138,85.2
"Marion Island","PB1","PB1.1B",39,46.4,47.6,47,47,0.6,446.3,898.8,672.9,672.7,226,0.03938,0.01373,74.24,25.76,1.29,0,0,0,0,4.173,1.8069,1.1934,0.3074,0.1485,0.0121,0.0101,83.2
"Marion Island","PB1","PB1.1B",40,47.8,49.1,48.4,48.4,0.6,476,922.7,713.7,708.7,223,0.03741,0.01229,58.05,41.95,2.1,0,0,0,0,3.9806,1.7495,1.2786,0.5364,0.2626,0.0201,0.0164,81.8
"Marion Island","PB1","PB1.1B",41,49.3,50.5,49.9,49.9,0.6,495.5,961,754.6,747.3,233,0.04402,0.01424,54.13,45.87,2.29,0,0,0,0,3.768,1.6956,1.5497,0.7109,0.3555,0.0313,0.0258,82.3
"Marion Island","PB1","PB1.1B",42,50.6,51.8,51.2,51.2,0.6,545.2,975.3,786,778.9,215,0.03961,0.0114,56.61,43.39,2.17,0,0,0,0,3.6744,1.6884,1.3229,0.5741,0.2925,0.0227,0.0181,79.7
"Marion Island","PB1","PB1.1B",43,52,53.1,52.6,52.6,0.6,592,998.4,821.3,812.8,203,0.04185,0.0109,59.61,40.39,2.02,0,0,0,0,3.1172,1.4589,1.4442,0.5833,0.3022,0.0244,0.019,77.8
"Marion Island","PB1","PB1.1B",44,53.3,54.5,53.9,53.9,0.6,621.1,1018.5,855.2,844.3,199,0.04125,0.01015,55.35,44.65,2.23,0,0,0,0,3.4327,1.6443,1.4306,0.6388,0.3379,0.0264,0.0204,77.5
"Marion Island","PB1","PB1.1B",45,54.7,55.8,55.2,55.2,0.6,654.6,1045.9,887.3,876.3,196,0.03743,0.00873,47.62,52.38,2.62,0,0,0,0,3.1172,1.5212,1.8913,0.9906,0.533,0.0371,0.0286,77.1
"Marion Island","PB1","PB1.1B",46,56,57.7,56.8,56.8,0.9,757.5,1072.6,921.1,918.8,158,0.03744,0.00698,44.04,55.96,2.8,0,0,0,0,4.8175,2.3991,1.1148,0.6238,0.3419,0.0234,0.0172,73.4
"Marion Island","PB1","PB1.1B",47,57.9,59,58.4,58.4,0.6,850.6,1111.5,957.2,961.4,130,0.03813,0.00553,53.46,46.54,2.33,0,0,0,0,3.2835,1.6713,1.6106,0.7496,0.419,0.0286,0.0201,70.4
"Marion Island","PB1","PB1.1B",48,59.2,60.3,59.7,59.7,0.6,909.6,1147.7,987.6,995.9,119,0.02007,0.00259,58.01,41.99,2.1,0,0,0,0,3.8869,2.027,1.5123,0.635,0.3629,0.0127,0.0089,70.1
"Marion Island","PB1","PB1.1B",49,60.5,61.5,61,61,0.5,949.9,1212.5,1056.6,1059.1,131,0.01802,0.00238,42.4,57.6,2.88,0,0,0,0,3.3799,1.7964,1.8334,1.0561,0.6141,0.019,0.0136,71.4
"Marion Island","PB1","PB1.1B",50,61.7,62.9,62.3,62.3,0.6,971.1,1388.4,1113.1,1130.8,209,0.01837,0.00357,47.14,52.86,2.64,0,0,0,0,3.768,2.0347,1.5664,0.828,0.4885,0.0152,0.0119,78.4
"Marion Island","PB1","PB1.1B",51,63.1,64.1,63.6,63.6,0.5,985.2,1578.3,1174.2,1202.6,297,0.01767,0.0045,49.2,50.8,2.54,0,0,0,0,3.2151,1.7667,1.7415,0.8847,0.5304,0.0156,0.0134,85.4
"Marion Island","PB1","PB1.1B",52,64.3,65.4,64.9,64.9,0.5,997.4,1772.2,1233.1,1274.3,387,0.01876,0.00586,47.24,52.76,2.64,0,0,0,0,3.7179,2.0876,1.8043,0.9519,0.5821,0.0179,0.0165,92.4
"Marion Island","PB1","PB1.1B",53,65.6,66.7,66.2,66.2,0.5,1047.3,1825.4,1305.5,1343.2,389,0.01919,0.00572,50.23,49.77,2.49,0,0,0,0,3.454,1.9688,1.5285,0.7608,0.4717,0.0146,0.0134,91.8
"Marion Island","PB1","PB1.1B",54,66.9,68.1,67.5,67.5,0.6,1078.8,1913.7,1381.3,1411.9,417,0.01919,0.00584,71.21,28.79,1.44,0,0,0,0,3.0897,1.7827,1.266,0.3645,0.2286,0.007,0.0065,93.1
"Marion Island","PB1","PB1.1B",55,68.3,69.4,68.8,68.8,0.5,1099.2,1994.4,1448.2,1480.6,448,0.01842,0.00571,56.24,43.76,2.19,0,0,0,0,3.454,2.0379,1.4777,0.6467,0.4139,0.0119,0.0113,95
"Marion Island","PB1","PB1.1B",56,69.5,70.6,70.1,70.1,0.5,1126.8,2098,1513.6,1549.4,486,0.01866,0.00599,64.39,35.61,1.78,0,0,0,0,3.297,1.9782,1.5272,0.5438,0.3535,0.0101,0.0099,97.1
"Marion Island","PB1","PB1.1B",57,70.8,72,71.4,71.4,0.6,1194.5,2147.1,1585,1620.1,476,0.01864,0.00564,51.7,48.3,2.41,0,0,0,0,3.4006,2.0676,1.5679,0.7572,0.4983,0.0141,0.0136,96
"Marion Island","PB1","PB1.1B",58,72.2,73.4,72.8,72.8,0.6,1245.9,2221.3,1673.7,1696.1,488,0.01864,0.00552,64.23,35.77,1.79,0,0,0,0,4.1237,2.5608,1.2595,0.4506,0.3023,0.0084,0.0081,96.7
"Marion Island","PB1","PB1.1B",59,73.6,74.8,74.2,74.2,0.6,1276.3,2316.3,1764.2,1772.2,520,0.01742,0.00525,70.1,29.9,1.5,0,0,0,0,3.4907,2.1939,1.1504,0.344,0.2334,0.006,0.0059,98
"Marion Island","PB1","PB1.1B",60,75,76.2,75.6,75.6,0.6,1341.5,2406.5,1843.4,1850.7,532,0.01673,0.00494,61.16,38.84,1.94,0,0,0,0,3.611,2.311,1.2792,0.4968,0.3428,0.0083,0.0082,98.5
"Marion Island","PB1","PB1.1B",61,76.4,77.6,77,77,0.6,1432.1,2445.8,1936,1932.4,507,0.01802,0.00487,70.42,29.58,1.48,0,0,0,0,3.4006,2.2036,1.3885,0.4108,0.2867,0.0074,0.0072,96.8
"Marion Island","PB1","PB1.1B",62,77.7,78.9,78.3,78.3,0.6,1482.1,2488.3,2025.3,2008.3,503,0.01643,0.00424,64.87,35.13,1.76,0,0,0,0,3.7018,2.4451,1.3982,0.4912,0.349,0.0081,0.0078,96.8
"Marion Island","PB1","PB1.1B",63,79.1,80.2,79.7,79.7,0.6,1526.9,2568.5,2113.8,2090.1,521,0.0171,0.00438,68.98,31.02,1.55,0,0,0,0,3.2589,2.177,1.201,0.3725,0.2675,0.0064,0.0062,97.4
"Marion Island","PB1","PB1.1B",64,80.4,81.5,81,81,0.5,1658,2607.4,2185.6,2167.2,475,0.01669,0.00377,73.01,26.99,1.35,0,0,0,0,2.7977,1.8913,1.3489,0.364,0.2643,0.0061,0.0058,95.2
"Marion Island","PB1","PB1.1B",65,81.7,82.8,82.3,82.3,0.5,1773.3,2634.7,2263.2,2244.6,431,0.01669,0.00332,63.9,36.1,1.81,0,0,0,0,3.0357,2.0871,1.5281,0.5517,0.4068,0.0092,0.0086,93.6
"Marion Island","PB1","PB1.1B",66,83,84.1,83.6,83.6,0.5,1846.4,2668,2345,2322.1,411,0.01669,0.00306,73.27,26.73,1.34,0,0,0,0,3.1998,2.2351,1.2263,0.3278,0.2454,0.0055,0.0051,93.2
"Marion Island","PB1","PB1.1B",67,84.3,85.4,84.9,84.9,0.5,1913.3,2723.1,2425.5,2399.5,405,0.01972,0.00346,44.69,55.31,2.77,0,0,0,0,2.2106,1.5518,1.6277,0.9003,0.677,0.0178,0.0165,92.7
"Marion Island","PB1","PB1.1B",68,85.6,86.6,86.1,86.1,0.5,2063.4,2740.2,2478.5,2462.5,338,0.02005,0.00287,68.03,31.97,1.6,0,0,0,0,2.3359,1.669,0.9012,0.2881,0.2203,0.0058,0.0052,90.8
"Marion Island","PB1","PB1.1C",75,86.5,87.6,87,87,0.5,2167.4,2752.5,2520.1,2509.2,293,0.01843,0.00227,66.42,33.58,1.68,0,0,0,0,4.1793,3.3184,1.2773,0.4289,0.362,0.0079,0.0076,96.7
"Marion Island","PB1","PB1.1C",76,87.8,88.9,88.4,88.4,0.5,2307.9,2782.1,2602.3,2581.8,237,0.01985,0.00195,61.1,38.9,1.95,0,0,0,0,3.2835,2.6235,1.4881,0.5789,0.4915,0.0115,0.0109,94.7
"Marion Island","PB1","PB1.1C",77,89.2,90.3,89.7,89.7,0.5,2379,2830.8,2712.6,2649.3,226,0.03193,0.00292,60.87,39.13,1.96,0,0,0,0,3.454,2.7977,1.7941,0.702,0.6037,0.0224,0.0213,95.1
"Marion Island","PB1","PB1.1C",78,90.5,91.6,91.1,91.1,0.5,2430.6,2863.3,2744.2,2691.2,216,0.04297,0.00371,59.1,40.9,2.04,0,0,0,0,3.0357,2.4817,1.502,0.6143,0.5329,0.0264,0.0252,95.4
"Marion Island","PB1","PB1.1C",79,91.8,92.9,92.4,92.4,0.5,2461.8,2899.8,2762.4,2722.3,219,0.04297,0.00371,59.37,40.63,2.03,0,0,0,0,3.5409,2.9407,1.4424,0.586,0.516,0.0252,0.0243,96.7
"Marion Island","PB1","PB1.1C",80,93.2,94.3,93.7,93.7,0.5,2483.1,2950.8,2782.3,2753.5,234,0.03985,0.00362,59.57,40.43,2.02,0,0,0,0,2.6445,2.2081,1.5391,0.6222,0.5507,0.0248,0.0242,97.6
"Marion Island","PB1","PB1.1C",81,94.5,95.6,95.1,95.1,0.5,2508.3,3011.9,2805.9,2787.1,252,0.04233,0.00407,54.3,45.7,2.29,0,0,0,0,3.2835,2.7877,1.5246,0.6968,0.6264,0.0295,0.0294,99.5
"Marion Island","PB1","PB1.1C",82,95.9,97,96.4,96.4,0.5,2549.5,3040.3,2835.4,2818.7,245,0.03931,0.00365,53.61,46.39,2.32,0,0,0,0,3.2835,2.8205,1.2695,0.5889,0.5353,0.0232,0.0232,100.2
"Marion Island","PB1","PB1.1C",83,97.2,98.3,97.8,97.8,0.5,2582,3072.2,2867.9,2852.7,245,0.04232,0.00387,56.13,43.87,2.19,0,0,0,0,2.7977,2.4228,1.4003,0.6144,0.5628,0.026,0.0262,100.8
"Marion Island","PB1","PB1.1C",84,98.5,99.6,99.1,99.1,0.5,2608.4,3115.6,2897.4,2884.4,254,0.04212,0.00394,53.72,46.28,2.31,0,0,0,0,3.808,3.3587,1.1034,0.5106,0.4759,0.0215,0.0221,102.5
"Marion Island","PB1","PB1.1C",85,99.9,101,100.4,100.4,0.5,2638.5,3155.4,2927.4,2916.2,258,0.03868,0.00364,56.29,43.71,2.19,0,0,0,0,2.4955,2.206,1.4541,0.6356,0.5937,0.0246,0.0253,102.8
"Marion Island","PB1","PB1.1C",86,101.2,102.3,101.8,101.8,0.5,2686.5,3170.1,2963.5,2950.8,242,0.04165,0.00364,50.66,49.34,2.47,0,0,0,0,2.4955,2.231,1.3525,0.6673,0.6299,0.0278,0.0287,103.1
"Marion Island","PB1","PB1.1C",87,102.6,103.7,103.1,103.1,0.5,2714,3197.8,2994.8,2982.9,242,0.04165,0.0036,55.09,44.91,2.25,0,0,0,0,3.5409,3.224,1.1229,0.5043,0.4844,0.021,0.022,104.7
"Marion Island","PB1","PB1.1C",88,103.9,105,104.4,104.4,0.5,2739.2,3227.7,3025.5,3015,244,0.04041,0.00349,44.47,55.53,2.78,0,0,0,0,3.3682,3.0971,1.9189,1.0655,1.033,0.0431,0.0455,105.6
"Marion Island","PB1","PB1.1C",89,105.2,106.2,105.7,105.7,0.5,2781.1,3252.5,3054.9,3046.9,236,0.03922,0.00322,51.24,48.76,2.44,0,0,0,0,3.6287,3.3855,1.4207,0.6927,0.6809,0.0272,0.0289,106.5
"Marion Island","PB1","PB1.1C",90,106.5,107.7,107.1,107.1,0.6,2846,3268.1,3088.5,3081.1,211,0.04073,0.00302,46.13,53.87,2.69,0,0,0,0,3.582,3.3635,1.4357,0.7733,0.7648,0.0315,0.0335,106.3
"Marion Island","PB1","PB1.1C",91,107.9,109.2,108.6,108.6,0.6,2894.6,3287.6,3125.5,3117.6,197,0.04303,0.00297,49.37,50.63,2.53,0,0,0,0,4.2887,4.0785,1.1879,0.6014,0.602,0.0259,0.0277,107
"Marion Island","PB1","PB1.1C",92,109.4,110.4,109.9,109.9,0.5,2924.2,3313.6,3157.7,3149.3,195,0.02403,0.00159,53.87,46.13,2.31,0,0,0,0,3.134,3.0118,1.5288,0.7053,0.713,0.0169,0.0183,107.7
"Marion Island","PB1","PB1.1C",93,110.6,111.8,111.2,111.2,0.6,3029.7,3333.3,3207.8,3202.9,152,0.02283,0.0012,49.83,50.17,2.51,0,0,0,0,3.611,3.5027,1.3458,0.6752,0.6887,0.0154,0.0165,107.3
"Marion Island","PB1","PB1.1C",94,112,113.1,112.6,112.6,0.5,3109.8,3369.4,3280,3262.6,130,0.02414,0.00108,48.1,51.9,2.6,0,0,0,0,3.454,3.3849,1.3409,0.6959,0.7168,0.0168,0.0181,107.5
"Marion Island","PB1","PB1.1C",95,113.4,114.5,113.9,113.9,0.5,3152.6,3467,3327.1,3318.1,157,0.02069,0.00108,29.17,70.83,3.54,0,0,0,0,3.1172,3.0798,1.2734,0.9019,0.9362,0.0187,0.0203,109
"Marion Island","PB1","PB1.1C",96,114.7,115.6,115.2,115.2,0.5,3194.4,3582.5,3375.5,3377.9,194,0.01598,0.00098,50.89,49.11,2.46,0,0,0,0,2.418,2.4107,1.9056,0.9359,0.9799,0.015,0.0166,110.8
"Marion Island","PB1","PB1.1C",97,115.8,116.9,116.4,116.4,0.5,3306.3,3620.8,3454.3,3455.5,157,0.01594,0.0008,21.99,78.01,3.9,0,0,0,0,3.6289,3.6688,1.0918,0.8517,0.9036,0.0136,0.0151,111.1
"Marion Island","PB1","PB1.1C",98,117.2,118.3,117.7,117.7,0.5,3409.5,3679,3536,3539.4,135,0.0148,0.00063,47.82,52.18,2.61,0,0,0,0,2.876,2.9234,1.5252,0.7958,0.8487,0.0118,0.0131,110.9
"Marion Island","PB1","PB1.1C",99,118.5,119.6,119.1,119.1,0.5,3492.1,3775.9,3627.8,3629.9,142,0.01084,0.00047,50.14,49.86,2.49,0,0,0,0,3.1998,3.291,1.4705,0.7332,0.7907,0.008,0.0089,112.2
"Marion Island","PB1","PB1.1C",100,119.9,121.1,120.5,120.5,0.6,3624.5,3910.4,3756.5,3757.9,143,0.00764,0.00033,46.5,53.5,2.68,0,0,0,0,3.582,3.7217,1.6264,0.8702,0.9476,0.0066,0.0075,113.2
"Marion Island","PB1","PB1.1C",101,121.3,122.4,121.8,121.8,0.5,3771.1,4090,3943.1,3939.7,159,0.00697,0.00031,46.16,53.84,2.69,0,0,0,0,3.808,4.0061,1.7377,0.9356,1.031,0.0065,0.0075,114.7
"Marion Island","PB1","PB1.1C",102,122.6,123.8,123.2,123.2,0.6,3857.4,4338.5,4149.9,4135.4,241,0.00737,0.00046,45.35,54.65,2.73,0,0,0,0,3.7018,3.9258,1.4909,0.8148,0.9048,0.006,0.007,117.3
"Marion Island","PB1","PB1.1C",103,124,125.1,124.5,124.5,0.5,3924.7,4605.2,4340.3,4317.1,340,0.00944,0.00078,40.13,59.87,2.99,0,0,0,0,2.8978,3.0934,1.7319,1.037,1.1588,0.0098,0.0118,120.1
"Marion Island","PB1","PB1.1C",104,125.3,127.3,126.3,126.3,1,4217.6,4741.8,4511.8,4501.3,262,0.01121,0.00074,32.9,67.1,3.35,0,0,0,0,7.4088,8.0312,1.4147,0.9493,1.0765,0.0106,0.0128,120
