"Location","Site","Section","sample","min_depth","max_depth","midpoint","Ca","Ca_sd","Ca_ICP","Ca_ICP_sd","fit","lwr","upr"
"Bird Island","BI10","BI10.1",1,0,1.1,0.6,-0.3671191667293,-0.018355958336465,3.75055675790579,0.18752783789529,3.56776707622706,2.81662330202171,4.31891085043241
"Bird Island","BI10","BI10.1",4,3.9,5,4.5,0.00462908896584448,0.000231454448292224,3.89124027202043,0.194562013601022,3.83166797246873,3.08528816742118,4.57804777751628
"Bird Island","BI10","BI10.1",10,11.7,12.8,12.3,0.245594654726461,0.012279732736323,3.98304183159091,0.199152091579545,4.00272735954964,3.25840720249504,4.74704751660424
"Bird Island","BI10","BI10.1",22,26.7,27.8,27.2,0.150036138247863,0.00750180691239316,3.96242484528941,0.19812124226447,3.9348911888188,3.18985170901068,4.67993066862693
"Bird Island","BI10","BI10.1",30,36.3,37.2,36.7,0.242190121422224,0.0121095060711112,3.50943405318882,0.175471702659441,4.00031051057588,3.25596693198307,4.7446540891687
"Bird Island","BI10","BI10.1",34,40.9,41.9,41.4,0.464916993142432,0.0232458496571216,3.7116610766011,0.185583053830055,4.15842240528849,3.41526662612242,4.90157818445457
"Bird Island","BI10","BI10.2",45,44,45,44.5,0.356480513895764,0.0178240256947882,3.48283613644894,0.174141806822447,4.08144427931188,3.3377976738578,4.82509088476596
"Bird Island","BI10","BI10.2",51,51.9,52.9,52.4,0.94172357537894,0.047086178768947,3.98659343205281,0.19932967160264,4.4969033058938,3.75393037120855,5.23987624057905
"Bird Island","BI10","BI10.2",54,55.3,56.3,55.8,0.919477845247497,0.0459738922623749,3.51773766033408,0.175886883016704,4.48111125299429,3.7382014162724,5.22402108971618
"Bird Island","BI10","BI10.2",62,64.4,65.4,64.9,0.304132858652512,0.0152066429326256,4.42985645706653,0.221492822853327,4.04428312812097,3.30034014958372,4.78822610665822
"Bird Island","BI10","BI10.2",67,70.1,71.2,70.6,0.929554967082043,0.0464777483541022,3.87476327326735,0.193738163663367,4.48826491529918,3.74532736371894,5.23120246687941
"Bird Island","BI10","BI10.2",71,74.7,75.8,75.2,0.707439889663982,0.0353719944831991,4.16973952522908,0.208486976261454,4.33058732811102,3.58792707546395,5.07324758075809
"Bird Island","BI10","BI10.2",81,86.5,87.5,87,0.526781732240242,0.0263390866120121,3.89971214127583,0.194985607063792,4.20233965262874,3.45938940934908,4.9452898959084
"Bird Island","BI10","BI10.3",88,84.8,85.8,85.3,0.877684197895491,0.0438842098947745,4.20240885755624,0.210120442877812,4.45144230142711,3.70863206048934,5.19425254236488
"Bird Island","BI10","BI10.3",95,93,94,93.5,0.579671499456515,0.0289835749728257,4.0081103095961,0.200405515479805,4.2398856444567,3.49706816275317,4.98270312616024
"Bird Island","BI10","BI10.3",98,96.3,97.3,96.8,0.289344173566541,0.0144672086783271,4.18786821284582,0.209393410642291,4.03378476750022,3.28975105951433,4.77781847548611
"Bird Island","BI10","BI10.3",104,103.2,104.2,103.7,0.65834710514793,0.0329173552573965,4.58138536304094,0.229069268152047,4.29573678171489,3.5530434811415,5.03843008228828
"Bird Island","BI10","BI10.3",114,114.9,115.9,115.4,0.772564119638061,0.0386282059819031,4.19226936872369,0.209613468436184,4.37681846005022,3.6341493380886,5.11948758201184
"Bird Island","BI10","BI10.3",120,121.8,122.7,122.3,0.691462704020445,0.0345731352010223,4.45185001569152,0.222592500784576,4.31924526114459,3.5765780022191,5.06191252007007
"Bird Island","BI10","BI10.4",135,129.4,130.4,129.9,0.449853858979915,0.0224926929489957,4.13601397631452,0.206800698815726,4.14772921562372,3.40451519477714,4.8909432364703
"Bird Island","BI10","BI10.4",145,141,142,141.5,0.485578614219955,0.0242789307109977,3.81028239510249,0.190514119755125,4.17308991276602,3.43000880158504,4.91617102394699
"Bird Island","BI10","BI10.4",155,152.7,153.8,153.2,0.165765716043255,0.00828828580216274,3.70910422686904,0.185455211343452,3.9460574810989,3.20114523009627,4.69096973210152
"Bird Island","BI10","BI10.4",165,164.8,165.8,165.3,0.635049434151621,0.031752471707581,3.73351632996399,0.186675816498199,4.27919796502354,3.53647703118849,5.0219188988586
"Bird Island","BI10","BI10.4",168,168.4,170,169.2,0.403327680135153,0.0201663840067577,3.16139240010382,0.158069620005191,4.11470068056611,3.371286509172,4.85811485196022
"Bird Island","BI10","BI10.5",181,174.6,175.6,175.1,0.347263552571336,0.0173631776285668,4.19869760811513,0.209934880405757,4.07490123757092,3.33120525364763,4.81859722149422
"Bird Island","BI10","BI10.5",191,186.6,187.6,187.1,0.54571987910373,0.0272859939551865,3.54553265995095,0.177276632997548,4.21578368055319,3.47288552715309,4.95868183395329
"Bird Island","BI10","BI10.5",194,190.3,191.3,190.8,0.594907502902734,0.0297453751451367,3.72392279729919,0.18619613986496,4.25070155254235,3.50791496584694,4.99348813923776
"Bird Island","BI10","BI10.5",197,194,195,194.5,0.473935591021247,0.0236967795510623,3.85603381345551,0.192801690672776,4.16482463052184,3.42170218591466,4.90794707512902
"Bird Island","BI10","BI10.5",202,199.9,200.8,200.3,0.551055949195322,0.0275527974597661,3.93595044716984,0.196797522358492,4.21957171091515,3.47668731757003,4.96245610426028
"Bird Island","BI10","BI10.6",218,209.5,210.5,210,0.285325488808525,0.0142662744404263,3.21801194638864,0.160900597319432,4.03093193768029,3.28687304215542,4.77499083320516
"Bird Island","BI10","BI10.6",228,221.4,222.4,221.9,0.291063190735876,0.0145531595367938,3.89209021495364,0.194604510747682,4.03500508303551,3.29098207966909,4.77902808640193
"Bird Island","BI10","BI10.6",239,234.2,235.2,234.7,0.613109773478937,0.0306554886739469,4.1087372729963,0.205436863649815,4.26362318820601,3.5208692005112,5.00637717590081
"Bird Island","BI10","BI10.6",247,243.9,245,244.5,0.25195633232672,0.012597816616336,3.74362365928621,0.187181182964311,4.00724345987988,3.26296663074386,4.75152028901589
"Bird Island","BI10","BI10.7",259,250.7,251.7,251.2,1.15113741224092,0.0575568706120462,4.34848993101665,0.217424496550832,4.64556439141778,3.90165445737619,5.38947432545936
"Bird Island","BI10","BI10.7",271,265,266,265.5,0.440381162030804,0.0220190581015402,3.85498614068469,0.192749307034235,4.14100462935762,3.39775233892247,4.88425691979276
"Bird Island","BI10","BI10.7",280,275.9,276.9,276.4,0.262823531858543,0.0131411765929272,3.81833268144385,0.190916634072193,4.01495799156133,3.27075385822997,4.75916212489269
"Bird Island","BI10","BI10.8",300,289.7,290.8,290.3,0.251781863407308,0.0125890931703654,3.83035248133368,0.191517624066684,4.00711960589134,3.26284159608701,4.75139761569567
"Bird Island","BI10","BI10.8",303,293.4,294.4,293.9,0.147259420575971,0.00736297102879857,3.86679934761478,0.193339967380739,3.93292002077431,3.1878577207515,4.67798232079712
"Bird Island","BI10","BI10.8",311,303.1,304,303.6,0.482845918260086,0.0241422959130043,3.61293046492127,0.180646523246063,4.17114999535708,3.42805935518269,4.91424063553147
"Bird Island","BI10","BI10.8",318,311.7,312.8,312.2,0.650708896443746,0.0325354448221873,4.04429693980825,0.202214846990413,4.29031448290962,3.5476129701282,5.03301599569104
"Bird Island","BI10","BI10.8",326,321.7,322.8,322.2,0.233385343688612,0.0116692671844306,3.22816290622972,0.161408145311486,3.99406007442854,3.24965516665462,4.73846498220246
"Bird Island","BI10","BI10.9",342,332.1,333.1,332.6,0.254464656731238,0.0127232328365619,3.4226298154864,0.17113149077432,4.00902409784731,3.26476419569975,4.75328399999486
"Bird Island","BI10","BI10.9",348,339.5,340.5,340,-0.0668445605417663,-0.00334222802708832,3.82628898928047,0.191314449464024,3.78092944209567,3.03378249732667,4.52807638686466
"Bird Island","BI10","BI10.9",361,355.7,356.7,356.2,0.471935182371867,0.0235967591185933,3.85404873442373,0.192702436721186,4.16340455758986,3.42027481836317,4.90653429681656
"Bird Island","BI10","BI10.9",365,360.7,361.7,361.2,0.436026721620719,0.021801336081036,3.50109339697875,0.175054669848937,4.13791344948186,3.39464314150393,4.88118375745978
"Bird Island","BI10","BI10.9",372,369.1,371,370.1,0.377443226310088,0.0188721613155044,3.5691848501869,0.178459242509345,4.09632552894532,3.35278676238013,4.83986429551052
"Bird Island","BI10","BI10.10",379,367.3,368.4,367.9,0.27635681727046,0.013817840863523,3.67264306632489,0.183632153316244,4.02456515472776,3.28044922636734,4.76868108308818
"Bird Island","BI10","BI10.10",386,375.7,376.6,376.1,0.306623551775991,0.0153311775887995,3.51468722347578,0.175734361173789,4.04605124979331,3.30212324843379,4.78997925115283
"Bird Island","BI10","BI10.10",390,380.5,381.5,381,0.399948414556519,0.0199974207278259,3.79666103668972,0.189833051834486,4.1123017689339,3.36887186857808,4.85573166928972
"Bird Island","BI10","BI10.10",392,382.9,384,383.4,0.328307930660815,0.0164153965330407,3.68088452223406,0.184044226111703,4.06144480426056,3.31764350026985,4.80524610825127
"Bird Island","BI10","BI10.10",396,387.7,388.8,388.2,0.884028987600181,0.0442014493800091,3.86580936619677,0.193290468309839,4.45594641318522,3.7131226449956,5.19877018137484
"Bird Island","BI10","BI10.10",403,396.3,397.4,396.8,0.220249200899116,0.0110124600449558,3.73768200336369,0.186884100168184,3.98473483940135,3.24023640458447,4.72923327421822
"Bird Island","BI10","BI10.10",410,404.6,405.6,405.1,0.551029632147329,0.0275514816073665,3.8802702833095,0.194013514165475,4.21955302866865,3.47666856844939,4.96243748888791
"Bird Island","BI10","BI10.11",422,409.9,410.9,410.4,0.683964047808579,0.0341982023904289,3.70425233191967,0.185212616595984,4.31392202945593,3.57125023482034,5.05659382409152
"Bird Island","BI10","BI10.11",424,412.2,413.2,412.7,0.480669588793491,0.0240334794396746,3.89766895944728,0.194883447972364,4.16960503774678,3.42650673306989,4.91270334242367
"Bird Island","BI10","BI10.11",427,415.8,416.8,416.3,0.436898547947504,0.0218449273973752,3.27626957139703,0.163813478569852,4.13853235150892,3.39526567238499,4.88179903063284
"Bird Island","BI10","BI10.11",439,430.3,431.3,430.8,0.495561604598423,0.0247780802299212,3.34851953820007,0.167425976910004,4.1801767519581,3.43712955373027,4.92322395018594
"Bird Island","BI10","BI10.11",443,435.2,436.3,435.7,0.538130046553139,0.026906502327657,3.77422933387878,0.188711466693939,4.21039572356418,3.46747730383397,4.95331414329439
"Bird Island","BI10","BI10.11",449,442.8,443.8,443.3,0.626686759094705,0.0313343379547352,4.6301332176129,0.231506660880645,4.2732613737721,3.53052864522458,5.01599410231963
"Bird Island","BI10","BI10.12",461,447.5,448.7,448.1,0.663539076285353,0.0331769538142677,3.79001257097355,0.189500628548677,4.29942251746599,3.55673432705348,5.04211070787851
"Bird Island","BI10","BI10.12",465,452.8,453.9,453.4,0.447342724780071,0.0223671362390036,3.90747804254626,0.195373902127313,4.1459465830067,3.40272254079949,4.88917062521392
"Bird Island","BI10","BI10.12",469,458.3,459.3,458.8,0.448463584907901,0.022423179245395,3.73533761618157,0.186766880809078,4.14674227199183,3.40352271389794,4.88996183008572
"Bird Island","BI10","BI10.12",475,466.1,467.2,466.6,0.472240124599248,0.0236120062299624,3.86545590420896,0.193272795210448,4.16362103345996,3.42049240988165,4.90674965703827
"Bird Island","BI10","BI10.12",479,471.4,472.4,471.9,0.435846574747771,0.0217923287373886,3.7536609691338,0.18768304845669,4.13778556476284,3.39451450560937,4.88105662391631
"Bird Island","BI10","BI10.12",484,478.2,479.2,478.7,0.506262808075503,0.0253131404037752,3.75159773530458,0.187579886765229,4.18777344446493,3.44476103294489,4.93078585598497
"Bird Island","BI10","BI10.13",506,473.4,474.5,474,0.305020625495737,0.0152510312747868,3.62668380151564,0.181334190075782,4.04491334618384,3.30097571604885,4.78885097631883
"Bird Island","BI10","BI10.13",519,491,492,491.5,0.421066290944189,0.0210533145472094,4.04847264408774,0.202423632204387,4.12729316814035,3.38395891531292,4.87062742096778
"Bird Island","BI10","BI10.13",522,494.8,495.8,495.3,0.543244180964983,0.0271622090482491,3.88357646236119,0.19417882311806,4.21402620369182,3.47112152932595,4.95693087805769
"Bird Island","BI10","BI10.13",525,498.7,499.7,499.2,0.321348213374798,0.0160674106687399,3.72453626185039,0.186226813092519,4.05650416069,3.31266291519999,4.80034540618001
"Bird Island","BI10","BI10.13",529,503.9,505.1,504.5,0.724988723726124,0.0362494361863062,3.58876072044086,0.179438036022043,4.34304509480137,3.60038836848445,5.0857018211183
"Isla Hermite","HER42PB","HER42PB_1A",3,2.5,3.7,3.1,0.806830506058125,0.0403415253029063,4.53816136471225,0.226908068235613,4.40114387368345,3.65844595151868,5.14384179584823
"Isla Hermite","HER42PB","HER42PB_1A",5,5.3,6.5,5.9,0.801749340074548,0.0400874670037274,4.50609469028594,0.225304734514297,4.39753679756009,3.654844196762,5.14022939835819
"Isla Hermite","HER42PB","HER42PB_1A",7,8.1,9.3,8.7,0.760467285703752,0.0380233642851876,4.5025220912298,0.22512610456149,4.3682310214596,3.62556809255774,5.11089395036147
"Isla Hermite","HER42PB","HER42PB_1A",9,10.9,12.1,11.5,1.06496515730595,0.0532482578652976,4.53831070920628,0.226915535460314,4.58439144720051,3.84094211169742,5.3278407827036
"Isla Hermite","HER42PB","HER42PB_1A",13,16.3,17.5,16.9,0.708683518711771,0.0354341759355885,4.5775388643127,0.228876943215635,4.33147016969878,3.58881031064474,5.07413002875282
"Isla Hermite","HER42PB","HER42PB_1A",16,20.5,21.6,21.1,0.668318197038487,0.0334159098519244,4.6628184612636,0.23314092306318,4.30281517427252,3.56013135003236,5.04549899851269
"Isla Hermite","HER42PB","HER42PB_1A",20,26.1,27.3,26.7,0.825053559205016,0.0412526779602508,4.42084518551457,0.221042259275729,4.41408026271568,3.67136024721392,5.15680027821745
"Isla Hermite","HER42PB","HER42PB_1A",25,33.1,34.1,33.6,0.572522751175537,0.0286261375587769,4.33279730271643,0.216639865135822,4.23481080940515,3.49197769846313,4.97764392034717
"Isla Hermite","HER42PB","HER42PB_1A",28,37.1,38.2,37.7,0.955024251001493,0.0477512125500747,4.34847037405222,0.217423518702611,4.5063453413671,3.76333133433466,5.24935934839954
"Isla Hermite","HER42PB","HER42PB_1A",31,41.2,42.3,41.7,0.780671138035978,0.0390335569017989,4.52281930693016,0.226140965346508,4.38257356283357,3.63989912978565,5.12524799588149
"Isla Hermite","HER42PB","HER42PB_1B",40,43.1,44.2,43.7,0.697680454316386,0.0348840227158193,4.44803160863501,0.222401580431751,4.32365918871672,3.58099508638516,5.06632329104829
"Isla Hermite","HER42PB","HER42PB_1B",48,54,55.1,54.5,0.783171699756107,0.0391585849878054,4.53782926215452,0.226891463107726,4.38434869013798,3.64167243096448,5.12702494931147
"Isla Hermite","HER42PB","HER42PB_1B",50,56.7,57.8,57.2,0.505114695575643,0.0252557347787821,4.51858544016366,0.225929272008183,4.18695840925479,3.44394234314045,4.92997447536913
"Isla Hermite","HER42PB","HER42PB_1B",56,64.7,65.8,65.2,0.647997587399791,0.0323998793699896,4.50542059640483,0.225271029820242,4.28838974788874,3.54568512123375,5.03109437454373
"Isla Hermite","HER42PB","HER42PB_1B",60,69.9,70.9,70.4,0.637592817524785,0.0318796408762393,4.49859383027889,0.224929691513944,4.28100349105193,3.5382859478931,5.02372103421075
"Isla Hermite","HER42PB","HER42PB_1B",63,73.7,74.8,74.3,0.598664118609317,0.0299332059304658,4.51473299053398,0.225736649526699,4.25336834179183,3.51058886730707,4.9961478162766
"Isla Hermite","HER42PB","HER42PB_1B",69,81.5,82.5,82,0.926141296665217,0.0463070648332609,4.431702099806,0.2215851049903,4.48584157996761,3.74291357793807,5.22876958199715
"Isla Hermite","HER42PB","HER42PB_1C",80,86.5,87.8,87.2,0.822538185235796,0.0411269092617898,4.60002565778498,0.230001282889249,4.41229462032277,3.66957793434529,5.15501130630025
"Isla Hermite","HER42PB","HER42PB_1C",86,94.8,96,95.4,1.01667070106868,0.050833535053434,4.6044771180721,0.230223855903605,4.55010762719795,3.80687057047501,5.29334468392088
"Isla Hermite","HER42PB","HER42PB_1C",90,100.2,101.4,100.8,0.900696647502339,0.045034832375117,4.48934789936982,0.224467394968491,4.46777864190195,3.72491662168912,5.21064066211478
"Isla Hermite","HER42PB","HER42PB_1C",91,101.6,103.1,102.3,0.665889152409215,0.0332944576204607,4.42200739174785,0.221100369587393,4.30109081633713,3.55840481338551,5.04377681928875
"Isla Hermite","HER42PB","HER42PB_1C",97,109.8,111,110.4,0.908289514295732,0.0454144757147866,4.66730063220069,0.233365031610034,4.47316875287389,3.73028800283689,5.21604950291088
"Isla Hermite","HER42PB","HER42PB_1C",104,119.2,120.3,119.8,0.923764032321835,0.0461882016160918,4.5582898203036,0.22791449101518,4.48415398041278,3.74123253119859,5.22707542962696
"Isla Hermite","HER42PB","HER42PB_1D",118,127.3,128.4,127.8,1.01052117119631,0.0505260585598153,4.64989353824851,0.232494676912426,4.54574212871901,3.802529735891,5.28895452154702
"Isla Hermite","HER42PB","HER42PB_1D",121,130.9,132.2,131.6,1.02530976048082,0.0512654880240408,4.78115511926879,0.23905775596344,4.55624042133113,3.81296781274908,5.29951302991317
"Isla Hermite","HER42PB","HER42PB_1D",131,143.2,144.4,143.8,0.87602720165515,0.0438013600827575,4.68710468128561,0.23435523406428,4.45026601401703,3.70745921193905,5.193072816095
"Isla Hermite","HER42PB","HER42PB_1D",137,150.7,151.9,151.3,0.936596249028905,0.0468298124514453,4.89827649537799,0.2449138247689,4.49326346092246,3.75030569067999,5.23622123116492
"Isla Hermite","HER42PB","HER42PB_1D",144,159.2,160.3,159.8,1.09754362013595,0.0548771810067975,4.62507550538881,0.23125377526944,4.60751861836352,3.86390747130234,5.35112976542471
"Isla Hermite","HER42PB","HER42PB_1D",147,162.9,164.1,163.5,0.674188018879575,0.0337094009439788,4.65074558115274,0.232537279057637,4.3069821104206,3.5643032059081,5.04966101493311
"Isla Hermite","HER42PB","HER42PB_1E",158,169.3,170.5,169.9,0.637230153954483,0.0318615076977242,4.76858212814441,0.23842910640722,4.28074603929588,3.53802801826011,5.02346406033164
"Isla Hermite","HER42PB","HER42PB_1E",162,175.6,176.8,176.2,0.765854225766047,0.0382927112883023,4.41514460838324,0.220757230419162,4.37205516397718,3.629389733326,5.11472059462837
"Isla Hermite","HER42PB","HER42PB_1E",166,181.9,183.1,182.5,1.0595167238766,0.0529758361938299,4.81166692194625,0.240583346097313,4.58052365106941,3.8370999137362,5.32394738840263
"Isla Hermite","HER42PB","HER42PB_1E",174,194.9,196.1,195.5,0.691040321915182,0.0345520160957591,4.84104691174499,0.24205234558725,4.3189454157131,3.57627792248079,5.06161290894541
"Isla Hermite","HER42PB","HER42PB_1E",179,202.5,203.6,203,1.07747496213448,0.0538737481067241,4.64766908805126,0.232383454402563,4.59327205028467,3.84976235361553,5.33678174695382
"Isla Hermite","HER42PB","HER42PB_1F",184,201.4,202.5,202,0.674464449704273,0.0337232224852137,4.61727973456858,0.230863986728429,4.30717834629063,3.56449966142696,5.0498570311543
"Isla Hermite","HER42PB","HER42PB_1F",189,208.1,209.3,208.7,0.713996650338056,0.0356998325169028,4.63099636396667,0.231549818198333,4.33524191624109,3.59258349186248,5.07790034061969
"Isla Hermite","HER42PB","HER42PB_1F",191,210.9,212.2,211.5,0.74142595569252,0.037071297784626,4.78160669078874,0.239080334539437,4.35471374470412,3.61205636265289,5.09737112675536
"Isla Hermite","HER42PB","HER42PB_1F",197,219.3,220.5,219.9,1.00476063162553,0.0502380315812763,4.83835332374663,0.241917666187332,4.54165277111672,3.79846299696868,5.28484254526476
"Isla Hermite","HER42PB","HER42PB_1F",200,223.4,224.6,224,0.874862240011297,0.0437431120005648,4.86207586010919,0.24310379300546,4.44943901774417,3.70663461009618,5.19224342539216
"Isla Hermite","HER42PB","HER42PB_1F",205,230.3,231.5,230.9,0.847030709032694,0.0423515354516347,5.00946199845745,0.250473099922873,4.4296816527626,3.68692873347511,5.1724345720501
"Isla Hermite","HER42PB","HER42PB_1F",209,235.8,236.9,236.4,0.860235314199122,0.0430117657099561,4.81787711824352,0.240893855912176,4.43905548864361,3.69627950883688,5.18183146845034
"Isla Hermite","HER42PB","HER42PB_1F",211,238.4,239.5,239,0.789645971334237,0.0394822985667119,4.4963302985249,0.224816514926245,4.38894471996678,3.64626332100022,5.13162611893335
"Isla Hermite","HER42PB","HER42PB_1F",213,241.1,242.3,241.7,1.18429637556723,0.0592148187783616,4.61299621724287,0.230649810862143,4.66910365490106,3.92498857355551,5.4132187362466
"Isla Hermite","HER42PB","HER42PB_1G",224,246.9,248.1,247.5,0.807020836754679,0.040351041837734,4.64985044150918,0.232492522075459,4.40127898781145,3.65858085920972,5.14397711641319
"Isla Hermite","HER42PB","HER42PB_1G",231,256.4,257.6,257,1.10610523500614,0.0553052617503072,4.65966971211278,0.232983485605639,4.61359643528104,3.86994027736312,5.35725259319895
"Isla Hermite","HER42PB","HER42PB_1G",232,257.7,258.9,258.3,0.850922778949541,0.0425461389474771,4.98596547099003,0.249298273549502,4.43244459979344,3.68968514013147,5.1752040594554
"Isla Hermite","HER42PB","HER42PB_1G",236,263.2,264.4,263.8,1.03835449384681,0.0519177246923407,4.98101104454647,0.249050552227324,4.56550076559309,3.82217247530462,5.30882905588156
"Isla Hermite","HER42PB","HER42PB_1G",240,268.6,269.8,269.2,1.22137377511617,0.0610686887558084,4.91826860866205,0.245913430433103,4.69542458262936,3.9510617663184,5.43978739894032
"Isla Hermite","HER42PB","HER42PB_1G",245,275.2,276.4,275.8,1.40803346633483,0.0704016733167415,4.92579991172299,0.24628999558615,4.82793269544535,4.08202923536369,5.57383615552701
"Isla Hermite","HER42PB","HER42PB_1G",253,285.8,286.9,286.3,0.689811950986026,0.0344905975493013,4.74895682087409,0.237447841043705,4.31807340573281,3.57540521672115,5.06074159474446
"Isla Hermite","HER42PB","HER42PB_1H",260,285,286.2,285.6,0.741550932868385,0.0370775466434192,4.68855368396093,0.234427684198047,4.35480246492867,3.61214506322366,5.09745986663368
"Isla Hermite","HER42PB","HER42PB_1H",264,290.3,291.5,290.9,1.31523010875183,0.0657615054375917,5.04854133789286,0.252427066894643,4.76205238836874,4.01697602702475,5.50712874971273
"Isla Hermite","HER42PB","HER42PB_1H",269,297,298.2,297.6,0.96396146187632,0.048198073093816,4.79990735381515,0.239995367690757,4.51268979066481,3.76964677924803,5.25573280208158
"Isla Hermite","HER42PB","HER42PB_1H",273,302.3,303.5,302.9,0.857233319795285,0.0428616659897642,4.73907351678072,0.236953675839036,4.43692439858051,3.69415387840229,5.17969491875874
"Isla Hermite","HER42PB","HER42PB_1H",278,309.3,310.6,309.9,1.09670247383844,0.0548351236919222,4.58108687560037,0.229054343780019,4.60692149582594,3.86331471508315,5.35052827656873
"Isla Hermite","HER42PB","HER42PB_1H",281,313.5,314.8,314.2,1.07732839909224,0.0538664199546121,4.62259272720031,0.231129636360015,4.59316800643884,3.84965902974964,5.33667698312804
"Isla Hermite","HER42PB","HER42PB_1H",286,320.5,321.8,321.1,0.65059845767461,0.0325299228837305,4.78165422187227,0.239082711093614,4.29023608337524,3.54753444579262,5.03293772095785
"Isla Hermite","HER42PB","HER42PB_1I",301,332.1,333.3,332.7,1.00178485549576,0.0500892427747878,4.65103387589276,0.232551693794638,4.53954029318137,3.79636201955017,5.28271856681257
"Isla Hermite","HER42PB","HER42PB_1I",303,334.9,336.2,335.6,1.14157503016673,0.0570787515083366,4.70546405730714,0.235273202865357,4.63877613845109,3.8949224850483,5.38262979185388
"Isla Hermite","HER42PB","HER42PB_1I",312,347.6,348.8,348.2,1.18602477892614,0.0593012389463069,5.11143902483219,0.255571951241609,4.67033063361177,3.92620443410091,5.41445683312262
"Isla Hermite","HER42PB","HER42PB_1I",317,354.3,355.4,354.9,1.04940356873713,0.0524701784368563,4.67888002565562,0.233944001282781,4.57334440903061,3.82996707414196,5.31672174391927
"Isla Hermite","HER42PB","HER42PB_1I",320,358.3,359.6,358.9,1.16062315309259,0.0580311576546295,4.72054891900137,0.236027445950069,4.65229823743836,3.90833119989711,5.39626527497961
"Isla Hermite","HER42PB","HER42PB_1I",322,361,362.2,361.6,1.03016888274172,0.0515084441370862,4.66667497148088,0.233333748574044,4.55968987052142,3.81639680180877,5.30298293923407
"Isla Hermite","HER42PB","HER42PB_1J",335,369.7,370.8,370.2,0.873052260326714,0.0436526130163357,4.44579902979981,0.22228995148999,4.44815412869998,3.70535340309983,5.19095485430013
"Isla Hermite","HER42PB","HER42PB_1J",340,376.7,377.9,377.3,0.936149577776335,0.0468074788888167,4.46928420968178,0.223464210484089,4.49294637283375,3.74998990603274,5.23590283963476
"Isla Hermite","HER42PB","HER42PB_1J",342,379.6,380.9,380.3,0.887039250911971,0.0443519625455985,4.61824420260415,0.230912210130207,4.4580833732751,3.71525298770061,5.20091375884959
"Isla Hermite","HER42PB","HER42PB_1J",346,385.3,386.5,385.9,0.912644434445149,0.0456322217222574,4.48879789418632,0.224439894709316,4.47626027331248,3.73336841232191,5.21915213430305
"Isla Hermite","HER42PB","HER42PB_1J",349,389.6,390.9,390.2,0.906954702965231,0.0453477351482616,4.58231157663618,0.229115578831809,4.47222118176619,3.72934378353901,5.21509857999336
"Isla Hermite","HER42PB","HER42PB_1J",352,394,395.2,394.6,1.14427890630288,0.0572139453151438,4.78486746783472,0.239243373391736,4.6406955969145,3.8968261602657,5.38456503356331
"Isla Hermite","HER42PB","HER42PB_1J",353,395.4,396.6,396,1.22334716734999,0.0611673583674997,4.72175456217983,0.236087728108991,4.6968254768398,3.95244893266453,5.44120202101507
"Kerguelen","KER1","CAT1-S1-1A",1,0,1.4,0.7,-0.0651417753043621,-0.00325708876521811,4.17931763056164,0.208965881528082,3.78213823472179,3.03501039395318,4.52926607549039
"Kerguelen","KER1","CAT1-S1-1A",3,3.1,4.7,3.9,0.419394950266753,0.0209697475133377,4.12144662046522,0.206072331023261,4.12610669773748,3.38276510469754,4.86944829077743
"Kerguelen","KER1","CAT1-S1-1A",5,6.4,7.8,7.1,0.57787081728873,0.0288935408644365,3.95616439002135,0.197808219501067,4.23860735563989,3.49578600531927,4.9814287059605
"Kerguelen","KER1","CAT1-S1-1A",7,9.3,10.6,9.9,0.337196740797651,0.0168598370398826,4.05893269852625,0.202946634926312,4.06775489428976,3.32400360907361,4.81150617950591
"Kerguelen","KER1","CAT1-S1-1A",8,10.7,12,11.4,0.734878233922913,0.0367439116961456,4.276554046131,0.21382770230655,4.35006557321477,3.60740891124174,5.09272223518779
"Kerguelen","KER1","CAT1-S1-1A",9,12.1,13.6,12.8,0.536440591008446,0.0268220295504223,4.03811139333738,0.201905569666869,4.20919639357251,3.46627335168972,4.95211943545531
"Kerguelen","KER1","CAT1-S1-1A",11,15.1,16.5,15.8,0.119988490152714,0.00599942450763569,4.06644417711947,0.203322208855974,3.91356062131571,3.1682684483864,4.65885279424501
"Kerguelen","KER1","CAT1-S1-1A",13,18,19.4,18.7,0.392727972314043,0.0196363986157022,3.96969216864866,0.198484608432433,4.10717603895438,3.36371199003888,4.85064008786989
"Kerguelen","KER1","CAT1-S1-1A",17,24,25.5,24.7,0.422049741409496,0.0211024870704748,4.25938344509466,0.212969172254733,4.12799131118535,3.38466135903573,4.87132126333496
"Kerguelen","KER1","CAT1-S1-1A",20,28.6,30,29.3,0.170140963651696,0.00850704818258481,3.83419346924168,0.191709673462084,3.94916343182619,3.20428595242529,4.69404091122709
"Kerguelen","KER1","CAT1-S1-1A",23,33,34.4,33.7,0.685958065105633,0.0342979032552817,4.16219030874498,0.208109515437249,4.31533756522174,3.57266705448505,5.05800807595843
"Kerguelen","KER1","CAT1-S1-1A",25,35.9,37.2,36.6,0.729218985564251,0.0364609492782126,4.13755970268604,0.206877985134302,4.34604812137464,3.60339159222923,5.08870465052005
"Kerguelen","KER1","CAT1-S1-1A",26,37.3,38.7,38,0.548891273849854,0.0274445636924927,4.1555612375301,0.207778061876505,4.21803502646542,3.47514509970213,4.96092495322872
"Kerguelen","KER1","CAT1-S1-1A",27,38.8,40.1,39.4,0.525337715314712,0.0262668857657356,4.13821541338385,0.206910770669192,4.20131455740638,3.45836013398578,4.94426898082698
"Kerguelen","KER1","CAT1-S1-1A",28,40.2,41.6,40.9,0.425398551811437,0.0212699275905718,4.07403853739793,0.203701926869896,4.130368602949,3.38705319278324,4.87368401311476
"Kerguelen","KER1","CAT1-S1-1B",36,45.1,46.2,45.6,0.515371548779732,0.0257685774389866,4.13203077739108,0.206601538869554,4.1942396613164,3.45125558299642,4.93722373963638
"Kerguelen","KER1","CAT1-S1-1B",40,50.7,52.1,51.4,0.35035385728313,0.0175176928641565,4.1229933630305,0.206149668151525,4.07709501836373,3.33341572389608,4.82077431283137
"Kerguelen","KER1","CAT1-S1-1B",41,52.3,53.6,53,0.539457778616026,0.0269728889308013,4.1817095279067,0.209085476395335,4.21133826916055,3.46842345359179,4.95425308472932
"Kerguelen","KER1","CAT1-S1-1B",46,59.9,61.2,60.5,0.240634035346423,0.0120317017673211,3.81678708186287,0.190839354093144,3.99920585842556,3.25485152038457,4.74356019646654
"Kerguelen","KER1","CAT1-S1-1B",49,64.4,65.8,65.1,-0.07298104799333,-0.0036490523996665,3.13249942001058,0.156624971000529,3.77657320231933,3.02935707590391,4.52378932873475
"Kerguelen","KER1","CAT1-S1-1B",51,67.6,68.9,68.3,0.037357123050234,0.0018678561525117,3.95134057714148,0.197567028857074,3.85490132298156,3.10884900007424,4.60095364588888
"Kerguelen","KER1","CAT1-S1-1B",57,76.5,77.9,77.2,0.742221642432408,0.0371110821216204,4.45682997965814,0.222841498982907,4.3552785958919,3.61262108493003,5.09793610685377
"Kerguelen","KER1","CAT1-S1-1C",69,86.1,87.5,86.8,0.75450367013724,0.037725183506862,4.50547413619661,0.225273706809831,4.36399750195081,3.62133686294606,5.10665814095556
"Kerguelen","KER1","CAT1-S1-1C",73,92.4,93.7,93.1,0.552401223834905,0.0276200611917452,4.29803119124643,0.214901559562322,4.22052670983617,3.47764572189887,4.96340769777346
"Kerguelen","KER1","CAT1-S1-1C",80,103.1,104.5,103.8,0.376685352545883,0.0188342676272942,4.46537955299606,0.223268977649803,4.09578752086446,3.3522449636642,4.83933007806472
"Kerguelen","KER1","CAT1-S1-1C",86,112.2,113.6,112.9,0.758721496073006,0.0379360748036503,4.5502553697963,0.227512768489815,4.36699170038373,3.62432949400551,5.10965390676194
"Kerguelen","KER1","CAT1-S1-1C",93,122.9,124.1,123.5,1.05487345884781,0.0527436729423904,4.82541472670413,0.241270736335207,4.57722743707564,3.83382518399269,5.32062969015858
"Kerguelen","KER1","CAT1-S1-1D",105,130.3,131.4,130.8,0.699965797857539,0.0349982898928769,4.6143774849403,0.230718874247015,4.32528153448295,3.58261845466114,5.06794461430477
"Kerguelen","KER1","CAT1-S1-1D",108,134.6,135.8,135.2,1.02822286848812,0.0514111434244058,4.66477975930736,0.233238987965368,4.55830841170418,3.81502357707413,5.30159324633422
"Kerguelen","KER1","CAT1-S1-1D",110,137.6,138.8,138.2,0.479035705961687,0.0239517852980843,4.80070348235533,0.240035174117766,4.16844515834705,3.42534105549542,4.91154926119867
"Kerguelen","KER1","CAT1-S1-1D",114,143.4,144.6,144,0.682716565447336,0.0341358282723668,4.63009597777211,0.231504798888606,4.31303645243402,3.57036382592162,5.05570907894642
"Kerguelen","KER1","CAT1-S1-1D",117,147.8,148.9,148.4,0.414931519467755,0.0207465759733878,3.84308666531098,0.192154333265549,4.12293814652003,3.3795767574347,4.86629953560536
"Kerguelen","KER1","CAT1-S1-1D",119,150.7,151.8,151.3,0.680876753247984,0.0340438376623992,4.44238001500584,0.222119000750292,4.31173038554363,3.56905649191429,5.05440427917297
"Kerguelen","KER1","CAT1-S1-1D",123,156.5,157.7,157.1,0.7101213249421,0.035506066247105,4.73057789009184,0.236528894504592,4.33249085600192,3.58983142467528,5.07515028732857
"Kerguelen","KER1","CAT1-S1-1D",124,158,159.2,158.6,0.852229152793879,0.0426114576396939,4.37670819248911,0.218835409624456,4.43337198337376,3.69061028032958,5.17613368641795
"Kerguelen","KER1","CAT1-S1-1E",132,161.5,162.7,162.1,0.885715258061336,0.0442857629030668,4.15035259874889,0.207517629937445,4.45714348211342,3.71431602284874,5.19997094137809
"Kerguelen","KER1","CAT1-S1-1E",137,168.8,170,169.4,0.624198214018172,0.0312099107009086,4.71434157056678,0.235717078528339,4.27149477697985,3.52875834728799,5.01423120667172
"Kerguelen","KER1","CAT1-S1-1E",144,179,180.2,179.6,0.858688339557715,0.0429344169778858,3.87927260532425,0.193963630266213,4.43795730462236,3.69518415419057,5.18073045505416
"Kerguelen","KER1","CAT1-S1-1E",145,180.4,181.6,181,0.215290230226896,0.0107645115113448,3.61491439422355,0.180745719711178,3.98121450868079,3.23668013563524,4.72574888172634
"Kerguelen","KER1","CAT1-S1-1E",146,181.9,183,182.4,0.162547247773947,0.00812736238869737,3.14881288242746,0.157440644121373,3.94377271809656,3.19883471719139,4.68871071900173
"Kerguelen","KER1","CAT1-S1-1E",147,183.3,184.4,183.8,-0.0062055551610026,-0.00031027775805013,4.00017675721336,0.200008837860668,3.82397655158987,3.07748503745785,4.57046806572188
"Kerguelen","KER1","CAT1-S1-1E",151,189,190.3,189.7,0.866841090194723,0.0433420545097362,4.45474466689693,0.222737233344846,4.44374487232976,3.70095642928779,5.18653331537173
"Kerguelen","KER1","CAT1-S1-1E",157,198.4,199.7,199,0.925488402331977,0.0462744201165989,4.61268102600273,0.230634051300137,4.48537809588382,3.74245190149564,5.22830429027199
"Kerguelen","KER1","CAT1-S1-1E",161,204.5,205.8,205.2,0.544061411830534,0.0272030705915267,4.55066844996104,0.227533422498052,4.21460634886951,3.4717038366771,4.95750886106191
"Kerguelen","KER1","CAT1-S1-1F",170,210.3,211.7,211,1.15727741202192,0.0578638706010959,5.00700664690242,0.250350332345121,4.64992312456663,3.90597637297502,5.39386987615825
"Kerguelen","KER1","CAT1-S1-1F",177,220.9,222.2,221.6,0.842894897581219,0.042144744879061,4.7868328772646,0.23934164386323,4.42674567570821,3.68399947119866,5.16949188021776
"Kerguelen","KER1","CAT1-S1-1F",179,224,225.4,224.7,0.97900672941213,0.0489503364706065,4.54711395444949,0.227355697722474,4.52337029696462,3.78027590551464,5.2664646884146
"Kerguelen","KER1","CAT1-S1-1F",180,225.6,226.8,226.2,0.0529473027758573,0.00264736513879287,3.69296281457709,0.184648140728855,3.86596865776829,3.12006706846436,4.61187024707222
"Kerguelen","KER1","CAT1-S1-1F",185,233.2,234.5,233.8,-0.448890635987314,-0.0224445317993657,3.43705963243855,0.171852981621927,3.50971821199275,2.75727115849309,4.26216526549241
"Kerguelen","KER1","CAT1-S1-1F",186,234.7,235.9,235.3,-0.0348865531189699,-0.00174432765594849,3.46369610991842,0.173184805495921,3.80361615729008,3.05682102554934,4.55041128903081
"Kerguelen","KER1","CAT1-S1-1F",188,237.8,239.1,238.4,0.460898210313162,0.0230449105156581,4.62135141742235,0.231067570871118,4.15556950584863,3.41239850190242,4.89874050979483
"Kerguelen","KER1","CAT1-S1-1F",191,242.3,243.6,242.9,0.869530527313469,0.0434765263656735,4.87378343558463,0.243689171779231,4.44565408065865,3.70286038634912,5.18844777496818
"Kerguelen","KER3","CAT2-S3-1A",6,7.9,9.1,8.5,0.217781864471273,0.0108890932235636,4.37670404377902,0.218835202188951,3.98298329844678,3.23846702579927,4.72749957109429
"Kerguelen","KER3","CAT2-S3-1A",9,12.3,13.5,12.9,0.372157813461768,0.0186078906730884,4.55709712332188,0.227854856166094,4.0925734597256,3.3490080882991,4.8361388311521
"Kerguelen","KER3","CAT2-S3-1A",13,18.1,19.3,18.7,0.18787771262584,0.009393885631292,4.49471206015587,0.224735603007793,3.96175459769982,3.21701532352231,4.70649387187733
"Kerguelen","KER3","CAT2-S3-1A",15,21,22.1,21.6,0.161363056388378,0.0080681528194189,4.50453799461917,0.225226899730959,3.9429320707951,3.19798455895764,4.68787958263256
"Kerguelen","KER3","CAT2-S3-1A",20,28.2,29.4,28.8,0.517827409771393,0.0258913704885697,4.62306427171645,0.231153213585823,4.1959830559573,3.45300641572893,4.93895969618567
"Kerguelen","KER3","CAT2-S3-1A",21,29.6,30.7,30.2,0.153390995027238,0.00766954975136191,4.49122662213313,0.224561331106656,3.9372727728539,3.19226072026975,4.68228482543806
"Kerguelen","KER3","CAT2-S3-1A",22,31,32.1,31.6,0.142306939473458,0.00711534697367292,4.13256998565498,0.206628499282749,3.9294042969436,3.18430102675078,4.67450756713642
"Kerguelen","KER3","CAT2-S3-1A",27,38.2,39.3,38.7,0.208437877428527,0.0104218938714263,4.22459387578541,0.21122969378927,3.97635008223857,3.23176548020915,4.72093468426799
"Kerguelen","KER3","CAT2-S3-1A",28,39.5,40.7,40.1,0.118502401734991,0.00592512008674954,4.06024116011063,0.203012058005531,3.9125056599021,3.16720066066784,4.65781065913637
"Kerguelen","KER3","CAT2-S3-1A",32,45.1,47,46.1,0.183567245361693,0.00917836226808466,4.21657445147114,0.210828722573557,3.95869463398297,3.21392217911778,4.70346708884817
"Kerguelen","KER3","CAT2-S3-1B",38,46.4,47.6,47,0.205920444666204,0.0102960222333102,4.23293004145047,0.211646502072523,3.97456297832611,3.22995975719604,4.71916619945617
"Kerguelen","KER3","CAT2-S3-1B",42,51.6,52.7,52.2,0.272675917895172,0.0136337958947586,4.31894798325857,0.215947399162929,4.02195211585204,3.27781245218907,4.766091779515
"Kerguelen","KER3","CAT2-S3-1B",45,55.3,56.5,55.9,0.511115005139698,0.0255557502569849,4.25728307603184,0.212864153801592,4.19121797751751,3.44822080515985,4.93421514987517
"Kerguelen","KER3","CAT2-S3-1B",47,58.1,59.3,58.7,0.962636969997879,0.0481318484998939,4.56558308349065,0.228279154174533,4.51174954524756,3.76871090361503,5.25478818688009
"Kerguelen","KER3","CAT2-S3-1B",52,64.6,65.7,65.1,0.615180521685415,0.0307590260842707,4.67218206766503,0.233609103383251,4.26509319458589,3.52234261809754,5.00784377107423
"Kerguelen","KER3","CAT2-S3-1B",55,68.3,69.4,68.9,-0.218751384157642,-0.0109375692078821,3.56362791782726,0.178181395891363,3.67309209172937,2.92407885471855,4.4221053287402
"Kerguelen","KER3","CAT2-S3-1B",56,69.5,70.7,70.1,0.214415291877045,0.0107207645938522,4.26785562507458,0.213392781253729,3.98059339745527,3.23605264773181,4.72513414717873
"Kerguelen","KER3","CAT2-S3-1B",62,77.2,78.2,77.7,0.840811203409808,0.0420405601704904,4.7140880017241,0.235704400086205,4.42526647909893,3.6825235658096,5.16800939238827
"Kerguelen","KER3","CAT2-S3-1B",65,80.8,81.9,81.4,1.09392974305489,0.0546964871527445,5.07209405037947,0.253604702518973,4.60495315803926,3.86136069956787,5.34854561651065
"Kerguelen","KER3","CAT2-S3-1B",68,84.5,85.6,85.1,0.898647650036817,0.0449323825018408,5.06697244353103,0.253348622176552,4.4663240761864,3.72346697048985,5.20918118188296
"Kerguelen","KER3","CAT2-S3-1C",78,89.2,90.2,89.7,0.714006707622663,0.0357003353811332,4.97392433909247,0.248696216954624,4.33524905582111,3.59259063377884,5.07790747786339
"Kerguelen","KER3","CAT2-S3-1C",83,95.7,96.8,96.2,0.635884096292,0.0317942048146,5.03487902860922,0.251743951430461,4.27979048451363,3.53707067350086,5.0225102955264
"Kerguelen","KER3","CAT2-S3-1C",85,98.3,99.3,98.8,0.950217603760324,0.0475108801880162,4.91750873614025,0.245875436807013,4.50293314374296,3.7599342685122,5.24593201897372
"Kerguelen","KER3","CAT2-S3-1C",89,103.5,104.7,104.1,0.473283098711727,0.0236641549355863,4.65931087568829,0.232965543784415,4.16436143183123,3.42123661408934,4.90748624957312
"Kerguelen","KER3","CAT2-S3-1C",91,106.1,107.2,106.7,0.645010218033584,0.0322505109016792,4.99092196462354,0.249546098231177,4.28626904001434,3.54356086182193,5.02897721820675
"Kerguelen","KER3","CAT2-S3-1C",96,112.8,113.9,113.3,0.917384455265867,0.0458692227632933,5.0995433855695,0.254977169278475,4.47962517341255,3.73672091373537,5.22252943308973
"Kerguelen","KER3","CAT2-S3-1C",101,118.9,119.9,119.4,0.921006319284217,0.0460503159642108,5.37767474267623,0.268883737133812,4.48219630359505,3.73928235564347,5.22511025154662
"Kerguelen","KER3","CAT2-S3-1D",110,122.4,123.5,123,0.910900592787956,0.0455450296393978,5.2509516597183,0.262547582985915,4.47502233508631,3.7321349554938,5.21790971467881
"Kerguelen","KER3","CAT2-S3-1D",115,128.9,130,129.5,0.659318403534481,0.032965920176724,5.40313364153158,0.270156682076579,4.29642629810347,3.55373398257035,5.03911861363659
"Kerguelen","KER3","CAT2-S3-1D",117,131.4,132.4,131.9,0.990584164956534,0.0495292082478267,5.38694438301742,0.269347219150871,4.5315890190959,3.78845291000862,5.27472512818318
"Kerguelen","KER3","CAT2-S3-1D",121,136.5,137.6,137.1,1.22589576886523,0.0612947884432615,5.15280165591549,0.257640082795774,4.69863470718246,3.95424035260743,5.44302906175748
"Kerguelen","KER3","CAT2-S3-1D",124,140.5,141.6,141,1.32719030458288,0.0663595152291441,5.4131323270107,0.270656616350535,4.77054282874253,4.02536665066949,5.51571900681557
"Kerguelen","KER3","CAT2-S3-1D",130,148.3,149.4,148.9,1.2061705864694,0.0603085293234699,5.02363021495564,0.251181510747782,4.68463196948821,3.94037307580749,5.42889086316894
"Kerguelen","KER3","CAT2-S3-1D",133,152.3,153.4,152.8,1.107005459449,0.0553502729724502,4.85104617304789,0.242552308652394,4.61423549688697,3.87057454611156,5.35789644766239
"Kerguelen","KER3","CAT2-S3-1D",134,153.6,154.8,154.2,0.891527190705399,0.04457635953527,4.68098365178009,0.234049182589005,4.46126932321736,3.71842883362138,5.20410981281333
"Kerguelen","KER3","CAT2-S3-1D",136,156.4,157.6,157,1.12291872502341,0.0561459362511705,4.75123121850005,0.237561560925002,4.62553218754492,3.88178462530506,5.36927974978477
"Kerguelen","KER3","CAT2-S3-1D",139,160.4,161.5,160.9,1.41578575056157,0.0707892875280786,5.21968776428999,0.2609843882145,4.83343597548504,4.08745796610742,5.57941398486266
"Kerguelen","KER3","CAT2-S3-1D",141,163,164.1,163.5,1.29055993923046,0.0645279969615231,5.36066867402399,0.268033433701199,4.74453924675373,3.99966243384653,5.48941605966092
"Kerguelen","KER3","CAT2-S3-1D",142,164.3,165.5,164.9,1.42401201134331,0.0712006005671657,5.32288146131117,0.266144073065558,4.83927572741329,4.09321769171238,5.5853337631142
"Kerguelen","KER3","CAT2-S3-1E",150,166.5,167.5,167,1.23472479246983,0.0617362396234914,5.2475599194183,0.262377995970915,4.70490235526552,3.96044559396498,5.44935911656606
"Kerguelen","KER3","CAT2-S3-1E",152,169.1,170.2,169.6,1.29976184068746,0.0649880920343731,5.09970457638113,0.254985228819056,4.75107159762405,4.00612135302883,5.49602184221927
"Kerguelen","KER3","CAT2-S3-1E",156,174.6,175.7,175.1,1.03480721519644,0.0517403607598219,5.32156133554251,0.266078066777125,4.5629825829232,3.81966967238158,5.30629549346482
"Kerguelen","KER3","CAT2-S3-1E",158,177.2,178.3,177.8,0.685347844457149,0.0342673922228574,5.00445502438789,0.250222751219394,4.31490437482051,3.57223347716122,5.05757527247981
"Kerguelen","KER3","CAT2-S3-1E",159,178.6,179.6,179.1,1.07727458758061,0.0538637293790306,5.27941424212018,0.263970712106009,4.59312980610857,3.84962109368823,5.3366385185289
"Kerguelen","KER3","CAT2-S3-1E",163,183.8,184.9,184.3,0.466972709881461,0.023348635494073,3.92896265540672,0.196448132770336,4.15988174095864,3.41673366137024,4.90302982054703
"Kerguelen","KER3","CAT2-S3-1E",165,186.4,187.5,187,0.862863613772475,0.0431431806886238,4.94252316982675,0.247126158491337,4.44092129595373,3.69814043133077,5.18370216057669
"Kerguelen","KER3","CAT2-S3-1E",168,190.4,191.5,190.9,0.330431179822934,0.0165215589911467,4.35961236029446,0.217980618014723,4.06295208061827,3.31916282582915,4.80674133540739
"Kerguelen","KER3","CAT2-S3-1E",171,194,195,194.5,0.241900550518764,0.0120950275259382,4.66868257430265,0.233434128715133,4.00010494667672,3.2557593684474,4.74445052490604
"Kerguelen","KER3","CAT2-S3-1E",174,197.7,198.6,198.1,0.221023669422698,0.0110511834711349,4.00745191451237,0.200372595725619,3.98528462795947,3.24079177457289,4.72977748134605
"Kerguelen","KER3","CAT2-S3-1E",177,201.6,202.7,202.1,0.27634659713025,0.0138173298565125,3.92314733114195,0.196157366557097,4.02455789953794,3.28044190553993,4.76867389353594
"Kerguelen","KER3","CAT2-S3-1E",181,207,208.1,207.5,0.641866171535946,0.0320933085767973,4.23353581807475,0.211676790903737,4.284037108389,3.54132505581486,5.02674916096314
"Marion Island","PB1","PB1_1A",4,5,6.3,5.7,0.567983304542891,0.0283991652271445,4.21119175168925,0.210559587584463,4.23158829519978,3.48874488398731,4.97443170641225
"Marion Island","PB1","PB1_1A",7,9.8,11.1,10.4,0.347644133994206,0.0173822066997103,4.3107484592794,0.21553742296397,4.07517140905673,3.3314774877736,4.81886533033987
"Marion Island","PB1","PB1_1A",9,12.6,13.8,13.2,0.546136539824029,0.0273068269912014,4.20203849270262,0.210101924635131,4.2160794644226,3.47318239997134,4.95897652887387
"Marion Island","PB1","PB1_1A",14,19.4,20.7,20.1,0.231428124652593,0.0115714062326296,4.21779186481506,0.210889593240753,3.99267066143242,3.24825197253555,4.7370893503293
"Marion Island","PB1","PB1_1A",16,22.3,23.5,22.9,0.228798567231775,0.0114399283615888,4.26830345678323,0.213415172839162,3.99080396118719,3.24636667225079,4.73524125012358
"Marion Island","PB1","PB1_1A",17,23.7,24.9,24.3,0.146694686729257,0.00733473433646285,4.29985354406594,0.214992677203297,3.93251912106328,3.18745216658066,4.67758607554589
"Marion Island","PB1","PB1_1A",22,30.4,31.6,31,0.740674119719269,0.0370337059859634,4.39023420787991,0.219511710393995,4.35418002279924,3.61152275430946,5.09683729128901
"Marion Island","PB1","PB1_1A",28,38.5,39.8,39.2,0.798426133287655,0.0399213066643827,4.34001503801971,0.217000751900986,4.39517768158303,3.6524883631998,5.13786699996625
"Marion Island","PB1","PB1_1A",32,44,45.3,44.7,0.694436871764147,0.0347218435882074,4.40509297829738,0.220254648914869,4.32135659730047,3.57869091664376,5.06402227795719
"Marion Island","PB1","PB1_1B",39,46.4,47.6,47,0.648738575009442,0.0324369287504721,4.3637559974442,0.21818779987221,4.28891576863341,3.54621200332899,5.03161953393784
"Marion Island","PB1","PB1_1B",41,49.3,50.5,49.9,1.13700041401934,0.0568500207009672,4.45640555168257,0.222820277584129,4.63552865770905,3.89170147274473,5.37935584267336
"Marion Island","PB1","PB1_1B",42,50.6,51.8,51.2,1.23373921113046,0.0616869605565229,4.3965214005494,0.21982607002747,4.70420269953132,3.95975295906413,5.4486524399985
"Marion Island","PB1","PB1_1B",44,53.3,54.5,53.9,1.38738298128149,0.0693691490640745,4.34649184686389,0.217324592343194,4.81327309333582,4.06756411418945,5.5589820724822
"Marion Island","PB1","PB1_1B",45,54.7,55.8,55.2,1.40620966940876,0.0703104834704381,4.3464875697545,0.217324378487725,4.82663799766001,4.08075195384959,5.57252404147043
"Marion Island","PB1","PB1_1B",46,56,57.7,56.8,1.60341426877032,0.0801707134385161,4.45041728429672,0.222520864214836,4.96663185026647,4.21859383651186,5.71466986402109
"Marion Island","PB1","PB1_1B",52,64.3,65.4,64.9,1.50171728314079,0.0750858641570395,4.54065783750124,0.227032891875062,4.89443803296792,4.14757743843276,5.64129862750308
"Marion Island","PB1","PB1_1B",54,66.9,68.1,67.5,1.18230726287631,0.0591153631438154,4.47756674974214,0.223878337487107,4.66769160087305,3.92358926264425,5.41179393910184
"Marion Island","PB1","PB1_1B",57,70.8,72,71.4,1.27884858417893,0.0639424292089464,4.42493172064006,0.221246586032003,4.73622545631367,3.99144038049306,5.48101053213429
"Marion Island","PB1","PB1_1B",62,77.7,78.9,78.3,0.950073544574806,0.0475036772287403,4.30119269107268,0.215059634553634,4.50283087736353,3.75983245059848,5.24582930412858
"Marion Island","PB1","PB1_1B",64,80.4,81.5,81,0.880925867622193,0.0440462933811097,4.28967864708772,0.214483932354386,4.45374353494493,3.71092645392306,5.1965606159668
"Marion Island","PB1","PB1_1B",65,81.7,82.8,82.3,1.03808308185003,0.0519041540925016,4.3508544458103,0.217542722290515,4.56530809254593,3.8219809852876,5.30863519980425
"Marion Island","PB1","PB1_1B",66,83,84.1,83.6,1.00339381540522,0.0501696907702609,4.32766555544492,0.216383277772246,4.54068248001243,3.79749800376586,5.283866956259
"Marion Island","PB1","PB1_1B",67,84.3,85.4,84.9,1.05870895546239,0.0529354477731196,4.68208203294932,0.234104101647466,4.57995022320473,3.83653024527989,5.32337020112956
"Marion Island","PB1","PB1_1B",68,85.6,86.6,86.1,0.982833054315536,0.0491416527157768,4.39653896632112,0.219826948316056,4.52608657217466,3.78297860289123,5.26919454145808
"Marion Island","PB1","PB1_1C",77,89.2,90.3,89.7,1.0238913877525,0.051194569387625,4.34145015384162,0.217072507692081,4.55523353070428,3.81196683147527,5.29850022993328
"Marion Island","PB1","PB1_1C",79,91.8,92.9,92.4,1.056159235154,0.0528079617577001,4.33079009544426,0.216539504772213,4.57814019864041,3.83473202680704,5.32154837047379
"Marion Island","PB1","PB1_1C",81,94.5,95.6,95.1,1.13791510464892,0.0568957552324459,4.35156989471663,0.217578494735831,4.63617798873678,3.89234553504076,5.3800104424328
"Marion Island","PB1","PB1_1C",84,98.5,99.6,99.1,1.25723416942226,0.0628617084711132,4.28780306479798,0.214390153239899,4.72088156878055,3.97626074113795,5.46550239642314
"Marion Island","PB1","PB1_1C",86,101.2,102.3,101.8,1.17721169016315,0.0588605845081573,4.33140552600119,0.21657027630006,4.664074297536,3.92000434941133,5.40814424566066
"Marion Island","PB1","PB1_1C",87,102.6,103.7,103.1,1.34333583401427,0.0671667917007133,4.29109128670027,0.214554564335014,4.78200440151917,4.03669029399531,5.52731850904302
"Marion Island","PB1","PB1_1C",88,103.9,105,104.4,1.16661571515996,0.0583307857579978,4.28282218885718,0.214141109442859,4.65655230581967,3.91254853962732,5.40055607201203
"South Georgia","POB4","POB_1A",16,31.5,32.9,32.2,0.905493634443272,0.0452746817221636,4.40818812732973,0.220409406366487,4.47118398176186,3.72831022346384,5.21405774005988
"South Georgia","POB4","POB_1A",19,36.1,37.4,36.8,0.894969443049813,0.0447484721524906,4.50946494041057,0.225473247020529,4.46371294861402,3.72086451592937,5.20656138129866
"South Georgia","POB4","POB_1A",21,39.2,40.6,39.9,1.20244981246831,0.0601224906234157,4.31833172851994,0.215916586425997,4.68199062395786,3.93775666823405,5.42622457968166
"South Georgia","POB4","POB_1A",24,43.8,45.1,44.4,1.31892588189101,0.0659462940945503,4.32154807924162,0.216077403962081,4.7646759860018,4.01956899498484,5.50978297701875
"South Georgia","POB4","POB_1A",28,49.9,51.2,50.5,1.36370237252249,0.0681851186261244,4.70403054970118,0.235201527485059,4.79646243241325,4.05096912266991,5.54195574215659
"South Georgia","POB4","POB_1E",170,200.2,201.3,200.7,1.63268542461474,0.081634271230737,4.55900530794632,0.227950265397316,4.98741119258491,4.23900767082492,5.7358147143449
"South Georgia","POB4","POB_1E",174,205.3,206.4,205.9,2.3649939921748,0.11824969960874,4.85112910450854,0.242556455225427,5.50727075976211,4.74591543116437,6.26862608835985
"South Georgia","POB4","POB_1E",177,209.4,210.5,209.9,1.75086835005178,0.0875434175025889,4.60662757714088,0.230331378857044,5.07130823706459,4.32130848881269,5.82130798531649
"South Georgia","POB4","POB_1E",183,217.6,218.5,218.1,1.30056806824165,0.0650284034120823,4.77480548795527,0.238740274397763,4.75164393164543,4.00668719665202,5.49660066663884
"South Georgia","POB4","POB_1F",196,225.1,226.2,225.7,1.73980671493294,0.0869903357466468,5.11232199493553,0.255616099746777,5.06345567722862,4.31361350414855,5.8132978503087
"South Georgia","POB4","POB_1F",202,232.5,233.6,233,1.42834006880161,0.0714170034400803,4.84314959356227,0.242157479678114,4.842348178258,4.09624765873201,5.58844869778398
"South Georgia","POB4","POB_1F",208,240,241.2,240.6,2.01107769954577,0.100553884977289,4.80473734981564,0.240236867490782,5.2560286210608,4.50183892312621,6.01021831899539
"South Georgia","POB4","POB_1F",214,247.5,248.6,248.1,1.52630732819043,0.0763153664095216,5.13788968193587,0.256894484096793,4.91189429490811,4.16476218922038,5.65902640059584
"South Georgia","POB4","POB_1F",219,253.8,254.8,254.3,1.9158140801282,0.0957907040064098,4.83881302754174,0.241940651377087,5.18840179522267,4.43585322572667,5.94095036471867
"South Georgia","POB4","POB_1G",233,261.6,262.8,262.2,1.46623903173349,0.0733119515866743,4.69800796643951,0.234900398321976,4.8692523267809,4.12276861503025,5.61573603853155
"South Georgia","POB4","POB_1G",239,269.2,270.5,269.8,1.81809497935414,0.0909047489677068,4.97142380486038,0.248571190243019,5.11903184424339,4.3680382677081,5.87002542077867
"South Georgia","POB4","POB_1G",247,279.3,280.2,279.8,1.49417002285884,0.0747085011429419,4.87523056331881,0.243761528165941,4.88908029766705,4.14230134675562,5.63585924857848
"South Georgia","POB4","POB_1G",255,289.2,290.5,289.9,0.72086125402208,0.036043062701104,3.83176679232463,0.191588339616232,4.34011503948189,3.59745787633156,5.08277220263222
"South Georgia","POB4","POB_1G",256,290.6,291.8,291.2,1.37471906842687,0.0687359534213433,4.05532952493989,0.202766476246994,4.80428309028655,4.05869042379143,5.54987575678167
"South Georgia","POB4","POB_1G",261,297.2,298.5,297.9,0.498928332652495,0.0249464166326248,3.8547345369616,0.19273672684808,4.18256676330922,3.43953068412033,4.92560284249811
"South Georgia","POB4","POB_1H",270,299.6,300.9,300.3,1.32001654536614,0.066000827268307,3.87407154172022,0.193703577086011,4.76545023864233,4.0203341718397,5.51056630544496
"South Georgia","POB4","POB_1H",272,302.4,303.6,303,0.391004764695805,0.0195502382347903,3.67940085422829,0.183970042711415,4.10595274865538,3.36248044109228,4.84942505621848
"South Georgia","POB4","POB_1H",274,305.3,306.6,305.9,1.27837260111019,0.0639186300555094,3.74213061144934,0.187106530572467,4.73588756001823,3.99110617190448,5.48066894813199
"South Georgia","POB4","POB_1H",276,308.2,309.4,308.8,0.590881153513766,0.0295440576756883,4.16784383932843,0.208392191966421,4.24784328166669,3.50504885013936,4.99063771319402
"South Georgia","POB4","POB_1H",277,309.6,310.8,310.2,0.218392379415323,0.0109196189707662,3.89883576950772,0.194941788475386,3.98341669776591,3.23890484686451,4.7279285486673
"South Georgia","POB4","POB_1H",278,311,312.3,311.6,0.52320845772771,0.0261604228863855,3.9300784764349,0.196503923821745,4.19980301571941,3.45684237467178,4.94276365676705
"South Georgia","POB4","POB_1H",280,313.9,315,314.5,0.589896547845552,0.0294948273922776,3.76817714490331,0.188408857245166,4.24714431855306,3.50434793370265,4.98994070340348
"South Georgia","POB4","POB_1H",283,317.9,319.1,318.5,0.606785152859079,0.0303392576429539,4.01684882996467,0.200842441498233,4.25913339430812,3.51636861175691,5.00189817685933
