"Location","Site","Section","sample","min_depth","max_depth","midpoint","Sr","Sr_sd","Sr_ICP","Sr_ICP_sd","Sr_fit_OLS","Sr_lwr_OLS","Sr_upr_OLS","Sr_fit_WLS","Sr_lwr_WLS","Sr_upr_WLS"
"Bird Island","BI10","BI10.1",1,0,1.1,0.6,-0.746941844260196,1.23252485345966,-0.31952155642021,-0.00639043112840421,-0.364769324810064,-1.41559052097996,0.686051871359835,-0.484695271548551,-2.19481794552811,1.225427402431
"Bird Island","BI10","BI10.1",4,3.9,5,4.5,-3.11608898458239,10.7944488844048,-0.130172669684372,-0.00260345339368745,-0.863702427184969,-1.97826349577115,0.250858641401217,-1.14168049926164,-3.82115200142238,1.53779100289909
"Bird Island","BI10","BI10.1",10,11.7,12.8,12.3,-1.46136827783289,3.54071026043925,-0.0222443783921449,-0.00044488756784289,-0.515224731675417,-1.58014823557673,0.549698772225894,-0.682811971502095,-2.68448777950207,1.31886383649787
"Bird Island","BI10","BI10.1",22,26.7,27.8,27.2,0.834820667841828,0.203734444611933,0.00804840663550621,0.00016096813271012,-0.0316563391488786,-1.0681743654593,1.00486168716154,-0.0460586894154319,-1.11651718695612,1.02439980812525
"Bird Island","BI10","BI10.1",30,36.3,37.2,36.7,0.715289550881678,0.218143750197973,-0.517220185829997,-0.0103444037165999,-0.056829123903461,-1.09359501633649,0.979936768529571,-0.0792057138270034,-1.1974996502279,1.03908822257389
"Bird Island","BI10","BI10.1",34,40.9,41.9,41.4,0.317449419599423,0.211376015528012,-0.354170855534067,-0.00708341711068135,-0.140612696300277,-1.17919137592325,0.89796598332269,-0.189530262604642,-1.46782778324793,1.08876725803865
"Bird Island","BI10","BI10.2",51,45.9,46.9,46.4,0.555753984985859,0.127326152508575,-0.154936790068664,-0.00309873580137328,-0.0904266888148207,-1.12773724545386,0.946883867824217,-0.123446321894153,-1.30577011116738,1.05887746737908
"Bird Island","BI10","BI10.2",54,49.3,50.3,49.8,0.673082924830258,0.322416389473122,-0.344767997242384,-0.00689535994484768,-0.0657176739298425,-1.10260388729458,0.971168539434893,-0.0909099804617986,-1.22612421738584,1.04430425646225
"Bird Island","BI10","BI10.2",62,58.4,59.4,58.9,0.893300930238031,0.279357136506127,0.344449625450754,0.00688899250901509,-0.0193406250894014,-1.05578742316321,1.01710617298441,-0.0298416010576924,-1.07694557002946,1.01726236791408
"Bird Island","BI10","BI10.2",67,64.1,65.2,64.6,1.10519024497363,0.324105664852309,-0.11540978204327,-0.0023081956408654,0.0252824341380418,-1.0111817628025,1.06174663107858,0.0289171595622186,-0.933879355998133,0.99171367512257
"Bird Island","BI10","BI10.2",71,68.7,69.8,69.2,1.13353067092087,0.304998523636628,0.115839186611447,0.00231678373222893,0.0312508167681555,-1.00524844520998,1.06775007874629,0.03677620760425,-0.914785821525895,0.988338236734395
"Bird Island","BI10","BI10.3",84,80,81,80.5,1.0325517868623,0.196926682536346,0.0454717545773713,0.00090943509154742,0.00998505955104728,-1.02642453177619,1.04639465087829,0.00877387967437253,-0.982864860083406,1.00041261943215
"Bird Island","BI10","BI10.3",88,84.8,85.8,85.3,1.40752272029365,0.328541618233644,0.19815730361261,0.0039631460722522,0.0889524685115032,-0.948283852363369,1.12618878938637,0.112756599824326,-0.73082200970667,0.956335209355323
"Bird Island","BI10","BI10.3",95,93,94,93.5,1.57938591301782,0.73897362545473,-0.0202243680759349,-0.00040448736151869,0.125146183317357,-0.912920162192755,1.16321252882747,0.160415766655152,-0.61615279197484,0.936984325285143
"Bird Island","BI10","BI10.3",98,96.3,97.3,96.8,1.47297314952906,0.291443134454149,0.114352066092137,0.00228704132184275,0.102736072389205,-0.934782967208295,1.14025511198671,0.130906576422782,-0.687076265818079,0.948889418663642
"Bird Island","BI10","BI10.3",104,103.2,104.2,103.7,1.42488695022108,0.359074322843092,0.560287783237819,0.0112057556647564,0.0926093072787507,-0.944698015499702,1.1299166300572,0.117571852688437,-0.719207608145644,0.954351313522518
"Bird Island","BI10","BI10.3",114,114.9,115.9,115.4,0.849061883926183,0.336475555176736,0.111828561776536,0.00223657123553071,-0.0286571948569827,-1.06515484653993,1.00784045682596,-0.0421094756106621,-1.1068775341077,1.02265858288637
"Bird Island","BI10","BI10.3",119,120.7,121.7,121.2,0.593837300233187,0.228922964398236,0.110203674502798,0.00220407349005596,-0.0824064918833262,-1.11956482924359,0.954751845476941,-0.112885485416756,-1.27990685323995,1.05413588240644
"Bird Island","BI10","BI10.3",120,121.8,122.7,122.3,0.41979505212757,0.163780156105897,0.386017631949144,0.00772035263898289,-0.119059107212161,-1.1570265378808,0.918908323456482,-0.161148923367603,-1.39818445935152,1.07588661261631
"Bird Island","BI10","BI10.4",145,132,133,132.5,0.401154868685785,0.255844350677834,-0.286457725040992,-0.00572915450081984,-0.122984656788699,-1.16105594960552,0.915086636028123,-0.166318009303502,-1.41086391899683,1.07822790038982
"Bird Island","BI10","BI10.4",155,143.7,144.8,144.2,0.821629460793033,0.312818861964111,-0.264678148521628,-0.00529356297043256,-0.0344343556531764,-1.0709729939853,1.00210428267895,-0.0497167265289835,-1.1254478403785,1.02601438732053
"Bird Island","BI10","BI10.5",172,156.1,157.2,156.6,0.720596113831967,0.172578940121179,-0.457328249386818,-0.00914656498773637,-0.0557115825440943,-1.09246355834075,0.981040393252563,-0.0777341574981738,-1.19390178107296,1.03843346607661
"Bird Island","BI10","BI10.5",175,159.9,161,160.5,0.511102193654179,0.254796091615201,-0.820632363424328,-0.0164126472684866,-0.0998301810659108,-1.13733692965952,0.937676567527702,-0.135828654251885,-1.33610728610558,1.0644499776018
"Bird Island","BI10","BI10.5",181,167.1,168.1,167.6,0.683356285223004,0.282919925305388,0.027370245240224,0.00054740490480448,-0.0635541444954186,-1.10040949531886,0.973301206328022,-0.0880610877517877,-1.21915547315832,1.04303329765474
"Bird Island","BI10","BI10.5",191,179.1,180.1,179.6,0.896950005727368,0.368156754787202,-0.388948083438678,-0.00777896166877357,-0.0185721440931356,-1.05501558769692,1.01787129951064,-0.0288296805017669,-1.07447750113521,1.01681814013167
"Bird Island","BI10","BI10.5",194,182.8,183.8,183.3,0.889856706430961,0.16314876425731,-0.655489740745734,-0.0131097948149147,-0.0200659651242552,-1.05651604682709,1.01638411657858,-0.0307967144500481,-1.0792752116595,1.01768178275941
"Bird Island","BI10","BI10.5",197,186.5,187.5,187,1.0588187394482,0.291799488038374,-0.259786017007985,-0.00519572034015971,0.0155167768178082,-1.02090670352566,1.05194025716128,0.0160579354142071,-0.965143460582784,0.997259331411198
"Bird Island","BI10","BI10.5",202,192.4,193.3,192.8,0.57060611993028,0.268708201315041,-0.289101891506206,-0.00578203783012413,-0.0872988874053637,-1.12454842471909,0.949950649908359,-0.119327694945065,-1.29568243405698,1.05702704416685
"Bird Island","BI10","BI10.6",221,205.5,206.6,206,0.338255722558012,0.0665891867924069,-0.88984450555227,-0.0177968901110454,-0.136230970443153,-1.17467727318015,0.90221533229384,-0.183760492777152,-1.45366471275482,1.08614372720052
"Bird Island","BI10","BI10.6",231,217,218,217.5,0.632879701062386,0.123487062115527,-0.236840025374017,-0.00473680050748033,-0.0741843152872252,-1.11120104886214,0.962832418287685,-0.102058686117262,-1.25340340105979,1.04928602882527
"Bird Island","BI10","BI10.6",242,230.4,231.5,230.9,0.871413934234922,0.132491345107607,-0.0124610716162339,-0.00024922143232467,-0.0239499406661508,-1.06041954607723,1.01251966474493,-0.0359110565205146,-1.09175178201359,1.01992966897256
"Bird Island","BI10","BI10.6",250,240.2,242,241.1,0.51872767045388,0.145452339311404,-0.485059694603967,-0.00970119389207934,-0.098224285538356,-1.13569617540334,0.939247604326632,-0.133714042826361,-1.33092543250051,1.06349734684779
"Bird Island","BI10","BI10.7",259,252.7,253.7,253.2,0.974329011292539,0.345669828312262,0.227613833508727,0.00455227667017454,-0.00227642879194693,-1.03867889002936,1.03412603244547,-0.00737180533385606,-1.02217503015137,1.00743141948366
"Bird Island","BI10","BI10.7",271,267,268,267.5,0.504982470053853,0.110114609480268,-0.318243762810069,-0.00636487525620138,-0.101118970871162,-1.13865409809402,0.936416156351693,-0.137525707142638,-1.34026619896867,1.0652147846834
"Bird Island","BI10","BI10.7",280,277.9,278.9,278.4,0.554013852830779,0.158198252784325,-0.30989325950168,-0.00619786519003361,-0.0907931538265963,-1.12811099821062,0.94652469055743,-0.123928875763728,-1.30695212462748,1.05909437310002
"Bird Island","BI10","BI10.8",300,293.7,294.8,294.3,0.612250078869232,0.123075650209974,-0.278613213999489,-0.00557226427998979,-0.0785288328676119,-1.11561856543661,0.958560899701385,-0.107779460822864,-1.26740613246049,1.05184721081477
"Bird Island","BI10","BI10.8",303,297.4,298.4,297.9,0.465244357601764,0.115581442402111,-0.271649223103384,-0.00543298446206768,-0.109487661608347,-1.14721579737244,0.928240474155741,-0.148545433361362,-1.3672779760099,1.07018710928718
"Bird Island","BI10","BI10.8",311,307.1,308,307.6,0.6776261629776,0.168942370757364,-0.49048515217855,-0.00980970304357101,-0.0647608857822844,-1.10163332563191,0.972111554067345,-0.0896501007785213,-1.22304229056211,1.04374208900507
"Bird Island","BI10","BI10.8",318,315.7,316.8,316.2,0.171524634084152,0.0963083649536114,-0.1481836226736,-0.002963672453472,-0.171343884208102,-1.21096716121805,0.868279392801843,-0.229996482202846,-1.56722621938529,1.10723325497959
"Bird Island","BI10","BI10.9",337,326,327.1,326.5,0.857086803143297,0.243018540342392,-1.1346285646026,-0.022692571292052,-0.0269671783218518,-1.06345420795011,1.00951985130641,-0.0398840953083995,-1.10144646197124,1.02167827135444
"Bird Island","BI10","BI10.9",342,332.1,333.1,332.6,0.858864532273624,0.206638576403,-0.717770039090376,-0.0143554007818075,-0.0265927955344426,-1.06307755588215,1.00989196481326,-0.0393911154686833,-1.1002434231269,1.02146119218953
"Bird Island","BI10","BI10.9",348,339.5,340.5,340,0.783074894957952,0.164525304811051,-0.0953955820079635,-0.00190791164015927,-0.0425537961114834,-1.07916226802866,0.994054675805694,-0.0604082449169445,-1.15155921839992,1.03074272856604
"Bird Island","BI10","BI10.9",353,345.7,346.7,346.2,1.23477911672482,0.336775122014267,-1.24052900865858,-0.0248105801731716,0.05257334263235,-0.984114263780721,1.08926094904542,0.0648532873642934,-0.846665005606125,0.976371580334711
"Bird Island","BI10","BI10.9",361,355.7,356.7,356.2,1.29934074798089,0.190428819442449,0.0314232990145733,0.00062846598029146,0.0661697691390611,-0.970689376742182,1.1030289150203,0.0827567925077221,-0.803309281288671,0.968822866304115
"Bird Island","BI10","BI10.9",365,360.7,361.7,361.2,1.07978648185843,0.324993444448089,-0.40288018995478,-0.00805760379909559,0.0199325011907196,-1.01650682867199,1.05637183105343,0.0218724738139373,-0.951003404628973,0.994748352256848
"Bird Island","BI10","BI10.9",370,366.8,367.8,367.3,1.35268554008359,0.111832191660768,-0.206861416439493,-0.00413722832878985,0.0774039732821287,-0.95962711669749,1.11443506326175,0.0975497700271064,-0.767539036525849,0.962638576580061
"Bird Island","BI10","BI10.10",382,370,370.9,370.4,1.22967329901696,0.122500173531177,-0.261084557571508,-0.00522169115143015,0.0514980774342598,-0.985177671817444,1.08817382668596,0.0634373994473429,-0.850096601121457,0.976971400016143
"Bird Island","BI10","BI10.10",386,374.7,375.6,375.1,0.959308100782111,0.17803506570329,-0.323478250465121,-0.00646956500930243,-0.00543977367412442,-1.04184568616954,1.03096613882129,-0.0115372352238752,-1.03232296841103,1.00924849796328
"Bird Island","BI10","BI10.10",390,379.5,380.5,380,1.40173458685645,0.239630648518354,-0.158497705746766,-0.00316995411493531,0.0877335102950079,-0.949479785907661,1.12494680649768,0.111151499786616,-0.734694834312755,0.956997833885987
"Bird Island","BI10","BI10.10",392,381.9,383,382.4,0.870246350282559,0.116672498266058,-0.409317582844966,-0.00818635165689932,-0.0241958292704172,-1.06066678078791,1.01227512224708,-0.0362348377647277,-1.09254176987887,1.02007209434942
"Bird Island","BI10","BI10.10",396,386.7,387.8,387.2,0.864104720970721,0.27873043609479,-0.0460096262243042,-0.00092019252448608,-0.0254892323326581,-1.06196748036104,1.01098901569572,-0.0379379653009172,-1.09669742271818,1.02082149211635
"Bird Island","BI10","BI10.10",403,395.3,396.4,395.8,1.12918252456138,0.271958211107506,-0.360817299522044,-0.00721634599044087,0.0303351141864976,-1.00615826635804,1.06682849473104,0.0355704285804403,-0.917714555972452,0.988855413133333
"Bird Island","BI10","BI10.10",410,403.6,404.6,404.1,1.04504922008754,0.339864326657262,-0.147154474220954,-0.00294308948441907,0.0126169700072059,-1.02379840200053,1.04903234201495,0.012239527237401,-0.974432222727743,0.998911277202545
"Bird Island","BI10","BI10.11",422,412.9,413.9,413.4,0.980408314010295,0.187857335461795,-0.011753209271296,-0.00023506418542591,-0.000996151466143643,-1.03739783276709,1.0354055298348,-0.00568596150744914,-1.01806864873058,1.00669672571568
"Bird Island","BI10","BI10.11",424,415.2,416.2,415.7,0.935531617397313,0.229025159634012,-0.136618505388372,-0.00273237010776745,-0.0104470078880067,-1.04686281938997,1.02596880361396,-0.0181306620671964,-1.04839114282414,1.01212981868975
"Bird Island","BI10","BI10.11",427,418.8,419.8,419.3,1.50066292588085,0.228209428448086,-0.520807156178686,-0.0104161431235737,0.108567430764603,-0.929083581632105,1.14621844316131,0.138585193640002,-0.668596200661986,0.94576658794199
"Bird Island","BI10","BI10.11",439,433.3,434.3,433.8,0.692956077038972,0.119649137392595,-0.677075748337785,-0.0135415149667557,-0.061532465963353,-1.09835989397519,0.97529496204848,-0.0853989815006098,-1.21264440657336,1.04184644357214
"Bird Island","BI10","BI10.11",443,438.2,439.3,438.7,0.911966978650184,0.253410625003603,-0.30139762956107,-0.00602795259122141,-0.0154096284514767,-1.05184061530641,1.02102135840346,-0.0246653425392392,-1.06432215043023,1.01499146535175
"Bird Island","BI10","BI10.11",449,445.8,446.8,446.3,0.737980540640008,0.145579649517978,0.369749908223692,0.00739499816447385,-0.0520504903929476,-1.08875877008364,0.98465778929774,-0.0729133038623844,-1.18211675083003,1.03629014310526
"Bird Island","BI10","BI10.12",461,452.4,453.6,453,1.34398546667288,0.47190859573772,0.0450809231877916,0.00090161846375583,0.0755717719199522,-0.961429410630064,1.11257295446997,0.0951371635605961,-0.773369423658411,0.963643750779603
"Bird Island","BI10","BI10.12",465,457.6,458.7,458.1,1.70960572889695,0.395788380644205,-0.0142422579425014,-0.00028484515885002,0.152569966172156,-0.886313579550796,1.19145351189511,0.196526860783511,-0.52975484487066,0.922808566437681
"Bird Island","BI10","BI10.12",469,462.9,463.9,463.4,1.18706787098796,0.199737401251309,-0.20962926738068,-0.0041925853476136,0.0425255412744209,-0.994061034543186,1.07911211709203,0.0516225415353773,-0.87874692924774,0.981992012318495
"Bird Island","BI10","BI10.12",477,473.1,474.2,473.6,1.33956133259633,0.312184055071189,-0.505850776693472,-0.0101170155338694,0.0746400666228994,-0.962346186231074,1.11162631947687,0.0939103124780921,-0.776334795901134,0.964155420857319
"Bird Island","BI10","BI10.12",480,476.9,478,477.5,1.5301072534626,0.164994872025793,0.0615381860374464,0.00123076372074893,0.114768290752432,-0.923031117584579,1.15256769908944,0.146750363262402,-0.648963977804981,0.942464704329785
"Bird Island","BI10","BI10.13",519,491,492,491.5,1.39895660841561,0.159176696731618,0.0745391525883319,0.00149078305176664,0.0871484789230727,-0.950053880898908,1.12435083874505,0.110381142062744,-0.736553803745892,0.957316087871379
"Bird Island","BI10","BI10.13",522,494.8,495.8,495.3,1.41174058206281,0.251727209359417,0.18779346651441,0.00375586933028821,0.0898407336690608,-0.947412567947967,1.12709403528609,0.113926249791486,-0.728000262666639,0.955852762249611
"Bird Island","BI10","BI10.13",525,498.7,499.7,499.2,1.23663016880912,0.274403516496392,-0.0463487606408846,-0.00092697521281769,0.0529631669464918,-0.983728800013001,1.08965513390599,0.0653666003005879,-0.845421022223538,0.976154222824714
"Bird Island","BI10","BI10.13",529,503.9,505.1,504.5,1.43580704684888,0.202545365432631,-0.0649445627849996,-0.00129889125569999,0.0949090368295295,-0.942444419436723,1.13226249309578,0.120600091014186,-0.711906579768084,0.953106761796457
"Isla Hermite","HER42PB","HER42PB1A",3,2.5,3.1,2.8,1.15021986149767,0.174462966699263,0.182454313854721,0.00364908627709442,0.034765494893836,-1.00175802929016,1.07128901907783,0.0414042661510717,-0.903547069786608,0.986355602088752
"Isla Hermite","HER42PB","HER42PB1A",5,5.3,5.9,5.6,1.77730865833356,0.286044905725948,0.157836179102921,0.00315672358205841,0.166827937764027,-0.872544484593234,1.20620036012129,0.215301475393013,-0.485034949329907,0.915637900115934
"Isla Hermite","HER42PB","HER42PB1A",7,8.1,8.7,8.4,1.31468174961712,0.083095087384356,0.118242357495823,0.00236484714991645,0.0694005239578022,-0.967505270528878,1.10630631844448,0.0870109864671377,-0.793017322091291,0.967039295025566
"Isla Hermite","HER42PB","HER42PB1A",9,10.9,11.5,11.2,1.46212345854753,0.239456400788104,0.176689172734314,0.00353378345468627,0.100451169991591,-0.937018162860643,1.13792050284383,0.127897862198663,-0.6943218416592,0.950117566056527
"Isla Hermite","HER42PB","HER42PB1A",13,16.3,16.9,16.6,1.69588378332263,0.227352029421623,0.180599856982026,0.00361199713964051,0.149680178214501,-0.889109615321533,1.18846997175054,0.19272164523384,-0.538836270758364,0.924279561226044
"Isla Hermite","HER42PB","HER42PB1A",16,20.5,21.1,20.8,1.64767655432484,0.115497484059658,0.3640774133389,0.007281548266778,0.139527924725723,-0.898946764688184,1.17800261413963,0.179353358907722,-0.570784701951977,0.929491419767421
"Isla Hermite","HER42PB","HER42PB1A",20,26.1,26.7,26.4,1.47349301334162,0.184721200605484,-0.0524117866505671,-0.00104823573301134,0.102845553670633,-0.934675895963093,1.14036700330436,0.131050739205862,-0.686729156646104,0.948830635057827
"Isla Hermite","HER42PB","HER42PB1A",25,33.1,33.6,33.4,1.33107068492347,0.264726072802139,-0.242317761214665,-0.00484635522429331,0.0728519695003137,-0.964106157230936,1.10981009623156,0.0915557816007794,-0.782026813782351,0.965138376983909
"Isla Hermite","HER42PB","HER42PB1A",28,37.1,37.7,37.4,1.31384974266963,0.309981796494216,-0.237210607281756,-0.00474421214563511,0.0692253065555382,-0.967677900011345,1.10612851312242,0.0867802636620606,-0.793575394885574,0.967135922209695
"Isla Hermite","HER42PB","HER42PB1A",31,41.2,41.7,41.5,1.29604864876783,0.143617525674632,-0.0157507050559937,-0.00031501410111987,0.0654764659474853,-0.971372963976686,1.10232589587166,0.0818438645960972,-0.805518403402106,0.9692061325943
"Isla Hermite","HER42PB","HER42PB1B",48,54,54.5,54.3,1.52072533549239,0.151284458712769,0.124157224698192,0.00248314449396384,0.112792495598372,-0.924958727295573,1.15054371849232,0.14414867533465,-0.655217285720681,0.943514636389982
"Isla Hermite","HER42PB","HER42PB1B",50,56.7,57.2,57,1.50989219084208,0.222673267882945,0.0195991538490663,0.00039198307698132,0.110511077793263,-0.927185555203637,1.14820771079016,0.141144549552929,-0.66244039506814,0.944729494173998
"Isla Hermite","HER42PB","HER42PB1B",56,64.7,65.2,65,1.31516625716611,0.192510561604347,0.0661754327069417,0.00132350865413883,0.0695025593486935,-0.967404745239683,1.10640986393707,0.087145344649027,-0.792692341746368,0.966983031044422
"Isla Hermite","HER42PB","HER42PB1B",60,69.9,70.4,70.2,1.8430677348068,0.155892788699857,-0.0198305420515137,-0.00039661084103027,0.180676541540338,-0.859212565505466,1.22056564858614,0.233537042570618,-0.441749261882004,0.908823347023239
"Isla Hermite","HER42PB","HER42PB1B",63,73.7,74.3,74,1.87933008224304,0.334400044655579,0.085778436538372,0.00171556873076744,0.18831324978772,-0.851878395647402,1.22850489522284,0.243592908743864,-0.417949217570041,0.905135035057769
"Isla Hermite","HER42PB","HER42PB1B",69,81.5,82,81.8,1.39517029932156,0.106280921027854,-0.205527214737565,-0.00411054429475129,0.0863510970675128,-0.950836476012867,1.12353867014789,0.109331165427688,-0.73908776894458,0.957750099799957
"Isla Hermite","HER42PB","HER42PB1C",80,86.5,87.2,86.9,1.49223671210909,0.249902554877054,-0.055314954811208,-0.00110629909622416,0.106792903169053,-0.930817170980046,1.14440297731815,0.136248530847143,-0.67421804466426,0.946715106358546
"Isla Hermite","HER42PB","HER42PB1C",86,94.8,95.4,95.1,1.65908232003068,0.160822304182114,0.13126209874675,0.002625241974935,0.141929934280859,-0.896617302591194,1.18047717115291,0.182516277517528,-0.563219716202155,0.928252271237212
"Isla Hermite","HER42PB","HER42PB1C",90,100.2,100.8,100.5,1.64297743540177,0.336591634399247,-0.0353526582620001,-0.00070705316524,0.138538308697739,-0.899906853269879,1.17698347066536,0.178050252121664,-0.573902496214715,0.930003000458044
"Isla Hermite","HER42PB","HER42PB1C",91,101.6,102.3,102,1.57090860963754,0.242036562499108,0.00005165591729383,0.00000103311834587,0.123360896450489,-0.914657872551098,1.16137966545208,0.15806493626691,-0.621793011192054,0.937922883725873
"Isla Hermite","HER42PB","HER42PB1C",97,109.8,110.4,110.1,1.49841231551968,0.388323087813996,0.132212686704986,0.00264425373409972,0.108093461043337,-0.929546550298228,1.1457334723849,0.137961079698128,-0.670097619722502,0.946019779118757
"Isla Hermite","HER42PB","HER42PB1C",104,119.2,119.8,119.5,1.50793768916734,0.199684218899562,0.102991317695584,0.00205982635391168,0.110099467400823,-0.927587436297094,1.14778637109874,0.140602549140211,-0.663743863304829,0.94494896158525
"Isla Hermite","HER42PB","HER42PB1D",118,127.3,127.8,127.6,1.25238184532993,0.383903507279988,0.164935186289202,0.00329870372578403,0.0562804082863712,-0.980449997325103,1.09301081389785,0.0697346779981513,-0.834837416130885,0.974306772127187
"Isla Hermite","HER42PB","HER42PB1D",121,130.9,131.6,131.3,1.67061576224886,0.33646367722344,0.458809679416045,0.0091761935883209,0.144358832009092,-0.894263028848253,1.18298069286644,0.185714601941142,-0.555573798393962,0.927003002276246
"Isla Hermite","HER42PB","HER42PB1D",131,143.2,143.8,143.5,1.23129022246073,0.411159797919264,0.298872527836924,0.00597745055673848,0.0518385951743243,-0.984840881926854,1.0885180722755,0.0638857864634214,-0.849009831028524,0.976781403955367
"Isla Hermite","HER42PB","HER42PB1D",137,150.7,151.3,151,1.651671582215,0.223183303879812,0.566150272533588,0.0113230054506718,0.140369261941714,-0.898130696716688,1.17886922060012,0.180461215090847,-0.568134544986833,0.929056975168526
"Isla Hermite","HER42PB","HER42PB1D",144,159.2,159.8,159.5,1.78474472427089,0.304425944989142,0.162235415204505,0.00324470830409011,0.168393944106323,-0.8710348385221,1.20782272673475,0.217363561529403,-0.480132454876383,0.91485957793519
"Isla Hermite","HER42PB","HER42PB1D",147,162.9,163.5,163.2,1.18859497259616,0.201579350315625,0.255474601284791,0.00510949202569583,0.0428471428879523,-0.993742327679792,1.0794366134557,0.0520460201706755,-0.877719552060017,0.981811592401368
"Isla Hermite","HER42PB","HER42PB1E",158,169.3,169.9,169.6,1.28359598529766,0.278283619213577,0.483257591109248,0.00966515182218496,0.0628539838262788,-0.973959636279893,1.09966760393245,0.0783906320778031,-0.81387625081826,0.970657514973866
"Isla Hermite","HER42PB","HER42PB1E",162,175.6,176.2,175.9,1.48332284541185,0.22465870790286,0.0569862519832203,0.00113972503966441,0.104915677778652,-0.932651829606819,1.14248318516412,0.133776637631978,-0.680166949880097,0.947720225144052
"Isla Hermite","HER42PB","HER42PB1E",166,181.9,182.5,182.2,1.64110007879952,0.332324663479982,0.486380566745134,0.00972761133490268,0.138142944755212,-0.900290479652,1.17657636916242,0.177529644712426,-0.575148264851757,0.930207554276609
"Isla Hermite","HER42PB","HER42PB1E",174,194.9,195.5,195.2,1.16193262278836,0.200670664773134,0.513663850651754,0.0102732770130351,0.037232156515936,-0.99930999452524,1.07377430755711,0.044652317322206,-0.895661833276968,0.98496646792138
"Isla Hermite","HER42PB","HER42PB1E",179,202.5,203,202.8,1.74732941060466,0.531256554637693,0.18127627213616,0.00362552544272321,0.160514425689715,-0.878636123448274,1.1996649748277,0.206987967734236,-0.504818813472632,0.918794748941104
"Isla Hermite","HER42PB","HER42PB1F",189,208.1,208.7,208.4,1.75355224357562,0.379475811933939,0.343271539040356,0.00686543078080712,0.161824929924307,-0.87737096862445,1.20102082847306,0.208713613755484,-0.500709792639146,0.918137020150113
"Isla Hermite","HER42PB","HER42PB1F",191,210.9,211.5,211.2,1.437309559038,0.376738240331435,0.419340332555396,0.00838680665110791,0.0952254600077758,-0.942134433349631,1.13258535336518,0.121016750788461,-0.710902209848409,0.952935711425332
"Isla Hermite","HER42PB","HER42PB1F",197,219.3,219.9,219.6,1.71582639509214,0.387115753524502,0.613807375194034,0.0122761475038807,0.153880014092262,-0.885046625316352,1.19280665350088,0.198251905938882,-0.525639794285847,0.92214360616361
"Isla Hermite","HER42PB","HER42PB1F",200,223.4,224,223.7,1.60180222532028,0.231752324733019,0.671419275184254,0.0134283855036851,0.129866970832205,-0.908328494059143,1.16806243572355,0.166632006158333,-0.601247261768345,0.93451127408501
"Isla Hermite","HER42PB","HER42PB1F",205,230.3,230.9,230.6,1.54252144760469,0.186278298294681,0.875282365041794,0.0175056473008359,0.117382671383918,-0.920481792083866,1.1552471348517,0.150192927899483,-0.640692735920578,0.941078591719544
"Isla Hermite","HER42PB","HER42PB1F",209,235.8,236.4,236.1,1.83357384967695,0.365148847019627,0.358650211341908,0.00717300422683817,0.17867716654129,-0.861134800245074,1.21848913332765,0.23090430516999,-0.447988798207989,0.909797408547969
"Isla Hermite","HER42PB","HER42PB1F",211,238.4,239,238.7,1.544295616859,0.146840629082765,0.0486461298278895,0.00097292259655779,0.11775630447539,-0.920117576868025,1.15563018581881,0.150684920554438,-0.639510952497711,0.940880793606586
"Isla Hermite","HER42PB","HER42PB1F",213,241.1,241.7,241.4,1.7997131155382,0.542103404138263,0.209963801638985,0.00419927603277969,0.171546228641738,-0.867997602700104,1.21109005998358,0.221514427373859,-0.470269837573904,0.913298692321622
"Isla Hermite","HER42PB","HER42PB1G",220,241.3,242,241.7,1.62885043592325,0.360997271391484,0.209963801638985,0.00419927603277969,0.135563217975384,-0.902794446902764,1.17392088285353,0.174132711580879,-0.583279206041552,0.93154462920331
"Isla Hermite","HER42PB","HER42PB1G",230,255,255.6,255.3,1.35019793436578,0.426018000181685,0.217606787223474,0.00435213574446948,0.0768800932676085,-0.960142371116095,1.11390255765131,0.0968599351995602,-0.769205975297322,0.962925845696442
"Isla Hermite","HER42PB","HER42PB1G",235,261.8,262.4,262.1,1.54911865186881,0.548229839813329,0.889446340525539,0.0177889268105108,0.118772016745579,-0.919127619220354,1.15667165271151,0.152022390355388,-0.636298683315227,0.940343464026002
"Isla Hermite","HER42PB","HER42PB1G",239,267.2,267.8,267.5,1.8110245548046,0.519835420777902,0.609716513917841,0.0121943302783568,0.17392837341842,-0.865703815539797,1.21356056237664,0.224651188436824,-0.462822040445515,0.912124417319163
"Isla Hermite","HER42PB","HER42PB1H",259,283.7,284.3,284,1.71481447413022,0.276537360686504,0.46750996925036,0.0093501993850072,0.153666907503695,-0.885252696654959,1.19258651166235,0.197971291403685,-0.526309111627182,0.922251694434552
"Isla Hermite","HER42PB","HER42PB1H",260,285,285.6,285.3,1.65780759091604,0.235881593087657,0.329208353630262,0.00658416707260525,0.14166148132535,-0.896877585785587,1.18020054843629,0.182162783982492,-0.564065010897998,0.928390578862982
"Isla Hermite","HER42PB","HER42PB1H",264,290.3,290.9,290.6,1.49964437136378,0.398176657425233,0.84795551991104,0.0169591103982208,0.108352927175319,-0.92929310048129,1.14599895483193,0.13830273956193,-0.669275681069516,0.945881160193377
"Isla Hermite","HER42PB","HER42PB1H",269,297,297.6,297.3,1.57378554391383,0.220973910116317,0.443506171772894,0.00887012343545788,0.123966767533533,-0.914068070346588,1.16200160541365,0.158862735309635,-0.619878694599014,0.937604165218284
"Isla Hermite","HER42PB","HER42PB1H",273,302.3,302.9,302.6,1.42678436430279,0.285920707797239,0.479867953706072,0.00959735907412144,0.093008895247841,-0.944306361315227,1.13032415181091,0.118098022212196,-0.717938850041912,0.954134894466304
"Isla Hermite","HER42PB","HER42PB1H",278,309.3,309.9,309.6,1.73851607510777,0.185229887188314,0.230550380206933,0.00461100760413865,0.158658371776096,-0.880428581695289,1.19774532524748,0.204543952700392,-0.510640535295144,0.919728440695928
"Isla Hermite","HER42PB","HER42PB1H",281,313.5,314.2,313.9,1.62206396718531,0.200271629623556,0.19146550221637,0.0038293100443274,0.134134014257319,-0.904182296547917,1.17245032506256,0.172250764430666,-0.587785610813562,0.932287139674895
"Isla Hermite","HER42PB","HER42PB1I",293,321,321.6,321.3,1.3513626806482,0.174392402931947,0.484685838088285,0.0096937167617657,0.0771253842697066,-0.95990111139265,1.11415187993206,0.0971829295330737,-0.768425467571896,0.962791326638043
"Isla Hermite","HER42PB","HER42PB1I",301,332.1,332.7,332.4,1.52528534610086,0.41058950836458,0.259444619494303,0.00518889238988606,0.113752815960508,-0.924021721785232,1.15152735370625,0.145413206168127,-0.652177657689524,0.943004070025777
"Isla Hermite","HER42PB","HER42PB1I",303,334.9,335.6,335.3,1.67489623816055,0.324744885740191,0.523088970655165,0.0104617794131033,0.145260283459663,-0.893389596502888,1.18391016342221,0.186901615357784,-0.552737096083433,0.926540326799001
"Isla Hermite","HER42PB","HER42PB1I",312,347.6,348.2,347.9,1.79955252241623,0.345838673592273,0.934340501438493,0.0186868100287699,0.171512408359662,-0.868030177311895,1.21105499403122,0.22146989349624,-0.470375609907217,0.913315396899698
"Isla Hermite","HER42PB","HER42PB1I",317,354.3,354.9,354.6,1.77470594838748,0.131120197370332,0.149008690789393,0.00298017381578786,0.16627981725016,-0.873073002923904,1.20563263742423,0.214579721156017,-0.486751328007414,0.915910770319447
"Isla Hermite","HER42PB","HER42PB1I",320,358.3,358.9,358.6,1.67323245298397,0.431841531894044,0.312131199088374,0.00624262398176748,0.144909896822334,-0.893729071546934,1.1835488651916,0.186440233173243,-0.553839635483766,0.926720101830252
"Isla Hermite","HER42PB","HER42PB1J",329,361.3,361.9,361.6,1.71174765018217,0.170569163115063,0.0822819134805961,0.00164563826961192,0.153021046400011,-0.885877295779616,1.19191938857964,0.197120834293793,-0.528337801776408,0.922579470363995
"Isla Hermite","HER42PB","HER42PB1J",335,369.7,370.2,370,1.59375509201999,0.07570279576817,-0.113267776769972,-0.00226535553539945,0.128172276098221,-0.909976283513451,1.16632083570989,0.164400465696473,-0.60659665393342,0.935397585326366
"Isla Hermite","HER42PB","HER42PB1J",340,376.7,377.3,377,1.28834768853596,0.206582839830938,-0.0106762230081667,-0.00021352446016333,0.0638546739049572,-0.972972434802301,1.10068178261222,0.079708320954491,-0.810686747584447,0.970103389493429
"Isla Hermite","HER42PB","HER42PB1J",342,379.6,380.3,380,1.22993336891729,0.314976076762431,0.0557362528292824,0.00111472505658565,0.0515528471359797,-0.985123500016483,1.08822919428844,0.0635095191058401,-0.849921799652618,0.976940837864298
"Isla Hermite","HER42PB","HER42PB1J",346,385.3,385.9,385.6,1.64663027394395,0.30367120770291,0.234062078011606,0.00468124156023212,0.139307582178185,-0.899160514544228,1.1777756789006,0.179063216205063,-0.571478840074145,0.929605272484271
"Isla Hermite","HER42PB","HER42PB1J",349,389.6,390.2,389.9,1.58213169250836,0.168011221565243,0.0884238615505177,0.00176847723101035,0.125724433716556,-0.912357469204079,1.16380633663719,0.161177195328424,-0.614326323387042,0.936680714043889
"Isla Hermite","HER42PB","HER42PB1J",352,394,394.6,394.3,1.63673245698762,0.263456309201751,0.421477763043017,0.00842955526086033,0.137223140719606,-0.901183106956964,1.17562938839618,0.176318464975288,-0.578046889075373,0.930683819025949
"Isla Hermite","HER42PB","HER42PB1J",353,395.4,396,395.7,1.58252097074057,0.271745593397574,0.251669378003555,0.0050333875600711,0.125806414186565,-0.912277700200106,1.16389052857324,0.161285145587688,-0.61406739426416,0.936637685439536
"Kerguelen","KER1","CAT1.1A",1,0,1.4,0.7,1.05980904206542,0.277585194670852,-0.834160931497634,-0.0166832186299527,0.0157253306677107,-1.02069880311384,1.05214946444926,0.0163325549932978,-0.964475504121902,0.997140614108497
"Kerguelen","KER1","CAT1.1A",3,3.1,4.7,3.9,1.08896256383936,0.205893792726863,-0.831130235358584,-0.0166226047071717,0.0218649480921684,-1.0145826480101,1.05831254419444,0.0244170816211736,-0.944817070421799,0.993651233664146
"Kerguelen","KER1","CAT1.1A",5,6.4,7.8,7.1,0.933477575157788,0.326445413922607,-0.838485506461336,-0.0167697101292267,-0.0108795811332615,-1.04729650294844,1.02553734068192,-0.0187002659493273,-1.04977955453712,1.01237902263847
"Kerguelen","KER1","CAT1.1A",7,9.3,10.6,9.9,0.582878085224556,0.146014714597381,-0.735081730337529,-0.0147016346067506,-0.0847144596117917,-1.12191517491356,0.952486255689975,-0.115924571611724,-1.28734842782015,1.0554992845967
"Kerguelen","KER1","CAT1.1A",8,10.7,12,11.4,1.02241302009123,0.385499989660441,-0.80319097579611,-0.0160638195159222,0.00784987500583681,-1.02855613028728,1.04425588029895,0.00596231095310035,-0.989707373255992,1.00163199516219
"Kerguelen","KER1","CAT1.1A",9,12.1,13.6,12.8,0.719541419223094,0.482793741485993,-0.663863042563075,-0.0132772608512615,-0.0559336970950679,-1.09268841731988,0.980821023129745,-0.078026633539862,-1.19461684897339,1.03856358189366
"Kerguelen","KER1","CAT1.1A",11,15.1,16.5,15.8,0.793137201814743,0.290318664147054,-0.591015150645078,-0.0118203030129016,-0.0404347137245514,-1.07702358184521,0.996154154396107,-0.0576178791987862,-1.14474312242562,1.02950736402805
"Kerguelen","KER1","CAT1.1A",13,18,19.4,18.7,0.133520936367627,0.093734994776292,-0.205845362298846,-0.00411690724597691,-0.179347313999654,-1.21927596797272,0.860581339973408,-0.240535240042443,-1.59313067165982,1.11206019157493
"Kerguelen","KER1","CAT1.1A",17,24,25.5,24.7,1.21413789797036,0.339737063536789,-0.636338120811149,-0.012726762416223,0.0482263828616026,-0.988414829670852,1.08486759539406,0.0591292968307926,-0.860540331010487,0.978798924672072
"Kerguelen","KER1","CAT1.1A",20,28.6,30,29.3,0.686703063450454,0.398883871179661,-0.641962861835026,-0.0128392572367005,-0.0628493261177153,-1.09969484169212,0.973996189456694,-0.0871329968711312,-1.2168854327038,1.04261943896154
"Kerguelen","KER1","CAT1.1A",23,33,34.4,33.7,1.23326114815164,0.419686624641345,-0.902670523640501,-0.01805341047281,0.0522536644001987,-0.984430390688443,1.08893771948884,0.0644323413995035,-0.847685182826901,0.976549865625908
"Kerguelen","KER1","CAT1.1A",25,35.9,37.2,36.6,1.17429323172153,0.232507200700519,-0.842211664788778,-0.0168442332957756,0.0398352523124389,-0.996727986240955,1.07639849086583,0.0480800223120813,-0.887342558949007,0.98350260357317
"Kerguelen","KER1","CAT1.1A",26,37.3,38.7,38,1.23847391767066,0.209985710934475,-0.960682895075858,-0.0192136579015172,0.053351453230544,-0.983344889803624,1.09004779626471,0.0658778879893213,-0.844181999913399,0.975937775892041
"Kerguelen","KER1","CAT1.1A",27,38.8,40.1,39.4,1.32004170297213,0.248176556033278,-0.900235722660281,-0.0180047144532056,0.0705293091271507,-0.966393316618981,1.10745193487328,0.0884973484222647,-0.789422393597681,0.96641709044221
"Kerguelen","KER1","CAT1.1A",28,40.2,41.6,40.9,1.24015899585122,0.287321860292588,-0.883427439245446,-0.0176685487849089,0.0537063240910582,-0.9829940469898,1.09040669517192,0.0663451749101408,-0.843049652662408,0.97574000248269
"Kerguelen","KER1","CAT1.1B",36,45.1,46.2,45.6,1.24562353133688,0.115849488437257,-0.834237621510502,-0.01668475243021,0.0548571338472337,-0.981856487494447,1.09157075518891,0.0678605384049993,-0.839377872711598,0.975098949521596
"Kerguelen","KER1","CAT1.1B",40,50.7,52.1,51.4,1.14813235471741,0.256455056531018,-0.967199990652773,-0.0193439998130555,0.0343258741474597,-1.00219446875168,1.0708462170466,0.0408253822590416,-0.904952617518295,0.986603382036379
"Kerguelen","KER1","CAT1.1B",41,52.3,53.6,53,1.2819649386781,0.190999449400208,-0.909623472947014,-0.0181924694589403,0.0625104918007457,-0.974298548277585,1.09931953187908,0.0779383285815261,-0.814971150508919,0.970847807671971
"Kerguelen","KER1","CAT1.1B",46,59.9,61.2,60.5,0.47016018754942,0.223445603201931,-0.784797869122064,-0.0156959573824413,-0.108452407087939,-1.14615584637741,0.929251032201533,-0.147182230712361,-1.36393590172597,1.06957144030125
"Kerguelen","KER1","CAT1.1B",49,64.4,65.8,65.1,-0.474171340586742,0.319726512058254,-1.62494143701004,-0.0324988287402007,-0.307324925803401,-1.35399466360016,0.73934481199336,-0.409053624637187,-2.00814954994625,1.19004230067187
"Kerguelen","KER1","CAT1.1B",51,67.6,68.9,68.3,-0.230785445366109,0.128148231147696,-0.300679928969935,-0.0060135985793987,-0.256068810170073,-1.29962052258679,0.787482902246643,-0.341560586711339,-1.84177031364674,1.15864914022406
"Kerguelen","KER1","CAT1.1B",57,76.5,77.9,77.2,-0.178743211754497,0.191747661629004,0.151909032900103,0.00303818065800206,-0.245108919740123,-1.28806618200575,0.797848342525508,-0.327128820056536,-1.80621957943087,1.1519619393178
"Kerguelen","KER1","CAT1.1B",63,86,87.4,86.7,0.543425207980655,0.330415291488956,0.28229683827903,0.0056459367655806,-0.0930230809320525,-1.1303858970983,0.9443397352342,-0.126865199611932,-1.31414509836519,1.06041469914132
"Kerguelen","KER1","CAT1.1C",73,92.4,93.7,93.1,0.07517154918615,0.0844049095474575,0.122878527287283,0.00245757054574566,-0.191635466251847,-1.23205974212773,0.848788809624038,-0.256716035558221,-1.63291662972986,1.11948455861342
"Kerguelen","KER1","CAT1.1C",80,103.1,104.5,103.8,-0.453587826519696,0.455717830483557,0.371138744687146,0.00742277489374293,-0.302990118413662,-1.34937467614334,0.743394439316019,-0.403345636118317,-1.99407154079126,1.18738026855463
"Kerguelen","KER1","CAT1.1C",86,112.2,113.6,112.9,-0.114716065553425,0.149066828373204,0.516789977057236,0.0103357995411447,-0.231625053691192,-1.2738860415054,0.810635934123014,-0.309373532294624,-1.76249534305971,1.14374827847046
"Kerguelen","KER1","CAT1.1C",93,122.9,124.1,123.5,-0.299464205054887,0.386563568564753,0.835935485286362,0.0167187097057272,-0.270532287788488,-1.31490752982084,0.773842954243862,-0.360605807586496,-1.88870005205549,1.16748843688249
"Kerguelen","KER1","CAT1.1D",105,130.3,131.4,130.8,0.924500935778171,0.677606073956277,0.675406901394025,0.0135081380278805,-0.0127700262045473,-1.0491922764988,1.0236522240897,-0.0211895665784617,-1.05584776426948,1.01346863111256
"Kerguelen","KER1","CAT1.1D",108,134.6,135.8,135.2,0.24599605774113,0.28397241620381,0.757409182115132,0.0151481836423026,-0.155660494261119,-1.19472527767915,0.883404289156916,-0.209344904934097,-1.51648510628278,1.09779529641459
"Kerguelen","KER1","CAT1.1D",110,137.6,138.8,138.2,-0.0629381536796974,0.047095426923455,0.927236285590445,0.0185447257118089,-0.220720828383286,-1.2624470961404,0.821005439373825,-0.295015064370068,-1.72714757942501,1.13711745068488
"Kerguelen","KER1","CAT1.1D",114,143.4,144.6,144,0.425689554102647,0.33752092012029,0.72982374151435,0.014596474830287,-0.117817748198478,-1.15575302728586,0.9201175308889,-0.159514326403809,-1.39417533771283,1.07514668490521
"Kerguelen","KER1","CAT1.1D",117,147.8,148.9,148.4,0.964592202719139,0.559123457755819,-0.104840011236233,-0.00209680022472465,-0.00432696251611923,-1.04073141349641,1.03207748846417,-0.0100719075305157,-1.0287528089632,1.00860899390217
"Kerguelen","KER1","CAT1.1D",119,150.7,151.8,151.3,0.126012788410011,0.140824969496664,0.563080784821453,0.011261615696429,-0.180928500532911,-1.2209191128783,0.859062111812475,-0.242617315153644,-1.59824926819247,1.11301463788518
"Kerguelen","KER1","CAT1.1D",123,156.5,157.7,157.1,0.78785072616802,0.457018549058835,0.778025341174438,0.0155605068234888,-0.0415480247765151,-1.0781470708803,0.995051021327269,-0.0590838651426098,-1.14832400800472,1.0301562777195
"Kerguelen","KER1","CAT1.1D",124,158,159.2,158.6,0.695058933034026,0.446901858837532,0.412672035996821,0.00825344071993642,-0.0610896127324991,-1.09791104238523,0.975731816920236,-0.0848158411370398,-1.21121824352008,1.041586561246
"Kerguelen","KER1","CAT1.1D",126,161,162.3,161.7,0.381936326499905,0.355451874421885,-0.562450005572892,-0.0112490001114579,-0.127032006449987,-1.16521386608499,0.911149853185016,-0.171647479178719,-1.42393900942854,1.0806440510711
"Kerguelen","KER1","CAT1.1E",137,168.8,170,169.4,0.422412119210535,0.234268372821083,0.723820494272394,0.0144764098854479,-0.118507963141536,-1.15646107794553,0.91944515166246,-0.160423187770949,-1.39640444506644,1.07555806952454
"Kerguelen","KER1","CAT1.1E",144,179,180.2,179.6,0.686329168066547,0.321108397283096,-0.442332483084621,-0.00884664966169242,-0.0629280670201613,-1.09977467603049,0.973918541990163,-0.087236681331989,-1.21713903256704,1.04266566990306
"Kerguelen","KER1","CAT1.1E",145,180.4,181.6,181,0.76551117868494,0.584372673350319,-1.0830966551202,-0.0216619331024041,-0.0462526459212655,-1.08289766814172,0.990392376299192,-0.0652788170898252,-1.16345887625516,1.03290124207551
"Kerguelen","KER1","CAT1.1E",146,181.9,183,182.4,0.372613902317567,0.125994003397321,-1.59543825823866,-0.0319087651647732,-0.128995272445494,-1.16723203824744,0.90924149335645,-0.174232668958632,-1.43028220101578,1.08181686309851
"Kerguelen","KER1","CAT1.1E",147,183.3,184.4,183.8,-0.444204436880007,0.361095995500583,0.0419370584572114,0.00083874116914422,-0.301014013331778,-1.34726987996888,0.745241853305324,-0.400743540083744,-1.98765421983371,1.18616713966622
"Kerguelen","KER1","CAT1.1E",151,189,190.3,189.7,0.5018661268961,0.547540967325654,0.457009742083146,0.00914019484166292,-0.101775260526329,-1.13932497694548,0.935774455892819,-0.138389896362582,-1.34238413700689,1.06560434428173
"Kerguelen","KER1","CAT1.1E",157,198.4,199.7,199,0.573359023167519,0.285722468790924,0.640703417472735,0.0128140683494547,-0.0867191367730299,-1.12395759639253,0.950519322846467,-0.118564290794513,-1.29381281663735,1.05668423504832
"Kerguelen","KER1","CAT1.1F",166,204.4,205.7,205,0.793590440992007,0.339894730622338,0.582744575903127,0.0116548915180625,-0.0403392633301958,-1.0769272713388,0.996248744678409,-0.0574921920099176,-1.14443612492319,1.02945174090336
"Kerguelen","KER1","CAT1.1F",170,210.3,211.7,211,0.520775803080911,0.274117317247875,1.00496297401141,0.0200992594802282,-0.0977929568343309,-1.13525557894922,0.93966966528056,-0.133146077731474,-1.32953370223905,1.0632415467761
"Kerguelen","KER1","CAT1.1F",177,220.9,222.2,221.6,0.841271551584083,0.361157325582625,0.788006656133474,0.0157601331226695,-0.0302978083156499,-1.06680636387564,1.00621074724434,-0.0442698029202775,-1.1121504435463,1.02361083770575
"Kerguelen","KER1","CAT1.1F",179,224,225.4,224.7,1.10300962163822,0.439415893735518,0.600018857827708,0.0120003771565542,0.0248232034101017,-1.01163861548221,1.06128502230241,0.0283124536348459,-0.935348930463126,0.991973837732817
"Kerguelen","KER1","CAT1.1F",180,225.6,226.8,226.2,-0.12809831265176,0.0736061860943768,-0.621334969271949,-0.012426699385439,-0.234443302481181,-1.27684661586201,0.807960010899648,-0.313084546485164,-1.77163282918634,1.14546373621602
"Kerguelen","KER1","CAT1.1F",185,233.2,234.5,233.8,-0.436329911111581,0.169399647423784,-0.992162313310831,-0.0198432462662166,-0.299355669067505,-1.34550417356643,0.746792835431423,-0.39855986520047,-1.98226901405358,1.18514928365264
"Kerguelen","KER1","CAT1.1F",186,234.7,235.9,235.3,0.429230556881806,0.107283576854155,-0.551244214265031,-0.0110248842853006,-0.117072026891407,-1.15498815152696,0.920844097744145,-0.158532375355854,-1.39176704329648,1.07470229258478
"Kerguelen","KER1","CAT1.1F",188,237.8,239.1,238.4,0.477998863783649,0.252567338379299,0.601161390809049,0.012023227816181,-0.106801612595063,-1.14446615041229,0.930862925222162,-0.145008497218538,-1.35860702886195,1.06859003442488
"Kerguelen","KER1","CAT1.1G",218,241.9,243.3,242.6,0.578712969983755,0.262591803093289,0.826722187590415,0.0165344437518083,-0.0855916165572059,-1.1228087400962,0.951625506981786,-0.117079594505134,-1.29017687368468,1.05601768467441
"Kerguelen","KER3","CAT2.3A",6,7.9,9.1,8.5,0.0649874849122298,0.0496181006468552,-0.32310973541561,-0.0064621947083122,-0.193780190273624,-1.23429428893657,0.846733908389318,-0.259540165673304,-1.63986230561912,1.12078197427251
"Kerguelen","KER3","CAT2.3A",9,12.3,13.5,12.9,0.2303276181206,0.239083534479206,-0.175087381312574,-0.00350174762625148,-0.158960206236029,-1.19813810012382,0.880217687651763,-0.213689900311043,-1.52715844025837,1.09977863963629
"Kerguelen","KER3","CAT2.3A",13,18.1,19.3,18.7,-0.104933587765803,0.170304150230577,-0.174226852643003,-0.00348453705286007,-0.229564902209495,-1.27172292088511,0.812593116466121,-0.306660765625339,-1.75581623676694,1.14249470551627
"Kerguelen","KER3","CAT2.3A",15,21,22.1,21.6,0.351383792495254,0.334033066133273,-0.174761733024697,-0.00349523466049394,-0.133466250367096,-1.17183115741939,0.904898656685199,-0.180119964136968,-1.4447295724302,1.08448964415627
"Kerguelen","KER3","CAT2.3A",20,28.2,29.4,28.8,0.406361257157915,0.345496730710574,-0.0207835372675671,-0.00041567074535134,-0.121888211781819,-1.159930160099,0.916153736535361,-0.164874232233809,-1.4073222049626,1.07757374049498
"Kerguelen","KER3","CAT2.3A",21,29.6,30.7,30.2,-0.050998559286997,0.0461457706775017,-0.2156169031331,-0.00431233806266199,-0.218206396598928,-1.25981296321684,0.823400170018985,-0.291704110395372,-1.71899815847184,1.1355899376811
"Kerguelen","KER3","CAT2.3A",22,31,32.1,31.6,0.702949948938531,0.378899939022876,-0.627583859664259,-0.0125516771932852,-0.0594277957101976,-1.09622709517066,0.977371503750263,-0.0826275933947726,-1.20586685863681,1.04061167184726
"Kerguelen","KER3","CAT2.3A",27,38.2,39.3,38.7,0.25667749072672,0.148942315887836,-0.484831829086455,-0.00969663658172911,-0.153411026337998,-1.19240004356652,0.88557799089053,-0.206382850124203,-1.50920965867552,1.09644395842712
"Kerguelen","KER3","CAT2.3A",28,39.5,40.7,40.1,0.368501040355445,0.221601948021791,-0.746775974947119,-0.0149355194989424,-0.129861425055214,-1.16812267866231,0.908399828551884,-0.175373201560744,-1.43308085098596,1.08233444786448
"Kerguelen","KER3","CAT2.3B",37,45,46.3,45.6,0.681106800717994,0.363765527451951,-0.454375925749608,-0.00908751851499217,-0.0640278771157895,-1.10088989900708,0.972834144775498,-0.0886848894838997,-1.22068129641386,1.04331151744606
"Kerguelen","KER3","CAT2.3B",38,46.4,47.6,47,0.564694669861256,0.338955570718242,-0.44167201088296,-0.0088334402176592,-0.0885438156212074,-1.12581738633835,0.948729755095933,-0.120966991763575,-1.29969734403422,1.05776336050707
"Kerguelen","KER3","CAT2.3B",42,51.6,52.7,52.2,0.85908531795903,0.47548053111409,-0.380324297233138,-0.00760648594466275,-0.0265462989344195,-1.06303077956945,1.00993818170061,-0.0393298896666496,-1.10009401347212,1.02143423413882
"Kerguelen","KER3","CAT2.3B",45,55.3,56.5,55.9,1.42660860652862,0.396179273433783,-0.48868465279577,-0.00977369305591541,0.0929718813494467,-0.944342638854528,1.13028640155342,0.11804928304386,-0.71805637226968,0.954154938357399
"Kerguelen","KER3","CAT2.3B",47,58.1,59.3,58.7,-0.0242833379813803,0.0306658601687576,-0.0487892551062075,-0.00097578510212414,-0.21258027569669,-1.25392389991444,0.828763348521057,-0.284295745818029,-1.70076566721239,1.13217417557633
"Kerguelen","KER3","CAT2.3B",52,64.6,65.7,65.1,0.306801567716236,0.203035657749006,0.160511496836818,0.00321022993673635,-0.142855092174847,-1.18150311771774,0.895792933368047,-0.192483005081067,-1.47507683429239,1.09011082413026
"Kerguelen","KER3","CAT2.3B",55,68.3,69.4,68.9,-0.623865183419695,0.643853568245218,-2.19503100574165,-0.0439006201148329,-0.338849862410298,-1.38771237169984,0.710012646879246,-0.450565036801938,-2.1105675202552,1.20943744665132
"Kerguelen","KER3","CAT2.3B",56,69.5,70.7,70.1,0.148580930189558,0.128633247405996,-0.338750660300855,-0.0067750132060171,-0.176175738325252,-1.21598173292717,0.863630256276669,-0.236358972008237,-1.58286449728144,1.11014655326496
"Kerguelen","KER3","CAT2.3B",62,77.2,78.2,77.7,0.802122972076032,0.724749996400436,0.103436668967592,0.00206873337935184,-0.038542345725372,-1.07511453006515,0.998029838614409,-0.0551260464962857,-1.1386570433524,1.02840495035983
"Kerguelen","KER3","CAT2.3B",65,80.8,81.9,81.4,-0.0113756039669797,0.0136886029597213,0.58756698201891,0.0117513396403782,-0.209861957502422,-1.25108096273924,0.831357047734396,-0.280716318256785,-1.69195750528033,1.13052486876676
"Kerguelen","KER3","CAT2.3B",68,84.5,85.6,85.1,1.06057441888866,0.32939363366812,0.576567377058889,0.0115313475411778,0.0158865160269506,-1.02053812924004,1.05231116129394,0.0165448006820288,-0.963959267877765,0.997048869241823
"Kerguelen","KER3","CAT2.3C",78,89.2,90.2,89.7,0.95473595763372,0.22408513205086,0.48663566272888,0.00973271325457759,-0.0064026491016163,-1.04281004290292,1.03000474469969,-0.0128051305168092,-1.03541234796717,1.00980208693355
"Kerguelen","KER3","CAT2.3C",83,95.7,96.8,96.2,0.91656305056931,0.362002534495836,0.630830244714087,0.0126166048942817,-0.0144417137186518,-1.05086932153429,1.02198589409699,-0.0233908115888474,-1.06121448891304,1.01443286573535
"Kerguelen","KER3","CAT2.3C",85,98.3,99.3,98.8,0.972470896858795,0.739277530813409,0.507608866327517,0.0101521773265503,-0.00266774040920234,-1.03907051095662,1.03373503013822,-0.00788707672143408,-1.02343021222391,1.00765605878104
"Kerguelen","KER3","CAT2.3C",89,103.5,104.7,104.1,0.46269565414012,0.224304721559346,0.175205727807535,0.0035041145561507,-0.110024408568259,-1.14776543981962,0.9277166226831,-0.149252211127767,-1.36901079841126,1.07050637615573
"Kerguelen","KER3","CAT2.3C",91,106.1,107.2,106.7,0.627563857672802,0.337823941001796,0.54040210393283,0.0108080420786566,-0.0753038110707347,-1.11233896428789,0.961731342146418,-0.103532815993095,-1.25701131573433,1.04994568374814
"Kerguelen","KER3","CAT2.3C",96,112.8,113.9,113.3,0.924986646025553,0.298082947334721,0.569934208936066,0.0113986841787213,-0.0126677375300885,-1.04908967967792,1.02375420461774,-0.0210548748777869,-1.05551940209159,1.01340965233601
"Kerguelen","KER3","CAT2.3C",101,118.9,119.9,119.4,0.92758656370838,0.288492038573155,0.9168911350419,0.018337822700838,-0.012120205055919,-1.04854053632974,1.0243001262179,-0.0203338949598173,-1.05376178234218,1.01309399242255
"Kerguelen","KER3","CAT2.3D",110,122.4,123.5,123,1.28018028891822,0.384097778338124,0.707757396596603,0.0141551479319321,0.0621346515558767,-0.974669406452467,1.09893870956422,0.0774434295906921,-0.81616921225866,0.971056071440044
"Kerguelen","KER3","CAT2.3D",115,128.9,130,129.5,1.13432582534739,0.277113202311459,1.12673478582817,0.0225346957165634,0.0314182731739391,-1.00508208401586,1.06791863036373,0.0369967108828701,-0.914250265724284,0.988243687490024
"Kerguelen","KER3","CAT2.3D",117,131.4,132.4,131.9,1.23385173213922,0.281115914028225,1.21469451555228,0.0242938903110455,0.0523780390733126,-0.984307395069245,1.08906347321587,0.0645961155057885,-0.847288266323957,0.976480497335534
"Kerguelen","KER3","CAT2.3D",121,136.5,137.6,137.1,0.589937995040555,0.195865307298655,0.811821930771215,0.0162364386154243,-0.083227670274383,-1.12040095368199,0.95394561313322,-0.113966796858457,-1.28255447537385,1.05462088165694
"Kerguelen","KER3","CAT2.3D",124,140.5,141.6,141,1.31094595596951,0.424953720579624,0.968864805649232,0.0193772961129846,0.0686137804572778,-0.968280446105137,1.10550800701969,0.0859750182072978,-0.795523217623034,0.967473254037629
"Kerguelen","KER3","CAT2.3D",130,148.3,149.4,148.9,1.32200240205094,0.40696036564619,0.618541006141622,0.0123708201228324,0.0709422246685979,-0.965986626963319,1.10787107630051,0.0890410674293474,-0.788107474393491,0.966189609252186
"Kerguelen","KER3","CAT2.3D",133,152.3,153.4,152.8,1.49941693366837,0.177655140427794,0.47590764470369,0.0095181528940738,0.10830502968806,-0.92933988626103,1.14594994563715,0.13823966909933,-0.669427408520844,0.945906746719504
"Kerguelen","KER3","CAT2.3D",134,153.6,154.8,154.2,1.2292846875472,0.22577729431728,0.453351711163518,0.00906703422327036,0.0514162373818098,-0.985258619663347,1.08809109442697,0.0633296340871393,-0.850357801518476,0.977017069692755
"Kerguelen","KER3","CAT2.3D",136,156.4,157.6,157,1.45376605669687,0.190353808344594,0.469116913292454,0.00938233826584908,0.0986911339169314,-0.938740679909663,1.13612294774353,0.125580281553504,-0.699904731555347,0.951065294662355
"Kerguelen","KER3","CAT2.3D",139,160.4,161.5,160.9,1.3415977720511,0.420900014596502,0.833389821629535,0.0166677964325907,0.0750689327906753,-0.961924168894863,1.11206203447621,0.0944750349540182,-0.774969784495191,0.963919854403228
"Kerguelen","KER3","CAT2.3D",141,163,164.1,163.5,1.48436782500554,0.481817346372057,0.987912496257459,0.0197582499251492,0.105135746385504,-0.932436711726737,1.14270820449774,0.134066419614967,-0.679469464976437,0.947602304206371
"Kerguelen","KER3","CAT2.3D",142,164.3,165.5,164.9,1.29752786447197,0.492824561258374,1.03408721322473,0.0206817442644946,0.0657879829773005,-0.971065799670215,1.10264176562482,0.0822540640512856,-0.804525771544731,0.969033899647302
"Kerguelen","KER3","CAT2.3E",150,166.5,167.5,167,1.40440726197019,0.302796165518397,0.926170100339626,0.0185234020067925,0.0882963651989701,-0.948927522716817,1.12552025311476,0.111892655976672,-0.732906473336558,0.956691785289903
"Kerguelen","KER3","CAT2.3E",152,169.1,170.2,169.6,1.39040418393758,0.711429760357161,0.891471757747172,0.0178294351549434,0.0853473718474395,-0.95182178361389,1.12251652730877,0.108009479936923,-0.742277855967608,0.958296815841455
"Kerguelen","KER3","CAT2.3E",156,174.6,175.7,175.1,1.27508328739621,0.502290333856308,0.941819779553044,0.0188363955910609,0.0610612430119732,-0.975728754571272,1.09785124059522,0.0760299864792033,-0.819591193222159,0.971651166180565
"Kerguelen","KER3","CAT2.3E",158,177.2,178.3,177.8,0.827256596267721,0.353401066572399,0.566024738440037,0.0113204947688007,-0.0332493029765882,-1.0697789439711,1.00328033801792,-0.0481562726347152,-1.12163797925883,1.0253254339894
"Kerguelen","KER3","CAT2.3E",159,178.6,179.6,179.1,1.3875859983594,0.51209678728443,0.804433479632045,0.0160886695926409,0.084753873009964,-0.952404494742471,1.1219122407624,0.107227972422128,-0.744164346654451,0.958620291498707
"Kerguelen","KER3","CAT2.3E",163,183.8,184.9,184.3,0.518246225473362,0.170147778498352,-1.46627377745228,-0.0293254755490456,-0.0983256759643301,-1.13579975019464,0.939148398265979,-0.133847551731222,-1.33125258421394,1.0635574807515
"Kerguelen","KER3","CAT2.3E",165,186.4,187.5,187,1.4471758987602,0.621521654491763,0.343540608583844,0.00687081217167687,0.097303272484215,-0.940099428337272,1.1347059733057,0.123752773105844,-0.704308102113344,0.951813648325032
"Kerguelen","KER3","CAT2.3E",168,190.4,191.5,190.9,1.02047223207354,0.146235261942951,-0.406787243277128,-0.00813574486554256,0.0074411526558242,-1.02896427892873,1.04384658424037,0.00542411345745154,-0.991017324274148,1.00186555118905
"Kerguelen","KER3","CAT2.3E",171,194,195,194.5,0.400350889615973,0.130559834029683,0.367690937303643,0.00735381874607286,-0.123153971629773,-1.16122981899903,0.914921875739487,-0.166540959732906,-1.41141085105985,1.07832893159404
"Kerguelen","KER3","CAT2.3E",174,197.7,198.6,198.1,-0.315872677330171,0.0653327595697991,-1.45336413648737,-0.0290672827297475,-0.273987847740086,-1.31856640981453,0.770590714334356,-0.365156020492536,-1.89991466231714,1.16960262133207
"Kerguelen","KER3","CAT2.3E",177,201.6,202.7,202.1,0.566726402461176,0.195010681316963,-0.771512672597392,-0.0154302534519478,-0.0881159406986154,-1.12538121345571,0.949149332058484,-0.120403574539675,-1.29831741337303,1.05751026429368
"Kerguelen","KER3","CAT2.3E",181,207,208.1,207.5,0.667364748304542,0.487213112785134,-0.423981566929341,-0.00847963133858682,-0.0669218994949608,-1.10382573015598,0.969981931166054,-0.0924956808359595,-1.2300034048331,1.04501204316118
"Marion Island","PB1","PB1.1A",4,5,6.3,5.7,-0.140676577713085,0.116741542862627,0.368767918687801,0.00737535837375601,-0.237092235805216,-1.2796308674376,0.805446395827166,-0.31657260942347,-1.78022196990796,1.14707675106102
"Marion Island","PB1","PB1.1A",7,9.8,11.1,10.4,0.650417936683924,0.382737301780034,0.180066214596982,0.00360132429193964,-0.0704908316027775,-1.107448718564,0.966467055358446,-0.0971951799519445,-1.24150158025731,1.04711122035342
"Marion Island","PB1","PB1.1A",9,12.6,13.8,13.2,0.689591930443336,0.414567357481729,0.245812487237584,0.00491624974475169,-0.0622409420513246,-1.09907805456746,0.974596170464814,-0.0863318887817057,-1.21492605603027,1.04226227846686
"Marion Island","PB1","PB1.1A",14,19.4,20.7,20.1,0.148736408811346,0.111771461551196,0.0219391686414019,0.00043878337282803,-0.17614299513687,-1.21594773467339,0.863661744399647,-0.236315856426262,-1.5827585154826,1.11012680263007
"Marion Island","PB1","PB1.1A",16,22.3,23.5,22.9,0.659173388166665,0.41207592700987,0.135267379806796,0.00270534759613591,-0.068646967835674,-1.10557658262072,0.968282646949372,-0.0947672166616031,-1.23556084455895,1.04602641123574
"Marion Island","PB1","PB1.1A",17,23.7,24.9,24.3,0.547049921931311,0.299649030532903,0.133697938728234,0.00267395877456467,-0.0922597303803529,-1.12960703070851,0.945087569947807,-0.125860034723801,-1.31168270435792,1.05996263491032
"Marion Island","PB1","PB1.1A",22,30.4,31.6,31,0.950711521641161,0.324221024620506,0.22816379995549,0.0045632759991098,-0.00725017954871365,-1.04365904357714,1.02915868447971,-0.0139211418239957,-1.0381318341322,1.01028955048421
"Marion Island","PB1","PB1.1A",28,38.5,39.8,39.2,1.40643694295687,0.276613625774371,-0.120166323725734,-0.00240332647451469,0.0887238080598546,-0.948508169196182,1.12595578531589,0.112455504270273,-0.731548450579878,0.956459459120424
"Marion Island","PB1","PB1.1A",32,44,45.3,44.7,1.58365532392248,0.485984172533345,-0.180149011813636,-0.00360298023627273,0.126045304520815,-0.91204526232864,1.16413587137027,0.161599711648546,-0.613312898991625,0.936512322288717
"Marion Island","PB1","PB1.1B",39,46.4,47.6,47,1.50625287037552,0.165284557644228,-0.288323961451768,-0.00576647922903536,0.109744651166561,-0.927933895061919,1.14742319739504,0.140135334150158,-0.664867547775173,0.945138216075489
"Marion Island","PB1","PB1.1B",41,49.3,50.5,49.9,1.3793375004555,0.184556632473196,-0.314531073120439,-0.00629062146240878,0.0830167716796659,-0.954110459744998,1.12014400310433,0.104940591794115,-0.749686750495388,0.959567934083618
"Marion Island","PB1","PB1.1B",42,50.6,51.8,51.2,1.27495598262046,0.109060851686621,-0.371492042746368,-0.00742984085492736,0.0610344331251448,-0.975755216473935,1.09782408272422,0.075994683751204,-0.819676667459776,0.971666034962184
"Marion Island","PB1","PB1.1B",44,53.3,54.5,53.9,1.15713546637856,0.103634109925456,-0.404382166696629,-0.00808764333393258,0.0362218941774838,-1.00031246844629,1.07275625680126,0.0433220238834291,-0.898891130232737,0.985535177999595
"Marion Island","PB1","PB1.1B",45,54.7,55.8,55.2,1.34333649022025,0.0950407150321805,-0.38321702608169,-0.0076643405216338,0.0754351000225559,-0.961563880727901,1.11243408077301,0.0949571967129255,-0.773804392328933,0.963718785754784
"Marion Island","PB1","PB1.1B",46,56,57.7,56.8,1.22138375321497,0.122297174511173,-0.335268965156101,-0.00670537930312202,0.0497523315775025,-0.986904700565552,1.08640936372056,0.0611386358780958,-0.855668820031362,0.977946091787554
"Marion Island","PB1","PB1.1B",52,64.3,65.4,64.9,1.54116115254161,0.0996446661230397,-0.0342878255061079,-0.00068575651012215,0.117096198575025,-0.920761064415693,1.15495346156574,0.149815706178399,-0.641598886257738,0.941230298614535
"Marion Island","PB1","PB1.1B",54,66.9,68.1,67.5,1.52481516231471,0.198394750849943,-0.0977019153545706,-0.00195403830709141,0.113653797097932,-0.924118327436776,1.15142592163264,0.145282820090979,-0.652491052238682,0.94305669242064
"Marion Island","PB1","PB1.1B",57,70.8,72,71.4,1.50429808087775,0.127836432776081,-0.087922036214998,-0.00175844072429996,0.10933298015972,-0.928335903509627,1.14700186382907,0.139593253921596,-0.666171368504055,0.945357876347247
"Marion Island","PB1","PB1.1B",62,77.7,78.9,78.3,1.44291020063363,0.17451844610397,-0.125354810977574,-0.00250709621955147,0.0964049331772715,-0.940979145333338,1.13378901168788,0.122569857698294,-0.70715880962133,0.952298525017918
"Marion Island","PB1","PB1.1B",64,80.4,81.5,81,1.48603190906797,0.190133698856579,-0.12726464047945,-0.002545292809589,0.105486195967022,-0.932094167565936,1.14306655949998,0.134527884683169,-0.678358800165854,0.947414569532192
"Marion Island","PB1","PB1.1B",65,81.7,82.8,82.3,1.60645250629866,0.133432252326905,-0.0813074054759362,-0.00162614810951872,0.130846301780448,-0.907376551243835,1.16906915480473,0.167921569755086,-0.59815671798204,0.933999857492211
"Marion Island","PB1","PB1.1B",66,83,84.1,83.6,1.49934986821841,0.135282748160317,-0.103586827613619,-0.00207173655227239,0.108290905967148,-0.929353682263004,1.1459354941973,0.138221071263356,-0.669472149213028,0.945914291739739
"Marion Island","PB1","PB1.1B",67,84.3,85.4,84.9,1.52635625406116,0.264534667358895,-0.313120452312078,-0.00626240904624156,0.113978344979747,-0.923801697089669,1.15175838704916,0.145710178314002,-0.651463877814334,0.942884234442339
"Marion Island","PB1","PB1.1B",68,85.6,86.6,86.1,1.50663510822295,0.216121445086284,-0.0611078849297941,-0.00122215769859588,0.109825148959129,-0.927855290957852,1.14750558887611,0.140241332049132,-0.664612609856692,0.945095273954956
"Marion Island","PB1","PB1.1C",77,89.2,90.3,89.7,1.54607533777379,0.112009195267462,0.047095144708698,0.00094190289417396,0.118131106724801,-0.919752252251434,1.15601446570104,0.15117845273341,-0.638325546443355,0.940682451910175
"Marion Island","PB1","PB1.1C",79,91.8,92.9,92.4,1.60321630515091,0.0773502097272229,0.0899131412715759,0.00179826282543152,0.130164770502346,-0.90803900081194,1.16836854181663,0.167024142865977,-0.600307414733943,0.934355700465897
"Marion Island","PB1","PB1.1C",81,94.5,95.6,95.1,1.59455324391069,0.0800510495213486,0.136285481443875,0.0027257096288775,0.128340363758213,-0.90981282045391,1.16649354797034,0.164621800198132,-0.606066001937922,0.935309602334186
"Marion Island","PB1","PB1.1C",84,98.5,99.6,99.1,1.75455564538548,0.094636362215827,0.109730047613048,0.00219460095226097,0.162036242412839,-0.877167003099425,1.2012394879251,0.208991865855287,-0.500047351893466,0.91803108360404
"Marion Island","PB1","PB1.1C",86,101.2,102.3,101.8,1.63708154864075,0.181683759389082,0.0942058505574197,0.00188411701114839,0.137296658053564,-0.901111755075183,1.17570507118231,0.176415271144614,-0.577815190985782,0.93064573327501
"Marion Island","PB1","PB1.1C",87,102.6,103.7,103.1,1.58241785916593,0.123498353191905,0.14337946412312,0.0028675892824624,0.12578469929307,-0.912298829181787,1.16386822776793,0.161256551846003,-0.614135978743179,0.936649082435184
"Marion Island","PB1","PB1.1C",88,103.9,105,104.4,1.66424354837433,0.104780892070393,0.155231425852826,0.00310462851705651,0.143016868741676,-0.8955636052826,1.18159734276595,0.183947531288525,-0.559797689149234,0.927692751726284
