"Location","Site","Section","sample","min_depth","max_depth","midpoint","SH20_age","SH20_min_depth_min","SH20_min_depth_max","SH20_min_depth_median","SH20_min_depth_mean","SH20_max_depth_min","SH20_max_depth_max","SH20_max_depth_median","SH20_max_depth_mean","SH20_midpoint_depth_min","SH20_midpoint_depth_max","SH20_midpoint_depth_median","SH20_midpoint_depth_mean","kcps","cps","MSE","K","Ca","Ti","Mn","Fe","Co","Ni","Cu","Zn","Rb","Sr","Zr","Mo_inc","Mo_coh","coh_inc","K_sd","Ca_sd","Ti_sd","Mn_sd","Fe_sd","Co_sd","Ni_sd","Cu_sd","Zn_sd","Rb_sd","Sr_sd","Zr_sd","Mo_inc_sd","Mo_coh_sd","coh_inc_sd","water_content_pc","water_content_err","dry_mass_pc","dry_mass_err","density_gcm3","density_gcm3_err","P_ICP","P_ICP_sd","K_ICP","K_ICP_sd","Ca_ICP","Ca_ICP_sd","Ti_ICP","Ti_ICP_sd","Mn_ICP","Mn_ICP_sd","Fe_ICP","Fe_ICP_sd","Co_ICP","Co_ICP_sd","Ni_ICP","Ni_ICP_sd","Cu_ICP","Cu_ICP_sd","Zn_ICP","Zn_ICP_sd","As_ICP","As_ICP_sd","Rb_ICP","Rb_ICP_sd","Sr_ICP","Sr_ICP_sd","Zr_ICP","Zr_ICP_sd","Pb_ICP","Pb_ICP_sd","Th_ICP","Th_ICP_sd","SAR","SAR_err","SAR_pc_err","DMAR","DMAR_err","DMAR_pc_err"
"Isla Hermite","HER42PB","HER42PB_1A",3,2.5,3.7,3.1,-57.85,-65.37,-47.44,-60.81,-59.69,-64.86,-36.47,-58.53,-56.54,-64.95,-42.56,-59.69,-57.99,19465.15385,53638,1.333846154,76.61538462,458.1538462,135.5384615,128.6153846,7915.153846,83.61538462,173.4615385,115.9230769,12.30769231,109.3076923,713.8461538,682.4615385,32215.23077,5434.153846,0.168708174,17.88639363,40.48630664,61.6557856,30.31099487,1284.980664,42.11203007,38.28754233,49.45277468,22.14491896,79.44535293,90.3418011,123.6666321,736.8298259,160.9409033,0.004419991,79.47800322,3.973900161,20.52199678,2.052199678,0.245198178,0.024519818,1827.041566,37.63705626,5443.67845,181.2744924,15948.18938,296.6363225,1607.114721,33.91012061,407.4375349,2.240906442,14682.28264,138.0134568,4.851245271,0.115944762,4.965819612,0.116696761,23.13004442,0.161910311,42.19689147,0.624513994,2.909070465,0.066908621,17.13305574,0.606510173,204.6688961,2.906298325,8.791484806,0.12132249,5.273214186,0.114428748,1.358963465,0.018889592,0.380952380952381,0.041522491349481,10.8996539792387,0.0934088297142858,0.0195221222725325,20.8996540608054
"Isla Hermite","HER42PB","HER42PB_1A",5,5.3,6.5,5.9,-50.59,-64.55,-26.27,-55.32,-52.73,-64.11,-12.83,-53.03,-49.41,-64.19,-20.39,-54.35,-50.88,18793.53846,53598.84615,1.421538462,84.15384615,484.3076923,171.1538462,155.9230769,10825.15385,92.30769231,170.9230769,89.76923077,6.769230769,174.3846154,915.0769231,613.0769231,29367.30769,5307.461538,0.180820653,18.26584314,90.91056467,79.35662769,39.62419618,1410.878086,32.72202269,26.71286063,43.76671842,16.6490933,91.69109232,177.70409,81.35566108,830.9338506,147.8690949,0.005911097,71.58035749,3.579017875,28.41964251,2.841964251,0.360788755,0.036078875,2039.850817,36.30934454,5975.780316,106.9664677,16588.68048,111.1441592,1837.980819,28.85629885,366.7929674,4.804987873,16189.75967,153.8027168,5.402833637,0.043222669,5.507249153,0.124463831,28.86151963,0.069267647,35.42095591,0.354209559,3.290427423,0.090157711,22.17089462,0.341431777,214.4801797,2.487970085,9.110923126,0.162174432,5.90081533,0.105034513,2.374515933,0.022795353,0.36144578313253,0.0232018561484919,6.41918020108275,0.130405574096386,0.0214115260224191,16.4191800624975
"Isla Hermite","HER42PB","HER42PB_1A",7,8.1,9.3,8.7,-43.33,-63.94,-5.25,-49.82,-45.77,-63.62,11.1,-47.52,-42.28,-63.46,1.52,-49,-43.76,19866.30769,66045.07692,1.385384615,118.6923077,558.6923077,201.3846154,146.4615385,24868.76923,158.1538462,186.4615385,103.8461538,9.538461538,125.3846154,943.6923077,598.7692308,28009.84615,5206.846154,0.186126875,43.01043404,81.92820497,34.89159035,31.97555156,2750.596788,49.54769782,34.98717714,44.61473253,15.30585609,39.40080046,112.6316893,102.7554977,1070.922721,145.1245707,0.008447015,29.61002281,1.480501141,70.38997719,7.038997719,1.012276019,0.101227602,1919.062535,23.98828169,5333.453521,102.4023076,15380.19155,46.14057465,1832.527324,6.413845634,315.5650704,3.09253769,16934.94085,255.7176068,4.923853521,0.059086242,4.900777465,0.204852498,28.38931831,0.300926774,31.93149296,0.194782107,3.519098592,0.078475899,20.66172394,0.413234479,191.8197183,0.230183662,8.621791549,0.062939078,5.546907042,0.017195412,2.135112113,0.015372807,0.343839541547278,0.0159914712153518,4.65085287846482,0.348060522292264,0.0509938350834398,14.6508528883436
"Isla Hermite","HER42PB","HER42PB_1A",9,10.9,12.1,11.5,-22.31,-57.47,20.35,-34.18,-30.34,-55.11,43.3,-20.66,-16.45,-55,33.74,-25.73,-21.63,20964.61538,65795.53846,1.410769231,100.0769231,541,253.3846154,136.9230769,21869.07692,172.8461538,183.4615385,98.46153846,0,122.4615385,823.2307692,753.3846154,30909.23077,5459.615385,0.176783745,18.67467777,123.0033875,122.6815243,46.06057884,5261.359021,76.10064187,28.87794829,55.11142559,0,56.46771258,158.0375239,199.0517263,1069.420961,137.0179663,0.006256354,75.74731616,3.787365808,24.25268384,2.425268384,0.292144605,0.02921446,1818.155266,21.27241661,5207.184,104.6643984,15558.14641,281.60245,1580.648497,25.4484408,291.4015196,1.981530334,17138.00234,174.8076238,4.715790685,0.102332658,5.241528694,0.172446294,33.07658228,0.588763165,27.71352621,0.146881689,3.519010192,0.08621575,18.82353425,0.246588299,198.4859127,1.290158433,8.287638868,0.061328528,5.55327284,0.067749929,2.013655832,0.010672376,0.0863930885529157,0.0119083060434653,13.7838642453111,0.0252392747300216,0.0060028747950929,23.783864074163
"Isla Hermite","HER42PB","HER42PB_1A",13,16.3,17.5,16.9,41.21,-44.63,161.46,24.11,33.87,-45.27,187.84,35.23,45.38,-42.02,186.4,35.98,46.13,18354.53846,46608.69231,1.352307692,62.38461538,330,94.84615385,78,4048.307692,92.76923077,179.8461538,148.9230769,3.384615385,110.6923077,793.6923077,741.8461538,31057.84615,5487.538462,0.176709254,19.32415786,60.08743629,19.46726378,19.4422221,364.6572328,45.09278184,35.12559882,47.11946084,10.04604783,71.79065006,103.9273662,110.4059526,979.7075964,169.50104,0.002680377,71.91050025,3.595525013,28.08949975,2.808949975,0.345137645,0.034513765,1537.778135,13.37866977,5837.940234,81.73116327,17669.83951,81.28126176,1819.746676,23.83868146,318.8457154,3.985571442,13667.24784,118.9050562,5.347190156,0.056145497,6.351383957,0.153703492,33.89863255,0.559327437,28.93439766,0.506351959,3.526025127,0.07157831,20.45548446,0.186144909,217.6036906,2.023714323,10.6404829,0.029793352,6.561300175,0.142380214,1.938320973,0.021709195,0.104257167680278,0.00516195638146857,4.95117649589194,0.0359830733275412,0.00537989285397549,14.9511766407617
"Isla Hermite","HER42PB","HER42PB_1A",16,20.5,21.6,21.1,91.02,-30.5,285.82,66.82,83.68,-22.23,275.23,80.51,93.47,-21.58,292.85,84.9,97.83,17416.58333,46639,1.306666667,74.66666667,371.9166667,159.25,122.6666667,6877.166667,132.0833333,184.9166667,151.9166667,2,125.25,983.1666667,675.6666667,28378.75,5186.916667,0.183069921,25.42487448,58.15568187,46.17383163,30.24245461,1029.17927,48.23137103,27.62560845,57.72735027,6.92820323,45.61922442,160.137914,94.99792661,1887.105486,233.2542344,0.006360495,67.13543578,3.356771789,32.86456422,3.286456422,0.603070633,0.060307063,1081.37795,27.68327553,6956.874444,214.2717329,21182.64262,288.0839396,2092.551562,28.04019092,343.7990278,4.950706,11986.74089,38.35757086,4.922970952,0.064490919,6.39350629,0.235920382,28.97734663,0.156477672,27.00122448,0.615627918,2.560291583,0.019714245,22.53472619,0.574635518,287.7800097,3.53969412,20.13391113,0.39865144,7.959380853,0.217291097,8.55452875,0.111208874,0.112359550561798,0.00359794589997711,3.20217185097962,0.067760745280899,0.00894589000578098,13.2021718012342
"Isla Hermite","HER42PB","HER42PB_1A",20,26.1,27.3,26.7,158.96,8.85,334.28,142.27,148.82,7.71,344.53,156.55,162.79,14.15,339.73,157.58,162.97,16929.84615,45918,1.362307692,87.84615385,485,219.6923077,141.7692308,7685.230769,47.92307692,164.7692308,109.6153846,9.692307692,148.1538462,1018.307692,658.0769231,27134,5051.461538,0.186192238,18.34777986,121.1947469,89.12667447,35.34627243,782.0365671,34.62046971,25.34808949,46.59137699,17.8062939,49.77925631,125.694328,96.19638034,850.1492026,171.9862472,0.004069548,68.52043629,3.426021815,31.47956371,3.147956371,0.434378762,0.043437876,1396.766862,19.55473607,5864.826617,211.1337582,16828.03623,129.575879,2256.103454,45.34767943,382.915235,1.64653551,14179.20706,59.55266965,6.646599115,0.108339566,7.84225117,0.241541336,41.9704529,0.247625672,36.91192497,0.11811816,3.985506849,0.07572463,22.63461313,0.371207655,192.0094569,1.056052013,11.10116946,0.204261518,7.31800373,0.071716437,2.247212708,0.018651865,0.085898353614889,0.00357483317445186,4.16170162059104,0.0373124205010737,0.00528407364160263,14.1617015745483
"Isla Hermite","HER42PB","HER42PB_1A",25,33.1,34.1,33.6,242.43,66.1,412.15,228.39,231.77,73.46,426.9,240.89,244.87,79.25,417.7,241.39,244.01,15819.54545,50811.90909,1.303636364,133.8181818,474.8181818,242.9090909,164.5454545,17722.90909,175.4545455,142.3636364,123.8181818,9.454545455,190.2727273,950.2727273,572.9090909,22577.63636,4675,0.207411269,47.62314182,70.00545433,70.98091933,47.50444955,1508.712925,60.93991079,42.63630549,29.80878455,17.62591068,116.0940058,164.3916609,65.01454383,1408.544871,181.3146436,0.007302329,59.52633489,2.976316744,40.47366511,4.047366511,0.771593844,0.077159384,1620.284407,23.17006702,8871.994311,120.6591226,23025.53265,198.0195808,3140.602681,31.40602681,585.3572459,7.78525137,35487.97724,670.7227699,9.632847657,0.088622198,11.08791026,0.09757361,61.64578206,1.02948456,47.90043877,0.728086669,6.892109508,0.119922705,34.84930473,0.4460711,237.2807242,5.125263643,16.78597985,0.229967924,10.39092417,0.078971024,3.601557628,0.046460093,0.0763358778625954,0.00277161862527716,3.63082039911308,0.0589002934351145,0.0080285931821567,13.6308203472723
"Isla Hermite","HER42PB","HER42PB_1A",28,37.1,38.2,37.7,291.9,95.51,440.85,284.04,280.25,99.35,456.64,294.76,294.11,115.04,445.27,293.6,292.58,16145.25,49209.66667,1.344166667,174.75,778.6666667,370.4166667,190.25,14233.41667,98.91666667,146.75,130.5,15.33333333,204.1666667,1103,586.5833333,23589.5,4706.5,0.199898233,53.09532594,189.8618317,130.1023781,28.60109661,2137.657106,72.96631643,44.32344957,39.45883931,19.67616617,50.21740613,198.310592,158.3520005,1449.539018,195.3833063,0.009032944,63.18099355,3.159049677,36.81900645,3.681900645,0.587799686,0.058779969,1400.404816,30.80890594,7746.307975,230.8399776,19806.58483,186.1818974,2780.927179,39.76725866,509.8802514,3.977065961,25321.34917,194.9743886,8.041928644,0.101328301,8.769207812,0.211337908,43.74139458,0.209958694,42.59030524,0.234246679,4.682840687,0.048701543,30.00680597,0.483109576,201.9638553,2.746708433,18.09041528,0.063316453,8.055009204,0.107937123,2.572946266,0.042196319,0.0793650793650794,0.00304599451720987,3.83795309168444,0.0466507687301587,0.00645551152553559,13.8379531597348
"Isla Hermite","HER42PB","HER42PB_1A",31,41.2,42.3,41.7,339.5,146.69,481.5,331.56,329.92,174.3,488.44,343.34,343.92,172.29,482.37,339.73,339.62,18131,55430.91667,1.355833333,79.33333333,426.1666667,234,124.8333333,16475.16667,129.8333333,164.9166667,94.66666667,1.25,154.6666667,739.6666667,649.9166667,27701.75,4996.416667,0.180753975,17.78320624,69.22274105,115.5484943,31.07420249,4112.851208,68.11865761,33.92895876,48.71127055,4.330127019,82.77827266,155.8001828,97.21434456,1355.74442,130.526527,0.009983476,58.6261659,2.931308295,41.3738341,4.13738341,0.743284189,0.074328419,1323.400898,31.62928146,8706.157013,221.1363881,23961.57686,191.6926149,2482.596033,49.15540146,510.7720501,2.24739702,30348.25974,264.0298597,8.722415009,0.070651562,8.979833284,0.241557515,34.73791874,0.340431604,44.27594323,0.509173347,4.573916289,0.065864395,30.61922635,0.814471421,256.1176349,1.075694066,12.6893661,0.16115495,7.76861256,0.122744078,2.073978393,0.01825101,0.0785714285714282,0.003218727139722,4.09656181419166,0.0584009005642854,0.00823251905594624,14.0965618276455
"Isla Hermite","HER42PB","HER42PB_1B",40,43.1,44.2,43.7,362.85,194.92,488.33,354.95,352.92,220.28,493.97,369.43,367.21,216.9,488.45,366.25,362.89,20091.08333,59727.91667,1.35,83,452.8333333,183.25,125.9166667,15627.83333,142.8333333,196,156.6666667,4.583333333,133.6666667,686.9166667,687.1666667,31517,5606.5,0.177930938,29.14228418,90.93337554,61.10367494,29.96500484,2422.88325,59.59992882,21.48995537,45.82046651,12.15399922,82.12997829,100.3978072,112.5205705,736.7245692,144.7314127,0.004515915,73.26248768,3.663124384,26.73751232,2.673751232,0.377380815,0.037738081,1598.916078,36.45528657,6598.380417,137.9061507,19881.77207,65.60984782,2488.325779,20.15543881,425.6460716,6.895466359,27170.31131,309.741549,6.251857157,0.096903786,8.651530736,0.255220157,40.88974473,0.249427443,38.26194334,0.566276761,3.722237356,0.115017134,22.88497366,0.157906318,217.7898692,1.350297189,15.7899099,0.203689838,7.571533241,0.196102711,2.209085785,0.028276298,0.0769769069279219,0.00367831466309982,4.77846513960875,0.0290496078726383,0.00429308613416244,14.7784650071166
"Isla Hermite","HER42PB","HER42PB_1B",48,54,55.1,54.5,483.7,345.25,596.91,494.03,477.35,350.91,622.4,503.26,490.43,345.95,616.55,499.4,485.68,17799.33333,47476.58333,1.316666667,68.33333333,402.1666667,162.6666667,112.1666667,6561.833333,70.16666667,162.5,103.6666667,5.833333333,119.6666667,825.25,662.25,29503.08333,5274.583333,0.178880947,15.81330472,33.60420248,42.64298585,21.49770953,383.5697953,34.93587199,30.69053748,56.09785822,13.43559271,58.63342722,106.744491,94.66027774,699.7771669,109.0474945,0.005906962,75.70263466,3.785131733,24.29736534,2.429736534,0.371069084,0.037106908,1482.982594,20.02026502,4618.995032,122.8652679,16479.65741,75.80642407,1575.735639,15.59978283,285.4554922,3.882194694,13872.977,234.4533113,5.871694204,0.029358471,11.09571628,0.335090632,27.8525667,0.35929811,30.62449678,0.275620471,3.358299908,0.053732799,17.215285,0.129114638,199.578966,1.576673831,9.92564195,0.11116719,5.775742778,0.041007774,1.748714738,0.016437919,0.0840978593272173,0.00396896987191052,4.7194659931445,0.0312061156269114,0.00459337354384543,14.7194658853479
"Isla Hermite","HER42PB","HER42PB_1B",50,56.7,57.8,57.2,512.07,353.87,662.13,513.61,504.96,358.68,687.08,522.59,518.03,353.94,690.44,520.3,515.38,17684.75,46879.25,1.333333333,59,349.1666667,136.0833333,100.8333333,5776.833333,162.5833333,180.5,144.5,14.33333333,115.75,935,712.6666667,29362,5376.916667,0.183302172,14.57893873,49.58341609,29.77325931,18.084817,704.0105672,43.78139566,38.67933439,34.15073538,21.2745402,58.95163657,127.5118533,125.0972955,1156.512783,182.1819562,0.007672618,68.98881969,3.449440984,31.01118031,3.101118031,0.530621874,0.053062187,746.1273884,12.31110191,3415.579205,69.67781578,10723.74092,15.01323728,1161.29693,11.14845052,213.0614752,1.363593441,10017.06936,131.2236086,4.139917554,0.052576953,5.323592416,0.062818391,16.00316636,0.17603483,21.4504263,0.265985286,1.692478385,0.017094032,12.67297664,0.01647487,119.2508257,0.643954459,6.298210275,0.021413915,3.645247462,0.013122891,1.178669272,0.009782955,0.0841622035195099,0.0033012214519372,3.92245130698358,0.0446583061514918,0.00621753089480021,13.9224512316003
"Isla Hermite","HER42PB","HER42PB_1B",56,64.7,65.8,65.2,594.04,399.99,790.74,586.54,587.9,410.49,803.75,598.83,600.87,404.23,826.75,594.34,598.68,17870.5,47524.66667,1.284166667,64.16666667,377.0833333,170.9166667,104.75,7074.75,132.6666667,184.0833333,117.5833333,8.5,94.91666667,804.0833333,607.5833333,29282.5,5274.5,0.180336404,15.31982277,36.62949217,45.86434213,22.85975026,662.4272344,56.38557735,28.51939797,41.40368524,19.92485885,75.92634988,131.8376814,78.9803869,1036.499397,149.7831766,0.008272381,80.10647259,4.005323629,19.89352741,1.989352741,0.315063631,0.031506363,1306.437254,29.00290704,4921.529077,148.6301781,16718.31854,180.5578402,1911.570392,23.70347286,318.8247,5.61131472,18126.438,242.8942692,5.075843538,0.092380352,8.253068077,0.149380532,36.18123,0.137488674,34.30741154,0.161244834,3.075266769,0.043976315,16.21679654,0.37298632,197.3571738,0.967050152,10.43275985,0.040687763,5.613188538,0.092056292,1.741273362,0.040223415,0.0848111025443325,0.00272439072716464,3.21230433921142,0.0267208939167307,0.00353044581795518,13.2123043074718
"Isla Hermite","HER42PB","HER42PB_1B",60,69.9,70.9,70.4,646.45,423.31,881.99,637.12,642.32,440.86,883.27,648.32,653.51,433.66,907.18,643.39,651.18,17555.45455,46970.45455,1.427272727,47.72727273,317.3636364,128.1818182,111.8181818,7567.636364,73.63636364,178,113.0909091,2.363636364,154.0909091,889,629.5454545,28528.81818,5086.181818,0.17828778,17.77127406,77.96957449,54.42943722,37.31438913,1259.102003,39.04426393,31.26339713,36.51973315,7.839294959,66.94393855,104.3666613,87.7284032,708.9077258,177.8633285,0.004582705,69.14989162,3.457494581,30.85010838,3.085010838,0.547574206,0.054757421,1259.896121,32.63130953,7273.786524,336.7763161,20223.29166,202.2329166,2382.409952,38.35680023,443.5927218,9.58160279,18736.05749,219.2118727,6.595896427,0.11081106,10.60653138,0.328802473,35.46679751,0.539095322,37.68347236,0.844109781,3.361097671,0.05747477,25.92994062,0.739003308,220.559147,3.021660314,10.79469099,0.138172045,6.907777422,0.069077774,2.021298155,0.025266227,0.0893655049151032,0.00217410209583442,2.4328202452387,0.0489342453976768,0.00608390680440335,12.4328203182882
"Isla Hermite","HER42PB","HER42PB_1B",63,73.7,74.8,74.3,684.5,465.23,918.2,676.9,681.81,475.5,920.75,690.43,692.25,470.61,941.66,684.39,690.37,17671.83333,46547.66667,1.275833333,44.41666667,320.5833333,121.25,86.58333333,5734.916667,99.83333333,182,149.1666667,5.5,111,921.5,683.9166667,29539.33333,5376.25,0.182009144,11.79721333,51.4789601,60.76052097,21.05602196,888.6243156,48.77188708,28.02920555,42.73136666,19.05255888,53.44325793,154.8262956,127.5656397,453.5238459,126.498383,0.003582856,72.9454191,3.647270955,27.0545809,2.70545809,0.402178631,0.040217863,1344.416439,10.48644822,5415.67046,155.9713092,17750.4328,209.455107,1894.366875,25.95282619,330.5850441,1.454574194,13972.31801,76.84774904,6.245626149,0.014989503,8.570619866,0.118274554,35.40585383,0.400086148,37.52964617,0.240189735,3.85635977,0.057074125,20.04468741,0.567264654,211.7085625,0.296391987,11.40700042,0.087833903,6.150614387,0.077497741,1.940196079,0.02987902,0.105363984674328,0.00241482262030206,2.2918861959958,0.0423751431130264,0.00520870435630715,12.2918861711312
"Isla Hermite","HER42PB","HER42PB_1B",69,81.5,82.5,82,760.73,522.71,1022.51,758.21,762.15,532.87,1023.42,768.88,770.18,529.19,1038.95,762.58,768.83,15943.90909,51358.63636,1.349090909,157.7272727,760.2727273,408.4545455,258.4545455,17990.45455,129.8181818,138.7272727,113,8.909090909,200.1818182,1276,527.0909091,21924.90909,4696.545455,0.21437147,23.82893581,95.76856573,75.87405833,22.80948766,1359.464848,46.05174955,30.07687121,42.87889924,17.48401868,58.85544696,80.66969691,102.3996626,585.7828018,135.2030796,0.009046891,56.09126618,2.804563309,43.90873382,4.390873382,0.795053383,0.079505338,1516.768292,13.34756097,8945.422022,111.8177753,26370.11281,58.01424818,3316.178876,18.57060171,654.0897303,4.251583247,29131.62831,367.0585168,11.02836,0.101460912,12.14358742,0.338806089,49.15261573,0.407966711,53.75514157,0.73644544,4.670383596,0.06538537,36.0531191,0.504743667,255.3811775,0.817219768,18.6667827,0.104533983,8.703494382,0.082683197,3.050648539,0.038438172,0.12453300124533,0.00199716402708154,1.60372271374647,0.0990103839352432,0.0114888903723015,11.6037226760132
"Isla Hermite","HER42PB","HER42PB_1C",80,86.5,87.8,87.2,814.34,574.42,1068.57,811.39,811.75,575.59,1075.92,826.67,825.89,566.18,1091.83,820.73,823.93,17513.23077,53067,1.379230769,121.3846154,644.8461538,287.2307692,181.3846154,15298,105.2307692,166.8461538,137.7692308,12.38461538,190.7692308,1180.692308,634.6923077,25716.84615,5142.230769,0.200281993,37.57778258,105.8456787,103.3054967,28.44450287,3374.729026,64.8268898,34.070628,49.59696537,26.49068535,60.5972412,202.3043848,150.8351112,1563.675683,199.1687533,0.007399419,48.46093102,2.423046551,51.53906898,5.153906898,0.698967031,0.069896703,1197.776996,14.97221245,8976.759109,182.2282099,26667.54291,424.0139323,2867.600154,48.17568258,567.7982591,8.346634409,22528.01628,74.34245371,9.134399757,0.033797279,7.820727692,0.171273936,39.76047449,0.397604745,44.16857409,0.295929446,3.406789555,0.121281708,32.92937976,0.625658215,253.6262866,2.967427554,14.95542664,0.216853686,8.387066316,0.132515648,2.620337879,0.018080331,0.0919377652050918,0.00259222333000996,2.81954137587238,0.0642614667821781,0.00823802531369004,12.8195413615656
"Isla Hermite","HER42PB","HER42PB_1C",86,94.8,96,95.4,898.84,646.89,1146.81,892.01,895.07,660.57,1155.35,912.67,911.03,652.09,1179.86,909.49,911.22,19630.15385,52476.30769,1.318461538,79.61538462,440.8461538,176.7692308,140.5384615,8067.230769,130.6153846,189.8461538,117.6153846,0,117.0769231,849.2307692,730.8461538,32133.07692,5718.538462,0.178004606,14.18648689,56.6036603,41.40683085,26.53807135,791.9592954,62.84443553,37.172674,40.37230582,0,61.74606808,112.2580018,74.30998829,486.4710443,113.6108969,0.004549712,77.24749825,3.862374912,22.75250175,2.275250175,0.269401567,0.026940157,1488.067168,33.33270455,5721.295663,207.6830326,19173.11646,243.4985791,1937.934236,25.58073192,360.8953237,6.820921619,16524.5867,115.6721069,5.668266146,0.064051407,7.733471223,0.12373554,34.52810771,0.252055186,29.23988643,0.245615046,3.435134265,0.059084309,20.28673632,0.730322508,218.7762183,2.472171267,9.993117862,0.109924296,6.148477883,0.045498736,2.101736522,0.025010665,0.0751879699248126,0.00236006765527279,3.13888998151279,0.0202557569172934,0.00266138163884223,13.1388900928707
"Isla Hermite","HER42PB","HER42PB_1C",90,100.2,101.4,100.8,954.36,683.08,1202.58,950.3,949.87,709.33,1218.92,969.64,966.71,702.52,1238.14,969.02,968.4,18939.23077,47732.76923,1.345384615,43.84615385,283.8461538,152.6923077,82.84615385,4260.076923,58.76923077,181.7692308,127.4615385,0,65.69230769,703.0769231,721.5384615,32111.23077,5470.769231,0.17067339,13.53296071,55.75518833,181.2945966,38.33154957,1067.907569,33.96849974,33.28451553,25.29036504,0,43.70618685,146.8766271,99.78110658,1930.646487,184.1657559,0.006509994,70.96204823,3.548102411,29.03795177,2.903795177,0.390327941,0.039032794,1561.45067,15.30221656,6594.697268,79.79583695,20274.4736,85.15278913,2422.968415,22.04901258,431.4287933,3.580858984,17616.22911,348.8013364,7.144032067,0.087157191,7.374484715,0.076694641,40.65077512,0.219514186,32.82610384,0.403761077,3.738156314,0.027288541,24.33687143,0.484303741,219.7339196,1.186563166,20.92027695,0.115061523,7.387883124,0.098997634,2.602507106,0.04762588,0.0712589073634205,0.00223947446999105,3.14272917288744,0.0278143425890736,0.00365556371057515,13.142729147268
"Isla Hermite","HER42PB","HER42PB_1C",91,101.6,103.1,102.3,969.6,704.4,1211.57,964.76,964.87,733.8,1228.69,987.38,984.12,722.51,1247.45,983.58,983.57,19813.25,51338.0625,1.355625,48.25,326.75,105.125,89.875,5844.6875,103.0625,195.5,141,4.6875,81,737.875,723.75,33472.6875,5638.625,0.16844744,15.92273008,77.84214797,33.25833229,26.33343882,1077.600774,55.46706981,45.24894106,40.70053235,17.21518225,64.85368147,124.9345829,85.96627246,1265.466118,263.6467017,0.004281336,76.82229633,3.841114817,23.17770367,2.317770367,0.224223708,0.022422371,1436.002402,12.92402162,5009.073815,164.2976211,15679.13954,25.08662327,1886.233337,4.904206677,299.9841868,2.93984503,15409.2047,118.6508762,5.39869674,0.062085013,7.652397974,0.179066113,44.99762802,0.350981499,66.23589727,0.437156922,3.947160352,0.053286665,17.07719827,0.285189211,188.3177471,1.902009246,7.331532035,0.072582167,6.671974273,0.028022292,1.678943755,0.041302016,0.0779220779220779,0.00286101203532396,3.67163211199908,0.0174719772467532,0.00238870446745271,13.6716322011957
"Isla Hermite","HER42PB","HER42PB_1C",97,109.8,111,110.4,1052.02,785.82,1300.84,1056.03,1052.75,804.81,1303.18,1067.53,1064.77,789.38,1315.68,1070.21,1065.46,16921.61538,49881.46154,1.324615385,141.3076923,678.9230769,282.6153846,185.2307692,12232.53846,75.53846154,155,121.3846154,18.84615385,154.9230769,1114.538462,623.3846154,25794.53846,4972.769231,0.195670324,69.29572451,216.8123081,104.7238738,63.36159963,2118.662063,47.02413456,27.67369389,41.97725269,21.27927847,98.61073432,331.4459773,130.8138235,4043.609333,333.2474441,0.021617578,63.82257046,3.191128523,36.17742954,3.617742954,0.599604911,0.059960491,1212.3254,27.76225166,7175.3422,244.679169,23770.8588,204.4293857,2339.38198,29.71015115,436.78518,0.960927396,17175.5766,190.6489003,7.2536503,0.028289236,6.6532882,0.035262427,28.9478943,0.358953889,36.659792,0.454581421,3.3295444,0.122194279,24.826568,0.44191291,254.965373,0.790392656,15.9139461,0.165505039,6.8534089,0.058253976,3.0279132,0.035123793,0.0998336106489189,0.00231946806865626,2.32333384877068,0.0598607232279536,0.00737683675768598,12.323333832093
"Isla Hermite","HER42PB","HER42PB_1C",104,119.2,120.3,119.8,1151.08,882.66,1375.37,1158.87,1149.39,902.93,1376.89,1164.11,1157.89,882.65,1386.67,1167.13,1159.45,19878.16667,52794.58333,1.33,39.33333333,303.5,110,79.33333333,7711.666667,129.0833333,199.0833333,91.33333333,0,66.75,578.9166667,707.1666667,32997.16667,5546.833333,0.168132583,15.37609321,39.81890825,26.28860797,16.47771682,1455.913917,50.1460745,37.71293083,46.3667854,0,63.50966283,75.18638457,84.37883549,295.6363963,148.9745758,0.005472609,76.8334819,3.841674095,23.1665181,2.31665181,0.298078963,0.029807896,1355.713487,19.38670286,6260.84885,155.2690515,19931.45628,131.5476115,1783.788743,37.28118474,323.6804956,0.906305388,29105.71327,436.5856991,7.23671292,0.149799957,8.016836814,0.254133727,31.06311504,0.086976722,39.88560708,0.570364181,5.055202832,0.167327214,19.90308814,0.256749837,231.5407717,1.088241627,9.931686372,0.134077766,6.34311646,0.072945839,1.546347398,0.026133271,0.129411764705882,0.00222568439795236,1.71984703478138,0.0385749246235292,0.00452092212083631,11.7198469341369
"Isla Hermite","HER42PB","HER42PB_1D",118,127.3,128.4,127.8,1235.41,994.17,1421.11,1239.43,1229.41,1009.85,1426.4,1252.14,1241.66,990.36,1431.36,1249.36,1239.31,21778.75,54049.75,1.334166667,33.83333333,259.0833333,59.16666667,43.5,4211.75,87.58333333,204.5,130.4166667,0,40.66666667,350.6666667,860.75,38024.33333,5991.5,0.157741404,12.6981268,43.06540129,25.26525942,26.32143958,1840.126484,46.17251905,36.68167737,46.11735689,0,46.90674178,120.5678484,97.13451311,1456.261798,163.1917444,0.006384214,75.97706345,3.798853173,24.02293655,2.402293655,0.402971752,0.040297175,1520.525972,43.79114799,5656.960644,182.7198288,21097.44306,554.8627524,2617.070294,65.68846437,421.6584628,14.1255585,12943.05626,174.7312595,5.413025996,0.123958295,7.99757167,0.125561875,27.88986141,0.806016995,25.82803284,0.604375968,3.142110584,0.038962171,18.26896274,0.575472326,237.9234012,7.232871397,19.67739493,0.558838016,5.72084829,0.146453716,2.048179847,0.076397108,0.0897959183673476,0.0025449413506698,2.83413923142771,0.0361852185469391,0.00464406131155138,12.8341391817964
"Isla Hermite","HER42PB","HER42PB_1D",121,130.9,132.2,131.6,1274.94,1032.05,1450.1,1276.25,1265.52,1062.5,1451.14,1287.99,1280.24,1042.88,1457.72,1288.54,1277.54,20312.92857,50184.42857,1.258571429,34.42857143,317.7857143,62.14285714,49.14285714,2503.428571,60.57142857,189.3571429,91.35714286,2.142857143,55.5,591.2142857,780.5714286,35953.57143,5881.5,0.163619124,21.97100987,47.41499044,21.19091657,24.89935786,617.8216962,32.13125554,24.81192996,31.14138266,6.712298046,52.11931578,134.3698561,124.5513266,1366.805862,268.7328528,0.005467138,84.55037578,4.227518789,15.44962422,1.544962422,0.187676057,0.018767606,1357.682984,12.21914686,3648.143898,92.29804061,15108.07419,273.4561428,1282.645911,9.74810892,195.5844371,3.051117218,7988.703067,69.50171668,3.181449904,0.041995139,6.481861022,0.25279258,25.96709783,0.067514454,17.02060447,0.095315385,2.950543137,0.048093853,10.8681745,0.236926204,200.4648971,2.10488142,7.802635527,0.140447439,3.699998786,0.06104998,1.325044907,0.019080647,0.088315217391303,0.00310195900641863,3.51237204419099,0.0165746517730976,0.00223962863910461,13.5123722040409
"Isla Hermite","HER42PB","HER42PB_1D",131,143.2,144.4,143.8,1397.96,1242.71,1517.55,1396.27,1393,1263.65,1517.05,1405.17,1402.73,1252.65,1518.87,1403.08,1400.17,21612.38462,53592,1.345384615,23.69230769,233.7692308,29.23076923,20.69230769,2313.538462,119.0769231,192.1538462,142,2.153846154,40.69230769,351,935.1538462,39021.84615,6083.461538,0.155899836,14.01418695,44.63584853,17.06924059,16.39809245,715.9628267,52.50152623,31.66187548,44.60941605,7.765802747,50.95976291,124.9339826,82.24135836,1242.545026,270.6306263,0.004803623,80.12840061,4.006420031,19.87159939,1.987159939,0.317513884,0.031751388,1496.398904,23.64310268,5049.87496,82.31296185,16222.83208,115.1821078,1694.217096,25.58267815,259.3390696,3.060201021,12805.9724,112.6925571,4.0172756,0.092397339,6.76410592,0.082522092,22.2037868,0.057729846,20.90723648,0.288519863,2.573376832,0.031395197,15.70363184,0.348620627,201.5309088,1.61224727,6.75540424,0.132405923,4.60898984,0.074204736,1.425915296,0.010409182,0.123329907502571,0.00437413428592264,3.54669388350223,0.039158957944502,0.0053047441113791,13.5466937575235
"Isla Hermite","HER42PB","HER42PB_1D",137,150.7,151.9,151.3,1479.44,1368.62,1572.73,1470.99,1469.28,1382.17,1596.35,1490.89,1489.22,1378.93,1580.84,1482.57,1480.79,20654.53846,50993.53846,1.311538462,23.69230769,243.1538462,45.38461538,43,1943.153846,94.61538462,213.4615385,97.30769231,0.692307692,47.15384615,505.3846154,792.9230769,37184.76923,5991.692308,0.161160914,10.15204918,29.52356729,20.443167,21.57931108,516.4619777,49.97922645,34.5509657,42.89596837,2.496150883,56.08750032,59.54905326,129.0829588,837.2833206,161.1972832,0.00389021,84.05430901,4.202715451,15.94569099,1.594569099,0.223349145,0.022334914,1122.527929,11.44978487,3309.7982,88.37161193,14715.29986,269.2899875,1150.276453,21.05005909,172.5557713,3.140515038,6997.205183,47.58099524,2.856953727,0.045996955,5.489630722,0.058739049,20.00182283,0.29802716,15.64215778,0.154857362,2.14979546,0.020638036,9.202783759,0.122397024,193.3528611,1.29546417,5.180678081,0.058023595,3.541512681,0.037894186,0.969481945,0.01289411,0.0601805416248753,0.00526939797128186,8.75598296227992,0.0134412725175528,0.00252104275321555,18.7559827384152
"Isla Hermite","HER42PB","HER42PB_1D",144,159.2,160.3,159.8,1615.29,1415.33,1898.47,1579.89,1600.1,1424.89,1927.84,1599.42,1621.78,1420.64,1907.17,1588.99,1610.76,18959.91667,48486.91667,1.343333333,59.08333333,377.4166667,138.5833333,100.3333333,4972,80.91666667,182.5,93.66666667,0,72.16666667,798.9166667,712.25,32347.41667,5663.666667,0.175100004,13.27648867,55.33609431,45.78498828,23.13727152,807.4639311,52.92096737,33.87275655,55.83959712,0,61.82796268,143.1765968,155.1387209,638.7272086,185.5519204,0.005075289,69.43733975,3.471866988,30.56266025,3.056266025,0.509389576,0.050938958,1280.002013,30.3360477,5997.873908,169.1400442,19331.44723,143.0527095,2133.687133,27.95130145,334.5877951,3.479713069,14513.69839,79.82534112,5.301363572,0.036579409,7.080750354,0.210298286,29.54255159,0.460863805,29.06945023,0.465111204,2.539765801,0.023873799,21.18442756,0.491478719,222.8833073,2.295698066,11.73028539,0.134898282,6.344814905,0.065986075,2.638854252,0.051457658,0.0507380073800747,0.0021462995843984,4.23016136270513,0.0258454120664211,0.00367784386220299,14.2301614412305
"Isla Hermite","HER42PB","HER42PB_1D",147,162.9,164.1,163.5,1671.38,1452.86,1985.09,1636.56,1656.92,1463.88,1979.85,1663.47,1680.27,1463.39,1959.44,1650.02,1668.58,18723.15385,49544,1.31,77.23076923,460.3076923,152.4615385,110.0769231,5959.538462,92,188.5384615,124.3076923,48.38461538,130.5384615,836.9230769,684.3846154,32166.92308,5570.846154,0.173317609,31.84900272,68.80695776,44.86203923,41.25825481,1860.64454,44.52340209,37.63778107,36.57728032,43.63396701,65.77058028,121.5191765,64.57881291,1446.475974,206.0003423,0.005319313,79.71111846,3.985555923,20.28888154,2.028888154,0.343529575,0.034352957,1401.647809,2.522966056,4295.763522,76.03501434,16304.49768,211.9584699,1670.874143,30.07573457,264.1328625,1.399904171,10760.96847,63.48971398,4.125981149,0.061889717,7.101215107,0.039056683,30.53387748,0.213737142,22.37893368,0.503526008,2.464539361,0.013062059,15.49870515,0.173585498,201.1247375,1.28719832,9.839292734,0.041325029,5.338712382,0.032566146,2.093713099,0.022193359,0.0513918629550318,0.00227708305660447,4.43082411430955,0.0176546248394003,0.00254770783291914,14.4308239687617
"Isla Hermite","HER42PB","HER42PB_1E",158,169.3,170.5,169.9,1768.09,1491.07,2112.89,1737.21,1755.12,1511.91,2153.16,1761.48,1778.87,1505.24,2119.91,1749.15,1768.72,20527.46154,50818.76923,1.289230769,31,202.0769231,38.23076923,30.38461538,2567.153846,105.2307692,185.7692308,139.3076923,2.461538462,54.07692308,384.4615385,850.5384615,36937.69231,5948.307692,0.161139714,13.99404635,27.72622567,23.16662055,16.97811563,398.2561668,45.15741697,36.61091332,48.54102151,8.87520314,59.33866297,92.43792096,87.74737924,1170.200366,125.4746884,0.004651018,85.36560999,4.268280499,14.63439001,1.463439001,0.21879694,0.021879694,447.033557,5.051479195,1024.567593,13.93411927,5436.594439,51.10398773,410.3823586,2.339179444,66.61077661,0.126560476,3223.639501,23.21020441,1.260301438,0.020038793,2.834914669,0.055280836,7.835581975,0.049364166,7.99662512,0.049579076,0.9343279,0.008595817,4.023302013,0.0599472,74.85729626,0.127257404,2.834914669,0.024947249,1.326106999,0.025726476,0.722195206,0.013793928,0.0505263157894732,0.00181244241719402,3.5871256173632,0.0110550032842104,0.0015020571832293,13.5871256173632
"Isla Hermite","HER42PB","HER42PB_1E",162,175.6,176.8,176.2,1865.93,1562.53,2214.75,1840.09,1853.68,1588.41,2254.17,1864.6,1877.13,1577.12,2219.98,1846.1,1863.47,20266.61538,50557.07692,1.296153846,37.46153846,261.1538462,64.15384615,46.15384615,2530.076923,60.76923077,195.8461538,96.84615385,3.384615385,81.07692308,559,792.3846154,36342.69231,5778.692308,0.159008354,12.05276859,20.42403059,20.63106943,18.87169907,586.9543511,34.90977381,33.18093367,29.29688878,5.315675898,68.77191958,98.81885785,89.79656495,750.4690072,190.5585582,0.004217192,83.11089897,4.155544949,16.88910103,1.688910103,0.254796532,0.025479653,1183.99773,17.04956731,3756.973168,89.79165872,14110.24974,173.5560718,1400.001342,14.28001368,211.0280805,3.144318399,11941.27554,120.606883,5.526713106,0.056372474,27.22539319,0.871212582,42.45588235,0.687785294,30.50864809,0.494240099,2.30066192,0.062578004,12.28390196,0.234622527,180.6386068,1.390917272,7.531822497,0.056488669,4.644822497,0.113333669,1.256992054,0.022877255,0.0511727078891264,0.00173500665085885,3.3904921635533,0.0130386285031985,0.00174593651772107,13.3904920850593
"Isla Hermite","HER42PB","HER42PB_1E",166,181.9,183.1,182.5,1962.25,1631.42,2325.55,1938.58,1952.55,1654.69,2363.1,1961.99,1975.21,1646.83,2334.79,1947.88,1959.45,20731.53846,52902.38462,1.318461538,31.92307692,272.6923077,62.84615385,47.84615385,4088.769231,131.3076923,214.0769231,140.3076923,0,15.84615385,525.3076923,796.0769231,36519.92308,5963,0.163310219,10.13625127,39.05420296,22.25925333,19.46726378,939.5475998,53.4515117,22.17529233,39.18202099,0,25.22844345,118.9000873,80.44507602,681.6369343,125.3189265,0.003554801,84.81309131,4.240654565,15.18690869,1.518690869,0.195658501,0.01956585,836.8221931,3.59833543,3191.150345,68.60973241,13479.76097,118.6218965,914.3215586,7.406004625,153.4316483,2.148043076,10687.50441,196.6500812,2.678001972,0.025173219,5.932120552,0.266352213,20.43760841,0.116494368,16.5256,0.41479256,2.16000989,0.07214433,7.299756414,0.150374982,178.3340179,0.49933525,6.704264966,0.117324637,2.470007352,0.038038113,0.898650731,0.025341951,0.0529567519858775,0.00164006122895253,3.09698228733874,0.0103614387113856,0.00135703578744795,13.0969822362293
"Isla Hermite","HER42PB","HER42PB_1E",174,194.9,196.1,195.5,2159.03,1785.36,2541,2153.77,2158.09,1826.49,2545.31,2178.12,2176.99,1794.59,2544.17,2156.74,2159.79,20100.38462,49962.53846,1.267692308,26.84615385,244.1538462,48.30769231,32.76923077,1928.846154,60.84615385,197.4615385,116.3846154,15.53846154,74.61538462,423.3076923,818,36934.30769,5845.692308,0.158259801,12.62831576,34.3943943,22.44023401,21.39374459,264.8329178,27.74841183,29.4635803,38.54118676,24.22331998,55.64850771,64.2396355,116.8168082,628.3382031,204.0736732,0.004344619,84.28234186,4.214117093,15.71765814,1.571765814,0.181470174,0.018147017,833.2937056,28.91529158,3125.582355,61.88653064,14253.70812,42.76112437,982.7018051,5.89621083,143.7066162,0.229930586,6996.743289,76.26450185,4.257107492,0.087696414,4.605044162,0.047431955,16.48459618,0.060993006,37.24969056,0.19742336,2.086742869,0.046117017,8.233526579,0.141616657,188.1781856,1.655968033,5.05239131,0.036882457,3.143125381,0.092722199,0.756981545,0.007645514,0.0634920634920641,0.00157905125337192,2.48700572406075,0.0115219158095239,0.00143874226125989,12.4870055036388
"Isla Hermite","HER42PB","HER42PB_1E",179,202.5,203.6,203,2259.95,1868.29,2644.16,2260.64,2260.89,1910.99,2647.63,2275.69,2275.13,1870.62,2640.89,2261.26,2258.48,20055.5,49857.58333,1.296666667,29.58333333,307,63,45.91666667,2723.583333,61.58333333,180.6666667,106.9166667,0.916666667,51.41666667,516.6666667,820,35850.5,5694.166667,0.159231477,13.48034484,44.7965096,30.91042778,18.90867205,777.316416,28.83324575,35.33304745,31.56078791,3.175426481,53.5867323,162.3320577,125.8910062,2095.436492,204.4183915,0.009293497,86.18426726,4.309213363,13.81573274,1.381573274,0.202157788,0.020215779,859.0633449,14.60407686,2826.666898,28.26666898,11992.59067,135.5162746,1202.301468,13.105086,150.7094709,0.572695989,9342.936185,56.05761711,3.122609518,0.043716533,6.051611715,0.203334154,25.87423565,0.26132978,33.9089395,0.220408107,2.017664875,0.042774495,7.965558382,0.084434919,182.2674644,2.168982826,3.847254066,0.081946512,4.176386513,0.063481075,0.952548023,0.024099465,0.0772471910112343,0.00141145071470731,1.82718710703932,0.0156161212640446,0.00184694789621015,11.8271872059719
"Isla Hermite","HER42PB","HER42PB_1F",184,201.4,202.5,202,2275.66,1883.17,2654,2278.9,2277.7,1925.54,2661.65,2293.22,2291.72,1888.38,2649.99,2276.4,2273.56,17848.91667,46531.83333,1.351666667,58,372.4166667,161.9166667,92,5626.416667,118.5,167,111.75,8.666666667,109,838.4166667,685.75,29826.58333,5373.166667,0.180552756,22.57109978,48.57133149,70.43044065,29.12043956,1083.502356,46.81782877,23.16737518,41.78978779,18.20755754,60.99180273,133.33857,111.4019136,2086.976824,209.49152,0.007225279,70.75583485,3.537791742,29.24416515,2.924416515,0.401041202,0.04010412,1203.95387,48.03775942,5457.248831,229.2044509,19005.72883,266.0802036,2108.785455,79.07945455,365.7716364,4.645299782,13791.08364,99.29580218,5.441252987,0.071280414,7.643347532,0.099363518,26.97965714,0.312964023,33.08473766,0.231593164,2.19542961,0.055983455,19.53359169,0.455132686,225.088187,2.903637612,10.66656208,0.254930834,5.609209351,0.103770373,1.478016,0.004434048,0.0784593437945789,0.00141300996814304,1.80094543212414,0.0314654295435092,0.00371321815472111,11.800945382254
"Isla Hermite","HER42PB","HER42PB_1F",189,208.1,209.3,208.7,2365.17,1939.23,2717.63,2370.56,2363.3,1995.7,2746.84,2381.05,2377.68,1957.5,2716.14,2368.53,2359.52,20220.53846,51050.30769,1.374615385,39.07692308,298.5384615,78.23076923,74.15384615,3000.538462,53.53846154,223.2307692,104.3076923,6.538461538,113.6923077,678.6923077,746,35866.07692,5805.307692,0.161911888,11.16140328,37.26395798,22.31275363,25.69320972,653.9572636,34.85593059,38.33873986,62.15623409,18.2145335,66.01311059,120.5351848,85.93020424,907.484202,214.0375297,0.006097002,85.34301771,4.267150886,14.65698229,1.465698229,0.190791821,0.019079182,648.6931151,21.08252624,2756.113305,144.6959485,10921.53411,245.7345174,775.5257867,6.204206294,131.1007878,2.884217331,11345.31869,169.0452485,2.424955924,0.04073926,6.281092925,0.188432788,32.78276452,0.835960495,17.72327666,0.435992606,1.772024963,0.082399161,7.558500739,0.287978878,150.0197423,1.980260599,6.063146568,0.125507134,2.604761668,0.073714755,0.787633918,0.020242192,0.0834492350486819,0.00148586570250494,1.78056240016835,0.015921431515995,0.00187563416639694,11.7805623477552
"Isla Hermite","HER42PB","HER42PB_1F",191,210.9,212.2,211.5,2408.4,1980.18,2753.24,2414.57,2405.5,2043.76,2776.93,2424.14,2420.51,2006.82,2752.77,2412.79,2402.44,20839.21429,52023.14286,1.305714286,35.5,261.9285714,61.71428571,45.28571429,2586.285714,80,204.0714286,114.4285714,4.571428571,69.85714286,466.9285714,761.8571429,37067.14286,5968.928571,0.161095717,12.44526478,54.48000944,18.15924673,22.92606367,414.6270666,51.84592559,39.37680748,58.25634899,17.10471948,72.39300555,104.2352844,75.16121867,1010.38377,125.1629487,0.003859601,81.08934056,4.054467028,18.91065944,1.891065944,0.243991857,0.024399186,719.2964267,16.04031032,2828.534907,102.3929636,13096.11662,299.9010705,993.0986057,14.89647909,174.0963235,1.793192132,8584.603441,67.81836719,2.969961652,0.043064444,7.062851662,0.08334165,17.54257349,0.228053455,19.13786718,0.317688595,1.866833038,0.080647187,7.439046804,0.184488361,166.9684155,2.003620986,6.36986061,0.12612324,2.49335352,0.020196164,2.743961713,0.017286959,0.0866089273817431,0.00163162849074363,1.88390335738942,0.0211318730246496,0.00251129139383829,11.8839034803443
"Isla Hermite","HER42PB","HER42PB_1F",197,219.3,220.5,219.9,2536.16,2108.18,2854.03,2544.21,2528.28,2159.21,2866.83,2555.41,2542.75,2149.22,2871.09,2544.46,2532.99,19194.46154,49531.69231,1.379230769,46.07692308,340.8461538,134.1538462,78.23076923,4920,77.53846154,187,120.3846154,0,110,706,713.8461538,32886,5503.461538,0.167499311,17.32753848,66.26820021,88.49561774,30.96813913,1624.99841,33.83690142,34.29042626,35.97577533,0,84.20213774,120.782863,82.48620708,1192.708053,109.6582687,0.005339263,85.86324572,4.293162286,14.13675428,1.413675428,0.190939371,0.019093937,753.1282518,10.09191857,3423.57602,48.95713709,13147.58443,67.05268057,599.0527127,5.271663872,107.6482229,0.602830048,7683.311513,116.786335,3.689626761,0.112164654,5.405800223,0.048111622,15.70576463,0.164910529,34.46965096,0.086174127,1.887790808,0.033413897,7.303239025,0.077414334,192.3751513,0.865688181,4.803531513,0.063886969,2.882703635,0.006341948,0.649923953,0.019692696,0.0829302004146514,0.00158175706847688,1.90733539840503,0.0158346403040775,0.00188548372184451,11.9073353460324
"Isla Hermite","HER42PB","HER42PB_1F",200,223.4,224.6,224,2598.15,2210.41,2889.21,2604.2,2591.48,2250.24,2900.14,2619.24,2606.86,2240.42,2897.57,2607.67,2596.29,19982.23077,50426.92308,1.265384615,28.76923077,274.5384615,68.46153846,48,2100.384615,50.69230769,180.6153846,123.2307692,3.076923077,57.76923077,583.4615385,792.6923077,36347.15385,5900.230769,0.162356609,10.48136319,54.92664105,28.64325221,19.68078589,529.9414336,40.71114633,36.16521916,47.88554731,11.09400392,62.79617006,97.00997834,88.52625281,571.8657835,139.5923552,0.004157268,88.35931459,4.417965729,11.64068541,1.164068541,0.142526569,0.014252657,670.9631777,6.709631777,2194.360902,30.94048872,11323.61093,135.8833311,690.7048329,7.804964612,104.6054626,1.945661604,9567.109814,296.5804042,2.746114854,0.119181385,5.360618674,0.082553528,16.67157469,0.240070676,22.71049639,0.286152255,1.703350504,0.055358891,4.662067798,0.062005502,171.3980626,2.51955152,2.662592467,0.018904407,1.537065024,0.020135552,0.509992759,0.020042715,0.0780234070221053,0.00173981123048148,2.22985806040046,0.0111204085045512,0.00136001018364565,12.2298581305628
"Isla Hermite","HER42PB","HER42PB_1F",205,230.3,231.5,230.9,2703.17,2322.58,2985.7,2719.49,2699.17,2368.05,2982.35,2731.58,2714.59,2348.63,2980.18,2717.73,2702.82,19796.15385,50700.30769,1.296153846,44.61538462,328.5384615,99.76923077,66.76923077,3544.615385,59.38461538,194.0769231,96.15384615,3.307692308,98.84615385,672.5384615,722.2307692,34894.30769,5658.461538,0.16214632,9.570253058,47.78356653,19.95057997,20.4497508,476.9419144,35.9108583,23.67650572,44.62033571,10.01153181,67.46338038,72.87959864,94.70142013,660.9249055,195.1566104,0.0041325,88.43386559,4.42169328,11.56613441,1.156613441,0.149096641,0.014909664,741.4445825,11.34410211,2525.307497,72.47632516,11871.90515,118.7190515,549.7826232,9.071413283,83.17074012,1.047951326,5459.728289,96.63719072,2.27561944,0.012288345,3.651541303,0.083620296,16.66345413,0.26161623,20.69597487,0.055879132,1.661949497,0.074953922,4.800340815,0.12000852,190.1380415,3.764733223,3.129892546,0.053834152,2.226385175,0.077700843,0.559160578,0.031368908,0.0778210116731506,0.00181881564787727,2.33717810752233,0.0116028514396886,0.00143146443988349,12.3371780404517
"Isla Hermite","HER42PB","HER42PB_1F",209,235.8,236.9,236.4,2790.58,2493.93,3024.65,2803.68,2788.81,2501.14,3028.42,2809.62,2798.45,2456.87,3021.59,2802.49,2787.89,17580.41667,45366.5,1.338333333,39.66666667,293.1666667,112.0833333,65.91666667,4402.416667,58,155.75,65.33333333,1.166666667,110,728.6666667,634.75,30147.58333,5197.75,0.172582198,16.03027439,66.31307746,53.70196938,17.9669309,915.7233066,40.5126243,27.4892541,33.65691428,4.041451884,67.30257323,147.1012844,131.0621816,1660.962725,236.2129721,0.006051654,73.17352547,3.658676273,26.82647453,2.682647453,0.408431499,0.04084315,916.3058162,24.46536529,5697.238235,74.63382088,21435.85886,171.4868709,1725.260893,23.46354815,306.2265551,5.420210026,11114.88978,65.5778497,5.029922831,0.111161295,6.72326864,0.377175371,24.69330757,0.45682619,25.50832915,0.387726603,2.151234956,0.070560507,18.92485386,0.140043919,248.0408721,3.844633517,10.2233775,0.2545621,5.325335184,0.085205363,1.686751783,0.025638627,0.114107883817428,0.00205803663305206,1.80358846751106,0.0466052540352701,0.00550109240197216,11.803588491995
"Isla Hermite","HER42PB","HER42PB_1F",211,238.4,239.5,239,2831.89,2543.94,3052.32,2848.28,2831.18,2542.62,3064.65,2850.04,2838.83,2503.14,3052.85,2843.69,2828.1,18956.58333,48810.16667,1.255833333,49.16666667,326.9166667,96.41666667,64.08333333,4278,77.58333333,182.8333333,117.6666667,4.916666667,63.41666667,667,774.9166667,33155.91667,5587.166667,0.168527858,20.98845281,65.24284473,33.8001031,38.10621122,984.480112,34.09467656,46.72517977,60.50594762,13.18027682,51.5072075,53.46876743,121.973513,426.741237,108.4710547,0.003435355,77.91274175,3.895637088,22.08725825,2.208725825,0.322670089,0.032267009,1039.769396,18.4039183,5573.411793,145.4660478,18063.59942,160.7660348,2165.153606,17.10471349,346.4020468,1.801290643,13675.84016,83.42262495,5.877569688,0.058775697,7.291340643,0.082392149,32.30269493,0.226118865,29.23295322,0.397568164,2.242037963,0.017039489,21.81206384,0.163590479,211.4460624,1.057230312,23.116,0.2843268,6.913959552,0.085733098,2.178953363,0.052730671,0.1437908496732,0.00211250024005683,1.46914789422137,0.0463970062614371,0.00532134128099446,11.4691479252128
"Isla Hermite","HER42PB","HER42PB_1F",213,241.1,242.3,241.7,2873.96,2607.89,3089.63,2886.5,2873.42,2639.03,3087.27,2887.86,2882.42,2589.35,3080.94,2881.34,2870.26,20083.83333,51709.08333,1.295833333,65.25,422.8333333,111,66.08333333,4524.666667,120.4166667,198.6666667,114.4166667,0,83.58333333,739.5833333,780.25,35087.41667,5913,0.169096886,32.27474386,152.9794005,21.72137615,19.22809655,953.5057166,53.55279185,37.02660796,42.4637992,0,74.08650758,230.2605079,120.062957,2673.052782,245.3802244,0.009570589,75.47426899,3.773713449,24.52573101,2.452573101,0.382799429,0.038279943,1148.87735,9.535682008,4695.135297,117.847896,16570.75403,175.6499928,1731.529863,45.19292942,288.8091125,3.985565753,12238.61735,116.2668648,4.779923294,0.037283402,6.769791583,0.100869895,30.25871619,0.239043858,26.6817226,0.456257456,2.24979649,0.100115944,16.08852231,0.061136385,202.828785,0.141980149,9.612839085,0.197063201,5.789430375,0.087420399,1.67270819,0.007359916,0.133333333333335,0.00250323334306816,1.8774250073011,0.0510399238666674,0.00606222869438033,11.8774250334244
"Isla Hermite","HER42PB","HER42PB_1G",224,246.9,248.1,247.5,2963.27,2797.27,3125.41,2957.37,2958.63,2820.77,3132.81,2971.82,2972.74,2795.95,3124.25,2961.39,2961.3,21409,53168.76923,1.34,25,236.8461538,43,33.76923077,1958.769231,86.92307692,200.5384615,140.3076923,3.230769231,44.92307692,361.0769231,898.6923077,39613.23077,6205.153846,0.156662091,12.04159458,58.54321218,59.22274338,24.97716906,390.0575073,31.16745508,33.93035854,44.0802008,7.189736274,69.69512362,74.62736489,99.16012691,821.3592549,131.0456957,0.002574632,86.60530107,4.330265054,13.39469893,1.339469893,0.154469379,0.015446938,736.5789762,28.35829058,1688.278234,102.8161445,9282.261886,275.683178,544.0403813,9.248686483,91.45583254,2.286395813,16448.97625,47.70203112,2.063550218,0.052826886,8.708805886,0.105376551,37.91346404,0.955419294,18.35356327,0.427638024,2.126541239,0.068261974,3.265430798,0.119514767,146.7512531,2.846974309,3.113895793,0.071308214,3.128752166,0.127027338,0.611488315,0.001712167,0.08504606661942,0.00357632473028548,4.20516182869395,0.0131370130970944,0.00186613397840359,14.2051618934317
"Isla Hermite","HER42PB","HER42PB_1G",231,256.4,257.6,257,3091.44,2909.09,3291.52,3077.64,3084.26,2917.35,3329.23,3093.77,3102.46,2910.07,3307.5,3086.1,3091.51,21539.38462,52670.61538,1.356923077,23.61538462,231.7692308,42.61538462,33.92307692,1751.615385,88.23076923,187.1538462,98.30769231,0,31.76923077,378.3076923,840.4615385,39149.61538,6056.538462,0.154703404,11.60128198,25.30202181,24.67974359,19.73770309,957.5332491,39.49505,30.300842,33.29760906,0,36.28855156,81.16278356,71.03240503,398.4230454,170.7842769,0.004107349,80.54199127,4.027099563,19.45800873,1.945800873,0.235306237,0.023530624,860.6907676,14.97601936,4369.778556,96.13512824,16688.31951,120.1559005,1581.334342,22.13868078,300.501993,2.313865346,12270.07289,93.25255394,5.122309014,0.038929549,7.561017887,0.180708328,20.55300982,0.119207457,29.3359331,0.410703063,2.072902542,0.043738244,13.37718549,0.291622644,196.4487137,2.396674308,9.298215317,0.10321019,3.408070141,0.066798175,1.037726746,0.009547086,0.0659340659340691,0.00285619079354512,4.33188937020989,0.0155146969450557,0.00222354922206893,14.3318894977033
"Isla Hermite","HER42PB","HER42PB_1G",232,257.7,258.9,258.3,3108.1,2914.85,3328.99,3091.62,3100.53,2923.6,3376.59,3107.69,3119.59,2915.28,3352.41,3099.9,3108.4,20982.07692,51247.23077,1.400769231,17.07692308,217.1538462,32.23076923,33.07692308,1411.923077,115.7692308,186.3076923,132.7692308,1.846153846,36.76923077,393.6153846,946.3846154,38275.53846,5894.153846,0.153993743,8.159468308,32.80966868,31.05412975,17.12922229,306.0927042,45.44438698,17.13371246,40.5732955,5.336137084,57.74968087,114.4410609,64.01762578,971.4593503,204.4104719,0.003729405,87.97607322,4.398803661,12.02392678,1.202392678,0.154935347,0.015493535,841.7675868,36.53271327,1951.694876,106.5625402,11281.74843,143.2782051,644.4824408,6.058134943,100.7317857,1.158415535,5685.831956,159.771878,1.700460441,0.029588012,5.717566832,0.090909313,14.18284501,0.039711966,15.23009592,0.085288537,1.604197983,0.045077963,4.424370634,0.133615993,170.3369471,1.243459714,3.424722039,0.011986527,2.302894171,0.020956337,0.699489559,0.020914738,0.0629590766002095,0.00259886516221247,4.12786416598084,0.00975458637985303,0.00137811473258663,14.12786435961
"Isla Hermite","HER42PB","HER42PB_1G",236,263.2,264.4,263.8,3179.44,2961.69,3433.73,3158.68,3170.38,2975.17,3468.21,3179.9,3190.88,2962.41,3450.23,3169.66,3178.12,20852.92308,51741.07692,1.266923077,35.46153846,313.0769231,58.30769231,40.07692308,1569.461538,60.69230769,183.6923077,122.8461538,4.230769231,38.23076923,504.5384615,755.6153846,37736.76923,6129.923077,0.162468288,19.12073649,36.59339999,22.25378101,23.4003616,212.164879,40.32241853,28.85707486,42.98807229,15.2542554,57.5950719,128.8776004,98.35356159,873.7542707,168.0552794,0.003971323,83.98527592,4.199263796,16.01472408,1.601472408,0.191320901,0.01913209,712.1125148,24.35424801,1649.869327,81.99850555,10268.05232,158.1280057,511.753571,7.881004994,77.97233518,1.138396094,5669.96572,48.19470862,1.696042582,0.031037579,5.647978456,0.174522534,15.90778555,0.281567804,21.94878635,0.410442305,1.868367764,0.011770717,3.053481296,0.058016145,171.610596,0.995341457,2.248747432,0.049472444,1.898875092,0.034179752,0.465030635,0.006696441,0.0585365853658531,0.00236910684671876,4.04722419647793,0.0111992722536584,0.00157318687599169,14.0472241442097
"Isla Hermite","HER42PB","HER42PB_1G",240,268.6,269.8,269.2,3249.87,3001.54,3542.11,3226.71,3239.66,3007.27,3573.47,3247.68,3260.58,2999.53,3555.96,3235.04,3245.79,22209.38462,53985.53846,1.493076923,23.92307692,231.5384615,30,34.84615385,1034.692308,72.07692308,232.1538462,128.0769231,0,11.53846154,397.0769231,957.2307692,39940.69231,6252.923077,0.156552124,10.81250463,22.27335996,16.69830331,18.85844706,220.8794485,52.67741695,40.51511272,32.54346206,0,18.06753712,108.1769088,104.0650068,499.7573386,168.4168744,0.003610889,80.73497786,4.036748893,19.26502214,1.926502214,0.236792999,0.0236793,1041.216979,26.34278957,2991.060367,80.75862991,13752.84253,276.4321349,979.9509916,16.95315215,165.9363359,4.613030137,6876.421266,98.3328241,2.30494227,0.020283492,6.480173586,0.139971749,12.73174274,0.252088506,17.94697181,0.148959866,1.844990156,0.06365216,7.318389831,0.119289754,185.0171857,2.997278408,5.029297468,0.142832048,2.013852629,0.044506143,0.932706076,0.023784005,0.0573613766730394,0.00209815886559542,3.6577902890214,0.0135827724091776,0.00185510657681668,13.6577903312524
"Isla Hermite","HER42PB","HER42PB_1G",245,275.2,276.4,275.8,3333.03,3067.8,3641.04,3316.77,3326.91,3080.2,3655.19,3334.21,3344.4,3069.16,3643.61,3322.01,3332.61,21274.07692,52097.07692,1.259230769,20.15384615,267.5384615,38.15384615,29.69230769,1115.615385,42.76923077,179.6153846,99.46153846,0,18.15384615,424.9230769,845.5384615,38820.92308,6026.230769,0.155241804,12.04052985,31.82403543,13.22778738,15.90798864,237.0511683,31.95870733,29.0990792,39.72533907,0,37.66263877,133.5318074,126.6363661,728.2996706,176.722548,0.00397384,84.0103339,4.200516695,15.9896661,1.59896661,0.211330496,0.02113305,961.5239514,19.03817424,2493.852742,47.13381682,12789.28681,182.8868014,746.8175441,15.30975965,112.7063173,1.1721457,5833.148328,24.49922298,1.877953739,0.051268137,6.237541155,0.093563117,14.76761143,0.239235305,27.14668681,0.496784369,1.931484875,0.029165422,5.332748571,0.09225655,185.3224681,1.871756928,5.620769362,0.026979693,2.944212523,0.089798482,0.79831217,0.022672066,0.0686106346483689,0.00204293569859887,2.97757878070792,0.0144995194511146,0.00188168658703672,12.9775789699849
"Isla Hermite","HER42PB","HER42PB_1G",253,285.8,286.9,286.3,3458.15,3161.87,3779.16,3446.09,3452.75,3170.5,3788.71,3461.42,3469.21,3167.32,3784.6,3458.18,3461.63,20054.83333,52942.08333,1.309166667,40.75,331,80.66666667,80.83333333,6646,93.83333333,188.0833333,157.75,5.333333333,94.16666667,715.4166667,751.6666667,34007.5,5898.416667,0.173526985,14.88211251,59.23144128,28.12418349,25.25806202,2605.709012,61.74556787,23.77721726,50.57510167,16.96163228,65.1318011,97.1413762,70.95239548,764.6239123,118.3319355,0.005289096,82.79191185,4.139595592,17.20808815,1.720808815,0.243732102,0.02437321,1158.805879,20.0473417,3156.428577,21.77935718,13600.89319,92.48607368,1299.51414,18.84295504,181.7526989,1.417671051,7738.954402,137.7533884,2.990729658,0.048150748,5.937997306,0.084913361,15.51050531,0.268331742,20.09031476,0.263183123,1.893042233,0.07079978,9.789818065,0.026432509,188.000363,1.52280294,8.928726964,0.118752069,2.591150791,0.044826909,1.174017583,0.027119806,0.0668286755771545,0.00175483376938288,2.62586944036756,0.0162882935722959,0.00205653866713613,12.6258693583103
"Isla Hermite","HER42PB","HER42PB_1H",260,285,286.2,285.6,3467.21,3167.15,3790.38,3456.55,3462.65,3174.3,3803.65,3470.91,3478.14,3173.4,3794.53,3467.71,3470.81,20429.53846,51893,1.329230769,34.07692308,300.3846154,67.46153846,70.76923077,3975.769231,65.15384615,198.3846154,122.6153846,4.538461538,105.0769231,636.8461538,788.1538462,35628.07692,5948.538462,0.16699776,12.69817269,37.8319496,17.62864801,17.8846016,717.0258194,58.16334205,28.73887745,36.72314997,16.36365579,90.14937746,98.91650195,98.05257616,967.0977598,160.6106137,0.00360763,77.87468362,3.893734181,22.12531638,2.212531638,0.293040462,0.029304046,1278.215842,8.691867727,3752.970488,41.28267537,15125.15668,72.60075205,1317.861996,16.60506115,232.242995,3.088831834,11631.52569,126.78363,4.563779045,0.075302354,7.744414081,0.254016782,17.5903724,0.142482016,32.04482347,0.522330623,2.17785563,0.017422845,10.85946901,0.114024425,193.4016881,0.638225571,6.233090779,0.094119671,3.854321558,0.105222979,1.079985074,0.013283816,0.0774693350548745,0.00188531029065199,2.43362136684993,0.0227016497353132,0.00282263715662347,12.4336212986
"Isla Hermite","HER42PB","HER42PB_1H",264,290.3,291.5,290.9,3527.2,3201.53,3868.84,3514.11,3518.48,3219.67,3872.88,3531.96,3536.58,3216.01,3876.17,3529.75,3530.67,22686.92308,55144.46154,1.318461538,19.61538462,292.0769231,41.53846154,39.07692308,1204.692308,62.38461538,226.4615385,112.2307692,0,44.46153846,424.7692308,883.6923077,41102,6410.230769,0.155964321,10.73575383,44.1823146,19.75101426,21.14813443,323.9401654,38.40689708,31.63493687,59.93490058,0,47.85675742,121.8429001,109.1149124,570.4869265,110.2883749,0.00207217,85.88084068,4.294042034,14.11915932,1.411915932,0.16892534,0.016892534,949.5359406,10.63480253,2146.234669,24.89632216,11805.42446,195.970046,661.2738356,13.42385886,99.43200238,3.500006484,5101.984158,48.97904792,1.567442911,0.011128845,5.249374812,0.236746804,11.06280232,0.14160387,13.25098663,0.348500948,1.84890237,0.013312097,4.53509703,0.070294004,176.9254729,0.920012459,4.356527584,0.149864549,1.59040184,0.024333148,0.626977164,0.017241872,0.0662983425414362,0.00178744321143962,2.69606017725477,0.0111994700552486,0.00142189145774799,12.6960601772548
"Isla Hermite","HER42PB","HER42PB_1H",269,297,298.2,297.6,3617.43,3287.26,3931.96,3602.42,3604.4,3292.59,3946.12,3618.55,3620.94,3288.9,3948.35,3614.47,3615.13,21125.61538,53729.30769,1.332307692,34.53846154,313.8461538,70.23076923,64.07692308,3685,100.6153846,195.6923077,120.6153846,0.769230769,57.92307692,561.8461538,809.1538462,37422.07692,6110.769231,0.163302304,15.0643917,46.15525639,19.77858204,20.13894047,421.3640548,46.15831175,39.54825031,51.47416579,2.773500981,64.24232968,82.39725537,58.83712852,619.0323715,152.6685701,0.00359156,82.58926468,4.129463234,17.41073532,1.741073532,0.253511174,0.025351117,1060.269268,14.10158127,3230.055285,67.83116098,14687.33659,261.4345912,1159.633301,2.203303272,200.6979642,3.632633153,9470.00065,204.552014,3.348828618,0.108167164,5.562068293,0.068969647,21.54142699,0.381283258,22.23958244,0.289114572,2.011614699,0.067590254,9.064433171,0.045322166,188.3571252,0.772264213,6.112481301,0.037286136,3.545818537,0.036521931,0.993930016,0.006758724,0.0725513905683187,0.00182132774792822,2.51039674589442,0.018392588198307,0.0023009857264262,12.5103965881104
"Isla Hermite","HER42PB","HER42PB_1H",273,302.3,303.5,302.9,3686.54,3352.25,3995.79,3671.2,3672.58,3364.01,4002.56,3692.02,3690.22,3349.21,4014.32,3685.53,3684.02,21329.61538,53437.30769,1.293846154,23,280.3076923,52.69230769,44.53846154,2903.615385,98.53846154,201.7692308,120.9230769,2.923076923,82.76923077,388,808.7692308,38504.61538,6145.076923,0.159617884,14.66856048,40.10067459,28.84263226,26.2126413,544.2295071,53.01354447,31.09971556,62.45993588,10.53930373,61.77533737,84.14372625,80.86115038,973.8434626,233.4807135,0.005375665,85.38238816,4.269119408,14.61761184,1.461761184,0.176689049,0.017668905,854.0198817,9.735826651,2161.527815,32.20676445,11153.06418,113.7612546,705.6349353,6.421277911,105.939325,2.065816837,8155.795786,28.54528525,3.220383438,0.060543209,4.967669945,0.089914826,20.15831002,0.175377297,25.45930847,0.440446036,2.141098004,0.05309923,4.725737967,0.043476789,157.6321242,0.788160621,8.263321109,0.111554835,3.548335675,0.050386367,0.79622502,0.008519608,0.0680272108843536,0.00184527379249894,2.71255247497345,0.0120196631972789,0.00152800599807187,12.7125525315701
"Isla Hermite","HER42PB","HER42PB_1H",278,309.3,310.6,309.9,3775.33,3425.48,4085.74,3766.51,3763,3440.43,4099.62,3786.73,3784.75,3418.18,4098.78,3784.37,3777.25,20448.35714,52706.35714,1.286428571,34.92857143,323.2857143,82.5,60.85714286,5296,122,194.6428571,125.4285714,0,34.71428571,592.5,750.2857143,35880,5900.571429,0.164518762,12.97609806,35.15116493,26.91796655,18.47183779,1291.776296,34.87780868,41.18739005,56.84082266,0,42.98197936,111.4255529,123.266084,804.7659,127.9890105,0.004727774,80.51006738,4.025503369,19.48993262,1.948993262,0.282455482,0.028245548,1007.162444,3.122203575,3158.319141,36.63650203,13037.74795,88.65668607,1244.681812,14.93618175,206.3664659,0.701645984,12716.46571,133.52289,4.839313706,0.098238068,5.338448611,0.258380913,42.22566553,0.422256655,22.96594282,0.1607616,2.283111902,0.109132749,9.013114206,0.041460325,168.1855143,0.807290469,6.305163916,0.058638024,4.678672587,0.112756009,0.969583896,0.004654003,0.0597701149425293,0.00192838282849262,3.22633280920877,0.0168823966252875,0.00223292195187713,13.2263327384012
"Isla Hermite","HER42PB","HER42PB_1H",281,313.5,314.8,314.2,3828.47,3490.58,4120.99,3823.13,3818.27,3513.25,4134.45,3847.51,3840.43,3489.69,4126.56,3839.89,3830.83,20397.5,53282.85714,1.296428571,55.14285714,402.8571429,142.7857143,83.21428571,5993.785714,126.1428571,189.1428571,126.5,0,90.21428571,719.5,787.7142857,35147.78571,6012.571429,0.171070867,10.99550358,57.42936416,82.75466854,19.68669434,652.4154149,59.71065765,32.30588692,34.8154475,0,74.08433715,86.37374067,110.4803697,523.0039239,134.5526573,0.003215203,78.79696661,3.93984833,21.20303339,2.120303339,0.31440249,0.031440249,1018.047839,14.45627932,4932.545491,13.81112737,17576.4553,31.63761954,1777.250694,7.464452914,298.9077106,1.853227806,13604.27869,288.4107083,4.807527056,0.182686028,9.578116848,0.383124674,20.93774638,0.335003942,26.98125114,0.334567514,2.200608573,0.06931917,15.03062537,0.214937943,209.1785709,1.798935709,13.76339306,0.05918259,4.227896135,0.094282084,1.85283002,0.029830563,0.0586642599277987,0.00201904111078325,3.44168853961201,0.0184441893953071,0.00247921049217333,13.441688539612
"Isla Hermite","HER42PB","HER42PB_1H",286,320.5,321.8,321.1,3914.3,3563.4,4203.09,3920.72,3910.26,3609.5,4207.04,3943.04,3932.33,3578.52,4199.96,3928.33,3916.51,21195.69231,54341,1.308461538,32.38461538,286.9230769,58.84615385,58.23076923,3552.153846,101.2307692,203.8461538,142.9230769,11.23076923,75.61538462,517.6153846,863.6923077,38175.53846,6113.153846,0.160153429,14.08035547,38.1629435,18.60934422,26.63379384,950.845838,64.88471038,34.44281772,55.37517726,18.70451749,65.9387828,62.19798826,92.46295169,540.5380985,99.1865634,0.002961961,84.09143938,4.204571969,15.90856062,1.590856062,0.169807506,0.016980751,1154.027064,21.69570879,3296.461851,35.93143418,14146.65191,185.32114,1032.997546,17.25105902,170.6622359,2.42340375,9836.302432,67.87048678,3.707856044,0.067853766,5.191529292,0.088775151,23.03276646,0.181958855,31.26595862,0.522141509,2.046619753,0.043593001,8.511878548,0.109803233,192.532482,1.598019601,4.206837387,0.072778287,3.105362613,0.037264351,0.805270955,0.010307468,0.0589034888989592,0.00201976260021132,3.42893542974329,0.0100022545446309,0.00134319632787845,13.4289356653041
"Isla Hermite","HER42PB","HER42PB_1I",301,332.1,333.3,332.7,4054.23,3744.91,4301.06,4057.51,4046.67,3758.95,4306.14,4088.08,4067.59,3737.72,4297.01,4065.16,4052.04,21852.61538,54853.38462,1.357692308,26,293.7692308,37.69230769,37,3214.076923,88.07692308,214.2307692,140.4615385,2.692307692,31.69230769,389.7692308,823.3076923,39229.15385,6073.846154,0.154831656,15.19320023,30.93852465,11.87002257,15.63116545,642.943681,42.3585126,39.38729458,60.92429097,9.707253434,43.88314904,96.95802687,88.97882203,567.6308727,175.115127,0.003955208,83.9596114,4.19798057,16.0403886,1.60403886,0.19074126,0.019074126,886.6798883,4.433399441,3630.013724,38.11514411,15132.67009,145.2736329,1399.073387,25.04341363,224.410619,2.580722118,11924.50104,189.5995666,4.871365568,0.035560969,5.051388454,0.107089435,32.86089404,0.059149609,47.12837952,0.325185819,2.550413788,0.03519571,9.181167207,0.080794271,187.3581473,2.023467991,6.169142495,0.09006948,4.806879758,0.040858478,0.913011594,0.007395394,0.0573613766730394,0.00213816082533006,3.72752703882545,0.0109411812619501,0.00150195361610111,13.7275270388254
"Isla Hermite","HER42PB","HER42PB_1I",303,334.9,336.2,335.6,4081.03,3774.4,4324.69,4082.62,4072.58,3791.68,4335.62,4114.67,4094.55,3771.64,4327.74,4095.35,4080.12,21627.71429,54418.5,1.307142857,25.71428571,279.2142857,39.28571429,35.42857143,3224.357143,77.57142857,214.5714286,99.14285714,0,70.28571429,485.5714286,764.6428571,38832,6081.5,0.156616088,7.108267899,40.59211475,25.19898829,14.72681639,636.4471828,38.21943582,37.60669802,46.49376657,0,60.58106911,90.23705045,67.46008181,414.725303,99.68778183,0.002374548,87.1085986,4.35542993,12.8914014,1.28914014,0.137835165,0.013783516,668.8032448,7.824997965,1910.49941,34.9621392,11158.13864,189.6883569,439.3035398,3.602289027,71.0193117,0.923251052,11671.94395,447.0354534,4.458688299,0.053058391,5.180870206,0.01916922,45.18632252,0.230450245,53.63556539,0.455902306,2.459414749,0.055336832,3.476749263,0.059800087,170.2979154,2.367141025,4.344509341,0.049527406,3.550965585,0.113985995,0.488971386,0.012077593,0.0591715976331359,0.002316382167421,3.9146858629415,0.0081559269230769,0.00113487158097142,13.9146855001894
"Isla Hermite","HER42PB","HER42PB_1I",312,347.6,348.8,348.2,4246.5,3910.44,4533.4,4247.05,4235.89,3914.73,4589.68,4269.92,4261.86,3912.74,4555.14,4260.63,4251.8,22420.38462,54877.84615,1.309230769,17.46153846,306.7692308,44,31.38461538,1873.230769,76.84615385,209.1538462,122,1.769230769,20.61538462,539.1538462,856.9230769,40212.38462,6349.538462,0.157923345,13.16950635,32.22099172,15.24795068,22.06255675,356.7721387,36.95683553,32.25121743,49.49579107,6.379052257,23.78913779,88.83772299,106.2822199,726.6841976,163.2644151,0.004042648,87.16014132,4.358007066,12.83985868,1.283985868,0.152862824,0.015286282,847.0944128,3.473087092,1824.238565,12.03997453,11213.62735,155.8694202,512.3554916,0.973475434,81.69856209,0.196076549,3792.695713,111.8845235,1.647634055,0.040367034,4.609934349,0.152588827,15.18090345,0.054651252,12.9771423,0.138855423,2.455005104,0.067021639,3.653537431,0.035804667,172.0502391,1.169941626,2.975457077,0.015769923,1.910263685,0.05367841,0.480981624,0.013467485,0.0462071621101278,0.00176668040751426,3.82339084859539,0.00706335728917993,0.00097639546663323,13.8233905869229
"Isla Hermite","HER42PB","HER42PB_1I",317,354.3,355.4,354.9,4347,4003.94,4658.56,4347.63,4341.54,4013.45,4685.74,4366.34,4359.94,4012.27,4683.03,4363.91,4356.17,19007.75,50652.41667,1.261666667,75.66666667,571.9166667,202.5,133.4166667,6796.916667,137,203.1666667,157.3333333,1.083333333,151.1666667,1009.5,722.9166667,31533.33333,5653.5,0.179362517,25.97667952,52.14744539,109.910294,21.28361868,631.7619601,47.26713254,18.6588187,40.73491541,3.75277675,64.832418,112.8083653,106.8843541,1260.970718,247.7764755,0.006276499,72.75715434,3.637857717,27.24284566,2.724284566,0.369899647,0.036989965,1214.447578,20.03838504,6392.588844,82.46439609,21625.13237,80.01298978,2190.796475,19.71716827,370.2795254,2.554928725,14268.60462,18.54918601,5.815379919,0.034310742,9.34212645,0.155079299,26.73054531,0.269978508,30.15916633,0.476514828,2.900474848,0.099776335,19.34515712,0.118005458,233.1635452,1.935257425,13.66253525,0.028691324,6.118414604,0.130934073,1.878815051,0.006951616,0.0597826086956515,0.0016133763567028,2.69873863303016,0.0221135658532606,0.00280814394808335,12.6987387141332
"Isla Hermite","HER42PB","HER42PB_1I",320,358.3,359.6,358.9,4406.66,4049.82,4729.27,4411.19,4405.71,4055.13,4769.43,4426.47,4422.23,4055.91,4762.04,4426.53,4418.25,18325.28571,48026.92857,1.322857143,75.57142857,550.7857143,150.2142857,116.1428571,5804.285714,69.78571429,177.5714286,117.1428571,1.785714286,111.3571429,897.5714286,638.1428571,30754.64286,5381.571429,0.175135429,31.57582884,136.6343681,41.35991849,32.52893893,1477.220854,53.33230883,31.95119905,39.86295204,4.643913658,57.31640541,179.1817789,85.89784375,1385.865551,194.3077315,0.005845185,79.77081001,3.9885405,20.22918999,2.022918999,0.237378233,0.023737823,1200.562927,35.77677523,4495.825694,27.8741193,17533.72021,187.6108062,1567.919211,16.30635979,262.5621361,3.413307769,10730.82606,209.2511082,4.010749764,0.016845149,8.272910832,0.435982401,24.02900522,0.396478586,26.45734265,0.203721538,2.833849077,0.096917638,13.39282812,0.081696252,213.4629871,1.280777922,10.06828333,0.220495405,4.271034409,0.057658965,1.550468308,0.032404788,0.0786924939467342,0.00180653409485695,2.29568794207967,0.018679885163439,0.00229682036402754,12.2956878156991
"Isla Hermite","HER42PB","HER42PB_1I",322,361,362.2,361.6,4447.5,4085.19,4778.79,4452,4448.01,4105.44,4799.68,4463.76,4461.87,4099.28,4807.85,4465.71,4459.6,17034.69231,47221.46154,1.318461538,104.9230769,657.4615385,286.7692308,170.6153846,9308,83.30769231,167.1538462,81.15384615,5.461538462,196.7692308,1211.384615,603.7692308,26342.07692,5108.846154,0.194036148,30.39863357,58.98533064,89.67362474,36.96290587,1066.055815,60.61130892,38.89911343,38.09165734,12.99112123,63.35370792,123.3014858,106.6881389,721.8887797,148.0038548,0.006561617,64.55358505,3.227679252,35.44641495,3.544641495,0.505420893,0.050542089,861.3822804,18.60585726,7640.061698,169.6093697,25617.84304,222.8752345,2459.596002,18.44697001,478.1053801,5.880696175,19294.05726,55.95276604,8.019375617,0.147556511,8.373213228,0.165789622,34.81762093,0.045262907,40.93193485,0.151448159,3.144908687,0.047488121,22.50407206,0.393821261,261.5567621,2.354010859,15.26880059,0.138946085,7.974084403,0.171442815,1.760695953,0.022889047,0.0865800865800878,0.00167951965737797,1.93984520427153,0.0437593846753253,0.00522480276660153,11.9398451449151
"Isla Hermite","HER42PB","HER42PB_1J",335,369.7,370.8,370.2,4578.83,4213.64,4916.86,4584.56,4578.73,4217.81,4924.93,4598.44,4593.78,4211.85,4923.8,4595,4590.17,18249.75,49947.58333,1.34,71.83333333,477.5833333,157.1666667,128,8825.083333,100.8333333,189.6666667,110.5833333,5.083333333,97.66666667,879.3333333,705.75,29795.33333,5400.75,0.18138924,18.97286739,46.71472093,36.60062924,21.6459108,887.3376377,62.27772597,40.96413805,47.10811228,9.238834375,69.27722088,105.8140164,93.80746724,1388.765857,202.1147851,0.004900811,64.71300475,3.235650237,35.28699525,3.528699525,0.573413754,0.057341375,1059.70837,14.83591718,7405.052803,51.83536962,23158.71471,264.0093477,2487.088223,6.715138201,488.9858648,11.83345793,21529.71781,161.4728836,9.69654668,0.224959883,9.940322624,0.090456936,43.85099046,0.526211885,64.61496501,0.594457678,3.303881034,0.113323119,26.16719666,0.423908586,242.5140453,1.406581463,20.70374755,0.211178225,8.380156581,0.092181722,2.132896115,0.018769486,0.0730897009966784,0.00154648596212518,2.11587397545308,0.0419106398272429,0.00507784027453891,12.1158739056954
"Isla Hermite","HER42PB","HER42PB_1J",340,376.7,377.9,377.3,4688.32,4337.36,4988.5,4690.75,4684.26,4346.67,5005.8,4712.77,4703.67,4354.08,4990.71,4709.27,4699.41,20284.84615,53917.76923,1.326923077,26.92307692,302.4615385,59.46153846,42.46153846,7026.230769,134.7692308,200.3076923,114.4615385,1.769230769,35.46153846,383.4615385,721.6153846,35460.07692,5710.230769,0.161036549,14.09173244,43.98790626,19.62827631,19.72568286,715.7655754,43.99650336,31.26335612,43.99737754,6.379052257,37.01939893,77.66446569,84.25312898,591.2898981,133.3698828,0.002867878,73.48963211,3.674481605,26.51036789,2.651036789,0.379750435,0.037975043,1223.037067,26.17299323,6938.306145,81.87201251,20268.84804,222.9573285,2279.040838,6.837122514,412.4972905,2.062486453,23564.0081,197.937668,6.815172626,0.16424566,14.36379274,0.176674651,35.30719832,0.748512604,38.30523184,0.597561617,3.635115642,0.109053469,23.87451872,0.272169513,229.7243184,3.744506391,10.85448743,0.051016091,7.058762849,0.09882268,2.037859749,0.04605563,0.061823802163833,0.00179522470229189,2.90377595595713,0.0234776157650695,0.00302949890721314,12.9037758242917
"Isla Hermite","HER42PB","HER42PB_1J",342,379.6,380.9,380.3,4734.72,4365.72,5039.29,4736.55,4727.98,4398.82,5051.36,4761.51,4750.31,4392.66,5036.51,4756.04,4745.46,19990.78571,51979.64286,1.347142857,28.07142857,312.5,68.85714286,46.92857143,4996.142857,82,184.7857143,104.5714286,3.928571429,70.57142857,456.2142857,728.2857143,35539,5621.071429,0.158320473,9.587365771,55.50433109,16.68650834,23.49292622,960.8948439,54.62036814,35.85908011,41.69986955,8.156774303,65.08540459,136.7463562,94.8484042,1432.435043,151.5232728,0.00539907,61.16162524,3.058081262,38.83837476,3.883837476,0.582193263,0.058219326,871.6765028,9.32693858,8950.558177,82.34513523,24808.64122,322.5123358,2482.192492,13.15562021,468.1176464,3.042764702,19367.63702,404.7836136,6.870330497,0.10580309,8.283716354,0.226973828,39.39945912,0.374294862,38.04452155,0.391858572,3.562688785,0.089423488,26.1051305,0.253219766,258.8993453,2.74433306,16.12641381,0.219319228,7.577023425,0.208368144,2.518058486,0.066476744,0.0582176444245368,0.00189603873752983,3.25681115454187,0.0338939203716948,0.00449325299908108,13.2568111030126
"Isla Hermite","HER42PB","HER42PB_1J",346,385.3,386.5,385.9,4823.66,4495.88,5088.87,4822.64,4815.28,4523.27,5103.22,4846.69,4838.27,4522.19,5090.64,4837.93,4829.57,19331.53846,49434.84615,1.31,30.84615385,298.6923077,83,67.30769231,4004.076923,75.61538462,177,98.69230769,0.615384615,108.8461538,625.2307692,775.3076923,34275.46154,5567.153846,0.16256244,20.46071909,51.81599595,24.02429326,31.78674938,955.7426834,51.58898213,25.72288216,42.55855694,2.218800785,61.31047512,90.00014245,116.2112908,1602.876353,203.9484601,0.005062272,84.77831096,4.238915548,15.22168904,1.522168904,0.183188097,0.01831881,1227.016938,40.73696234,2336.807871,32.71531019,10578.61869,76.16605456,931.8953279,16.21497871,132.2391605,0.978569787,28458.15526,623.2336001,4.4576731,0.104755318,6.187784978,0.173876758,33.54823181,0.301934086,28.66381491,0.447155513,3.280271554,0.124322292,6.326605247,0.032898347,150.1829657,1.697067512,3.63246372,0.041773333,4.534795472,0.040813159,1.002590836,0.011529795,0.0521966072205286,0.00197582902492836,3.78535910692539,0.00956179714658509,0.00131812808939148,13.7853592706915
"Isla Hermite","HER42PB","HER42PB_1J",349,389.6,390.9,390.2,4891.85,4555.04,5147.27,4890.12,4881.22,4608.76,5158.96,4915.29,4906.43,4585.69,5159.89,4903.85,4894.09,16727.71429,44950.35714,1.342142857,79.5,467.2142857,146.8571429,103,5749.5,55.85714286,133.6428571,91.21428571,10.71428571,145.2857143,877.8571429,675.5,28511.42857,5051.714286,0.177546195,18.11820164,85.16154655,44.39136635,15.8113883,1412.63288,50.97338241,35.5107939,28.99649467,17.75659605,54.9691222,159.219663,69.43480617,1798.259574,181.3243709,0.007212745,77.35246236,3.867623118,22.64753764,2.264753764,0.293299246,0.029329925,1126.513631,14.53202584,4675.210641,39.73929045,15306.70025,192.8644231,1260.681432,26.60037821,253.2933803,1.646406972,22717.61164,131.7621475,4.917649378,0.046225904,6.573395751,0.121607821,29.94669397,0.374333675,23.73971131,0.12582047,3.658620938,0.113783111,14.32868034,0.222094545,171.0846086,1.505544556,7.44121623,0.142871352,4.388692134,0.083385151,1.4011857,0.017374703,0.0515668385561266,0.00215260299377393,4.17439395946483,0.0151245148671157,0.00214380834234954,14.1743940958443
"Isla Hermite","HER42PB","HER42PB_1J",352,394,395.2,394.6,4959.47,4699.65,5182.84,4949.9,4948.63,4741.53,5190.35,4969.37,4969.42,4728.84,5188.25,4958.62,4959.02,18842.07692,51003,1.31,45.07692308,405.8461538,143.4615385,88,7555.615385,78.15384615,171.5384615,112.6923077,0,86,732.6923077,719.1538462,32059.76923,5382.692308,0.168199263,14.65981775,65.37309099,38.06707979,23.77673933,1697.093031,67.08681708,41.07435409,27.26837184,0,52.89612462,134.0754667,94.12655147,1291.963438,113.1012707,0.00880845,81.35482922,4.067741461,18.64517078,1.864517078,0.230356869,0.023035687,998.2394004,14.77394313,3450.956197,49.34867362,14483.51439,260.703259,1130.676773,9.723820245,183.982931,2.244591758,10907.12191,205.0538919,2.854988022,0.043966816,7.039017163,0.173863724,21.79382396,0.366136243,16.6275996,0.310936112,2.911871915,0.024459724,11.48762934,0.079264642,184.4496706,0.996028221,5.635881127,0.071012102,3.882690362,0.097843797,1.11492431,0.015162971,0.0577200577200573,0.00244548604035049,4.23680456490726,0.0132962117748917,0.00189295569069952,14.2368046083182
"Isla Hermite","HER42PB","HER42PB_1J",353,395.4,396.6,396,4980.99,4742.69,5195.63,4970.86,4970.08,4779.63,5203.51,4989.88,4989.93,4764.24,5199.03,4978.44,4979.68,18627,49940.46154,1.296923077,59.92307692,477.7692308,169.0769231,101.8461538,7157.461538,103,188,92.76923077,0,97.23076923,759.2307692,700.3076923,31484.46154,5340.615385,0.169681713,21.5269658,48.13549253,91.06541746,27.85631632,736.8787344,32.1065933,38.85013942,25.03049422,0,58.3426,140.5418999,85.51645516,546.3954025,130.3952571,0.005357364,67.38754125,3.369377063,32.61245875,3.261245875,0.473665959,0.047366596,1038.253805,16.5082355,6847.805483,156.129965,20434.06435,433.2021643,2039.268789,17.53771158,341.6514086,8.404624652,13769.49752,214.8041612,4.926755175,0.130066337,7.826063409,0.230086264,21.85564158,0.240412057,27.36166731,0.601956681,3.209631745,0.053279887,19.78681817,0.316589091,233.8952637,1.450150635,9.132377618,0.043835413,4.864690472,0.059349224,1.426305967,0.046925466,0.0604534005037795,0.00260405364350515,4.30753873529802,0.0286347179244338,0.00409692336482703,14.3075387564099
