"Location","Site","Section","sample","min_depth","max_depth","midpoint","K","K_sd","K_ICP","K_ICP_sd","K_fit_OLS","K_lwr_OLS","K_upr_OLS","K_fit_WLS","K_lwr_WLS","K_upr_WLS"
"Bird Island","BI10","BI10.1",1,0,1.1,0.6,-1.94880716624657,-0.194880716624657,3.88560818306249,0.699409472951249,2.87770652465543,1.49781171934932,4.25760132996154,2.69279039151523,0.937530007765874,4.44805077526459
"Bird Island","BI10","BI10.1",4,3.9,5,4.5,-1.41510004809261,-0.141510004809261,3.84280155325921,0.691704279586658,3.12193146124719,1.7422403325404,4.50162258995397,3.15810896889713,1.72702126010195,4.58919667769232
"Bird Island","BI10","BI10.1",10,11.7,12.8,12.3,-1.50286800873964,-0.150286800873964,3.48328739754594,0.626991731558269,3.08176875047437,1.70224518863573,4.46129231231302,3.08158748136433,1.59724493368154,4.56593002904711
"Bird Island","BI10","BI10.1",22,26.7,27.8,27.2,-2.2511958074379,-0.22511958074379,3.71602440999666,0.668884393799398,2.73933316554329,1.3580251454136,4.12064118567299,2.42914944023415,0.489945565615624,4.36835331485267
"Bird Island","BI10","BI10.1",30,36.3,37.2,36.7,-1.87135890763456,-0.187135890763456,4.17695845215305,0.751852521387549,2.91314692896198,1.53346318667477,4.29283067124918,2.76031453030262,1.05213941644528,4.46848964415996
"Bird Island","BI10","BI10.1",34,40.9,41.9,41.4,-2.27486482946813,-0.227486482946813,3.9557222158592,0.712029998854657,2.72850219625715,1.34704402619291,4.10996036632139,2.40851333611543,0.454905449623085,4.36212122260777
"Bird Island","BI10","BI10.2",45,44,45,44.5,-2.46910073848453,-0.246910073848453,5.30133208664817,0.954239775596671,2.63961964073221,1.25671297577161,4.02252630569282,2.23916656560089,0.167326161453186,4.3110069697486
"Bird Island","BI10","BI10.2",51,51.9,52.9,52.4,-2.04323660133289,-0.204323660133289,2.95242175786957,0.531435916416522,2.83449551619798,1.4542600712009,4.21473096119506,2.61046102227368,0.797775813876269,4.42314623067108
"Bird Island","BI10","BI10.2",54,55.3,56.3,55.8,-2.43851078206694,-0.243851078206694,4.67895935429177,0.842212683772518,2.65361763684715,1.27096465232339,4.0362706213709,2.26583676451381,0.2126198134004,4.31905371562723
"Bird Island","BI10","BI10.2",62,64.4,65.4,64.9,-2.04657148269377,-0.204657148269377,2.52756423061713,0.454961561511083,2.83296947099229,1.45272032334224,4.21321861864234,2.60755346830297,0.792839940667185,4.42226699593876
"Bird Island","BI10","BI10.2",67,70.1,71.2,70.6,-1.82219523790358,-0.182219523790358,3.71797430931724,0.669235375677103,2.93564427575435,1.55606255314771,4.31522599836099,2.80317843089518,1.12488624120129,4.48147062058907
"Bird Island","BI10","BI10.2",71,74.7,75.8,75.2,-1.89997793704544,-0.189997793704544,2.9583811143827,0.532508600588887,2.90005083111085,1.52029627028205,4.27980539193964,2.73536270635546,1.0097898529915,4.46093555971943
"Bird Island","BI10","BI10.2",81,86.5,87.5,87,-2.33270430960542,-0.233270430960542,4.27103361378416,0.768786050481148,2.70203478953061,1.32018559014394,4.08388398891728,2.35808533225615,0.369275378621805,4.34689528589049
"Bird Island","BI10","BI10.3",88,84.8,85.8,85.3,-3.24094639008958,-0.324094639008958,3.36097883746032,0.604976190742858,2.2864222616643,0.893974066839895,3.6788704564887,1.5662242188592,-0.975824527429056,4.10827296514745
"Bird Island","BI10","BI10.3",95,93,94,93.5,-1.62698889047716,-0.162698889047716,3.24345655081456,0.58382217914662,3.02497090491273,1.64554921739607,4.40439259242939,2.97337128909532,1.41367431489542,4.53306826329522
"Bird Island","BI10","BI10.3",98,96.3,97.3,96.8,-1.37516982400393,-0.137516982400393,3.41336143836337,0.614405058905406,3.140203573637,1.76041002534765,4.51999712192634,3.19292258564587,1.78605430156253,4.59979086972921
"Bird Island","BI10","BI10.3",104,103.2,104.2,103.7,-1.90267718039763,-0.190267718039763,2.97663487229103,0.535794277012385,2.89881565452408,1.51905398030577,4.27857732874239,2.73300934056002,1.00579550793633,4.46022317318372
"Bird Island","BI10","BI10.3",114,114.9,115.9,115.4,-2.3979257145073,-0.23979257145073,3.01234257472727,0.542221663450909,2.67218940629555,1.28985825245642,4.05452056013467,2.30122131393695,0.272711171689692,4.32973145618421
"Bird Island","BI10","BI10.3",120,121.8,122.7,122.3,-2.50322687353934,-0.250322687353934,2.39380124185013,0.430884223533023,2.62400348556698,1.24080255364527,4.00720441748869,2.20941330941392,0.116795287722903,4.30203133110494
"Bird Island","BI10","BI10.4",135,129.4,130.4,129.9,-3.06128811009795,-0.306128811009795,2.90038607996047,0.522069494392885,2.36863407887016,0.97894344885141,3.75832470888891,1.7228613189034,-0.709695902746763,4.15541854055357
"Bird Island","BI10","BI10.4",145,141,142,141.5,-2.72347131627304,-0.272347131627304,3.79643507242246,0.683358313036042,2.52321939775609,1.13783418459467,3.90860461091751,2.01739070509941,-0.209353171917074,4.24413458211589
"Bird Island","BI10","BI10.4",155,152.7,153.8,153.2,-3.72809331896637,-0.372809331896637,3.56897883394509,0.642416190110117,2.06350331648081,0.661961686894086,3.46504494606753,1.14149966823869,-1.69753486379222,3.9805342002696
"Bird Island","BI10","BI10.4",165,164.8,165.8,165.3,-1.95704532844322,-0.195704532844322,3.03431219864733,0.546176195756519,2.87393673300066,1.49401585331905,4.25385761268226,2.68560785678186,0.925338314476407,4.44587739908732
"Bird Island","BI10","BI10.4",168,168.4,170,169.2,-2.30898011137147,-0.230898011137147,4.33522772336146,0.780340990205063,2.7128910075054,1.33120633601589,4.09457567899491,2.37876954237111,0.404399084633322,4.35314000010889
"Bird Island","BI10","BI10.5",181,174.6,175.6,175.1,-1.86598638251314,-0.186598638251314,2.59592211413293,0.467265980543927,2.91560540208794,1.53593401654529,4.2952767876306,2.76499862699426,1.06008932336745,4.46990793062107
"Bird Island","BI10","BI10.5",191,186.6,187.6,187.1,-2.78363967915889,-0.278363967915889,4.16652105560504,0.749973790008907,2.49568629184314,1.10961868218815,3.88175390149814,1.96493223851893,-0.298461768452531,4.2283262454904
"Bird Island","BI10","BI10.5",194,190.3,191.3,190.8,-2.99257183672934,-0.299257183672934,4.50873572223171,0.811572430001707,2.40007871757822,1.01135715166853,3.78880028348792,1.78277237775806,-0.607912251603794,4.17345700711991
"Bird Island","BI10","BI10.5",197,194,195,194.5,-3.06446291203374,-0.306446291203374,3.40491487755924,0.612884677960663,2.36718128617716,0.977444736205201,3.75691783614911,1.72009333198703,-0.714398555365733,4.15458521933978
"Bird Island","BI10","BI10.5",202,199.9,200.8,200.3,-2.82260527478848,-0.282260527478848,3.0286140115163,0.545150522072934,2.47785559444714,1.09132649246726,3.86438469642702,1.93095964398447,-0.356171094233134,4.21809038220208
"Bird Island","BI10","BI10.6",218,209.5,210.5,210,-2.53487530975607,-0.253487530975607,4.3728658015614,0.787115844281051,2.60952112798667,1.22603668604677,3.99300556992657,2.18182026293616,0.0699319683204602,4.29370855755186
"Bird Island","BI10","BI10.6",228,221.4,222.4,221.9,-2.72879431950132,-0.272879431950132,3.09477620885457,0.557059717593822,2.52078358590033,1.13533948205705,3.9062276897436,2.01274978462948,-0.217236336736508,4.24273590599548
"Bird Island","BI10","BI10.6",239,234.2,235.2,234.7,-3.03246747862904,-0.303246747862904,2.91411220469547,0.524540196845185,2.38182243003433,0.99254402339601,3.77110083667264,1.74798891188127,-0.667005888230229,4.16298371199277
"Bird Island","BI10","BI10.6",247,243.9,245,244.5,-3.13150900392588,-0.313150900392588,2.82415406801757,0.508347732243162,2.33650092426307,0.945770988878945,3.7272308596472,1.66163843971169,-0.813711788864169,4.13698866828754
"Bird Island","BI10","BI10.7",259,250.7,251.7,251.2,-2.29493172351507,-0.229493172351507,3.28755704162973,0.591760267493352,2.71931956451118,1.33772960605524,4.10090952296712,2.3910177879528,0.425197379132665,4.35683819677294
"Bird Island","BI10","BI10.7",271,265,266,265.5,-2.74763886608506,-0.274763886608506,2.56345768651981,0.461422383573566,2.51216030163454,1.12650540314465,3.89781520012443,1.99631995390494,-0.245144607049314,4.2377845148592
"Bird Island","BI10","BI10.7",280,275.9,276.9,276.4,-2.54813814525275,-0.254813814525275,2.65830437436488,0.478494787385678,2.60345204056396,1.21984575488384,3.98705832624407,2.17025691004945,0.050292733019706,4.2902210870792
"Bird Island","BI10","BI10.8",300,289.7,290.8,290.3,-3.75786971558121,-0.375786971558121,1.48305452117345,0.266949813811221,2.04987760618422,0.647704259545853,3.45205095282259,1.1155387806262,-1.74165265608964,3.97273021734205
"Bird Island","BI10","BI10.8",303,293.4,294.4,293.9,-2.8827975956197,-0.28827975956197,1.66914370428063,0.300445866770513,2.45031152535328,1.06303933972521,3.83758371098136,1.8784802893988,-0.445320507836194,4.2022810866338
"Bird Island","BI10","BI10.8",311,303.1,304,303.6,-1.92208021097544,-0.192208021097545,2.27446989724755,0.409404581504559,2.88993680739732,1.51012179815741,4.26975181663722,2.71609258925905,0.977082433730198,4.45510274478791
"Bird Island","BI10","BI10.8",318,311.7,312.8,312.2,-2.51952309495621,-0.251952309495621,1.61729184485843,0.291112532074518,2.61654631756819,1.23320067689355,3.99989195824284,2.19520526476083,0.092664852355532,4.29774567716613
"Bird Island","BI10","BI10.8",326,321.7,322.8,322.2,-2.55551695412218,-0.255551695412218,2.76103263693938,0.496985874649089,2.60007548989232,1.21640064066219,3.98375033912245,2.16382361221791,0.0393663152546639,4.28828090918116
"Bird Island","BI10","BI10.9",342,332.1,333.1,332.6,-2.67336111179493,-0.267336111179493,1.46180507796804,0.263124914034247,2.54614987984071,1.16130496418177,3.93099479549965,2.06107985269916,-0.135143210274654,4.25730291567298
"Bird Island","BI10","BI10.9",348,339.5,340.5,340,-2.87286805890972,-0.287286805890972,1.31896882034248,0.237414387661646,2.45485529175791,1.06770821037173,3.8420023731441,1.88713746809998,-0.43061389414169,4.20488883034165
"Bird Island","BI10","BI10.9",361,355.7,356.7,356.2,-1.61174664829887,-0.161174664829887,2.76834255449169,0.498301659808504,3.03194577090737,1.65252009922419,4.41137144259054,2.9866604100481,1.43621951286107,4.53710130723513
"Bird Island","BI10","BI10.9",365,360.7,361.7,361.2,-1.93607319497298,-0.193607319497298,1.64539245750957,0.296170642351723,2.88353360325541,1.50367773116513,4.26338947534569,2.7038926481573,0.956374808818833,4.45141048749577
"Bird Island","BI10","BI10.9",372,369.1,371,370.1,-2.60832049760129,-0.260832049760129,2.04919408483512,0.368854935270322,2.57591253305822,1.19173086349486,3.96009420262158,2.11778624659796,-0.0388260178778439,4.27439851107376
"Bird Island","BI10","BI10.10",379,367.3,368.4,367.9,-2.22771033027238,-0.222771033027238,2.1093012528871,0.379674225519678,2.75008014450699,1.3689154433133,4.13124484570068,2.44962551869005,0.524713158701132,4.37453787867897
"Bird Island","BI10","BI10.10",386,375.7,376.6,376.1,-2.20513866775801,-0.220513866775801,2.00725974562645,0.361306754212762,2.76040896092865,1.37937668111271,4.14144124074459,2.4693048775239,0.55812718560735,4.38048256944045
"Bird Island","BI10","BI10.10",390,380.5,381.5,381,-2.30975673104176,-0.230975673104176,2.89900677400178,0.521821219320321,2.71253562553038,1.33084565926912,4.09422559179164,2.37809243774227,0.403249310307563,4.35293556517698
"Bird Island","BI10","BI10.10",392,382.9,384,383.4,-2.0481770684484,-0.20481770684484,2.4804746085871,0.446485429545678,2.83223475326832,1.45197896776431,4.21249053877233,2.60615362023313,0.790463546977762,4.4218436934885
"Bird Island","BI10","BI10.10",396,387.7,388.8,388.2,-2.72958798186157,-0.272958798186157,3.27293956273226,0.589129121291807,2.52042040517252,1.13496749608081,3.90587331426423,2.01205782113897,-0.218411722737153,4.24252736501509
"Bird Island","BI10","BI10.10",403,396.3,397.4,396.8,-2.24264517503591,-0.224264517503591,2.72008473287597,0.489615251917675,2.7432459438915,1.36199075709226,4.12450113069074,2.43660440564434,0.502603903034733,4.37060490825394
"Bird Island","BI10","BI10.10",410,404.6,405.6,405.1,-2.66315990461685,-0.266315990461685,2.1551866425834,0.387933595665012,2.55081796293626,1.1660799154547,3.93555601041782,2.06997389036556,-0.120036186640526,4.25998396737165
"Bird Island","BI10","BI10.11",422,409.9,410.9,410.4,-1.55626196554698,-0.155626196554698,2.55548583255598,0.459987449860076,3.05733561988252,1.67787528313965,4.4367959566254,3.03503535721744,1.51828272341744,4.55178799101745
"Bird Island","BI10","BI10.11",424,412.2,413.2,412.7,-1.71243127133418,-0.171243127133418,2.40763891118296,0.433375004012933,2.98587238188903,1.60642882839212,4.36531593538594,2.898877384562,1.28728264321423,4.51047212590978
"Bird Island","BI10","BI10.11",427,415.8,416.8,416.3,-2.17370694299463,-0.217370694299463,2.94387430460428,0.52989737482877,2.77479215112078,1.39393558111438,4.15564872112718,2.49670898167403,0.60465594825738,4.38876201509067
"Bird Island","BI10","BI10.11",439,430.3,431.3,430.8,-1.67253187106357,-0.167253187106357,2.935746890153,0.528434440227539,3.00413038926739,1.624706382796,4.38355439573878,2.93366412721691,1.34630670883768,4.52102154559613
"Bird Island","BI10","BI10.11",443,435.2,436.3,435.7,-1.57531641301053,-0.157531641301053,2.40575299993199,0.433035539987759,3.04861628475416,1.66917141897105,4.42806115053727,3.01842252204071,1.49010174342371,4.54674330065771
"Bird Island","BI10","BI10.11",449,442.8,443.8,443.3,-1.58541774259144,-0.158541774259144,2.55914675227097,0.460646415408775,3.04399390575176,1.6645557284998,4.42343208300371,3.0096155637852,1.47516173161943,4.54406939595096
"Bird Island","BI10","BI10.12",461,447.5,448.7,448.1,-1.53454812761851,-0.153454812761851,3.26991806745903,0.588585252142625,3.06727189487467,1.68778938007604,4.44675440967331,3.05396681199984,1.55039552874964,4.55753809525004
"Bird Island","BI10","BI10.12",465,452.8,453.9,453.4,-1.38105609092418,-0.138105609092418,3.10515002641261,0.55892700475427,3.13751001172549,1.75773259034693,4.51728743310406,3.18779057736595,1.77735238672954,4.59822876800235
"Bird Island","BI10","BI10.12",469,458.3,459.3,458.8,-1.80441311417951,-0.180441311417951,3.11185344206977,0.560133619572559,2.94378139420613,1.56423045740731,4.32333233100496,2.81868197625305,1.15119690130621,4.48616705119988
"Bird Island","BI10","BI10.12",475,466.1,467.2,466.6,-1.52115111643725,-0.152115111643725,3.16956999331022,0.57052259879584,3.07340238123127,1.69390376655293,4.45290099590961,3.06564714747221,1.57020777252047,4.56108652242395
"Bird Island","BI10","BI10.12",479,471.4,472.4,471.9,-1.64890001927634,-0.164890001927634,3.28628897200456,0.591532014960821,3.01494434941138,1.63552420663047,4.39436449219229,2.95426782403955,1.38126386645267,4.52727178162643
"Bird Island","BI10","BI10.12",484,478.2,479.2,478.7,-1.55453307212498,-0.155453307212498,3.23068621161604,0.581523518090888,3.05812676332431,1.67866483823168,4.43758868841694,3.03654271246943,1.52083965326068,4.55224577167817
"Bird Island","BI10","BI10.13",506,473.4,474.5,474,-1.79404418737164,-0.179404418737164,2.60944193183122,0.469699547729619,2.94852622598004,1.56899174138755,4.32806071057252,2.82772224217249,1.16653856898122,4.48890591536376
"Bird Island","BI10","BI10.13",519,491,492,491.5,-2.4530928789715,-0.24530928789715,1.86565524143102,0.335817943457583,2.6469448540216,1.26417213177358,4.02971757626961,2.25312319867204,0.191028669930899,4.31521772741318
"Bird Island","BI10","BI10.13",522,494.8,495.8,495.3,-2.01960983777004,-0.201960983777004,2.83355787584079,0.510040417651342,2.84530714796516,1.46516551536165,4.22544878056867,2.63106028287045,0.83274461985761,4.42937594588328
"Bird Island","BI10","BI10.13",525,498.7,499.7,499.2,-1.88133588616632,-0.188133588616632,3.12647634896678,0.56276574281402,2.90858145312998,1.52887397753995,4.28828892872001,2.75161598891343,1.03737598281739,4.46585599500946
"Bird Island","BI10","BI10.13",529,503.9,505.1,504.5,-1.95956867243306,-0.195956867243306,1.83284125647889,0.3299114261662,2.87278204814644,1.49285304253012,4.25271105376277,2.68340785083167,0.921603980101736,4.44521172156161
"Isla Hermite","HER42PB","HER42PB_1A",3,2.5,3.7,3.1,-0.981576630268179,-0.0981576630268179,3.46327107843951,0.623388794119111,3.32031223157574,1.93863400307569,4.70199046007579,3.5360812559102,2.36756265956215,4.70459985225825
"Isla Hermite","HER42PB","HER42PB_1A",5,5.3,6.5,5.9,-0.94832446698897,-0.094832446698897,3.48508881242798,0.627315986237037,3.33552845634054,1.95361832557155,4.71743858710952,3.56507252993606,2.4166509959538,4.71349406391831
"Isla Hermite","HER42PB","HER42PB_1A",7,8.1,9.3,8.7,-0.788597107505174,-0.0788597107505174,3.44344064124877,0.619819315424779,3.40861986343443,2.02543837838294,4.79180134848592,3.70433263188307,2.65233277662731,4.75633248713883
"Isla Hermite","HER42PB","HER42PB_1A",9,10.9,12.1,11.5,-0.622515000389044,-0.0622515000389044,3.44376553347606,0.619877796025691,3.48461920970464,2.09984005821187,4.86939836119742,3.84913319230875,2.89714349653395,4.80112288808354
"Isla Hermite","HER42PB","HER42PB_1A",13,16.3,17.5,16.9,-0.957090439126723,-0.0957090439126723,3.47005769561771,0.624610385211188,3.33151713830357,1.94966923897859,4.71336503762855,3.55742981814571,2.40371100395742,4.71114863233399
"Isla Hermite","HER42PB","HER42PB_1A",16,20.5,21.6,21.1,-0.937317854648394,-0.0937317854648394,3.54936665862387,0.638885998552297,3.3405650936825,1.95857571259191,4.7225544747731,3.5746687691877,2.43289777799288,4.71643976038252
"Isla Hermite","HER42PB","HER42PB_1A",20,26.1,27.3,26.7,-0.883508298956326,-0.0883508298956326,3.36677178617888,0.606018921512199,3.36518840275955,1.98279376383825,4.74758304168085,3.62158323791503,2.51231305976526,4.73085341606479
"Isla Hermite","HER42PB","HER42PB_1A",25,33.1,34.1,33.6,-0.693927177930917,-0.0693927177930917,3.37909319610917,0.608236775299651,3.4519409224216,2.06788312980235,4.83599871504084,3.7868716789595,2.79191520811065,4.78182814980836
"Isla Hermite","HER42PB","HER42PB_1A",28,37.1,38.2,37.7,-0.53920242318326,-0.053920242318326,3.40967226400097,0.613741007520175,3.52274313234551,2.13705695430124,4.90842931038977,3.92177020347979,3.01982801492845,4.82371239203114
"Isla Hermite","HER42PB","HER42PB_1A",31,41.2,42.3,41.7,-0.900500983080009,-0.0900500983080009,3.51039820166224,0.631871676299204,3.35741253269624,1.9751490662938,4.73967599909868,3.60676797438682,2.48723658724041,4.72629936153322
"Isla Hermite","HER42PB","HER42PB_1B",40,43.1,44.2,43.7,-0.999003077992458,-0.0999003077992458,3.34505250060455,0.602109450108819,3.31233787083421,1.9307766603038,4.69389908136462,3.52088781068891,2.34183401741364,4.69994160396418
"Isla Hermite","HER42PB","HER42PB_1B",48,54,55.1,54.5,-0.989297206163802,-0.0989297206163802,3.26587968200784,0.587858342761411,3.31677928795474,1.93515328601485,4.69840528989464,3.52934998463777,2.35616414130924,4.7025358279663
"Isla Hermite","HER42PB","HER42PB_1B",50,56.7,57.8,57.2,-1.27289722381967,-0.127289722381967,3.37447246376831,0.607405043478295,3.1870036226629,1.80687309712432,4.56713414820147,3.28209010694013,1.93722635269099,4.62695386118926
"Isla Hermite","HER42PB","HER42PB_1B",56,64.7,65.8,65.2,-1.12298475380777,-0.112298475380777,3.28253482982259,0.590856269368066,3.25560372604845,1.87478534479064,4.63642210730626,3.41279298667504,2.15873239618066,4.66685357716942
"Isla Hermite","HER42PB","HER42PB_1B",60,69.9,70.9,70.4,-1.25695242706409,-0.125695242706409,3.47603583597093,0.625686450474768,3.19429997836838,1.81410724453513,4.57449271220163,3.2959917580341,1.96079088519539,4.63119263087282
"Isla Hermite","HER42PB","HER42PB_1B",63,73.7,74.8,74.3,-1.37786335985403,-0.137786335985403,3.32761977992749,0.598971560386948,3.13897100880917,1.75918488428918,4.51875713332916,3.19057419600057,1.78207235093684,4.5990760410643
"Isla Hermite","HER42PB","HER42PB_1B",69,81.5,82.5,82,-0.646668504357552,-0.0646668504357552,3.35061271698376,0.603110289057077,3.47356654097581,2.08903717330879,4.85809590864283,3.82807468714155,2.86155904374911,4.794590330534
"Isla Hermite","HER42PB","HER42PB_1C",80,86.5,87.8,87.2,-0.847509437945628,-0.0847509437945628,3.51121736936549,0.632019126485789,3.38166151928481,1.99897925541827,4.76434378315136,3.65296925137276,2.56542992601686,4.74050857672865
"Isla Hermite","HER42PB","HER42PB_1C",86,94.8,96,95.4,-0.694817907642971,-0.0694817907642971,3.39516329883915,0.611129393791047,3.45153332357188,2.06748420110633,4.83558244603742,3.78609508620227,2.79060232791545,4.78158784448908
"Isla Hermite","HER42PB","HER42PB_1C",90,100.2,101.4,100.8,-0.967048728421674,-0.0967048728421674,3.36625114456967,0.60592520602254,3.32696021468592,1.94518205832393,4.70873837104792,3.54874757117866,2.38901032044288,4.70848482191443
"Isla Hermite","HER42PB","HER42PB_1C",91,101.6,103.1,102.3,-1.24691037231012,-0.124691037231012,3.2809272853481,0.590566911362658,3.19889523314786,1.81866198187998,4.57912848441573,3.30474703686244,1.97563128445803,4.63386278926686
"Isla Hermite","HER42PB","HER42PB_1C",97,109.8,111,110.4,-0.661278590267457,-0.0661278590267457,3.46949067579433,0.62450832164298,3.46688095035208,2.08249979561289,4.85126210509127,3.81533671876942,2.84003122993151,4.79064220760734
"Isla Hermite","HER42PB","HER42PB_1C",104,119.2,120.3,119.8,-1.11954524233358,-0.111954524233358,3.40030639396507,0.612055150913713,3.25717765010365,1.87634078383458,4.63801451637271,3.41579176359148,2.16381319757355,4.66777032960941
"Isla Hermite","HER42PB","HER42PB_1D",118,127.3,128.4,127.8,-1.02518207903008,-0.102518207903008,3.33362844639259,0.600053120350666,3.30035833252383,1.91896707487458,4.68174959017307,3.49806335303086,2.30317933819923,4.69294736786249
"Isla Hermite","HER42PB","HER42PB_1D",121,130.9,132.2,131.6,-1.19718075630922,-0.119718075630922,3.36014432094508,0.604825977770114,3.22165155754645,1.84120241526457,4.60210069982834,3.34810436410088,2.0491161665286,4.64709256167317
"Isla Hermite","HER42PB","HER42PB_1D",131,143.2,144.4,143.8,-1.4131568083702,-0.14131568083702,3.52004852623221,0.633608734721797,3.12282068978068,1.74312495575107,4.50251642381028,3.15980320439145,1.72989429029834,4.58971211848456
"Isla Hermite","HER42PB","HER42PB_1D",137,150.7,151.9,151.3,-1.39194768043299,-0.139194768043299,3.4062759568175,0.613129672227149,3.13252600895189,1.75277748965877,4.512274528245,3.17829462206897,1.76125055192093,4.59533869221702
"Isla Hermite","HER42PB","HER42PB_1D",144,159.2,160.3,159.8,-0.756857296924471,-0.0756857296924471,3.45474740310353,0.621854532558635,3.42314403401945,2.03967892146471,4.80660914657418,3.73200534413182,2.69914004168353,4.7648706465801
"Isla Hermite","HER42PB","HER42PB_1D",147,162.9,164.1,163.5,-1.11090920051871,-0.111090920051871,3.3169338897158,0.597048100148844,3.26112951188869,1.88024569868025,4.64201332509714,3.42332119416269,2.17656996527795,4.67007242304744
"Isla Hermite","HER42PB","HER42PB_1E",158,169.3,170.5,169.9,-1.23743107389862,-0.123743107389862,3.09969994864734,0.557945990756522,3.20323297003526,1.82296052284397,4.58350541722654,3.31301167021918,1.98963961365569,4.63638372678266
"Isla Hermite","HER42PB","HER42PB_1E",162,175.6,176.8,176.2,-1.17594069132508,-0.117594069132508,3.09185676786907,0.556534218216432,3.23137103354276,1.85082195356315,4.61192011352238,3.36662275459211,2.08049879366722,4.652746715517
"Isla Hermite","HER42PB","HER42PB_1E",166,181.9,183.1,182.5,-1.08549819477203,-0.108549819477203,3.37085901032572,0.606754621858629,3.27275761474908,1.89173123240928,4.65378399708889,3.44547606645442,2.21410357681372,4.67684855609513
"Isla Hermite","HER42PB","HER42PB_1E",174,194.9,196.1,195.5,-1.5166356570731,-0.15166356570731,3.32365043936073,0.598257079084932,3.0754686601685,1.69596420352821,4.45497311680879,3.06958400170571,1.57688535764067,4.56228264577076
"Isla Hermite","HER42PB","HER42PB_1E",179,202.5,203.6,203,-1.26216164570091,-0.126216164570091,3.2024783161024,0.576446096898431,3.19191623446091,1.81174411115332,4.5720883577685,3.29145004194506,1.95309239577522,4.6298076881149
"Isla Hermite","HER42PB","HER42PB_1F",184,201.4,202.5,202,-1.1851058389482,-0.11851058389482,3.3694840691428,0.606507132445704,3.22717705238536,1.84667166307155,4.60768244169917,3.35863201714751,2.066957371928,4.65030666236701
"Isla Hermite","HER42PB","HER42PB_1F",189,208.1,209.3,208.7,-1.31937003333457,-0.131937003333457,3.25408138167879,0.585734648702182,3.16573761632542,1.78577352166205,4.54570171098879,3.24157226321113,1.86853881924988,4.61460570717238
"Isla Hermite","HER42PB","HER42PB_1F",191,210.9,212.2,211.5,-1.25711318620325,-0.125711318620325,3.24904982264554,0.584828968076198,3.19422641481782,1.81403432119881,4.57441850843684,3.2958515983634,1.96055330768261,4.63114988904418
"Isla Hermite","HER42PB","HER42PB_1F",197,219.3,220.5,219.9,-0.996358341210724,-0.0996358341210725,3.49280090021056,0.6287041620379,3.31354810515721,1.93196933522241,4.69512687509201,3.52319365431544,2.34573886925214,4.70064843937874
"Isla Hermite","HER42PB","HER42PB_1F",200,223.4,224.6,224,-1.38092268597302,-0.138092268597302,3.22107669476204,0.579793805057167,3.13757105797095,1.75779327503595,4.51734884090595,3.18790688797897,1.77754960629748,4.59826416966047
"Isla Hermite","HER42PB","HER42PB_1F",205,230.3,231.5,230.9,-1.14954445813895,-0.114954445813895,3.46165013775385,0.623097024795693,3.24344997751196,1.86277025475376,4.62412970027017,3.38963660855174,2.11949664530842,4.65977657179506
"Isla Hermite","HER42PB","HER42PB_1F",209,235.8,236.9,236.4,-1.13999475695507,-0.113999475695507,3.49279348813062,0.628702827863512,3.24781993078178,1.86709118473594,4.62854867682762,3.39796262336053,2.13360451965142,4.66232072706963
"Isla Hermite","HER42PB","HER42PB_1F",211,238.4,239.5,239,-1.10484343804637,-0.110484343804637,3.32043886354209,0.597678995437576,3.26390521115295,1.88298796672993,4.64482245557596,3.4286096976665,2.18552979149669,4.67168960383632
"Isla Hermite","HER42PB","HER42PB_1F",213,241.1,242.3,241.7,-0.684455668389411,-0.0684455668389411,3.35188381060391,0.603339085908704,3.45627509511392,2.07212460986405,4.84042558036379,3.79512952150198,2.80587509690782,4.78438394609613
"Isla Hermite","HER42PB","HER42PB_1G",224,246.9,248.1,247.5,-1.44151412866696,-0.144151412866696,2.94545439985419,0.530181791973753,3.10984435029444,1.73021197450307,4.4894767260858,3.13507955449056,1.6879673867565,4.58219172222462
"Isla Hermite","HER42PB","HER42PB_1G",231,256.4,257.6,257,-1.17773855651335,-0.117773855651335,3.31967300208398,0.597541140375116,3.23054832854845,1.85000788696127,4.61108877013563,3.3650552655269,2.07784249690374,4.65226803415005
"Isla Hermite","HER42PB","HER42PB_1G",232,257.7,258.9,258.3,-1.69195526757026,-0.169195526757026,3.2314773965203,0.581665931373653,2.99524222267023,1.61581074388649,4.37467370145397,2.91672961965088,1.31757376028473,4.51588547901703
"Isla Hermite","HER42PB","HER42PB_1G",236,263.2,264.4,263.8,-1.13964574171534,-0.113964574171534,3.15266977512717,0.567480559522891,3.24797964052125,1.86724908510883,4.62871019593367,3.39826691623824,2.13412011459207,4.6624137178844
"Isla Hermite","HER42PB","HER42PB_1G",240,268.6,269.8,269.2,-1.04852867014024,-0.104852867014024,3.39265103878663,0.610677186981594,3.28967490796461,1.90842930008109,4.67092051584813,3.47770836395057,2.26870328931036,4.68671343859079
"Isla Hermite","HER42PB","HER42PB_1G",245,275.2,276.4,275.8,-1.17783472463814,-0.117783472463814,3.29102085982627,0.592383754768728,3.23050432191377,1.84996434146215,4.61104430236539,3.36497142026141,2.07770041067336,4.65224242984946
"Isla Hermite","HER42PB","HER42PB_1G",253,285.8,286.9,286.3,-1.40485058471657,-0.140485058471657,3.28826254584584,0.591887258252252,3.12662162642949,1.74690577016885,4.50633748269013,3.16704507927461,1.7421746757216,4.59191548282762
"Isla Hermite","HER42PB","HER42PB_1H",260,285,286.2,285.6,-1.43489235939609,-0.143489235939609,3.29474197763558,0.593053555974404,3.11287447885239,1.73322804726899,4.49252091043579,3.14085281879988,1.69775806768051,4.58394756991925
"Isla Hermite","HER42PB","HER42PB_1H",264,290.3,291.5,290.9,-1.38547290627108,-0.138547290627108,3.34369720209828,0.60186549637769,3.13548887239393,1.75572331836623,4.51525442642164,3.18393972703274,1.77082273826791,4.59705671579758
"Isla Hermite","HER42PB","HER42PB_1H",269,297,298.2,297.6,-1.24286791768965,-0.124286791768965,3.28542094094705,0.59137576937047,3.20074506461868,1.82049521093475,4.5809949183026,3.30827149656918,1.98160519755961,4.63493779557875
"Isla Hermite","HER42PB","HER42PB_1H",273,302.3,303.5,302.9,-1.6431603651586,-0.16431603651586,3.09817453570056,0.5576714164261,3.01757082115081,1.63815075061697,4.39699089168466,2.95927200629212,1.38975396046993,4.5287900521143
"Isla Hermite","HER42PB","HER42PB_1H",278,309.3,310.6,309.9,-1.12852886287605,-0.112852886287605,3.16327800591315,0.569390041064367,3.25306673592859,1.87227789532359,4.63385557653358,3.40795929258187,2.15054257795495,4.66537600720879
"Isla Hermite","HER42PB","HER42PB_1H",281,313.5,314.8,314.2,-0.911326395446181,-0.0911326395446181,3.35188766938946,0.603339780490103,3.35245881265246,1.97027737376586,4.73464025153906,3.5973297163789,2.47126015806769,4.7233992746901
"Isla Hermite","HER42PB","HER42PB_1H",286,320.5,321.8,321.1,-1.53093222127829,-0.153093222127829,3.32502596684212,0.598504674031582,3.06892653740542,1.68943985887329,4.44841321593755,3.05711938077201,1.55574298689393,4.55849577465008
"Isla Hermite","HER42PB","HER42PB_1I",301,332.1,333.3,332.7,-1.42291313634588,-0.142291313634588,3.22341431611183,0.58021457690013,3.11835618387438,1.73868318014204,4.49802918760672,3.15129703968107,1.7154696725388,4.58712440682334
"Isla Hermite","HER42PB","HER42PB_1I",303,334.9,336.2,335.6,-1.24335780403111,-0.124335780403111,2.94065958188028,0.529318724738451,3.20052089211542,1.82027305932713,4.58076872490371,3.30784438363076,1.98088125063037,4.63480751663116
"Isla Hermite","HER42PB","HER42PB_1I",312,347.6,348.8,348.2,-1.68007033476076,-0.168007033476076,3.29547193378031,0.593184948080456,3.00068078037926,1.62125433412863,4.38010722662988,2.92709163252103,1.33515520796224,4.51902805707982
"Isla Hermite","HER42PB","HER42PB_1I",317,354.3,355.4,354.9,-0.973251995602469,-0.0973251995602469,3.46016317794888,0.622829372030798,3.32412159312297,1.94238636893979,4.70585681730616,3.54333918264213,2.37985255849637,4.70682580678789
"Isla Hermite","HER42PB","HER42PB_1I",320,358.3,359.6,358.9,-0.825644394359754,-0.0825644394359754,3.35957236567186,0.604723025820935,3.39166698614425,2.00880356911274,4.77453040317577,3.67203253651492,2.59768699233282,4.74637808069702
"Isla Hermite","HER42PB","HER42PB_1I",322,361,362.2,361.6,-0.804989902072181,-0.0804989902072181,3.45679154783297,0.622222478609935,3.40111850346093,2.01807948414073,4.78415752278114,3.69004038883857,2.62815443091945,4.7519263467577
"Isla Hermite","HER42PB","HER42PB_1J",335,369.7,370.8,370.2,-1.02133778353049,-0.102133778353049,3.30559045316579,0.595006281569842,3.30211748617325,1.92070171073222,4.68353326161429,3.50141504547051,2.30885591272631,4.69397417821471
"Isla Hermite","HER42PB","HER42PB_1J",340,376.7,377.9,377.3,-1.48282074910534,-0.148282074910534,3.39725675502003,0.611506215903605,3.09094239749254,1.7113875341598,4.47049726082527,3.09906591104258,1.62688969496534,4.57124212711983
"Isla Hermite","HER42PB","HER42PB_1J",342,379.6,380.9,380.3,-1.52281293597547,-0.152281293597547,3.59876807032004,0.647778252657608,3.07264193086899,1.69314541346737,4.45213844827061,3.06419827134318,1.56775021204716,4.5606463306392
"Isla Hermite","HER42PB","HER42PB_1J",346,385.3,386.5,385.9,-1.35775746808112,-0.135775746808112,2.97874887524795,0.536174797544631,3.14817148595541,1.76832814950848,4.52801482240233,3.20810374477092,1.81179494574145,4.6044125438004
"Isla Hermite","HER42PB","HER42PB_1J",349,389.6,390.9,390.2,-0.864076283715536,-0.0864076283715536,3.3962951378863,0.611333124819534,3.37408051329847,1.99153225864414,4.75662876795279,3.63852525982169,2.5409865730619,4.73606394658148
"Isla Hermite","HER42PB","HER42PB_1J",352,394,395.2,394.6,-1.05332481774834,-0.105332481774834,3.35050775502655,0.603091395904778,3.28748018579279,1.90626380840494,4.66869656318064,3.47352678850216,2.26162038407331,4.68543319293101
"Isla Hermite","HER42PB","HER42PB_1J",353,395.4,396.6,396,-0.852718979354568,-0.0852718979354568,3.62847946635266,0.653126303943479,3.37927762767649,1.99663780567236,4.76191744968062,3.6484272538712,2.55774381011036,4.73911069763204
"Kerguelen","KER1","CAT1-S1-1A",1,0,1.4,0.7,-1.38200762999249,-0.138200762999249,3.05552299048637,0.549994138287546,3.13707458645062,1.75729973864984,4.5168494342514,3.18696096728482,1.77594567445586,4.59797626011378
"Kerguelen","KER1","CAT1-S1-1A",3,3.1,4.7,3.9,-1.60754920287971,-0.160754920287971,3.06552226561313,0.551794007810363,3.03386652633009,1.65443933824412,4.41329371441606,2.99032000023277,1.44242794913409,4.53821205133144
"Kerguelen","KER1","CAT1-S1-1A",5,6.4,7.8,7.1,-1.00899879938446,-0.100899879938446,3.01044579840191,0.541880243712344,3.30776381824972,1.92626832689583,4.68925930960362,3.51217292812538,2.32707531618033,4.69727054007043
"Kerguelen","KER1","CAT1-S1-1A",7,9.3,10.6,9.9,-1.20773917942472,-0.120773917942472,2.96317100487699,0.533370780877859,3.21682001206359,1.83641882765748,4.59722119646969,3.33889888368591,2.03351507183328,4.64428269553853
"Kerguelen","KER1","CAT1-S1-1A",8,10.7,12,11.4,-0.800083585642075,-0.0800083585642075,3.08862551968154,0.555952593542677,3.40336363900117,2.02028226734371,4.78644501065862,3.69431801621844,2.63539119122499,4.75324484121189
"Kerguelen","KER1","CAT1-S1-1A",9,12.1,13.6,12.8,-1.33458231447245,-0.133458231447245,3.06479246081708,0.551662642947075,3.15877646053427,1.77886202971568,4.53869089135286,3.22830926412973,1.84605289683404,4.61056563142542
"Kerguelen","KER1","CAT1-S1-1A",11,15.1,16.5,15.8,-1.90607316271833,-0.190607316271833,3.10109312722356,0.558196762900241,2.89726164945514,1.5174909194404,4.27703237946989,2.73004851502757,1.00077010619455,4.45932692386059
"Kerguelen","KER1","CAT1-S1-1A",13,18,19.4,18.7,-2.3615489461266,-0.23615489461266,2.57816167806892,0.464069102052406,2.68883545362937,1.30677846645719,4.07089244080156,2.33293681020241,0.326569844182361,4.33930377622246
"Kerguelen","KER1","CAT1-S1-1A",17,24,25.5,24.7,-1.89597746569971,-0.189597746569971,3.15545879049054,0.567982582288297,2.90188145099114,1.52213729510708,4.2816256068752,2.73885056247005,1.01570973005172,4.46199139488838
"Kerguelen","KER1","CAT1-S1-1A",20,28.6,30,29.3,-2.5917884710921,-0.25917884710921,2.87976522818956,0.51835774107412,2.58347760571437,1.19945766497433,3.96749754645441,2.1321998805834,-0.0143448072752759,4.27874456844208
"Kerguelen","KER1","CAT1-S1-1A",23,33,34.4,33.7,-1.28355231151362,-0.128355231151362,3.38949129623549,0.610108433322387,3.18212784336762,1.80203743449753,4.56221825223771,3.27280034842093,1.92147877272194,4.62412192411992
"Kerguelen","KER1","CAT1-S1-1A",25,35.9,37.2,36.6,-1.1935156619246,-0.11935156619246,3.07159055953544,0.552886300716379,3.22332870857788,1.84286265166125,4.6037947654945,3.35129981802498,2.05453157435476,4.64806806169521
"Kerguelen","KER1","CAT1-S1-1A",26,37.3,38.7,38,-1.72663549566935,-0.172663549566935,3.53374791354512,0.636074624438122,2.97937251394724,1.59991805337255,4.35882697452194,2.88649327118664,1.26626904406132,4.50671749831197
"Kerguelen","KER1","CAT1-S1-1A",27,38.8,40.1,39.4,-1.33617065144766,-0.133617065144766,3.15990406476705,0.56878273165807,3.15804963586984,1.77814025357392,4.53795901816575,3.22692445460299,1.84370505462057,4.61014385458541
"Kerguelen","KER1","CAT1-S1-1A",28,40.2,41.6,40.9,-1.81415517932758,-0.181415517932758,3.15709789946038,0.568277621902869,2.9393234149847,1.55975601426548,4.31889081570393,2.81018824674998,1.13678250381758,4.48359398968237
"Kerguelen","KER1","CAT1-S1-1B",36,45.1,46.2,45.6,-1.40358616974239,-0.140358616974239,3.07063767534821,0.552714781562677,3.12720022404678,1.74748124254345,4.5069192055501,3.16814747374714,1.74404403555873,4.59225091193555
"Kerguelen","KER1","CAT1-S1-1B",40,50.7,52.1,51.4,-1.6867416994934,-0.16867416994934,3.30834711320603,0.595502480377086,2.99762795688602,1.61819886442661,4.37705704934542,2.92127512784834,1.32528626579807,4.51726398989861
"Kerguelen","KER1","CAT1-S1-1B",41,52.3,53.6,53,-1.41032881382635,-0.141032881382635,3.39201631161392,0.610562936090506,3.12411478304767,1.74441227761285,4.50381728848249,3.16226882336715,1.73407538355643,4.59046226317786
"Kerguelen","KER1","CAT1-S1-1B",46,59.9,61.2,60.5,-1.8804668466087,-0.18804668466087,3.10228214218185,0.558410785592734,2.9089791265423,1.52927375887202,4.28868449421258,2.7523736708646,1.03866195237321,4.466085389356
"Kerguelen","KER1","CAT1-S1-1B",49,64.4,65.8,65.1,-1.03802369522981,-0.103802369522981,4.47706153654107,0.805871076577392,3.29448199549283,1.9131715416559,4.67579244932977,3.48686724494445,2.28421645641219,4.6895180334767
"Kerguelen","KER1","CAT1-S1-1B",51,67.6,68.9,68.3,-0.502428955285441,-0.0502428955285441,3.02339301616453,0.544210742909615,3.5395707097941,2.15346178713142,4.92567963245679,3.95383156669863,3.07394916140099,4.83371397199626
"Kerguelen","KER1","CAT1-S1-1B",57,76.5,77.9,77.2,-1.67445352510939,-0.167445352510939,1.98423490303567,0.35716228254642,3.00325103836213,1.62382646541445,4.38267561130982,2.93198871143847,1.34346405800653,4.5205133648704
"Kerguelen","KER1","CAT1-S1-1C",69,86.1,87.5,86.8,-1.60594007467289,-0.160594007467289,2.02153557339922,0.363876403211859,3.0346028650839,1.65517504766598,4.41403068250182,2.99172293682956,1.44480799540776,4.53863787825135
"Kerguelen","KER1","CAT1-S1-1C",73,92.4,93.7,93.1,-1.62355121853706,-0.162355121853706,2.3533871381883,0.423609684873893,3.0265439871952,1.64712160960211,4.40596636478829,2.97636846219319,1.41875912182685,4.53397780255953
"Kerguelen","KER1","CAT1-S1-1C",80,103.1,104.5,103.8,-1.78663767312077,-0.178663767312077,2.05468726841887,0.369843708315396,2.95191545466325,1.57239204561062,4.33143886371588,2.83417969525367,1.17749695616848,4.49086243433887
"Kerguelen","KER1","CAT1-S1-1C",86,112.2,113.6,112.9,-2.1980253307253,-0.21980253307253,2.0347716335176,0.366258894033168,2.76366403140958,1.38267240242192,4.14465566039724,2.47550672073698,0.568657276558397,4.38235616491557
"Kerguelen","KER1","CAT1-S1-1C",93,122.9,124.1,123.5,-2.13943334124152,-0.213943334124152,1.60114161397974,0.288205490516353,2.79047578720171,1.40979927930808,4.17115229509534,2.52659080836706,0.655389824217152,4.39779179251696
"Kerguelen","KER1","CAT1-S1-1D",105,130.3,131.4,130.8,-1.67300009180235,-0.167300009180235,2.13377418589763,0.384079353461573,3.00391613096663,1.62449198996688,4.38334027196639,2.93325590367883,1.34561408346323,4.52089772389443
"Kerguelen","KER1","CAT1-S1-1D",108,134.6,135.8,135.2,-1.48550421996872,-0.148550421996872,1.98263245940891,0.356873842693604,3.08971443841318,1.71016400434995,4.46926487247641,3.0967262966696,1.62292160515523,4.57053098818398
"Kerguelen","KER1","CAT1-S1-1D",110,137.6,138.8,138.2,-2.07502029788032,-0.207502029788032,0.519729203270229,0.0935512565886411,2.81995126334859,1.43958058569845,4.20032194099873,2.58275004754929,0.750732782144581,4.414767312954
"Kerguelen","KER1","CAT1-S1-1D",114,143.4,144.6,144,-2.48801888397275,-0.248801888397275,1.40533182583509,0.252959728650317,2.6309626775306,1.24789434947553,4.01403100558568,2.22267256684042,0.139314061678372,4.30603107200247
"Kerguelen","KER1","CAT1-S1-1D",117,147.8,148.9,148.4,-1.76367054575058,-0.176367054575058,4.0872594138536,0.735706694493649,2.96242523621738,1.58293258827907,4.34191788415568,2.85420384458751,1.21147740242633,4.49693028674869
"Kerguelen","KER1","CAT1-S1-1D",119,150.7,151.8,151.3,-1.81542308025038,-0.181542308025038,1.93672876504028,0.348611177707251,2.93874322219367,1.55917360704341,4.31831283734392,2.80908281301377,1.13490649695357,4.48325912907397
"Kerguelen","KER1","CAT1-S1-1D",123,156.5,157.7,157.1,-2.75944495159999,-0.275944495159999,1.58511273599035,0.285320292478264,2.50675782453014,1.1209690291089,3.89254661995139,1.98602668493889,-0.262629273897232,4.234682643775
"Kerguelen","KER1","CAT1-S1-1D",124,158,159.2,158.6,-2.23589529422934,-0.223589529422934,3.02516970968075,0.544530547742534,2.74633469642245,1.36512068781705,4.12754870502785,2.44248936544265,0.5125963366527,4.3723823942326
"Kerguelen","KER1","CAT1-S1-1E",132,161.5,162.7,162.1,-1.4927409577719,-0.14927409577719,2.95150102780924,0.531270185005664,3.08640289961035,1.70686404157737,4.46594175764333,3.09041686510139,1.61222041139488,4.5686133188079
"Kerguelen","KER1","CAT1-S1-1E",137,168.8,170,169.4,-0.875755465315801,-0.0875755465315801,1.82160760396241,0.327889368713234,3.36873610755842,1.9862806423842,4.75119157273263,3.62834263346659,2.52375334846626,4.73293191846692
"Kerguelen","KER1","CAT1-S1-1E",144,179,180.2,179.6,-1.68057467419353,-0.168057467419353,4.14287300717925,0.745717141292265,3.00044999412627,1.62102336380854,4.37987662444401,2.92665191849175,1.33440914326663,4.51889469371687
"Kerguelen","KER1","CAT1-S1-1E",145,180.4,181.6,181,-0.996151435911099,-0.0996151435911099,5.40058217317235,0.972104791171022,3.31364278523916,1.93206263856477,4.69522293191354,3.52337404703721,2.34604435504589,4.70070373902854
"Kerguelen","KER1","CAT1-S1-1E",146,181.9,183,182.4,0.404721731539222,0.0404721731539222,5.22334665430383,0.94020239777469,3.95468381477805,2.55384793104306,5.35551969851303,4.74474113620993,4.39253318874401,5.09694908367586
"Kerguelen","KER1","CAT1-S1-1E",147,183.3,184.4,183.8,-0.316476891075282,-0.0316476891075282,2.63041618781146,0.473474913806063,3.62466256925424,2.23620650502141,5.01311863348708,4.11595597358079,3.34726568060858,4.884646266553
"Kerguelen","KER1","CAT1-S1-1E",151,189,190.3,189.7,-2.04005996967632,-0.204005996967632,2.37250641531924,0.427051154757464,2.83594914617313,1.4557266475112,4.21617164483507,2.61323060445278,0.802477447440657,4.42398376146491
"Kerguelen","KER1","CAT1-S1-1E",157,198.4,199.7,199,-2.11777180727492,-0.211777180727492,2.44686840873175,0.440436313571715,2.80038812784608,1.41981921443908,4.18095704125309,2.5454766613497,0.687453578730391,4.403499743969
"Kerguelen","KER1","CAT1-S1-1E",161,204.5,205.8,205.2,-1.88904574260457,-0.188904574260457,2.70289750348778,0.4865215506278,2.90505341474391,1.52532689871172,4.28477993077611,2.74489406352095,1.02596718044506,4.46382094659683
"Kerguelen","KER1","CAT1-S1-1F",170,210.3,211.7,211,-2.2967074741868,-0.22967074741868,1.466651504395,0.2639972707911,2.71850697914282,1.33690516016292,4.10010879812271,2.38946957967856,0.422568438734777,4.35637072062233
"Kerguelen","KER1","CAT1-S1-1F",177,220.9,222.2,221.6,-1.91024216289536,-0.191024216289536,1.88116963910373,0.338610535038671,2.89535391060502,1.51557190153099,4.27513591967906,2.72641372514844,0.994600754370409,4.45822669592648
"Kerguelen","KER1","CAT1-S1-1F",179,224,225.4,224.7,-2.2112275192054,-0.22112275192054,2.21115530040779,0.398007954073401,2.75762269612521,1.37655520857032,4.1386901836801,2.46399624363647,0.549113611460827,4.37887887581212
"Kerguelen","KER1","CAT1-S1-1F",180,225.6,226.8,226.2,-0.639073962672623,-0.0639073962672623,4.38481727004753,0.789267108608555,3.4770418112099,2.09243454332881,4.861649079091,3.83469607406425,2.87274854535441,4.7966436027741
"Kerguelen","KER1","CAT1-S1-1F",185,233.2,234.5,233.8,0.0135456099147495,0.00135456099147495,4.64306914368582,0.835752445863448,3.77568121157052,2.38220290573224,5.1691595174088,4.40368981755849,3.83002527298464,4.97735436213234
"Kerguelen","KER1","CAT1-S1-1F",186,234.7,235.9,235.3,-0.119889154108548,-0.0119889154108548,4.55114308966253,0.819205756139256,3.71462132371397,2.3233050454958,5.10593760193213,4.28735321184978,3.63531649558051,4.93938992811904
"Kerguelen","KER1","CAT1-S1-1F",188,237.8,239.1,238.4,-0.58552210507319,-0.058552210507319,1.00126264509316,0.180227276116768,3.5015471973697,2.11637399699226,4.88672039774713,3.88138586579969,2.95162982779783,4.81114190380154
"Kerguelen","KER1","CAT1-S1-1F",191,242.3,243.6,242.9,-1.59414971787048,-0.159414971787048,-0.490982072592547,-0.0883767730666585,3.03999814471296,1.66056490437885,4.41943138504708,3.00200249254,1.4622467748432,4.54175821023679
"Kerguelen","KER3","CAT2-S3-1A",6,7.9,9.1,8.5,-1.36197075546156,-0.136197075546156,3.12297310922221,0.562135159659997,3.1462434812346,1.76641247756066,4.52607448490854,3.20443034259344,1.80556655957674,4.60329412561014
"Kerguelen","KER3","CAT2-S3-1A",9,12.3,13.5,12.9,-1.47336283255969,-0.147336283255969,3.10449939916831,0.558809891850297,3.09527035001571,1.71569928586495,4.47484141416647,3.10731190237813,1.64087507228683,4.57374873246943
"Kerguelen","KER3","CAT2-S3-1A",13,18.1,19.3,18.7,-1.41215942541,-0.141215942541,3.24145045942126,0.583461082695827,3.12327709326852,1.74357898046093,4.50297520607611,3.16067278398737,1.73136889020152,4.58997667777322
"Kerguelen","KER3","CAT2-S3-1A",15,21,22.1,21.6,-1.52337259630377,-0.152337259630377,3.29776776227385,0.593598197209293,3.07238582971624,1.69289001223957,4.45188164719292,3.06371032516648,1.56692256360761,4.56049808672535
"Kerguelen","KER3","CAT2-S3-1A",20,28.2,29.4,28.8,-1.78721368109075,-0.178721368109075,2.99064313158539,0.538315763685369,2.95165187281253,1.57212762262013,4.33117612300494,2.83367749620098,1.17664472197119,4.49071027043077
"Kerguelen","KER3","CAT2-S3-1A",21,29.6,30.7,30.2,-2.07206809474493,-0.207206809474493,3.09184088550964,0.556531359391736,2.82130219459725,1.44094451438811,4.2016598748064,2.58532395918805,0.755102410080469,4.41554550829563
"Kerguelen","KER3","CAT2-S3-1A",22,31,32.1,31.6,-1.11270676138667,-0.111270676138667,3.56157668449803,0.641083803209645,3.26030694615168,1.87943296773892,4.64118092456443,3.42175397042259,2.17391472343559,4.66959321740958
"Kerguelen","KER3","CAT2-S3-1A",27,38.2,39.3,38.7,-0.425515850374476,-0.0425515850374476,3.46103501645448,0.622986302961806,3.57476622720622,2.18772885494346,4.96180359946898,4.02088912568901,3.18707604660871,4.85470220476931
"Kerguelen","KER3","CAT2-S3-1A",28,39.5,40.7,40.1,-0.460814317481322,-0.0460814317481322,3.97062732680859,0.714712918825545,3.55861361166537,2.1720097725876,4.94521745074313,3.99011375856493,3.1351699684721,4.84505754865777
"Kerguelen","KER3","CAT2-S3-1A",32,45.1,47,46.1,-1.08918306405829,-0.108918306405829,3.4613107580831,0.623035936454959,3.27107141470195,1.89006611636581,4.65207671303809,3.44226337155905,2.2086610217134,4.67586572140469
"Kerguelen","KER3","CAT2-S3-1B",38,46.4,47.6,47,-0.979936229018572,-0.0979936229018572,3.38942326227895,0.61009618721021,3.3210628809067,1.93937347724594,4.70275228456746,3.53751145826246,2.36998446772824,4.70503844879668
"Kerguelen","KER3","CAT2-S3-1B",42,51.6,52.7,52.2,-1.02217036120793,-0.102217036120793,3.32924568015204,0.599264222427367,3.30173649775552,1.92032604507904,4.683146950432,3.50068915322129,2.30762651727664,4.69375178916593
"Kerguelen","KER3","CAT2-S3-1B",45,55.3,56.5,55.9,-0.766942197388356,-0.0766942197388356,4.03906115722389,0.7270310083003,3.41852917299821,2.03515529183443,4.80190305416198,3.72321270978749,2.68426867714261,4.76215674243237
"Kerguelen","KER3","CAT2-S3-1B",47,58.1,59.3,58.7,-1.8745230983073,-0.18745230983073,2.86820275243969,0.516276495439144,2.91169899199406,1.53200783340064,4.29139015058749,2.75755579493574,1.04745722806614,4.46765436180535
"Kerguelen","KER3","CAT2-S3-1B",52,64.6,65.7,65.1,-1.7996165616618,-0.17996165616618,2.87257855081395,0.517064139146511,2.94597630166502,1.56643311276766,4.32551949056237,2.82286390472647,1.15829382005329,4.48743398939965
"Kerguelen","KER3","CAT2-S3-1B",55,68.3,69.4,68.9,-0.739937354672446,-0.0739937354672446,4.97696873075792,0.895854371536425,3.43088661732605,2.04726611432608,4.81450712032603,3.74675718683785,2.72408828299108,4.76942609068462
"Kerguelen","KER3","CAT2-S3-1B",56,69.5,70.7,70.1,-2.31092492750556,-0.231092492750556,2.64385303806708,0.475893546852075,2.71200105760427,1.33030311529672,4.09369899991183,2.37707393246447,0.401519810581441,4.3526280543475
"Kerguelen","KER3","CAT2-S3-1B",62,77.2,78.2,77.7,-1.90939343700266,-0.190939343700266,2.98978973856455,0.53816215294162,2.89574228846299,1.51596259004948,4.27552198687649,2.72715369640149,0.995856715113308,4.45845067768967
"Kerguelen","KER3","CAT2-S3-1B",65,80.8,81.9,81.4,-1.42364545149013,-0.142364545149013,2.93531722732191,0.528357100917944,3.11802107569691,1.73834973867082,4.49769241272299,3.15065856245353,1.71438693938253,4.58693018552454
"Kerguelen","KER3","CAT2-S3-1B",68,84.5,85.6,85.1,-1.71434078753346,-0.171434078753346,3.04172032395565,0.547509658312017,2.98499858527507,1.60555368612224,4.3644434844279,2.89721255130212,1.28445775181021,4.50996735079403
"Kerguelen","KER3","CAT2-S3-1C",78,89.2,90.2,89.7,-1.5342606774058,-0.15342606774058,2.98213079288886,0.536783542719994,3.06740343239325,1.6879205915094,4.4468862732771,3.05421742871357,1.55082063194683,4.55761422548031
"Kerguelen","KER3","CAT2-S3-1C",83,95.7,96.8,96.2,-2.0225161961211,-0.20225161961211,2.86949973541448,0.516509952374606,2.84397719533786,1.46382433165297,4.22413005902275,2.62852634152458,0.828443116400487,4.42860956664866
"Kerguelen","KER3","CAT2-S3-1C",85,98.3,99.3,98.8,-2.41433774735126,-0.241433774735126,2.88166712497277,0.518700082495099,2.66467924286636,1.28221997005389,4.04713851567882,2.28691229778346,0.248411314023563,4.32541328154336
"Kerguelen","KER3","CAT2-S3-1C",89,103.5,104.7,104.1,-2.04944103664867,-0.204944103664867,2.72693126004626,0.490847626808327,2.83165636009524,1.45139533045987,4.2119173897306,2.60505161528547,0.788592771052589,4.42151045951835
"Kerguelen","KER3","CAT2-S3-1C",91,106.1,107.2,106.7,-1.01807223723337,-0.101807223723337,3.08016649244452,0.554429968640014,3.30361180358111,1.92217508266796,4.68504852449426,3.50426214888298,2.31367782093984,4.69484647682611
"Kerguelen","KER3","CAT2-S3-1C",96,112.8,113.9,113.3,-0.829909426717353,-0.0829909426717353,3.36844897402259,0.606320815324065,3.38971530286767,2.00688760473982,4.77254300099551,3.66831401989481,2.5913951884304,4.74523285135923
"Kerguelen","KER3","CAT2-S3-1C",101,118.9,119.9,119.4,-1.09778775670118,-0.109778775670118,3.17949602887996,0.572309285198393,3.26713389833086,1.88617729267051,4.6480905039912,3.4347612731174,2.19595158753564,4.67357095869917
"Kerguelen","KER3","CAT2-S3-1D",110,122.4,123.5,123,-1.7330896053011,-0.17330896053011,3.19259210974029,0.574666579753253,2.97641910661586,1.59695900509344,4.35587920813827,2.88086618282683,1.25672072802627,4.5050116376274
"Kerguelen","KER3","CAT2-S3-1D",115,128.9,130,129.5,-1.59454318953606,-0.159454318953606,3.0489018343944,0.548802330190992,3.03981809166644,1.66038505534726,4.41925112798561,3.00165943982542,1.46166480859364,4.54165407105721
"Kerguelen","KER3","CAT2-S3-1D",117,131.4,132.4,131.9,-1.41100645164131,-0.141100645164131,3.12026201775723,0.561647163196301,3.12380469527339,1.74410381986996,4.50350557067682,3.16167801718655,1.7330735218407,4.5902825125324
"Kerguelen","KER3","CAT2-S3-1D",121,136.5,137.6,137.1,-1.63560800499091,-0.163560800499091,3.40091663899174,0.612164995018513,3.02102678907841,1.64160629783504,4.40044728032179,2.96585661678271,1.40092527178803,4.53078796177739
"Kerguelen","KER3","CAT2-S3-1D",124,140.5,141.6,141,-1.91362789001333,-0.191362789001333,3.2235125864489,0.580232265560803,2.8938045983276,1.51401329799215,4.27359589866306,2.72346184073029,0.989590476374449,4.45733320508613
"Kerguelen","KER3","CAT2-S3-1D",130,148.3,149.4,148.9,-1.13372875860314,-0.113372875860314,3.2157416425553,0.578833495659953,3.25068725819439,1.86992583798211,4.63144867840666,3.40342570477695,2.14286108750127,4.66399032205263
"Kerguelen","KER3","CAT2-S3-1D",133,152.3,153.4,152.8,-0.984070269465404,-0.0984070269465404,3.23670651685803,0.582607173034445,3.31917113966576,1.93750984626549,4.70083243306602,3.53390714841886,2.36388113863653,4.7039331582012
"Kerguelen","KER3","CAT2-S3-1D",134,153.6,154.8,154.2,-1.07110575613177,-0.107110575613177,3.19692883410454,0.575447190138817,3.27934360975413,1.89823354503412,4.66045367447413,3.45802427659692,2.23536048377714,4.6806880694167
"Kerguelen","KER3","CAT2-S3-1D",136,156.4,157.6,157,-1.00555840969221,-0.100555840969221,3.11004571693854,0.559808229048937,3.30933814417842,1.92782014853449,4.69085613982235,3.51517247072615,2.33215512976675,4.69818981168555
"Kerguelen","KER3","CAT2-S3-1D",139,160.4,161.5,160.9,-1.46372476785919,-0.146372476785919,2.92824469267786,0.527084044682015,3.09968073852334,1.72009221966077,4.47926925738592,3.11571495791666,1.65512652665727,4.57630338917604
"Kerguelen","KER3","CAT2-S3-1D",141,163,164.1,163.5,-1.53675368255327,-0.153675368255327,2.96863461133821,0.534354230040878,3.06626263062511,1.68678258957424,4.44574267167598,3.05204387402568,1.54713377816417,4.55695396988719
"Kerguelen","KER3","CAT2-S3-1D",142,164.3,165.5,164.9,-1.93085486503565,-0.193085486503565,2.99705427405446,0.539469769329802,2.88592151650354,1.50608111822759,4.26576191477949,2.70844230803659,0.964097239942419,4.45278737613075
"Kerguelen","KER3","CAT2-S3-1E",150,166.5,167.5,167,-1.94549682530441,-0.194549682530441,3.0229984289376,0.544139717208767,2.87922134013979,1.49933681608624,4.25910586419335,2.69567654964477,0.942428959074047,4.4489241402155
"Kerguelen","KER3","CAT2-S3-1E",152,169.1,170.2,169.6,-1.67880262917785,-0.167880262917785,2.960738737141,0.53293297268538,3.00126088378255,1.62183488866049,4.38068687890461,2.92819689594794,1.3370305102685,4.51936328162738
"Kerguelen","KER3","CAT2-S3-1E",156,174.6,175.7,175.1,-2.21595479826574,-0.221595479826574,3.11341394677228,0.56041451041901,2.75545948827302,1.37436440427005,4.13655457227599,2.45987471200907,0.542115589888371,4.37763383412978
"Kerguelen","KER3","CAT2-S3-1E",158,177.2,178.3,177.8,-2.8455858589364,-0.28455858589364,2.81488579587679,0.506679443257821,2.46733965505742,1.08053117742042,3.85414813269442,1.91092376220702,-0.390206722406813,4.21205424682086
"Kerguelen","KER3","CAT2-S3-1E",159,178.6,179.6,179.1,-2.2691145573903,-0.22691145573903,2.97242688458428,0.53503683922517,2.73113352678624,1.34971236203724,4.11255469153525,2.41352677575638,0.463418346255744,4.36363520525702
"Kerguelen","KER3","CAT2-S3-1E",163,183.8,184.9,184.3,-0.772430531543015,-0.0772430531543015,5.00982599636989,0.901768679346581,3.41601770553727,2.03269303830988,4.79934237276466,3.71842764368255,2.67617508471169,4.76068020265341
"Kerguelen","KER3","CAT2-S3-1E",165,186.4,187.5,187,-2.53499486657003,-0.253499486657003,2.73009780035025,0.491417604063046,2.60946641866331,1.22598088637424,3.99295195095238,2.18171602597792,0.0697549328138605,4.29367711914198
"Kerguelen","KER3","CAT2-S3-1E",168,190.4,191.5,190.9,-0.624322454393337,-0.0624322454393337,4.8647455859214,0.875654205465851,3.48379211685807,2.09903186233527,4.86855237138087,3.84755734312601,2.89448088464119,4.80063380161084
"Kerguelen","KER3","CAT2-S3-1E",171,194,195,194.5,-0.673396310219938,-0.0673396310219938,2.88304874941437,0.518948774894586,3.46133586900247,2.07707599702161,4.84559574098332,3.80477174780013,2.82217405184398,4.78736944375628
"Kerguelen","KER3","CAT2-S3-1E",174,197.7,198.6,198.1,0.611009721358661,0.0611009721358661,5.18406150796011,0.93313107143282,4.04908141510902,2.64375929837227,5.45440353184578,4.92459564946014,4.67578055334861,5.17341074557168
"Kerguelen","KER3","CAT2-S3-1E",177,201.6,202.7,202.1,-1.81694284161845,-0.181694284161845,3.38162330893391,0.608692195608103,2.93804777779893,1.55847548657496,4.3176200690229,2.80775779190445,1.13265782851987,4.48285775528903
"Kerguelen","KER3","CAT2-S3-1E",181,207,208.1,207.5,-3.93078082274659,-0.393078082274659,2.71576303466311,0.488837346239359,1.97075330233469,0.564740521122729,3.37676608354664,0.964784279397104,-1.99785171707883,3.92742027587303
"Marion Island","PB1","PB1_1A",4,5,6.3,5.7,-0.0126434250564085,-0.00126434250564085,3.63941342589035,0.655094416660263,3.76369708172164,2.37065713851336,5.15673702492991,4.38085661170219,3.79187719699224,4.96983602641213
"Marion Island","PB1","PB1_1A",7,9.8,11.1,10.4,-1.04485500417726,-0.104485500417726,3.1721565175865,0.570988173165571,3.29135598135927,1.91008782479708,4.67262413792146,3.48091129110205,2.27412843170057,4.68769415050352
"Marion Island","PB1","PB1_1A",9,12.6,13.8,13.2,-1.22067087981812,-0.122067087981812,3.18066088045921,0.572518958482657,3.21090245241116,1.83055844823503,4.59124645658729,3.32762423467805,2.01440651172481,4.64084195763129
"Marion Island","PB1","PB1_1A",14,19.4,20.7,20.1,-1.85028356583451,-0.185028356583451,2.78475249092562,0.501255448366612,2.92279102745662,1.5431540587595,4.30242799615373,2.7786893050258,1.08332495893087,4.47405365112073
"Marion Island","PB1","PB1_1A",16,22.3,23.5,22.9,-1.75183205044017,-0.175183205044017,2.63400645930029,0.474121162674052,2.96784254407815,1.58836363537969,4.34732145277661,2.86452537039972,1.22899226867422,4.50005847212521
"Marion Island","PB1","PB1_1A",17,23.7,24.9,24.3,-2.49696035196022,-0.249696035196022,2.52012538832778,0.453622569899,2.62687105240889,1.24372504608716,4.01001705873062,2.21487684701187,0.126074283791714,4.30367941023202
"Marion Island","PB1","PB1_1A",22,30.4,31.6,31,-1.9519490528255,-0.19519490528255,2.40376616020274,0.432677908836494,2.87626879406422,1.49636412664192,4.25617346148652,2.6900511022244,0.932880331207406,4.44722187324138
"Marion Island","PB1","PB1_1A",28,38.5,39.8,39.2,-2.20953574014953,-0.220953574014953,2.35758917553311,0.42436605159596,2.75839685599416,1.37733918894628,4.13945452304204,2.46547124030927,0.551618026312455,4.37932445430609
"Marion Island","PB1","PB1_1A",32,44,45.3,44.7,-2.8167296786245,-0.28167296786245,2.29272741768547,0.412690935183384,2.4805442734094,1.09408574357142,3.86700280324737,1.93608234884505,-0.347469056947319,4.21963375463743
"Marion Island","PB1","PB1_1B",39,46.4,47.6,47,-2.61602465447948,-0.261602465447948,2.27675733087705,0.409816319557869,2.57238710279681,1.18812911578836,3.95664508980527,2.11106929043128,-0.0502347045676199,4.27237328543017
"Marion Island","PB1","PB1_1B",41,49.3,50.5,49.9,-1.84194695472102,-0.184194695472102,2.50480997976448,0.450865796357606,2.92660586943891,1.546986143438,4.30622559543982,2.78595767355896,1.09566052086761,4.47625482625032
"Marion Island","PB1","PB1_1B",42,50.6,51.8,51.2,-1.71991549996181,-0.171991549996181,2.25920778487976,0.406657401278357,2.98244759102556,1.6029985489612,4.36189663308993,2.89235217532392,1.27621060677697,4.50849374387088
"Marion Island","PB1","PB1_1B",44,53.3,54.5,53.9,-1.53022948012038,-0.153022948012038,2.22717791399327,0.400892024518789,3.06924811249575,1.68976060916305,4.44873561582846,3.05773207358562,1.55678224552763,4.55868190164361
"Marion Island","PB1","PB1_1B",45,54.7,55.8,55.2,-1.52240435956612,-0.152240435956612,2.17965116518507,0.392337209733313,3.0728288958621,1.69333186545258,4.45232592627162,3.06455449329916,1.56835443082566,4.56075455577266
"Marion Island","PB1","PB1_1B",46,56,57.7,56.8,-1.22370845894718,-0.122370845894718,2.34581386269925,0.422246495285865,3.20951245301832,1.82918163141531,4.58984327462133,3.32497588701518,2.00991791192224,4.64003386210812
"Marion Island","PB1","PB1_1B",52,64.3,65.4,64.9,-1.76432351044801,-0.176432351044801,2.28048192652219,0.410486746773994,2.96212643888753,1.58263299124596,4.3416198865291,2.85363454994303,1.21051134177794,4.49675775810811
"Marion Island","PB1","PB1_1B",54,66.9,68.1,67.5,-2.02517318231402,-0.202517318231402,2.23881348932724,0.402986428078903,2.84276135567146,1.4625981487313,4.22292456261161,2.62620981811059,0.824510678386683,4.42790895783449
"Marion Island","PB1","PB1_1B",57,70.8,72,71.4,-1.77381246734539,-0.177381246734539,2.34277857542388,0.421700143576299,2.95778428226687,1.57827871887736,4.33728984565639,2.84536149572633,1.19647232527974,4.49425066617292
"Marion Island","PB1","PB1_1B",62,77.7,78.9,78.3,-2.21904215486689,-0.221904215486689,2.29934341864813,0.413881815356663,2.75404671065678,1.37293348007461,4.13515994123895,2.45718296529509,0.537545207440002,4.37682072315018
"Marion Island","PB1","PB1_1B",64,80.4,81.5,81,-2.50462897141177,-0.250462897141177,2.09510626214422,0.37711912718596,2.62336188411116,1.24014860811145,4.00657516011087,2.20819087455188,0.114719159964572,4.30166258913919
"Marion Island","PB1","PB1_1B",65,81.7,82.8,82.3,-2.17383215807054,-0.217383215807054,2.23373114868923,0.402071606764062,2.77473485257082,1.39387760266188,4.15559210247976,2.49659981149621,0.604470593880104,4.38872902911231
"Marion Island","PB1","PB1_1B",66,83,84.1,83.6,-2.08379506874913,-0.208379506874913,2.20104451130764,0.396188012035376,2.81593591900307,1.43552608173784,4.19634575626831,2.57509966448592,0.737744941646896,4.41245438732494
"Marion Island","PB1","PB1_1B",67,84.3,85.4,84.9,-2.08300022066537,-0.208300022066537,2.14971499655575,0.386948699380035,2.8162996423192,1.43589338478261,4.1967058998558,2.57579266176287,0.738921429063018,4.41266389446273
"Marion Island","PB1","PB1_1B",68,85.6,86.6,86.1,-2.49797559780207,-0.249797559780207,2.10416151573551,0.378749072832391,2.62640647484768,1.2432515971408,4.00956135255456,2.21399169346088,0.124570986818368,4.30341240010339
"Marion Island","PB1","PB1_1C",77,89.2,90.3,89.7,-2.28374559589917,-0.228374559589917,1.95409357330632,0.351736843195137,2.72443834823127,1.3429223622284,4.10595433423414,2.40077053962426,0.441757971990646,4.35978310725787
"Marion Island","PB1","PB1_1C",79,91.8,92.9,92.4,-2.51733487437858,-0.251733487437858,1.90626110500668,0.343126998901203,2.61754764959777,1.23422159738106,4.00087370181448,2.19711308958,0.0959050514338808,4.29832112772612
"Marion Island","PB1","PB1_1C",81,94.5,95.6,95.1,-2.24714800332572,-0.224714800332572,1.92303123997678,0.34614562319582,2.74118544494712,1.35990252898091,4.12246836091333,2.43267856395563,0.495937939135153,4.3694191887761
"Marion Island","PB1","PB1_1C",84,98.5,99.6,99.1,-2.00095617285425,-0.200095617285425,1.94472825831999,0.350051086497597,2.85384308457965,1.4737714724174,4.2339146967419,2.64732369125742,0.860352275550888,4.43429510696396
"Marion Island","PB1","PB1_1C",86,101.2,102.3,101.8,-1.92478244238023,-0.192478244238023,2.04046693837933,0.36728404890828,2.88870026347455,1.50887751969302,4.26852300725608,2.71373661829622,0.9730835461735,4.45438969041894
"Marion Island","PB1","PB1_1C",87,102.6,103.7,103.1,-1.80769093795011,-0.180769093795011,1.94595425416566,0.35027176574982,2.94228145861355,1.56272509118213,4.32183782604496,2.81582416858669,1.14634704444289,4.4853012927305
"Marion Island","PB1","PB1_1C",88,103.9,105,104.4,-1.98555385785168,-0.198555385785168,1.88275181993462,0.338895327588232,2.86089120006643,1.48087471252211,4.24090768761075,2.66075237350954,0.883147409731615,4.43835733728747
