Location,Site,Section,sample,min_depth,max_depth,midpoint,SH20_age,kcps,cps,MSE,K,Ca,Ti,Mn,Fe,Co,Ni,Cu,Zn,Rb,Sr,Zr,Mo_inc,Mo_coh,coh_inc,K_sd,Ca_sd,Ti_sd,Mn_sd,Fe_sd,Co_sd,Ni_sd,Cu_sd,Zn_sd,Rb_sd,Sr_sd,Zr_sd,Mo_inc_sd,Mo_coh_sd,coh_inc_sd,K_ICP_clr,Ca_ICP_clr,Ti_ICP_clr,Mn_ICP_clr,Fe_ICP_clr,Co_ICP_clr,Ni_ICP_clr,Cu_ICP_clr,Zn_ICP_clr,Rb_ICP_clr,Sr_ICP_clr,Zr_ICP_clr,K_ICP_sd_clr,Ca_ICP_sd_clr,Ti_ICP_sd_clr,Mn_ICP_sd_clr,Fe_ICP_sd_clr,Co_ICP_sd_clr,Ni_ICP_sd_clr,Cu_ICP_sd_clr,Zn_ICP_sd_clr,Rb_ICP_sd_clr,Sr_ICP_sd_clr,Zr_ICP_sd_clr
Bird Island,BI10,BI10.1,1,0,1.1,0.6,-55.49090909,20689.81818,52220.36364,1.329090909,-2.98103716,-0.767578792,-2.345884202,-1.946560243,4.155324006,-0.803575425,0.703849506,-0.251610327,-3.185062353,-2.78558991,-2.321797533,2.225453996,6.112981185,4.191087251,0.146376585,9.831304362,15.8113883,17.90581419,11.56955252,835.9219298,58.91087259,26.46163604,47.18262392,18.15488915,39.54950867,47.40272336,126.0430662,1611.558568,191.8406062,0.003886984,3.885927429,3.750951993,1.3057106,-0.073203654,5.944315562,-3.900669272,-2.695346028,-2.12480117,-0.467990682,-2.771012361,-0.319028974,-2.534853442,6.957609866,3.879913655,1.395007005,0.008712644,5.878009557,-3.903310362,-3.210163181,-3.210163181,-2.111550892,-3.903310362,-0.074668965,-1.706085784
Bird Island,BI10,BI10.1,4,3.9,5,4.5,5.216666667,24515.91667,60507.16667,1.321666667,-2.755921689,-0.894428333,-2.502278318,-1.163270891,3.908789392,-0.41443066,0.849372726,-0.118906829,-3.922213837,-1.940861951,-3.507188195,2.177893464,6.103974465,4.179470656,0.145989152,8.979353422,12.12404323,12.82634599,18.95608961,710.0685573,41.30476163,34.79322034,46.75557008,0,72.09148229,7.216878365,114.7443799,654.3573009,185.3877795,0.003613515,3.842318353,3.891430457,1.030659169,-0.019162955,5.792405662,-3.625804311,-2.256094078,-2.16964027,-0.824839141,-2.92609973,-0.130493638,-2.604679518,7.374311474,3.947943354,1.11473001,0.42158283,4.410566876,-4.183587356,-2.797292995,-3.490440176,-0.657226832,-3.490440176,-0.546001196,-2.104145815
Bird Island,BI10,BI10.1,10,11.7,12.8,12.3,132.0833333,21782.66667,52798.33333,1.291666667,-2.505148149,-0.23111857,-1.888550623,-2.100589775,2.82080103,-1.633479576,1.016599899,-0.405780057,-3.166269882,-2.636462172,-2.745337407,2.584437106,6.414675565,4.476222613,0.143955505,8.558178792,15.82001034,7.786935446,12.28789747,185.3448874,34.65796074,24.60028948,53.7623136,12.70170592,44.55937476,24.83445188,127.6639766,1322.154016,252.6443782,0.003010999,3.483158696,3.983050981,1.972261984,-0.248702581,4.419822994,-3.300004706,-2.589859949,-2.096603493,-1.224140985,-2.378015953,-0.022321034,-1.998645955,7.090541924,4.206926948,2.319857299,0.017272206,4.602239685,-4.58789798,-3.894750799,-3.201603619,-2.508456438,-2.285312887,0.056492919,-1.815309258
Bird Island,BI10,BI10.1,22,26.7,27.8,27.2,382.8666667,21759.58333,52292.16667,1.33,-3.167689593,-0.386396844,-1.848938187,-1.896329693,2.103870805,-1.808746923,0.10809045,-0.87552325,-1.086096427,-1.86475888,0.283182209,1.524601401,5.412667964,3.502066967,0.148022999,9.208033383,20.78224038,13.74083717,8.639233973,127.3064485,34.22341924,17.30650605,47.77686457,60.62471493,79.60394386,60.54368571,91.05954595,1078.149453,98.40650847,0.003202734,3.715418217,3.961938836,2.180188835,-0.701814674,3.630671515,-4.639155487,-2.843131619,-1.861770593,-0.375994204,-1.851194079,0.007533886,-1.222690633,6.799778663,4.138645382,1.972192464,-1.11884999,2.906501701,-5.030872995,-3.239113526,-2.140501237,-0.243381252,-2.632977722,-0.600056196,-0.81136529
Bird Island,BI10,BI10.1,30,36.3,37.2,36.7,541.72,22119.4,57449,1.346,-2.740641009,-0.30241259,-1.418930394,-1.964979555,3.300910602,-0.773030156,-0.331505888,-0.828806928,-1.472979162,-2.515706873,0.126757141,0.990172415,4.881098103,3.050054293,0.160262792,22.63748121,27.90877998,27.37821518,17.53377693,1003.562881,53.02368444,38.55443482,51.66827954,26.91323508,37.44922488,106.5574441,107.0252307,967.395593,126.3232186,0.00242683,4.177054782,3.509523111,2.050777779,-0.534239142,4.29709705,-2.824068103,-3.244995705,-2.296702242,-1.030975301,-1.766305606,-0.51708974,-1.820076884,7.373298131,3.708982621,2.48520719,-1.609137372,2.58051737,-3.911722465,-4.134866017,-3.3239358,-1.10231977,-1.10231977,0.035667684,-0.999371801
Bird Island,BI10,BI10.1,34,40.9,41.9,41.4,618.7,23491.90909,61638.18182,1.349090909,-3.156067766,-0.062600474,-1.81133849,-1.749503269,4.065444657,0.32376374,0.211139681,-0.302331379,-3.04005716,-4.270946483,-0.682451987,1.515214948,5.412351494,3.547382488,0.154934023,8.141922936,21.74898117,12.9340987,17.27057403,985.4789791,60.44802426,38.94448263,51.50145629,19.22167337,9.902249515,98.66794635,100.5160322,1249.597652,167.3362429,0.003348951,3.955764376,3.711772129,2.005960647,-0.328331197,5.114725491,-3.765747092,-3.027694408,-2.109409657,-0.909588887,-2.28395278,-0.354096533,-2.009402089,6.870196761,2.474376804,1.25798148,-1.514607243,4.337595237,-4.040335887,-3.124045155,-2.430897975,-1.207122543,-3.229405671,0.054008675,0.552255517
Bird Island,BI10,BI10.2,45,44,45,44.5,670.06,23876.4,60911.7,1.358,-3.217537635,-0.167829959,-2.06170206,-2.44024756,3.130644953,-0.487779104,-0.297864024,-0.73909852,-0.114937323,-3.012761494,0.213719166,1.07951738,4.986909629,3.12896655,0.156005654,7.572611468,30.23978248,14.82640288,16.00694294,1156.003537,73.9541149,38.77929001,30.11016809,53.05091894,51.60415573,85.43750152,126.1787092,801.7086545,145.3142572,0.002073748,5.301169806,3.482641142,2.202372633,0.406280546,4.353895057,-3.953157453,-3.573090535,-3.287017474,-1.657492803,-0.877623639,-0.695121201,-1.70285608,8.257517156,3.327568985,1.423331532,0.576033672,2.421860363,-5.127748803,-4.722283695,-3.741454442,-2.35516008,-0.48817719,-0.256375576,0.684888077
Bird Island,BI10,BI10.2,51,51.9,52.9,52.4,800.2454545,24296.54545,57427.36364,1.319090909,-3.113580671,0.435687656,-2.721570361,-1.546552115,2.086180908,-1.095407209,0.586172163,-0.078672035,-3.911169966,-3.195706507,0.793750601,1.960324151,5.8529021,3.947641286,0.148821988,8.412112479,15.58437446,14.03890698,16.98716093,180.1123892,35.1692014,31.43044268,36.71908099,10.8544084,61.23605593,99.87519485,95.6230288,298.8807302,161.2279583,0.003551217,2.95210332,3.986177088,0.843199746,-0.838558828,5.314439789,-2.028346997,-2.594882209,-1.439647864,0.174664144,-3.199984421,-0.155281625,-3.013882142,6.016363954,3.786982265,0.953768921,-0.43252544,4.865791927,-3.091785477,-3.245936157,-2.552788976,-0.526836119,-3.428257713,0.295023167,-2.639800353
Bird Island,BI10,BI10.2,54,55.3,56.3,55.8,856.1454545,24361,56855.45455,1.398181818,-3.541231519,0.470610208,-2.916368729,-1.309904276,2.049692728,-1.765673706,0.794082135,0.060786091,-3.054178898,-2.703517641,-0.364787397,2.134921064,6.030930878,4.114639063,0.147191486,7.751832628,17.37239189,9.277538859,15.54348738,82.92022453,34.7000131,31.40787394,54.47635016,22.21260903,36.03634529,97.45460482,63.17407408,466.7517541,176.81742,0.003572464,4.678903659,3.517640037,2.170167309,0.082286899,4.548827975,-3.641078732,-3.542583836,-2.877652957,-1.343418024,-1.313886609,-0.344787128,-1.934418593,5.907766778,3.573959911,2.24862625,0.355084086,4.725435689,-3.753649214,-1.712993697,-3.278225517,-1.871863593,-1.783197956,-1.616143871,-2.794798867
Bird Island,BI10,BI10.2,62,64.4,65.4,64.9,1005.718182,22100.09091,54142.18182,1.27,-2.934869808,-0.178227184,-2.009621066,-1.940706222,2.086896423,-1.502082702,-0.494394775,-1.00806285,0.427841346,-1.782491553,0.552432147,0.982776492,4.821220332,2.979289421,0.158576434,20.3951866,43.27922029,47.76685804,34.30160346,263.6502504,18.13334447,28.72281323,61.3413697,70.33116469,115.2347801,175.5829252,100.4752344,1545.351746,213.911239,0.004789498,2.526259961,4.428608191,1.180603246,-0.629013841,3.524364253,-3.801676822,-2.20653415,-0.441749564,0.451966436,-2.970171209,0.343095068,-2.405751568,6.14990807,4.411173069,0.841640372,-0.544653989,2.451078285,-4.456676994,-2.377235452,-1.748626793,-0.152611901,-3.070382633,0.31400763,-1.817619664
Bird Island,BI10,BI10.2,67,70.1,71.2,70.6,1100.566667,23119.33333,56701.33333,1.278333333,-2.548330472,0.411616025,-1.920278553,-1.909281411,2.082164339,-1.649347594,-0.143628543,-0.518776147,-0.919937033,-3.083746982,0.555281688,1.261748273,5.13442516,3.24809125,0.151652695,15.43976566,65.15133897,15.05218196,19.22277689,370.9987646,34.10978265,27.53001117,37.59916182,57.90188933,52.90894122,84.36931799,140.3411428,738.9956124,154.9589388,0.002941087,3.718452206,3.875192918,2.034599255,-0.761850248,3.500029052,-3.835544063,-3.454116582,-1.639412084,0.32778245,-1.82606111,-0.114985017,-1.824086776,6.806945112,3.029696508,1.598950384,-1.49209207,1.909105312,-4.710967894,-3.458204926,-1.907607513,0.101216461,-2.146018537,-0.126000416,0.394977579
Bird Island,BI10,BI10.2,71,74.7,75.8,75.2,1174.816667,22181.16667,53873,1.321666667,-2.700088521,0.200484102,-1.580914705,-1.641241285,2.33362536,-0.802414451,0.13118701,-0.037418378,-3.838226513,-3.096244757,0.702221951,1.494671408,5.366128758,3.468230023,0.149898092,11.17186672,43.05915593,15.33934335,11.95033916,256.1572079,37.82044901,31.0779811,43.34918125,20.16297236,51.91681867,105.8148755,131.1583591,748.5769327,163.8199307,0.00220137,2.959191319,4.170637396,1.507445704,-0.799477791,3.586616646,-3.915169379,-2.730499327,-1.099995512,0.316874756,-2.573995453,0.116812941,-1.538441301,6.669804306,2.644452616,1.465797619,-0.613643922,3.446799088,-4.525666928,-2.916229015,-3.427054639,-0.63384663,-2.040760278,0.504770993,-0.574423209
Bird Island,BI10,BI10.2,81,86.5,87.5,87,1349.672727,22325.90909,53674.81818,1.295454545,-3.521603581,0.01079248,-2.258125724,-1.652998181,2.047103493,-1.297309825,-0.024513994,-0.256728867,-1.386386755,-2.272744692,0.589661121,1.403687415,5.261386313,3.357780797,0.149104333,11.84367879,28.00811571,15.98294546,13.96033342,299.3849756,50.73030294,44.4147805,48.62584423,45.61419237,38.75845949,102.3654771,98.45451188,1029.405345,242.7893588,0.004918526,4.270681188,3.899375259,2.393327418,-0.465238747,3.444400467,-4.409522615,-3.449921185,-1.622439043,-1.089096804,-1.385107301,0.045110573,-1.63156921,7.576266293,3.480829431,2.588831392,-0.630044433,3.033517213,-5.235214619,-4.542067438,-2.527164418,-2.596157289,-0.986719377,0.336939413,-0.49901617
Bird Island,BI10,BI10.3,88,84.8,85.8,85.3,1324,21329.45455,51592.63636,1.240909091,-4.097416061,0.410601104,-2.213188531,-2.217993326,2.006918477,-1.323520317,0.379577558,-0.172213496,-2.331685231,-2.50298836,0.923038555,1.816348734,5.610294096,3.712226797,0.149911105,5.005451573,26.12417898,17.85140687,15.15495718,119.6334553,34.65623386,16.93785432,34.92121002,39.97340025,67.97111686,88.63531002,62.34551817,896.363522,199.4965937,0.004174895,3.361476583,4.202804276,1.677980389,-0.633338384,3.554187565,-3.720878207,-2.89974382,-1.065201505,-0.50154095,-2.088625617,0.198502281,-2.085622611,6.910299799,4.268185921,0.712837859,0.019690679,2.504597329,-3.486867218,-2.976041595,-0.824279391,-1.218183677,-3.892332327,-0.32279963,-1.695107749
Bird Island,BI10,BI10.3,95,93,94,93.5,1444.545455,21085,51886,1.319090909,-2.31786861,0.052571744,-1.002657175,-1.609726401,2.608200541,-1.578433371,-0.131948364,-1.114200482,-4.161120123,-1.390769133,0.957570648,1.296000013,5.124094295,3.268286417,0.156443694,16.8598501,36.4280112,72.27975952,22.839758,725.0415537,38.72326057,23.19208329,68.64612814,10.01453489,83.24279931,307.6992924,85.4977937,2260.375291,279.3658728,0.006363537,3.243844587,4.008555253,1.60065915,-0.711876273,4.534358013,-3.057020981,-2.84331311,-1.579376841,-0.52997147,-2.476020576,-0.019813013,-2.170024738,6.534983736,2.321798497,0.781353456,-0.317258833,4.21534066,-2.97651887,-2.97651887,-2.842987477,-0.578623597,-3.312991106,0.410289775,-1.258867373
Bird Island,BI10,BI10.3,98,96.3,97.3,96.8,1492.281818,20358.09091,49648.18182,1.288181818,-2.059959826,-0.206211053,-1.195772598,-1.582314115,2.469630267,-1.327276732,-0.197228957,-1.245024543,-4.298027765,-0.662501423,0.979253337,1.21650943,4.960857848,3.14806613,0.163261797,24.97926413,43.64693054,24.39038559,16.42116151,344.6869462,38.94985121,20.99177328,41.05960191,33.31147768,105.1655837,135.9481184,86.34865899,2511.390484,285.0955821,0.004797626,3.413577765,4.187903802,1.725601213,-0.618694368,4.256361582,-3.318445766,-2.839528811,-1.673289771,-0.874782075,-2.336583989,0.114474487,-2.036594069,6.618618777,4.045544012,0.954501559,-0.83725791,4.014772354,-4.056133735,-3.362986555,-2.552056338,-1.571227085,-1.753548642,-0.216681423,-1.283545013
Bird Island,BI10,BI10.3,104,103.2,104.2,103.7,1595.6,23485.90909,56468.36364,1.455454545,-2.848256558,0.225085678,-1.809829613,-1.390255008,2.035278905,-1.225412266,0.076979925,-0.722867185,-3.021462612,-2.674741097,0.97913937,1.516927588,5.383780434,3.475632437,0.148378059,18.67764828,55.96086295,77.92747211,9.595453469,562.2788373,29.1454035,19.98726868,42.24753893,30.60748572,72.52911641,137.9138071,104.60332,552.6917767,162.0747302,0.002752184,2.977514681,4.582028208,1.804632464,-0.43426481,3.309968831,-3.955108665,-2.764899207,-1.319654943,-0.461657874,-2.448636057,0.56087643,-1.850799056,6.560686835,4.246691675,2.08172796,0.135817811,3.468022321,-4.469352375,-3.776205195,-2.523442226,-1.25047655,-2.166767282,-0.972844814,-1.333858159
Bird Island,BI10,BI10.3,114,114.9,115.9,115.4,1769.918182,23787.45455,60059.36364,1.378181818,-3.64131878,0.20302951,-2.044209984,-1.687082046,3.751747299,-0.280436011,0.307497821,-0.253382299,-4.212919918,-3.234424969,0.222314606,1.659629869,5.553444874,3.656110028,0.149992787,9.201778484,31.02374457,21.72681628,13.0648731,810.6680971,51.37208297,29.92657682,45.84935808,5.125692858,44.28769581,87.07593342,82.28774348,428.9103106,141.9909088,0.002882752,3.012276444,4.191961329,1.436060372,-0.772495771,5.237576622,-4.004275001,-2.681653735,-0.696009677,-0.858109524,-2.637653405,0.111589582,-2.339267237,6.737088496,4.543342183,1.07760628,-0.308688081,1.993897012,-3.527563906,-3.527563906,-1.918125994,-1.735804437,-2.834416726,0.776501187,-1.276272108
Bird Island,BI10,BI10.3,120,121.8,122.7,122.3,1872.71,23463.2,55879.5,1.243,-3.642737236,0.259012139,-2.4493088,-2.139959019,2.255976256,-1.620885718,0.457595324,0.130094483,-1.762513409,-2.816544807,-0.077376729,1.879422568,5.723936829,3.803288119,0.146557429,9.393259995,22.80570104,12.68595023,19.3186726,564.7396647,38.44028558,31.25184439,40.04441978,30.39389559,63.36499209,55.86849639,54.88260198,1115.395301,212.4897122,0.003832888,2.394096654,4.452453634,1.130291983,-0.666662303,4.219448533,-4.433503298,-2.255991262,0.008511826,0.333854681,-3.18074033,0.386669281,-2.3884294,5.879290455,4.557534615,0.773344981,-0.61294938,3.793769868,-4.524972385,-2.733212916,-0.481921117,0.119418514,-3.831825205,-0.811400318,-2.127077112
Bird Island,BI10,BI10.4,135,129.4,130.4,129.9,1986.590909,23205.09091,65119.72727,1.433636364,-4.15428208,-0.025828833,-1.897761801,-1.792469805,4.215537952,-0.307703865,-0.163893618,-0.381273595,-1.283014457,-3.961341917,0.082243019,1.248166144,5.135268579,3.286354276,0.157428366,8.223027534,29.26120609,25.22228452,20.65121612,1662.979243,65.16259384,44.13120932,39.96839661,51.89815201,23.06078923,93.6843831,87.99814048,780.3019695,161.467869,0.002657515,2.899277721,4.13509634,1.492668719,-0.86619721,3.50889756,-4.50378337,-2.255654463,-0.155701391,0.333688305,-2.56504171,0.109354986,-2.132605485,6.294433448,4.436792274,1.513630693,-0.7889544,2.676781503,-5.394124586,-3.602365116,-1.756538426,0.335975197,-2.503752828,-0.066248417,-1.145629344
Bird Island,BI10,BI10.4,145,141,142,141.5,2162.972727,23972.81818,57889.27273,1.315454545,-3.653490112,0.061864966,-2.498186672,-2.133732839,2.640492611,-2.069308825,0.199013101,-0.15842762,0.015197616,-3.744846039,0.716008516,1.628701217,5.4501337,3.54658038,0.149073162,7.427222655,29.27580447,20.57315108,17.52712184,426.8826111,62.67985032,40.84939078,39.82278927,48.85172371,34.36515148,90.5179038,77.03092649,498.626003,178.5463525,0.003382222,3.796109549,3.809869972,1.459132267,-0.849205479,5.711743582,-3.473374196,-2.831939216,-1.095450361,-1.189531285,-2.519087741,-0.286846205,-2.531420888,6.987467108,2.845214605,0.647990028,-0.738304333,5.13099258,-3.040889426,-3.55171505,-2.011270009,-1.249129957,-2.858567869,-0.401832097,-1.759955581
Bird Island,BI10,BI10.4,155,152.7,153.8,153.2,2335.408333,23105.16667,59388.66667,1.445,-4.860920341,-0.270573969,-2.577584334,-1.974289067,3.531672704,0.039681234,0.03763867,-0.123113493,0.422678539,-3.971495189,-0.350001563,1.422426411,5.268538001,3.405342397,0.155222517,7.796658181,21.93516618,13.78707124,18.55928257,1804.052364,73.49252693,43.51036101,48.11066788,87.61014712,36.67909569,95.65594914,112.9388075,461.5002134,152.3157357,0.003991243,3.568874443,3.70890833,1.9858931,-0.64191357,3.651183091,-4.837610626,-3.21703497,-0.847294135,-0.082986487,-2.025320537,-0.264798357,-0.997900283,6.492731904,3.475608441,2.167275621,-0.828456653,3.682402854,-6.126774019,-4.740479658,-1.822708926,-0.409746318,-2.137789973,-0.789235939,1.037172665
Bird Island,BI10,BI10.4,165,164.8,165.8,165.3,2517.272727,22003.36364,55622.63636,1.340909091,-3.143726977,0.222497083,-1.350697541,-1.71820176,3.065693811,-1.101130115,-0.086456223,-0.500293347,-1.201099481,-4.139606004,0.341748333,1.257741544,5.11365292,3.239877758,0.153574041,29.26524467,40.17235594,60.43839839,17.73747958,2883.757877,54.66692535,32.16915519,62.8258777,72.57585374,30.47711511,66.89666387,120.6673112,1155.963361,195.2973956,0.003237462,3.033685486,3.733054356,0.632217505,-1.143916646,5.895458316,-2.085525186,-2.119488426,-0.840887824,0.092770959,-3.455847602,-0.457770661,-3.283750279,5.828818958,3.307354713,1.066645024,-0.542792889,5.857464557,-2.750067802,-4.049350786,-1.410293456,-1.02082869,-3.538525162,-0.085368042,-2.663056425
Bird Island,BI10,BI10.4,168,168.4,170,169.2,2576.011765,23517.94118,58045.35294,1.348823529,-3.203567711,-0.094718444,-1.711337504,-1.569770859,3.125340925,-1.317341657,-0.089790432,-0.699012765,-1.454294723,-2.807521928,0.188687262,1.19978962,5.157469227,3.276068989,0.152447822,10.46879115,30.48179302,36.85085201,14.91668036,425.4353825,58.15654584,36.42982779,45.56435333,47.6233692,47.87022899,104.5204736,98.3311482,646.1320606,215.9295228,0.004793828,4.335357158,3.161542258,1.743995354,-0.228943468,5.239155206,-2.967594109,-3.109229274,-2.091360599,-0.619452485,-1.852869388,-0.820490619,-2.790110035,6.782858341,3.525006811,0.665985583,-0.838091814,4.92080996,-3.497351851,-2.525491267,-1.902302676,-1.348917437,-2.129075995,-1.180582123,-2.472847534
Bird Island,BI10,BI10.5,181,174.6,175.6,175.1,2667,23704.54545,59517.81818,1.359090909,-3.040490464,-0.144380769,-1.825562862,-2.166300284,3.240903541,-0.703907893,-0.109656646,-0.532764301,-1.032199624,-3.298664406,0.158965752,1.200597504,5.054404383,3.199056067,0.156416456,26.5603943,45.61000688,39.01817758,14.71610126,887.9271469,45.50923982,26.90488296,33.82038116,47.13462344,32.15671851,116.1871531,109.0128433,698.4810403,165.7784392,0.00248921,2.596527968,4.19902869,0.899786323,-0.815987239,5.908284833,-2.617058219,-2.385969944,-1.082751413,-0.251366575,-3.589552047,0.027680347,-2.888622726,5.9409318,3.985847275,0.957325178,-0.834434291,5.05166974,-2.954697827,-2.107399967,-1.162938358,-3.647845008,-3.360162935,0.105572967,-1.973868574
Bird Island,BI10,BI10.5,191,186.6,187.6,187.1,2847.454545,21510,58730.81818,1.32,-3.822882728,0.149064013,-1.578692681,-2.067155911,4.129010163,0.096284103,-0.034185471,-0.225023624,-3.157734639,-4.324236259,0.762310139,1.361393788,5.279515553,3.432333554,0.157757844,8.933084574,49.10656316,18.40158096,22.27024105,2059.334615,65.5932369,43.17006539,60.12366045,25.11102619,49.01892028,79.49190925,90.36481616,652.108552,199.2370904,0.005194461,4.166850123,3.545830779,1.650951293,-0.365044027,5.109943713,-3.453466963,-3.442733408,-1.80280426,-0.628753458,-1.989345962,-0.388681868,-2.402745962,7.017997659,3.743333607,1.981427101,-0.851786243,4.637151483,-4.070662068,-3.66519696,-2.461224156,-2.238080604,-1.960448868,0.233403025,-2.365913976
Bird Island,BI10,BI10.5,194,190.3,191.3,190.8,2903.109091,21500.09091,61427.81818,1.414545455,-3.915012003,0.081777014,-1.884185343,-1.924883375,4.588956003,0.341892014,0.056228076,-0.201492627,-3.554229771,-4.082519882,0.141849575,1.433538917,5.367925184,3.550156219,0.162441652,5.243177385,38.34318714,18.34715732,14.69879401,2073.301728,46.17023835,38.69390368,43.96196703,12.13334998,24.40007452,73.97358251,90.34610219,762.2013335,147.2387671,0.004380893,4.508689962,3.723867313,2.239143547,0.0414637,4.664707278,-4.0870651,-3.852284686,-2.162463619,-1.135021521,-1.37969367,-0.65554338,-1.905799824,7.557833933,3.378475292,2.160317853,-0.884204585,4.486433443,-4.390762482,-4.10308041,-4.10308041,-2.193537905,-1.070534163,-0.02131463,-0.816545936
Bird Island,BI10,BI10.5,197,194,195,194.5,2954.418182,21368,63253.63636,1.329090909,-4.094101806,0.008911621,-1.776248232,-2.335887629,4.507270285,-0.136864877,-0.057781072,-0.425975936,-2.290553338,-3.068412483,0.116216134,1.119835705,5.130668569,3.302923061,0.160814896,7.846249828,48.77928025,14.71610126,19.45951508,2894.783311,78.00104894,24.1679728,52.63545297,28.10111612,41.80735038,92.71549836,114.0774059,692.400646,152.3169542,0.003733565,3.404677749,3.855898803,1.455531002,-0.818715133,5.167441233,-3.289022983,-3.127199948,-1.193836481,-0.164782783,-2.498985844,-0.259940034,-2.531065579,6.484592081,3.966031926,0.633827416,-0.752466945,5.096857835,-3.411726982,-3.748199219,-2.872730481,-0.891729012,-1.923649927,-0.657156765,-1.923649927
Bird Island,BI10,BI10.5,202,199.9,200.8,200.3,3041.911111,20677.77778,62829.77778,1.47,-3.600445501,0.014952426,-1.679171112,-1.746813185,4.415664142,-0.266132441,-0.299887337,-0.643156013,-2.679498108,-2.436238499,0.166562437,0.875714339,4.826399408,3.052049444,0.169655698,5.722761571,48.16378307,17.7270979,13.97318861,5465.668885,49.56757453,15.68792883,38.84727933,13.60555442,53.25828052,45.45327271,105.3831633,1836.138301,193.7335656,0.004830661,3.029156335,3.936454048,0.718940853,-1.002975042,6.420365942,-2.820785189,-2.353718419,-0.519814301,-0.237728709,-3.804551301,-0.288625654,-3.076718563,5.712994068,2.440826946,0.595000256,-0.503612033,6.246319161,-3.499344306,-3.722487858,-0.702062972,-0.554905327,-3.16287207,-0.225980296,-2.623875569
Bird Island,BI10,BI10.6,218,209.5,210.5,210,3183,22777.27273,67689.90909,1.406363636,-3.203788249,-0.249108808,-2.059652328,-2.228545514,4.114585309,-0.770715549,-0.575907815,-0.983420714,0.4911242,-2.65718517,-0.036792971,0.701042935,4.642010099,2.816354574,0.161179198,7.659812483,68.29241938,15.02906275,18.6445215,2347.554739,70.78893082,26.83417089,24.2160728,90.15915221,56.85387969,113.0303258,67.41931204,1415.962943,168.6542995,0.004940452,4.372668661,3.217867468,1.563070306,-0.520245708,5.981314383,-3.129322205,-3.329524187,-2.061850841,-0.0581146,-2.354770051,-0.890049943,-2.791043283,6.804072937,3.729482088,1.975462947,0.065920442,6.093596371,-3.035172347,-3.622959012,-3.092330761,-2.981105126,-2.141354471,-1.005563179,-2.790049889
Bird Island,BI10,BI10.6,228,221.4,222.4,221.9,3362.6,22133.63636,59188.27273,1.385454545,-3.65114996,-0.260421572,-2.124661505,-2.193445429,3.556351056,-0.961016443,-0.470385575,-0.779509548,0.685136634,-2.550094407,0.130148861,0.895769031,4.794232738,2.92904612,0.15488026,9.819276033,23.62240847,9.904085475,14.80724638,1181.277637,50.92365052,25.06935833,35.59851887,173.5398828,29.21425555,72.5190884,57.94840966,931.7696555,111.8931308,0.002108052,3.094482381,3.891847693,0.912883122,-0.846836993,5.589010141,-2.780658345,-3.02744366,-1.053229734,0.838234753,-3.334450005,-0.237071422,-3.046767932,6.065045913,3.906248713,1.384974419,-1.505397339,5.449241526,-3.114835251,-4.724273164,-1.410087159,-0.681221896,-3.019525072,0.071517382,-2.421688071
Bird Island,BI10,BI10.6,239,234.2,235.2,234.7,3550.090909,21143.36364,63280.36364,1.398181818,-4.250067985,0.068764122,-1.986597085,-2.033627438,4.344924345,-0.276025549,-0.316000339,-0.628037692,-1.969196272,-2.050705404,0.309879811,0.917453441,4.842373852,3.026862193,0.162813335,9.811866656,48.52084838,12.40527747,10.36339713,2049.580108,59.16556124,25.07733493,32.78746989,27.4911556,32.13833734,81.42414205,68.29681212,438.7403457,126.3430395,0.004598313,2.914758144,4.109236477,1.193824727,-0.840496379,5.479636927,-2.942945679,-2.732401229,-0.479126591,-0.891996093,-3.261600073,-0.011944562,-2.536945669,5.974104748,3.073037701,-0.360949504,-1.054096685,4.64968579,-2.886678148,-2.401170332,-0.761427071,-0.46631002,-3.579825329,-0.053464804,-2.132906346
Bird Island,BI10,BI10.6,247,243.9,245,244.5,3699.925,21494.83333,55564,1.42,-4.256082072,-0.23082471,-2.556926352,-2.308881468,3.866164106,-0.603610895,0.114788673,-0.3308368,-2.024673521,-2.228025374,0.109544072,1.474853556,5.430478926,3.544031859,0.151656429,7.178988702,30.75255594,13.67894866,18.08984312,1775.903106,54.33621483,33.42687632,51.19918027,45.51215289,38.3875769,53.55618686,83.30047837,694.6642256,120.8511168,0.003910051,2.823967414,3.743327987,0.66704202,-0.865680975,6.091025627,-2.265606279,-2.475888415,-0.278663837,0.406669126,-3.92821073,-0.485349603,-3.432632335,5.46245187,4.086702422,0.510152153,-0.876142208,6.035605092,-2.436789957,-2.842255065,-1.050495596,-0.645030488,-4.095018033,-1.232817152,-2.916363037
Bird Island,BI10,BI10.7,259,250.7,251.7,251.2,3790.45,22053.5,55644.7,1.456,-3.495657544,0.389741246,-2.277184901,-1.608783719,3.71037612,-1.11681868,0.270405969,-0.737762636,-4.284921424,-2.58353057,0.7223222,1.674117752,5.617976239,3.719719947,0.149871289,7.140650453,30.89498341,17.58313586,9.766723549,1085.896808,45.29459129,35.87261413,50.22847798,0,50.00455535,84.42906293,84.16419138,409.0313897,142.4373547,0.003718036,3.287049283,4.348081487,1.452730199,-0.677242151,5.685785952,-4.400864554,-2.884517065,-0.894912901,-0.99597031,-2.775394234,0.227173472,-2.371919176,6.064089462,4.532861076,0.534660374,-0.851633987,4.272329993,-4.070509812,-3.377362631,-1.767924719,-0.851633987,-2.124599663,-0.369207838,-1.99106827
Bird Island,BI10,BI10.7,271,265,266,265.5,3978.945455,21318.45455,65289.27273,1.384545455,-3.75135427,0.038398773,-2.150636364,-1.994852375,4.633239397,0.173221687,-0.112556234,-0.478604564,-0.854210216,-4.601348563,-0.260139759,1.113730924,5.028574447,3.216537117,0.16333933,9.678467196,36.36156812,18.74760591,20.59655752,2571.744933,66.12866247,37.08908195,69.33685888,75.52410813,30.13756339,62.35616176,92.24039738,783.5076724,100.1123006,0.002567568,2.563413494,3.854877429,0.343460666,-1.060225438,5.877718661,-1.931911864,-2.417472114,-0.122894455,0.653066593,-4.110024933,-0.318288094,-3.331719944,5.565188814,3.910630467,0.364851856,-0.733760433,5.820172971,-2.566341896,-3.952636257,-1.244586056,-0.376085988,-3.952636257,-0.134923931,-2.699873289
Bird Island,BI10,BI10.7,280,275.9,276.9,276.4,4128.554545,22988.54545,61328.09091,1.342727273,-3.296336184,-0.279600852,-2.277779993,-2.579805245,3.719037613,-0.361024736,-0.195782361,-0.72866859,0.055348172,-3.189531407,0.014316438,1.052965987,4.963770195,3.103090964,0.155620113,7.159227993,31.99829541,11.38419958,13.48332303,1229.139943,62.69580238,32.50258731,56.09877652,72.51658118,26.94168787,113.4892065,82.11256132,414.5496571,177.2780046,0.004236404,2.658818097,3.819165031,0.512294465,-1.249093906,5.904579501,-1.319736489,-2.197960808,-1.006449432,0.411670633,-3.992372799,-0.309086648,-3.231827644,5.427355241,3.908977294,0.325458356,-1.466301113,4.504960727,-2.200270288,-2.670273918,-1.283979556,0.524309215,-3.768886206,-0.48797499,-2.813374761
Bird Island,BI10,BI10.8,300,289.7,290.8,290.3,4314.733333,21941.25,90008.25,1.515,-4.646684762,-0.15953081,-2.366628515,-1.891560552,5.380371989,0.461643712,-0.453541594,-0.434091798,-0.067561908,-3.893247188,-0.160763672,0.606968114,4.643358567,2.981268419,0.189814865,5.806866364,22.80533563,15.00504966,18.76872802,5064.948301,120.178907,22.87714222,43.15160027,120.8156622,44.26461409,85.68807951,80.21731847,1786.447813,264.1897132,0.005451463,1.482227383,3.829818552,0.592031762,-0.95856565,6.214845175,-1.424861874,-2.314607968,-0.597400801,0.344298576,-3.774956995,-0.27917335,-3.11365481,4.830088737,3.507467471,0.54995641,-0.836337951,6.172167231,-1.915147612,-3.24428356,-0.898213355,-0.14319077,-3.362066595,-0.60522623,-4.055213776
Bird Island,BI10,BI10.8,303,293.4,294.4,293.9,4365.281818,22949.09091,77882.81818,1.480909091,-4.481957108,-0.208566925,-2.112560739,-2.202658813,4.792637253,0.321754636,-0.418107372,-0.375781815,0.09271616,-3.927563672,0.082008038,0.750965259,4.725423246,2.961691851,0.171447406,25.99755233,33.47074707,30.30451512,21.26200196,4911.743915,90.62259401,24.12053067,44.40945845,51.79206678,48.12974888,67.93740434,103.5011638,844.0389047,133.5216019,0.004035679,1.668690856,3.86625106,0.801046413,-0.819241515,6.396479631,-2.004006046,-2.288127284,-0.463093983,-0.214230311,-3.688741698,-0.272171631,-2.982855492,5.317924706,3.838164617,0.632711813,-0.465900476,6.853301983,-1.852194837,-2.673175389,-1.357498595,-0.398241828,-3.279311193,-2.237857318,-4.377923482
Bird Island,BI10,BI10.8,311,303.1,304,303.6,4492.98,22421.4,74987.1,1.433,-2.457734603,0.030063378,-1.245694025,-1.66861343,4.486486102,-0.258402857,-0.627140581,-1.026425107,-2.064344277,-3.348963133,0.410004138,0.517415877,4.506935896,2.746412622,0.172016068,12.80841737,50.73558909,30.63694212,12.55255618,3888.831895,88.88075657,38.81022202,41.82450106,34.90956571,50.51028498,71.31689842,90.49370758,638.092435,197.5924256,0.004841071,2.274020328,3.612634224,1.347650317,-0.796040352,5.893313202,-1.965234075,-2.700595315,-1.257488095,-0.315903057,-2.984415314,-0.490827657,-2.617114209,5.365868032,3.907881742,1.855108447,-0.396183351,5.58775293,-2.475624893,-3.209594068,-2.030939072,-0.767247033,-3.49727614,-1.130152526,-3.209594068
Bird Island,BI10,BI10.8,318,311.7,312.8,312.2,4610.666667,22422,70225.66667,1.4325,-3.485043656,0.216173681,-1.570634578,-1.593412941,4.885035831,0.02408526,0.016465468,-0.724997707,-4.086153133,-4.14211884,0.723717851,1.193738089,5.178557402,3.364587272,0.163066212,8.550651225,29.67539027,15.61079657,11.45313243,2891.964325,64.49306986,34.15506085,47.58501165,15.18671668,42.1910338,90.19272295,98.91257235,721.5749767,126.0241379,0.004634782,1.616583095,4.044493814,0.816642,-0.417846348,6.714639954,-2.233840788,-2.464588939,-0.757761123,-0.257477616,-3.805057488,-0.148034265,-3.107752297,4.965360752,4.547395481,1.270250748,-0.116043613,6.605984316,-3.016465707,-3.217136403,-1.303487116,-0.531559057,-3.804923068,-1.08362764,-4.315748691
Bird Island,BI10,BI10.8,326,321.7,322.8,322.2,4729.333333,21681.08333,58369,1.370833333,-3.585914717,-0.225293876,-1.663038095,-2.200449449,3.641421702,-0.218361403,-0.132023963,-0.453565035,-2.930808438,-2.58858714,0.548916281,1.346298197,5.157185869,3.304220066,0.156833359,9.87612671,30.27787971,17.5471227,17.88579087,3544.868579,66.69531581,17.18261983,36.53350476,26.67935304,62.18423263,174.2471903,78.06116483,1092.361284,131.0811396,0.004609041,2.760855676,3.227989066,0.824514978,0.467840034,6.099458733,-2.54861837,-2.939972587,-1.578032124,-0.187566819,-2.555372617,-1.13484418,-2.436251789,5.964950538,3.923730209,1.082148616,0.745676379,5.185971922,-3.271707142,-4.370319431,-1.858013807,-0.601397269,-3.071036447,-0.969122049,-2.760881518
Bird Island,BI10,BI10.9,342,332.1,333.1,332.6,4891.354545,18258.63636,68171.27273,1.489090909,-3.607638062,-0.196119845,-1.608360073,-2.297796415,5.033477815,0.053190672,-0.562145238,-0.681894589,-1.431775602,-3.067706937,0.392178931,0.476494394,4.580244407,2.917850542,0.190100896,9.522222812,32.65661565,23.20501513,18.38922609,9923.626263,90.14483296,25.14286452,40.417368,46.60530598,29.72541001,86.02367539,141.0625909,3376.492984,386.113031,0.01330137,1.462992709,3.423265762,0.370689589,-0.827013602,7.709826976,-1.492626682,-1.780443881,-0.704427306,-0.007509139,-3.995117102,-0.717038749,-3.442598575,4.968741041,3.345758903,0.25471645,-0.438430731,7.393980196,-1.380039271,-2.210387573,-1.236938427,-0.884717833,-5.043600917,-1.111775284,-3.657306556
Bird Island,BI10,BI10.9,348,339.5,340.5,340,5008.745455,22654.72727,67323.54545,1.418181818,-4.303609813,-0.583497356,-2.241350562,-2.457715529,4.119879893,-0.01719375,-0.439247678,-0.418618679,-0.510773625,-1.741714413,0.266332603,0.75973134,4.693308007,2.874469561,0.16223298,17.83969017,38.77886022,23.00790378,14.10029013,4122.547258,62.05320298,30.7910849,53.19449732,60.20842587,45.53320467,92.40651295,113.2280884,1342.231073,256.8194272,0.002604529,1.320234425,3.826701834,0.57579395,-0.670914509,5.472484985,-1.525090429,-2.190820749,-0.400242488,0.556829838,-3.825031767,-0.094934357,-3.045010732,4.62549426,4.089814512,0.681972587,-0.927465325,5.091127889,-1.97728745,-2.82458531,-0.937515661,0.458829036,-3.923197599,-1.021776005,-3.335410934
Bird Island,BI10,BI10.9,361,355.7,356.7,356.2,5262.190909,21037,62387.36364,1.343636364,-2.340698053,0.059802392,-0.94398897,-2.153777805,4.278000232,-0.778018909,-0.402796308,-0.438879143,-4.102804301,-3.22070335,0.886066267,1.091371272,4.950852646,3.115574029,0.159601123,18.23981659,36.52346693,26.40247922,22.00950208,4783.008401,74.20965387,26.44617175,41.26455666,24.41906855,47.3967778,86.42926693,81.41163643,647.4493171,131.2867092,0.003367752,2.768380536,3.854315496,1.687445476,-0.852780744,4.904617723,-3.362761031,-2.814368705,-0.88176828,-1.075527548,-2.494479518,0.031642491,-1.764715895,5.695889144,4.603378156,2.125744265,-1.009749951,4.263249608,-4.228625776,-3.823160668,-1.743719126,-1.297432023,-1.78627874,-0.739722814,-2.059572075
Bird Island,BI10,BI10.9,365,360.7,361.7,361.2,5341.56,20858.5,76598.3,1.446,-2.575593196,-0.029329141,-1.440485192,-1.945876493,4.689774635,-0.044181856,-0.732479412,-1.058635323,-0.902657259,-3.758114815,0.586006563,0.251575189,4.333704521,2.62629178,0.181389686,16.93648265,78.94083579,30.62243187,10.90157991,4414.339922,54.11561697,25.99230655,38.93812756,63.7962033,31.00698846,203.9135165,91.43084819,768.8051624,232.2617298,0.004755556,1.646144213,3.501800074,0.847740257,-1.081708615,6.096542611,-0.989650471,-1.903338729,-0.897602937,-0.034790704,-3.722767947,-0.402225797,-3.060141956,4.414583387,3.339066813,0.920409549,-0.951392628,6.056207986,-0.95640517,-1.727921417,-1.595749644,-0.966506266,-3.764803345,-0.309538742,-4.457950525
Bird Island,BI10,BI10.9,372,369.1,371,370.1,5483.135,20704.7,67593,1.402,-3.477151587,-0.007755443,-1.558630726,-2.11891074,4.703537009,-0.21985883,-0.366842564,-0.338822642,-2.095063467,-3.873793623,0.724065509,0.782704114,4.818937608,3.027585381,0.16678874,9.399188095,24.81611319,22.62247369,20.15068237,6119.198679,81.7855186,36.6394596,42.39224731,54.8125994,35.61914772,78.76565843,56.43018509,967.5581092,162.223822,0.004356488,2.049062928,3.568852762,1.419376102,-0.797456947,5.643552756,-1.906719812,-2.470773532,-1.171394607,-0.364774846,-3.195550259,-0.261368963,-2.512805582,5.424747749,3.711189027,1.548750565,-1.016198792,5.691885292,-2.095008453,-2.913318777,-1.178717722,-1.431714236,-5.621368978,-0.260076812,-1.860168862
Bird Island,BI10,BI10.10,379,367.3,368.4,367.9,5447.309091,21103.36364,67035.90909,1.454545455,-2.987842225,-0.173182877,-1.763979208,-1.862566173,4.473132199,-0.337108504,-0.513224229,-0.917235534,-3.292131086,-1.492550019,0.725817927,0.583382149,4.665847885,2.891639693,0.169669246,12.74576579,39.62941974,37.90634392,23.40279704,3422.62377,92.29123863,37.83600978,45.05955655,41.83017615,44.63732641,165.2413111,108.593822,1340.083342,234.896186,0.004359041,2.109367965,3.672845155,1.127386239,-0.933773258,5.98674086,-2.317173261,-2.350078697,-0.603010873,-0.50039227,-3.14765758,-0.206574778,-2.837679502,5.338647703,3.778909459,0.975549078,-0.816210391,5.663834171,-3.811942665,-3.475470428,-0.990563778,-1.378329309,-2.648791855,-0.158690388,-2.476941598
Bird Island,BI10,BI10.10,386,375.7,376.6,376.1,5581.52,20316.6,60603.4,1.385,-2.777566135,-0.212219931,-1.595940276,-2.121038541,4.131265473,-0.852558655,-0.490778644,-0.594802966,-3.245670143,-1.098832018,0.713002117,0.654417379,4.640463671,2.850258671,0.167034797,6.854844191,23.71614546,22.50827009,20.10776522,4055.86734,42.74004108,30.33076912,54.91822203,25.02909418,68.82861162,94.39656303,93.15602205,1436.987729,155.10072,0.006357407,2.007710071,3.515113597,1.238261302,-0.939731914,5.709400664,-1.977383503,-2.336942787,-0.871005744,-0.155504265,-3.228132372,-0.323003064,-2.638781985,5.482052441,3.755977625,0.279878935,-0.818733354,5.214352868,-2.47946456,-2.651314817,-2.332861086,-0.564091135,-2.533531782,-0.818733354,-2.533531782
Bird Island,BI10,BI10.10,390,380.5,381.5,381,5660.045455,20289.72727,62960.63636,1.430909091,-3.626879438,-0.025283237,-1.256443113,-2.174340997,4.528919212,-0.409792183,-0.257998739,-0.400119848,-3.113774788,-3.297693051,0.77494011,1.12192988,4.969436904,3.167099291,0.164979079,14.92831355,41.81256879,20.45882783,19.37195724,5572.32656,37.10329561,29.96695149,43.88269487,22.9176391,32.71696807,59.20150489,99.96608516,1316.483594,192.9193897,0.004879674,2.898733856,3.796459698,1.569052764,-0.606394449,5.408567373,-2.989702753,-2.887777334,-1.181123874,-1.036706518,-2.526915364,-0.158639037,-2.285554361,6.035737901,4.113427667,1.831045281,-0.87700492,4.809970436,-3.084279833,-3.872737193,-2.997268456,-1.02782781,-2.437652668,-0.102277752,-2.391132653
Bird Island,BI10,BI10.10,392,382.9,384,383.4,5698.008333,20976.58333,68717.58333,1.463333333,-2.562803517,-0.143850145,-1.446248626,-1.900156771,4.484549208,-0.424596936,-0.552419502,-0.789617049,-1.605868005,-3.425263355,0.426216641,0.606851149,4.560719837,2.772487072,0.167321741,8.024111392,34.31438871,23.93488642,15.69862955,4571.373637,63.76014477,28.22139206,31.34110961,33.99587765,56.26472871,78.02621937,64.05016973,959.6572621,117.6268818,0.004963907,2.480455228,3.680814956,1.436470832,-0.912578843,5.580270562,-2.336144599,-2.735300538,-0.773135085,-0.40026652,-3.094674539,-0.4093675,-2.516543954,5.458321967,4.003788314,0.619398051,-1.172361418,5.631143839,-2.833092625,-3.698090062,-1.683187042,-0.821704547,-2.733009166,-0.171729538,-2.599477774
Bird Island,BI10,BI10.10,396,387.7,388.8,388.2,5774.458333,23372.41667,56698.33333,1.360833333,-3.744280362,0.481463075,-1.284310971,-0.98734134,2.862112593,-2.072139237,0.346044043,-0.23310769,-3.426900372,-3.485980772,0.600678217,1.639629014,5.616408687,3.687725114,0.145414416,7.547827301,38.22738983,17.75314739,24.09246707,4520.782283,51.93848343,39.36272656,33.23322087,27.61257948,38.80799668,84.98591684,64.10142295,744.3135286,175.1953888,0.004866682,3.273076026,3.865832171,2.213977937,0.545032386,4.8413242,-4.017274096,-3.387267812,-2.100248651,-1.214973823,-2.070864571,-0.045993095,-1.902620673,6.187522505,3.864146642,2.129545587,1.030933298,4.798755955,-4.421534748,-3.574236888,-2.686933693,-1.80657497,-1.936628099,-0.629797909,-2.95519768
Bird Island,BI10,BI10.10,403,396.3,397.4,396.8,5914.691667,19958.5,62693.66667,1.370833333,-2.87896374,-0.136211397,-1.394670475,-1.552083412,4.503752064,0.049343081,-0.350681184,-0.596071886,-2.708420493,-3.768871476,0.086419592,0.885886257,4.821749075,3.038823994,0.16818623,11.1069184,30.32800486,27.02636199,15.43215847,4286.738079,77.78306079,39.30639165,38.31794816,56.02995681,67.10117869,99.06850247,96.53587024,888.6672179,169.6246301,0.003870452,2.719826102,3.737492103,1.838822225,-0.79115239,5.679392349,-3.082409483,-2.81017782,-0.894826565,-1.034918525,-2.797861227,-0.361097587,-2.203089182,5.185655483,3.852097418,1.928761591,-0.843827131,5.742344524,-3.434094297,-3.308931154,-1.124864661,-1.172331198,-2.923268673,-1.193384608,-2.708157293
Bird Island,BI10,BI10.10,410,404.6,405.6,405.1,6045.027273,22354.63636,75136.63636,1.419090909,-3.226737788,0.1022262,-2.271720918,-2.256564506,4.657042821,-0.321501819,-0.443441252,-0.434189733,-0.166721384,-3.882078494,0.118855442,0.62619403,4.634492662,2.864144738,0.170357614,7.974960815,59.32161955,16.92819058,21.41494805,4539.730703,82.29879045,28.06777512,29.54811177,70.23454214,45.87671225,88.437343,56.37810665,1428.118998,148.2408973,0.005657663,2.155463542,3.880545117,1.088404467,-0.904025698,5.438330435,-2.106333223,-2.416639426,-0.527303059,-0.421393808,-3.411177956,-0.146808856,-2.629061535,5.481371326,4.734878165,1.648391528,-0.654193565,5.494274731,-3.313453602,-3.313453602,-1.498163635,-1.010868509,-3.649925838,-1.367543452,-2.55131355
Bird Island,BI10,BI10.11,422,409.9,410.9,410.4,6127.609091,21988.72727,61169.81818,1.360909091,-2.08176099,0.187343939,-1.056364486,-1.645647302,3.773173989,-0.699326579,-0.457812697,-0.528284176,-4.529930059,-2.467501763,0.997147694,0.844664411,4.751625511,2.912672509,0.159016235,11.16243701,39.52674584,19.82606182,19.68940647,2930.105322,71.766034,40.60564224,51.47391219,10.7871978,88.62597608,122.2998551,138.0557858,718.1586176,162.0046015,0.003346016,2.555324727,3.704223913,2.391176477,0.323842093,4.8182542,-3.109865647,-3.012719722,-1.442104349,-1.164780807,-3.030341323,-0.011760956,-2.021248605,5.631412183,4.506606674,2.470785754,0.836655229,5.030090694,-3.768514957,-3.650731921,-2.063766864,-1.976755487,-4.056197029,-0.330503602,-2.629080674
Bird Island,BI10,BI10.11,424,412.2,413.2,412.7,6161.618182,22061.18182,63203.90909,1.358181818,-2.202473753,0.035101401,-1.236227159,-1.803542331,3.786990705,-0.611383631,-0.575448778,-0.626862698,-2.33021344,-3.340897665,0.778395258,0.732289058,4.597050809,2.797222225,0.165370381,13.06208949,40.22437072,21.82117404,17.39540169,2106.219664,78.21996955,28.99467036,36.74778905,35.28816438,63.69672462,120.7827501,102.5933721,786.4815088,127.1290683,0.003994019,2.407550354,3.897709185,1.441735072,-0.445615121,5.21189716,-2.675879552,-2.561259711,-0.7493513,-0.866193867,-3.096969978,-0.136565742,-2.427056501,5.405671914,4.407574584,1.549463688,0.009018647,4.562895539,-3.209857178,-3.748853679,-1.183904321,-1.109796349,-3.055706498,-1.109796349,-2.516709997
Bird Island,BI10,BI10.11,427,415.8,416.8,416.3,6233.218182,22085.63636,61768.45455,1.390909091,-2.80222688,-0.028208091,-1.329152808,-1.818368844,3.746245793,-0.324473697,-0.420090217,-0.488863917,-2.777884771,-3.183582482,0.718114646,1.000485577,4.769999927,2.938005764,0.160143112,13.93817518,27.04944967,24.45180789,15.59778539,2353.078881,59.45800657,41.15359257,36.0529913,31.34790119,50.64995737,83.01686576,84.01222855,696.2179648,190.3560301,0.004170852,2.943996791,3.276318209,1.407112312,-0.442466728,5.416893978,-2.624099211,-2.658125482,-1.128901792,-0.906772337,-2.372784783,-0.520648923,-2.390522034,5.847872389,3.813942493,1.608207226,-0.263594951,5.141332151,-3.482470775,-3.482470775,-2.096176414,-1.690711306,-2.99696296,-0.363415286,-2.035551792
Bird Island,BI10,BI10.11,439,430.3,431.3,430.8,6633.509091,23326.72727,64589.36364,1.373636364,-2.277973409,0.051214954,-1.165007967,-1.868428713,3.871182804,-0.708182738,-0.251796177,-0.548649253,-3.705882259,-2.683277223,0.340328682,1.01224921,4.895448132,3.038773957,0.156258753,19.53877264,38.58850512,27.32764168,21.92756671,2124.872531,40.06063586,33.50468081,45.18265959,41.16132342,45.30643141,64.37743817,107.4195682,633.5372558,208.0970054,0.004822459,2.936543574,3.349168617,2.187364502,-1.206890599,5.107579909,-2.509954306,-2.846982252,-1.272184122,-1.029929294,-2.446067038,-0.676373342,-1.592275649,5.935492741,3.596929047,2.415795735,-1.01819147,4.777866281,-3.543920114,-4.013923743,-2.157625753,-1.598009965,-2.157625753,-0.740559733,-1.496227271
Bird Island,BI10,BI10.11,443,435.2,436.3,435.7,6779.316667,23291.16667,65346.83333,1.344166667,-2.080415091,0.068946456,-0.861017541,-1.856891694,3.725407162,-0.827929272,-0.40532626,-0.553885528,-3.683016525,-2.510588377,0.417198553,0.915118119,4.746362303,2.906037693,0.158800656,12.16054225,32.15433898,20.79535933,18.13501552,2991.738939,49.59899803,35.17348778,36.07777793,23.7811996,62.91041008,127.8392693,98.55728222,937.752568,192.0290974,0.003469597,2.405585974,3.774258734,1.516930232,-0.969747897,5.560447158,-2.670461585,-2.444989744,-0.605548144,-0.834064566,-3.062037581,-0.301482177,-2.368890401,5.124894426,3.901118995,1.255589151,-1.142306122,4.760327211,-3.349581035,-2.85710455,-1.183128117,-1.236616802,-2.85710455,-0.134348202,-2.281740405
Bird Island,BI10,BI10.11,449,442.8,443.8,443.3,6996.890909,21781.54545,64274.45455,1.342727273,-2.110719816,0.154721289,-0.813270079,-1.741798698,3.951290479,-0.708404721,-0.62435373,-1.011082456,-2.051969872,-3.589458193,0.573305877,0.662666682,4.56106851,2.748004728,0.163200453,15.66408747,52.46401364,36.74877858,19.26183225,2802.202786,69.59231933,39.94086538,33.38399181,38.70494448,31.51276798,188.6328806,91.95799436,1045.250731,151.6274741,0.004106274,2.559344931,4.629892875,1.640446636,-0.073481849,5.415635523,-4.037561216,-3.310639719,-0.892816852,-1.386579626,-2.877277107,0.369530332,-2.036493928,5.676999748,4.934780673,1.750792107,-0.195118042,5.21652801,-4.800288228,-4.107141047,-2.315381578,-2.23533887,-2.854378079,0.593339318,-1.664794012
Bird Island,BI10,BI10.12,461,447.5,448.7,448.1,7135.692308,25273.76923,71463.61538,1.376923077,-1.979967917,0.276413387,-0.963376436,-1.558472353,4.064789417,-2.28168167,-0.284343829,-0.641916604,-3.982799765,-2.316947783,0.277464082,1.161134864,5.067767564,3.161937044,0.14875529,13.95551541,30.98345299,32.11797164,42.43396076,4020.858487,89.61262789,31.26991673,51.49670141,31.78009375,62.98392143,84.3771296,120.7562177,517.8230937,184.5884542,0.004236841,3.269890169,3.790022375,2.716026169,0.342497057,4.991104407,-3.860028897,-3.797965187,-2.170982965,-1.60923281,-2.308746905,0.045077589,-1.407661003,6.016033482,4.119720274,2.904936554,0.329058126,4.463081172,-4.835727848,-4.27611206,-2.788035005,-2.460822093,-2.251730296,-0.073553913,-1.146848394
Bird Island,BI10,BI10.12,465,452.8,453.9,453.4,7290.508333,15770.58333,57516.75,1.338333333,-1.890400564,0.033287705,-0.098422665,-0.849335332,4.190682273,-0.771003415,-1.244086542,-1.487539783,-4.196780173,-1.02334676,1.080373255,0.260981906,3.741066473,2.254523623,0.226903901,46.62877249,163.5480654,182.2420136,121.3772918,3206.822056,85.31954197,17.0098011,37.34807609,22.73213584,55.30220008,368.5027445,73.80086844,1973.177661,303.6813022,0.019241966,3.105165386,3.907511859,2.53057794,-0.132930485,4.851354057,-3.987245173,-3.468507011,-1.773542365,-1.309718414,-2.362044301,-0.014267749,-1.346353745,6.655830554,4.855874317,2.620909412,-0.637187126,2.828548777,-3.856062951,-3.6329194,-2.939772219,-3.296447163,-1.776621409,0.359761509,-1.181914301
Bird Island,BI10,BI10.12,469,458.3,459.3,458.8,7450.618182,21292.72727,58885,1.335454545,-2.496454074,0.068365557,-0.478345146,-1.483282923,3.710759106,-1.626691782,-0.383838979,-0.842673368,-3.823092353,-2.372063613,1.059881662,0.932734179,4.777198289,2.957503443,0.162143465,18.72868485,58.4261772,49.22490131,15.16155425,5753.232952,69.44415677,34.39291682,38.65041456,30.15897273,78.35850015,215.1118103,106.6070098,1142.661049,206.8653493,0.0049731,3.111996936,3.735469814,2.740024577,0.238377799,4.966647339,-3.503997407,-3.667234928,-1.955828829,-1.430509783,-2.454514553,-0.209467994,-1.570962972,5.763446454,4.151511661,2.915790158,0.462632207,4.809679123,-4.142537979,-4.276069372,-2.393338124,-1.779328264,-2.415317031,-1.178554404,-1.917914428
Bird Island,BI10,BI10.12,475,466.1,467.2,466.6,7672.183333,22271.58333,59847.83333,1.283333333,-2.094381446,0.005303968,-0.587873254,-1.451800084,3.560936931,-0.701253166,-0.447066343,-0.725019092,-4.022010859,-2.891758436,0.687108364,0.944982113,4.771327324,2.951503979,0.162107014,22.27649937,48.15780562,48.85197183,17.82405593,1346.87392,74.17357816,28.88364851,42.84459232,14.21586821,58.89455138,213.0836192,55.20066699,934.663588,106.1067216,0.004334642,3.16970429,3.865553622,2.989806818,0.320456219,4.789712574,-3.912857399,-3.705462204,-2.289454946,-1.83683968,-2.378850448,0.167456907,-1.179225752,5.351932834,4.546283073,1.695576572,0.086138659,5.146198837,-4.113566419,-3.825884346,-2.367269323,-1.879974197,-2.246905641,-0.53375806,-1.858771989
Bird Island,BI10,BI10.12,479,471.4,472.4,471.9,7821.063636,20921.72727,58109.63636,1.321818182,-2.228796009,-0.031964421,-0.644215139,-1.862796815,3.692136876,-0.595140668,-0.527133611,-0.700433609,-3.992292618,-2.306456008,0.729498007,0.88311699,4.683368037,2.901108988,0.168467554,14.55584856,41.80452346,36.45071392,22.98457981,1398.06145,49.29318596,35.37461853,37.63533156,18.03380664,62.24438638,186.6013251,66.94040769,2290.955323,148.3701146,0.008841814,3.286648216,3.75405781,2.7213085,-0.696845748,4.04543637,-3.764681315,-3.139192783,-0.946534169,-1.874501244,-2.028651923,0.061885603,-1.418929315,6.097183518,3.818028677,2.631447616,-0.735848214,3.438539055,-4.935553292,-3.636270308,-1.213884015,-1.844510839,-1.730100488,0.156149825,-2.045181534
Bird Island,BI10,BI10.12,484,478.2,479.2,478.7,8011.509091,21790,55455.72727,1.312727273,-2.047469115,0.060725313,-1.01774312,-1.854976735,2.907700994,-1.697100511,-0.269950764,-0.275173312,-4.011035026,-2.234628739,1.219224487,1.167474397,4.956685725,3.096266406,0.15564358,12.56546494,47.45696615,47.89590987,17.68255432,813.5276718,40.23792874,32.66440932,63.81265192,29.82311489,76.68020961,89.08963821,88.52919395,876.0102116,155.3296202,0.00353544,3.230401316,3.751363063,2.62233671,-0.800326732,3.756920838,-3.775516733,-2.864043502,-0.880841249,-1.473671285,-2.104432648,0.076242029,-1.538431806,5.195676722,4.098594655,2.830423062,-0.592753227,3.976789782,-3.854188666,-3.161041486,-0.737778999,-1.596055336,-2.364710069,-1.199722711,-2.595233727
Bird Island,BI10,BI10.13,506,473.4,474.5,474,7881.691667,20826.08333,59943.75,1.424166667,-2.30065033,-0.122737729,-0.778684248,-1.891827494,3.730550022,-1.503354398,-0.688413064,-0.853675,-3.376356413,-1.015880061,0.973671615,0.686894297,4.468114921,2.672347882,0.16606394,16.47587768,42.06812657,27.98809271,24.09246707,2157.795648,75.27022028,30.70090316,70.45028335,55.49303806,45.90206967,204.6181033,58.72038261,1161.338214,142.8750249,0.004827654,2.60887286,3.626128286,1.868126701,-1.111076271,5.198007084,-2.139581555,-2.871527712,-1.37820597,-0.309074685,-2.847975046,-0.506402041,-2.137291652,5.706993707,4.009801594,1.897994768,-1.046444211,3.98399371,-2.014028238,-3.166707748,-2.355777531,-0.906682269,-2.516120181,-1.076903419,-2.516120181
Bird Island,BI10,BI10.13,519,491,492,491.5,8384.236364,21587.27273,62373.45455,1.338181818,-3.120152989,-0.068003851,-1.545352266,-2.158327804,3.789191328,-0.565492683,-0.567788301,-0.385358015,-2.650617394,-1.998209541,0.911426545,0.767807505,4.694118469,2.896758998,0.165775222,10.66856044,40.41646829,21.46794651,14.8354612,4174.159303,69.75098566,48.81765701,40.1207269,52.05434223,47.88129261,92.54649937,126.057779,2148.93495,322.5106059,0.003774207,1.864884094,4.048229394,0.922950931,-0.632761582,5.050399469,-2.111171232,-2.119981862,-0.442268376,-0.255801472,-3.562994258,0.074364362,-2.835849469,5.073766891,3.156844279,0.73647615,-0.649818211,4.597205861,-2.119494181,-3.175546855,-1.111853671,0.087345855,-3.645550485,-0.527600578,-2.421775053
Bird Island,BI10,BI10.13,522,494.8,495.8,495.3,8490.036364,21632,65648.63636,1.413636364,-2.528507572,0.134179232,-1.096276455,-1.89342472,4.111827874,-1.094190733,-0.555791398,-0.466032805,-2.962455739,-3.091729425,0.996618615,0.78911432,4.73159467,2.925074135,0.164327659,14.37421935,46.91287863,52.9215543,22.4053565,8601.48369,69.43525434,27.89753981,47.90293216,31.90326287,50.24793076,147.3487514,112.4787657,1998.699527,169.8466688,0.00605834,2.833417252,3.883555483,1.979776206,-0.748522156,4.519043083,-3.805163183,-2.611387117,-0.627411331,-1.182106195,-2.564900377,0.187793994,-1.864095658,6.15939558,3.996449486,1.900478643,-0.807571559,3.063629452,-4.719594564,-2.847792387,0.862020277,-2.773684415,-2.640153022,0.128521801,-2.321699291
Bird Island,BI10,BI10.13,525,498.7,499.7,499.2,8597.97,21969.2,75244.2,1.42,-2.410749231,-0.127056638,-1.32017271,-1.621078327,4.048175628,-0.725279389,-0.983419534,-0.407585379,-1.46714934,-2.238602726,0.778187179,0.163654498,4.010501222,2.300574746,0.181211009,24.83635328,91.0792695,78.42363589,60.4024466,6283.970999,51.01154553,32.70677809,70.24528454,107.3917543,42.42064487,274.8184249,74.03159986,2061.698965,178.1566103,0.011687875,3.126507404,3.724472049,2.350387852,-0.480747209,4.759442416,-3.276664768,-3.043170348,-1.248871518,-1.764484982,-2.388511883,-0.046408856,-1.711950157,5.457737143,3.05984187,1.564348217,-0.30745396,4.373132865,-3.303186234,-2.897721126,-1.027629813,-1.261965905,-2.099213429,-1.170994127,-2.386895502
Bird Island,BI10,BI10.13,529,503.9,505.1,504.5,8738.44,22666.2,76962.9,1.376,-2.554002388,0.254327244,-1.642862034,-1.868097593,4.240187671,-0.460328938,-0.60866572,0.229424424,-0.378167639,-5.480383438,0.965221453,0.385411145,4.351282864,2.566652949,0.167993663,19.3071662,77.0310904,39.44067275,15.8689074,9764.807086,100.2402115,46.15192304,120.0831194,48.64485813,11.11755369,159.4624303,77.44137568,1853.806957,198.2243678,0.007156707,1.833392059,3.589221051,0.729490752,-1.013478553,5.243840663,-1.889051192,-1.355968862,0.254931306,-0.276438773,-3.873409286,-0.064532067,-3.177997098,5.113706387,4.488493317,1.221886089,-0.975338488,4.12452794,-2.690136916,-1.89162922,-1.79631904,0.006739984,-3.182613401,-0.784718128,-3.634598525