"depth","surface","kcps","cps","MSE","K","Ca","Ti","Mn","Fe","Co","Ni","Cu","Zn","Rb","Sr","Zr","Mo_inc","Mo_coh","coh_inc"
5.1,6.07,21028,48722,1.52,141,179,4,74,757,114,164,70,0,153,71,847,38247,5362,0.140194002
5.2,6.09,20234,46486,1.3,74,102,13,61,561,30,137,154,0,26,39,847,37076,5322,0.143542993
5.3,6.11,20329,46710,1.21,84,118,13,51,583,0,192,170,0,108,0,829,37133,5339,0.143780465
5.4,6.11,20653,47454,1.36,62,99,0,31,674,55,176,71,0,0,188,868,37564,5480,0.145884357
5.5,6.08,21066,48811,1.37,46,133,41,51,1119,17,224,85,0,0,0,944,38449,5595,0.145517439
5.6,6.1,21602,49890,1.35,50,113,16,75,809,91,243,44,0,68,62,779,39448,5782,0.146572703
5.7,6.1,21959,51151,1.46,69,45,39,67,1206,146,174,121,0,34,52,852,39997,5857,0.146435983
5.8,6.1,22064,50855,1.51,87,133,26,48,915,69,164,66,0,0,117,932,40128,5569,0.138780901
5.9,6.11,22803,52843,1.49,32,129,49,73,914,79,229,131,0,53,74,914,41760,6109,0.146288314
6,6.11,23091,54502,1.21,66,107,44,34,1400,87,216,129,0,0,49,833,42495,6304,0.148346864
6.1,6.12,22926,54426,1.28,59,157,67,79,1533,12,199,113,0,0,0,969,42267,6142,0.145314311
6.2,6.13,23348,56050,1.26,53,108,34,49,1325,99,280,116,0,0,74,963,43624,6523,0.149527783
6.3,6.15,23418,56369,1.34,18,80,54,23,1701,35,257,89,0,7,84,950,43503,6368,0.146380709
6.4,6.17,22941,53944,1.35,28,105,28,51,1365,90,259,181,0,0,33,828,42120,6081,0.144373219
6.5,6.18,22790,53450,1.42,31,129,43,70,1985,0,165,140,0,101,0,845,41782,5932,0.141975013
6.6,6.19,22853,53798,1.39,41,114,38,24,1917,22,187,78,0,120,159,899,41601,6079,0.146126295
6.7,6.19,22900,53579,1.23,37,92,26,50,1505,61,196,58,0,23,48,888,42198,5952,0.141049339
6.8,6.2,23162,54448,1.47,26,101,56,27,1356,83,218,134,0,0,0,758,42643,6038,0.141594166
6.9,6.19,23228,55556,1.24,61,113,36,32,1633,42,238,52,0,0,118,813,43464,6324,0.145499724
7,6.2,22963,54547,1.35,36,134,49,39,1980,62,131,103,5,34,9,770,42389,6314,0.148953738
7.1,6.21,23245,54778,1.36,37,117,75,24,1886,43,200,61,0,25,64,840,42689,6173,0.144603996
7.2,6.23,22473,53545,1.42,57,98,74,34,1889,58,262,116,0,0,99,917,41290,5969,0.144562848
7.3,6.23,21869,52449,1.16,74,107,15,37,1446,35,275,161,57,0,126,1085,40599,5970,0.147047957
7.4,6.24,21482,51310,1.37,38,108,34,48,1530,45,161,36,0,0,6,843,39955,5777,0.144587661
7.5,6.24,22381,53811,1.39,33,107,41,53,1345,0,176,53,0,0,101,973,41967,6381,0.152048038
7.6,6.25,23591,56039,1.32,28,102,62,67,1730,40,215,161,0,0,130,1025,43422,6443,0.148381005
7.7,6.25,24332,56873,1.32,41,110,20,49,1684,107,236,162,0,0,123,1029,44202,6330,0.14320619
7.8,6.25,24067,57134,1.38,12,114,74,47,1636,13,151,100,0,0,70,871,44726,6809,0.152238072
7.9,6.26,23982,56793,1.28,21,72,10,30,1290,52,221,137,0,0,84,968,44694,6360,0.14230098
8,6.26,24213,58289,1.82,38,139,89,89,1811,70,212,48,0,5,128,884,45176,6513,0.144169471
8.1,6.26,24364,57686,1.53,49,112,30,57,1986,82,221,51,0,15,165,864,44438,6484,0.145911157
8.2,6.26,24008,58405,1.16,42,94,25,47,2413,140,235,161,0,29,122,1133,44009,6533,0.148446909
8.3,6.26,24049,58731,1.2,45,129,46,49,2443,9,234,231,0,0,70,1022,44547,6713,0.150694772
8.4,6.27,24083,57535,1.18,37,186,54,16,2579,64,254,119,0,0,61,939,43878,6380,0.145403163
8.5,6.26,22697,55355,1.35,26,140,86,37,1937,123,178,153,0,0,0,1116,42180,6570,0.155761024
8.6,6.25,20326,49517,1.3,36,63,10,11,1258,95,161,168,0,60,0,1008,38465,5862,0.152398284
8.7,6.24,21525,53210,1.2,38,127,37,24,1860,82,199,111,0,15,87,965,40702,6059,0.148862464
8.8,6.23,22234,53768,1.21,48,112,45,35,1920,145,209,59,0,0,0,958,41274,6070,0.14706595
8.9,6.23,22648,54506,1.29,19,122,31,10,1669,0,188,75,0,107,80,859,42408,6176,0.145632899
9,6.24,23290,55962,1.24,38,113,44,33,1785,113,153,160,0,0,70,961,42749,6508,0.152237479
9.1,6.26,23055,54752,1.24,35,111,40,38,2172,0,173,89,0,0,74,850,42145,6165,0.146280698
9.2,6.28,23122,55909,1.31,39,104,49,13,2641,110,178,48,0,0,188,873,42404,6261,0.147651165
9.3,6.3,23650,57386,1.22,16,116,51,34,2788,63,215,65,0,100,39,934,43403,6553,0.150980347
9.4,6.31,23456,57311,1.28,37,130,71,28,3181,0,175,231,4,25,217,956,42977,6463,0.150382763
9.5,6.33,23271,56132,1.31,22,112,48,32,3125,43,217,144,0,0,194,788,42133,6254,0.148434719
9.6,6.34,23427,57046,1.21,32,184,104,72,3471,125,228,121,0,0,242,864,42500,6360,0.149647059
9.7,6.33,23105,56362,1.29,27,86,54,0,2922,0,273,141,0,6,0,1052,42333,6475,0.15295396
9.8,6.31,23252,56728,1.25,29,124,64,12,3133,72,238,155,0,0,345,1020,42243,6245,0.147835144
9.9,6.3,23335,56919,1.29,32,140,88,27,3251,13,276,215,0,0,152,871,42349,6424,0.151691894
10,6.3,23486,57516,1.25,40,145,89,8,3205,57,212,245,0,0,108,946,43060,6464,0.150116117
10.1,6.32,23280,56815,1.38,42,144,95,29,2917,140,220,107,0,0,87,1162,42924,6291,0.146561364
10.2,6.32,23268,56267,1.29,36,162,93,28,3817,115,273,150,8,0,104,911,41571,6377,0.153400207
10.3,6.32,22632,56145,1.36,38,190,90,47,4162,106,225,33,0,0,87,752,41217,6160,0.149452896
10.4,6.34,22729,56719,1.15,36,186,85,26,3806,86,230,127,0,144,206,959,41534,6103,0.146939857
10.5,6.33,23285,57193,1.15,24,146,43,0,3273,40,201,201,0,126,351,952,42319,6513,0.153902502
10.6,6.32,23831,58253,1.22,26,131,79,47,3280,64,241,117,0,0,186,1078,43893,6347,0.144601645
10.7,6.31,23775,58038,1.25,48,107,71,45,3099,38,264,226,0,0,202,1093,43357,6300,0.145305256
10.8,6.32,23268,56480,1.27,21,131,74,46,3105,190,234,150,0,0,198,1098,42433,6190,0.14587703
10.9,6.33,23367,58288,1.26,33,109,60,14,2754,19,197,76,0,24,374,1122,44072,6290,0.142721002
11,6.34,23443,56628,1.27,19,92,56,16,2848,141,234,68,24,18,226,716,42811,6234,0.145616781
11.1,6.36,23301,56313,1.31,58,133,32,16,2846,135,230,108,0,0,0,884,43021,6294,0.146300644
11.2,6.38,23398,58446,1.23,31,121,60,53,3368,129,222,211,0,0,352,988,43221,6438,0.148955369
11.3,6.4,23694,57695,1.28,21,145,72,76,3386,135,155,107,0,0,257,853,43255,6194,0.143197318
11.4,6.41,22575,54399,1.47,25,106,60,40,2073,99,160,172,0,119,135,970,41575,6046,0.145423933
11.5,6.41,22217,54102,1.38,38,114,53,60,2463,55,208,107,0,0,85,1018,41047,6349,0.154676347
11.6,6.38,22430,54388,1.15,0,79,60,32,2627,87,190,115,0,46,13,1032,41445,5989,0.144504765
11.7,6.42,21988,53521,1.42,29,103,78,14,2811,175,246,127,0,0,143,694,40154,6003,0.149499427
11.8,6.41,22104,53975,1.36,25,104,41,24,3366,130,213,115,0,46,160,983,39849,5900,0.148058922
11.9,6.4,22026,54890,1.35,36,152,84,26,3727,125,222,162,0,0,0,755,40240,6126,0.152236581
12,6.39,22044,54661,1.38,37,172,82,35,3905,16,202,77,0,0,132,1075,39990,6173,0.154363591
12.1,6.39,22762,56934,1.32,35,132,99,59,4325,103,239,73,0,0,205,806,41436,6273,0.151390096
12.2,6.38,23298,58800,1.35,27,169,142,21,5346,86,147,205,0,0,302,698,42065,6500,0.154522762
12.3,6.38,23507,57776,1.28,19,107,96,19,3873,4,250,132,0,0,218,839,42861,6376,0.148759945
12.4,6.38,23607,57795,1.41,0,139,71,14,3907,42,200,91,0,0,112,911,42698,6451,0.15108436
12.5,6.38,23237,55718,1.32,22,123,63,13,3207,91,202,105,0,0,51,945,41967,6045,0.144041747
12.6,6.38,23062,55307,1.28,6,111,79,18,3183,141,297,174,0,0,0,882,41680,6265,0.1503119
12.7,6.38,23101,54956,1.38,25,141,31,9,2777,81,203,47,0,0,181,618,41742,6176,0.147956495
12.8,6.38,23069,55296,1.23,28,135,57,37,2863,16,187,56,0,0,252,848,41886,6301,0.150432125
12.9,6.38,23144,56553,1.37,42,126,83,24,3166,65,150,75,0,0,171,925,42562,6230,0.1463747
13,6.38,23536,58105,1.3,39,121,59,18,3484,48,213,82,0,0,246,1006,43342,6379,0.147178257
13.1,6.38,23189,56284,1.25,15,117,62,35,3088,33,227,135,0,0,173,924,42536,6175,0.145171149
13.2,6.39,22954,55677,1.46,10,88,75,19,2843,0,216,106,0,13,141,988,42253,6155,0.14567013
13.3,6.4,22472,54981,1.28,11,121,93,16,2753,125,184,76,0,0,215,836,41855,6103,0.145812926
13.4,6.4,21036,50990,1.64,23,114,51,56,2425,23,212,89,0,0,58,981,38535,5814,0.150875827
13.5,6.39,20815,50646,1.2,26,140,56,0,2778,99,206,91,0,47,70,768,38032,5567,0.146376735
13.6,6.39,21169,51569,1.3,18,119,14,38,2957,50,217,116,0,0,57,923,38929,5668,0.145598397
13.7,6.4,21197,51575,1.32,7,101,60,36,2133,47,203,196,14,8,66,871,39788,5797,0.145697195
13.8,6.41,21734,52931,1.18,7,70,16,21,1754,102,238,64,0,0,106,913,40733,6183,0.151793386
13.9,6.42,22314,53547,1.54,25,97,79,39,1834,92,249,21,0,0,48,860,41480,6130,0.147782064
14,6.44,22447,54639,1.38,10,98,44,50,2129,102,229,103,0,0,47,719,42129,6275,0.148947281
14.1,6.48,22560,54961,1.23,9,79,20,23,2018,131,187,92,0,0,180,854,42038,6525,0.155216709
14.2,6.5,22582,54710,1.37,0,61,78,25,2331,63,229,270,20,0,41,1066,42040,6284,0.149476689
14.3,6.52,22651,54301,1.46,19,98,92,33,2223,54,179,95,0,0,50,1106,41823,6117,0.146259235
14.4,6.54,22431,54059,1.34,8,94,80,22,2257,55,208,134,0,0,128,932,41367,6138,0.148379143
14.5,6.55,22334,54238,1.29,6,90,69,20,2621,161,193,102,0,0,132,896,41377,6161,0.148899147
14.6,6.56,21774,52905,1.33,6,79,86,0,2568,0,174,74,0,0,139,1050,40789,5863,0.143739734
14.7,6.57,21978,55008,1.31,0,69,73,31,3849,118,183,100,18,78,85,806,40892,6130,0.149907072
14.8,6.57,22516,58646,1.45,0,67,87,9,7804,31,173,82,0,0,182,914,40774,5894,0.144552901
14.9,6.58,21735,53388,1.21,0,111,66,23,2227,14,322,100,0,0,0,1011,40691,6082,0.149467941
15,6.58,21734,53635,1.19,13,123,131,0,2368,67,208,121,5,0,83,928,40836,5977,0.146365952
15.1,6.6,21818,54187,1.34,27,114,105,36,2661,61,257,164,21,0,184,1013,41157,5866,0.142527395
15.2,6.59,22240,54518,1.24,16,89,62,15,3076,111,222,6,0,0,157,854,41040,6227,0.151730019
15.3,6.6,22050,54094,1.24,13,128,87,41,2701,53,186,49,0,0,167,987,41173,5999,0.145702281
15.4,6.59,22106,55019,1.23,8,122,80,41,2643,85,211,113,0,164,205,959,41484,6089,0.146779481
15.5,6.58,22885,56084,1.29,0,98,58,0,2862,98,218,95,0,40,203,870,42924,6193,0.144278259
15.6,6.57,23247,56229,1.26,26,125,113,48,2564,36,203,158,0,0,176,992,43113,6381,0.148006402
15.7,6.57,22384,53351,1.27,20,109,50,46,1922,40,228,33,0,146,79,884,41193,5972,0.144976088
15.8,6.55,22440,53777,1.39,19,116,99,29,1816,39,191,54,0,0,149,887,41924,6164,0.147027955
15.9,6.52,22779,54522,1.29,17,117,95,57,1936,37,204,54,0,0,60,1036,42651,6090,0.142786805
16,6.5,22840,55595,1.38,30,102,52,8,1927,56,222,56,0,103,88,1064,42811,6563,0.153301722
16.1,6.49,22530,54836,1.25,12,126,84,28,2263,110,239,83,0,0,151,775,41798,6197,0.148260682
16.2,6.48,22225,55486,1.25,18,134,130,20,2901,105,212,49,0,37,170,1036,41478,6151,0.148295482
16.3,6.47,22443,57362,1.4,36,133,107,14,5713,0,204,87,0,115,123,927,41031,5930,0.144524871
16.4,6.46,22461,60555,1.42,13,125,157,25,8203,140,220,108,0,0,53,1056,41146,6428,0.156224177
16.5,6.47,22425,62410,1.28,11,145,161,33,10754,141,225,93,0,11,160,952,40743,6217,0.152590629
16.6,6.47,22613,60595,1.49,21,139,121,14,9220,108,207,93,0,68,223,768,40888,6033,0.147549403
16.7,6.46,22000,55539,1.21,13,118,84,22,4193,9,183,93,0,0,81,933,41290,6027,0.145967547
16.8,6.46,22394,57137,1.45,29,166,171,5,4578,95,260,87,0,57,29,955,41907,6117,0.145966068
16.9,6.45,22653,56679,1.37,47,170,124,48,4361,14,236,80,0,20,95,703,42023,6086,0.144825453
17,6.43,22467,56634,1.39,34,143,132,0,4417,71,246,99,7,62,127,1009,41855,5898,0.140915064
17.1,6.43,22157,55166,1.31,20,96,113,31,4084,47,157,54,0,0,29,1019,40846,6030,0.147627675
17.2,6.41,21821,55241,1.35,9,130,96,6,4398,0,175,150,8,30,175,955,40578,6042,0.148898418
17.3,6.39,21668,54792,1.25,15,123,120,14,3969,13,250,60,0,0,41,974,40918,6000,0.146634733
17.4,6.39,22200,54559,1.47,12,79,91,21,2491,32,216,139,0,18,52,861,42150,6128,0.145385528
17.5,6.41,23467,58184,1.39,14,112,171,29,4171,43,222,156,0,92,30,939,43183,6192,0.14338976
17.6,6.43,23452,59469,1.27,21,119,118,26,5203,121,269,94,0,0,73,830,43070,6397,0.148525656
17.7,6.45,22677,58650,1.31,27,148,171,45,5081,38,194,158,0,112,139,976,42469,6335,0.149167628
17.8,6.47,22473,56980,1.24,35,106,110,26,4852,6,258,134,0,0,0,1043,41725,6076,0.145620132
17.9,6.47,21834,56059,1.3,23,128,70,45,4361,99,164,92,0,0,136,1010,41415,6040,0.145840879
18,6.47,21757,55045,1.35,30,98,94,0,3153,21,179,71,0,0,0,1035,41648,6207,0.149034768
18.1,6.47,22234,55228,1.3,0,88,83,20,2878,105,193,147,45,226,194,1074,41764,5977,0.143113686
18.2,6.46,22018,54686,1.48,19,87,115,57,3089,106,252,31,6,0,5,1032,41618,5945,0.142846845
18.3,6.46,21466,54156,1.37,20,152,133,21,3302,61,181,164,0,58,142,905,40634,5898,0.145149382
18.4,6.45,21100,53222,1.41,19,123,166,0,3456,65,189,163,0,0,0,935,40077,5782,0.144272276
18.5,6.43,21189,53895,1.26,0,123,129,35,4330,96,206,66,0,69,13,878,39866,5836,0.146390408
18.6,6.41,21752,55335,1.51,16,71,73,21,4075,10,232,139,0,94,5,1083,41199,5819,0.141241292
18.7,6.4,21902,53767,1.37,0,113,85,18,3973,37,179,153,0,31,18,881,40124,5666,0.141212242
18.8,6.41,22235,56100,1.27,18,130,116,22,4642,47,135,120,0,60,175,1040,40741,6213,0.152499939
18.9,6.41,21875,54640,1.18,22,150,138,42,3765,51,173,82,0,20,84,947,40658,5942,0.1461459
19,6.41,21682,54367,1.21,27,145,151,35,3526,0,243,57,10,41,90,1125,40531,5970,0.147294663
19.1,6.42,21666,53977,1.24,32,153,197,11,3952,62,147,26,0,16,0,889,40013,5947,0.148626696
19.2,6.42,21785,54169,1.48,21,176,205,38,3749,0,172,91,0,28,87,999,40556,5427,0.133814972
19.3,6.42,21687,54834,1.4,8,149,139,31,3553,0,222,105,0,27,262,932,40614,6052,0.149012656
19.4,6.41,21492,54567,1.16,22,178,149,28,4119,166,272,133,0,0,305,900,39846,5656,0.141946494
19.5,6.42,21150,52554,1.25,10,117,180,0,3830,43,185,29,0,0,0,1028,38967,5755,0.14768907
19.6,6.42,21012,53166,1.27,16,131,153,10,4320,0,159,37,16,0,134,879,39322,5718,0.145414781
19.7,6.41,20768,51456,1.36,18,85,109,0,2723,99,179,63,0,142,57,1030,38898,5674,0.145868682
19.8,6.41,21850,58693,1.2,0,96,110,23,9111,116,189,219,0,103,21,812,39442,5882,0.149130369
19.9,6.43,21419,55043,1.15,22,93,105,24,6221,94,201,133,42,7,127,960,38809,5818,0.14991368
20,6.45,21184,58265,1.31,4,108,172,21,9770,105,164,130,19,77,78,934,38567,5843,0.15150258
20.1,6.47,21255,57010,1.18,14,100,122,0,8114,103,215,127,0,18,118,775,38730,5869,0.151536277
20.2,6.47,21701,53334,1.25,6,160,163,28,4216,0,183,107,17,88,92,828,39229,5979,0.152412756
20.3,6.47,20897,52503,1.31,29,160,166,20,3772,0,213,136,11,0,37,1012,38842,5873,0.151202307
20.4,6.47,21302,57540,1.28,0,141,185,8,8998,16,184,92,0,0,50,882,38538,5860,0.152057709
20.5,6.48,21212,52844,1.21,33,159,146,14,4048,25,181,76,0,0,219,846,39041,5775,0.147921416
20.6,6.49,21626,56805,1.29,19,96,106,52,7668,69,192,126,0,0,221,768,39359,5883,0.149470261
20.7,6.5,21948,57067,1.31,27,140,140,26,7704,39,204,122,0,0,165,839,39373,5874,0.14918853
20.8,6.52,21830,57585,1.23,0,100,172,40,7590,64,179,136,0,0,364,920,39420,6055,0.153602232
20.9,6.54,21131,53263,1.22,0,69,107,8,4826,108,194,92,30,28,48,754,38977,5774,0.148138646
21,6.56,20990,53310,1.23,20,55,131,41,5730,132,147,88,0,0,116,736,37778,5919,0.15667849
21.1,6.58,20927,52647,1.25,13,81,116,26,3817,188,190,87,11,57,128,873,38914,5828,0.149766151
21.2,6.59,21071,50688,1.24,9,59,98,43,2355,49,171,57,0,53,56,878,38924,5710,0.146696126
21.3,6.6,21166,51526,1.26,0,49,113,30,2442,42,221,142,0,11,212,773,39307,5816,0.147963467
21.4,6.61,20952,52073,1.19,6,137,149,9,3099,73,193,106,0,26,40,1010,39057,5905,0.151189287
21.5,6.62,20795,50787,1.33,16,89,79,19,2005,106,190,110,0,4,78,715,39395,5655,0.143546135
21.6,6.63,21023,52143,1.14,15,121,131,41,2845,31,208,64,0,0,149,999,39362,5807,0.147528073
21.7,6.64,20797,50745,1.39,20,160,171,64,1606,49,229,44,0,0,205,983,39149,5914,0.151063884
21.8,6.65,20687,51144,1.36,14,125,171,16,1714,44,189,82,0,103,229,962,38901,6034,0.155111694
21.9,6.66,21001,50929,1.34,0,137,208,9,1957,103,197,153,0,44,109,956,39199,5625,0.143498559
22,6.68,20667,50122,1.21,4,112,195,32,1988,51,232,171,70,0,148,931,38387,5572,0.145153307
22.1,6.69,20564,51390,1.26,11,120,186,52,3103,65,190,117,0,114,187,751,38322,5624,0.146756432
22.2,6.7,20489,48866,1.23,15,82,185,13,1721,93,208,161,0,0,9,1002,37975,5332,0.140408163
22.3,6.71,20417,49362,1.3,12,99,142,15,1590,69,167,66,0,0,168,817,38356,5364,0.139847742
22.4,6.72,20095,48416,1.31,17,78,138,8,1185,48,168,89,0,21,124,760,38093,5435,0.142677132
22.5,6.73,20240,48491,1.36,13,83,105,17,1139,55,190,24,0,0,211,937,37935,5715,0.150652432
22.6,6.74,20318,49235,1.32,4,67,97,34,1016,155,184,100,0,0,173,842,38449,5970,0.155270618
22.7,6.75,20631,50299,1.62,24,127,166,27,1996,86,192,0,0,0,317,783,38601,5629,0.145825238
22.8,6.76,20247,49717,1.33,11,102,170,31,1283,82,199,136,34,115,140,848,38818,5583,0.14382503
22.9,6.78,20226,49475,1.25,0,86,145,0,1193,34,196,133,0,0,219,869,38705,5779,0.149308875
23,6.79,20502,50197,1.19,29,111,137,21,1119,44,200,128,6,0,59,831,39378,5775,0.146655493
23.1,6.79,20663,50274,1.24,20,120,173,14,1452,22,258,86,0,0,48,757,39032,5852,0.149928264
23.2,6.8,20735,50451,1.32,17,150,154,38,1399,0,164,77,0,47,85,729,39381,5877,0.149234402
23.3,6.82,20541,51332,1.31,12,111,150,36,1713,61,178,120,28,0,371,805,39318,5784,0.147108195
23.4,6.83,20774,51844,1.23,16,126,115,0,3756,44,167,37,0,11,96,681,38537,5695,0.147780056
23.5,6.84,21105,55509,1.29,11,88,117,41,6432,169,198,164,0,0,62,881,39006,5878,0.150694765
23.6,6.84,21057,55557,1.23,15,105,97,25,7030,39,172,73,45,15,114,1015,39047,5767,0.147693805
23.7,6.85,21730,57975,1.29,14,95,106,10,8619,125,255,62,61,21,196,896,39353,5871,0.149188118
23.8,6.86,21940,58532,1.37,0,115,100,0,9049,0,207,152,19,108,211,978,39771,5662,0.14236504
23.9,6.86,21750,53767,1.17,0,112,95,36,3867,102,232,140,0,19,138,793,40174,6023,0.149922836
24,6.87,21382,51303,1.26,0,107,86,34,1363,63,176,100,0,59,100,1048,40297,5884,0.146015832
24.1,6.87,21594,51855,1.19,0,99,58,10,1533,34,189,124,0,26,278,1002,40505,5588,0.137958277
24.2,6.88,22059,53832,1.25,13,101,101,31,2787,30,195,130,0,0,140,992,40935,5940,0.145108098
24.3,6.88,21744,52102,1.39,11,79,109,0,1965,39,196,176,0,63,0,880,40376,6031,0.149370913
24.4,6.9,21130,51177,1.56,6,90,119,21,1406,0,132,112,0,0,149,1014,39428,5908,0.149842751
24.5,6.9,21440,52464,1.36,7,122,115,12,3781,17,203,28,0,0,50,1119,39157,5727,0.146257374
24.6,6.9,22175,60965,1.51,15,107,141,0,13321,34,179,66,0,0,112,889,38321,5606,0.146290546
24.7,6.91,21134,50533,1.38,19,85,98,14,1871,119,233,97,0,0,91,834,39128,5712,0.145982417
24.8,6.91,20916,50240,1.33,0,110,94,25,1562,48,213,65,0,22,218,987,38907,5791,0.148842111
24.9,6.91,21065,51066,1.46,8,86,132,44,1952,44,199,106,0,145,269,975,38905,6064,0.155866855
25,6.91,21630,52456,1.23,11,131,141,59,1747,76,184,45,0,0,296,906,40657,5963,0.146666011
25.1,6.92,21643,52750,1.24,0,105,126,53,1948,87,225,89,0,0,65,945,40642,6001,0.147655135
25.2,6.92,22102,53406,1.38,10,138,135,24,2241,0,184,113,0,0,74,871,41334,5871,0.142038032
25.3,6.92,22371,55219,1.53,18,154,189,27,2212,81,209,179,0,0,253,984,41721,6395,0.153280123
25.4,6.91,22362,54260,1.27,17,143,193,26,1713,49,197,111,0,0,211,1069,42027,6027,0.143407809
25.5,6.92,22325,53277,1.38,10,131,145,14,1240,0,259,110,38,0,279,799,41826,5937,0.141945202
25.6,6.92,22562,52948,1.31,21,159,118,46,811,28,268,70,0,0,0,780,42048,6044,0.143740487
25.7,6.91,22610,54352,1.24,14,140,168,23,1319,0,189,94,0,0,81,1012,42564,6262,0.147119632
25.8,6.91,22547,54110,1.49,0,136,167,24,850,104,252,184,0,58,227,953,42515,5974,0.140515112
25.9,6.92,22565,53891,1.34,0,133,123,49,1110,47,165,68,0,0,105,1071,42121,6140,0.145770518
26,6.92,22606,54114,1.41,20,97,105,0,894,27,237,167,0,0,210,1062,42458,6202,0.146073767
26.1,6.92,22511,53238,1.24,0,93,103,4,1020,64,238,136,17,0,130,884,41928,6170,0.147157031
26.2,6.92,22420,54358,1.31,7,136,155,17,1731,62,225,130,0,0,210,997,42395,5910,0.139403232
26.3,6.92,22276,54236,1.39,19,137,83,10,2398,0,303,80,0,110,69,960,41768,5862,0.140346677
26.4,6.92,22198,53452,1.22,0,128,107,50,2279,19,194,175,0,42,157,898,41536,5876,0.141467643
26.5,6.92,22317,53222,1.25,11,84,95,38,2107,77,194,33,0,23,58,1081,41348,5828,0.140949985
26.6,6.92,22425,53710,1.26,10,124,111,27,1657,41,238,35,0,0,165,917,41791,6047,0.144696226
26.7,6.92,22495,53815,1.37,13,143,153,35,1935,121,223,102,0,0,217,946,41336,6005,0.145272886
26.8,6.92,22395,53458,1.38,0,125,115,14,1247,62,260,76,0,0,211,845,42034,5936,0.141219013
26.9,6.92,22535,53648,1.48,22,136,116,17,1917,26,155,145,0,0,90,962,41292,6058,0.146711227
27,6.93,22325,52903,1.32,11,122,136,51,984,36,193,129,0,56,133,869,41715,6147,0.147357066
27.1,6.94,22307,53261,1.55,14,152,109,0,955,49,209,38,0,0,164,998,41944,5876,0.140091551
27.2,6.94,22568,53544,1.35,14,104,114,20,1683,58,229,80,0,0,64,988,41606,6155,0.147935394
27.3,6.93,22048,53187,1.31,17,101,103,9,1055,50,194,41,0,23,152,1029,41794,6092,0.14576255
27.4,6.94,22408,53211,1.49,13,99,137,0,1058,31,202,97,0,0,101,1062,41608,6020,0.144683715
27.5,6.93,22787,55458,1.21,7,132,124,31,1692,50,200,66,0,150,238,968,42791,6273,0.146596247
27.6,6.92,22732,56015,1.33,14,131,167,28,2502,24,231,147,0,7,257,1073,42585,6286,0.147610661
27.7,6.93,22571,54348,1.31,0,120,131,43,1941,0,270,137,13,0,13,906,42143,6106,0.144887644
27.8,6.93,22310,53903,1.33,8,112,136,28,1908,45,212,102,0,42,358,920,41406,6114,0.147659759
27.9,6.92,22069,52776,1.3,31,152,134,46,1225,50,249,163,0,0,90,1054,41297,5900,0.142867521
28,6.93,21518,53880,1.51,18,184,252,91,4020,74,214,128,0,53,220,968,39887,5764,0.144508236
28.1,6.93,22339,57359,1.33,6,254,264,52,5836,72,162,135,0,140,339,1032,40594,6082,0.149825097
28.2,6.92,22586,54803,1.29,0,124,166,43,2433,0,244,94,0,0,175,846,42254,6249,0.147891324
28.3,6.92,22465,55098,1.19,22,148,218,23,2668,61,282,45,0,0,61,942,41884,6160,0.147072868
28.4,6.93,22552,55594,1.27,11,125,124,36,2982,81,157,114,0,0,103,972,42068,6256,0.14871161
28.5,6.93,22448,55659,1.28,0,108,119,21,3354,60,229,120,4,0,184,887,41777,6349,0.151973574
28.6,6.92,22474,54300,1.35,26,143,150,12,2191,57,260,99,0,0,67,1127,41731,5936,0.142244375
28.7,6.92,22497,54401,1.36,7,130,185,27,1483,0,271,109,0,64,106,979,42082,6493,0.154293997
28.8,6.92,22755,55005,1.25,18,139,133,26,2198,88,250,120,0,69,280,892,42303,6105,0.144316006
28.9,6.91,23081,56226,1.25,0,152,152,24,3156,0,208,75,0,0,59,964,42779,6283,0.146871128
29,6.91,22840,56360,1.32,15,112,94,32,2929,0,257,102,0,83,264,1048,42885,6310,0.147137694
29.1,6.9,22597,53715,1.29,16,89,134,24,1859,43,232,102,0,0,153,760,42108,6274,0.148997815
29.2,6.9,22571,54830,1.3,0,115,92,30,2701,139,200,92,0,10,313,798,41833,6282,0.150168527
29.3,6.89,22684,54496,1.26,12,154,180,51,2524,0,201,72,0,45,209,939,41943,6057,0.144410271
29.4,6.89,22593,54121,1.43,0,128,132,28,1927,127,178,178,0,120,289,853,41723,6068,0.145435371
29.5,6.89,22538,54885,1.2,17,101,82,17,1848,14,227,147,0,153,122,981,42412,6375,0.150311233
29.6,6.9,22530,55017,1.28,11,153,95,16,2609,107,174,84,0,0,101,987,41814,6444,0.154111063
29.7,6.9,22765,55542,1.46,8,173,181,31,3552,42,230,97,0,0,19,804,41961,6245,0.148828674
29.8,6.9,22863,56117,1.36,8,127,131,25,3048,99,210,68,0,0,116,996,42452,6443,0.151771412
29.9,6.91,22633,54968,1.25,0,131,82,53,1312,26,230,168,0,0,324,971,42992,6494,0.151051358
30,6.91,21991,54244,1.15,6,88,99,19,2192,0,253,131,0,0,240,1171,41754,6048,0.144848398
30.1,6.92,21891,52872,1.23,0,126,81,4,1188,0,211,67,0,0,0,1012,41650,6135,0.14729892
30.2,6.92,22278,53810,1.27,0,98,95,34,1045,25,173,113,0,57,117,1080,42329,6101,0.144132864
30.3,6.91,22483,53809,1.33,14,180,126,26,1170,17,186,152,0,0,156,890,42664,6155,0.144266829
30.4,6.92,22954,56507,1.33,12,152,107,15,1271,35,235,150,0,165,251,1017,44174,6757,0.152963282
30.5,6.92,23614,56007,1.3,17,173,144,38,1653,0,218,134,0,0,161,944,43861,6546,0.149244203
30.6,6.92,23702,56221,1.24,4,97,144,19,1261,54,159,124,0,60,225,929,44153,6713,0.152039499
30.7,6.92,23366,54937,1.32,6,147,89,49,815,35,265,63,0,63,107,865,43713,6624,0.151533869
30.8,6.93,23124,54327,1.19,9,201,115,64,1161,0,248,108,0,173,65,931,42490,6250,0.147093434
30.9,6.94,22608,54103,1.2,0,170,159,13,1354,89,327,137,0,0,265,982,41855,6331,0.151260303
31,6.95,22705,54459,1.24,11,172,130,29,1513,49,164,138,0,0,149,976,42618,6180,0.145009151
31.1,6.93,22675,54794,1.25,0,139,149,29,1590,115,188,162,0,0,212,1073,42533,6318,0.148543484
31.2,6.92,22489,53778,1.28,32,151,143,50,1658,50,232,32,0,9,283,737,41692,6334,0.15192363
31.3,6.92,22330,53416,1.22,11,160,86,28,1165,42,291,197,0,0,213,838,41673,6393,0.153408682
31.4,6.92,22375,54183,1.09,22,146,148,9,1815,86,234,164,0,0,237,1194,41963,6145,0.146438529
31.5,6.92,22631,53768,1.26,0,132,178,57,1444,111,231,159,0,46,209,944,41866,5986,0.142979984
31.6,6.93,22826,54465,1.34,11,154,170,37,1522,0,257,47,0,44,316,921,42289,6179,0.146113647
31.7,6.93,23085,54461,1.4,8,174,135,38,1215,19,210,160,0,0,0,1094,43254,6379,0.14747769
31.8,6.92,23545,55677,1.24,0,168,153,16,1262,48,259,150,0,183,182,874,43644,6383,0.146251489
31.9,6.92,23034,55710,1.22,5,161,196,28,1437,96,237,87,0,0,248,1155,43533,6433,0.147772954
32,6.92,23417,55793,1.31,24,156,104,19,1309,154,184,169,0,0,97,1217,43712,6352,0.145314788
32.1,6.91,23472,55100,1.11,11,130,119,0,1485,51,235,215,0,0,331,717,43472,6280,0.144460802
32.2,6.9,23564,55911,1.37,23,185,106,62,1782,10,251,175,0,0,205,1108,43499,6236,0.143359617
32.3,6.89,23715,55959,1.36,0,239,162,5,1941,163,229,71,16,0,251,1056,42883,6524,0.152134879
32.4,6.87,23447,55856,1.32,16,211,171,23,2798,14,269,87,0,17,266,864,41803,6497,0.155419468
32.5,6.87,23435,57871,1.27,0,184,280,32,5117,28,168,16,0,0,149,1042,42102,6237,0.148140231
32.6,6.88,23173,58727,1.25,28,224,250,30,5751,121,183,78,18,90,295,957,42153,6383,0.151424572
32.7,6.88,22962,57893,1.22,0,226,272,21,4612,89,253,87,0,79,103,1029,41957,6651,0.158519437
32.8,6.88,22797,58371,1.28,9,242,285,45,6342,63,205,108,0,9,182,1046,40954,6253,0.152683499
32.9,6.87,22796,58519,1.35,20,251,295,61,6914,14,257,167,0,107,113,908,41012,6104,0.148834487
33,6.87,22700,61776,1.37,0,192,245,37,11432,43,229,153,0,0,147,778,39639,6179,0.155881834
33.1,6.88,22276,57014,1.24,15,161,221,25,7448,0,251,64,0,0,49,1141,39530,6010,0.152036428
33.2,6.88,22090,55580,1.26,10,196,183,21,5464,248,245,197,18,40,277,795,39455,5894,0.149385376
33.3,6.88,21877,56490,1.25,8,202,257,57,6129,113,246,90,25,41,248,911,39853,6058,0.152008632
33.4,6.89,22007,58941,1.31,0,224,304,16,9190,247,203,15,0,0,317,893,39239,5953,0.151711308
33.5,6.88,22309,59030,1.24,0,168,198,43,9297,219,224,111,61,0,339,840,39267,5752,0.146484325
33.6,6.88,22750,62627,1.4,13,188,287,15,12100,171,235,132,49,0,327,924,39808,5876,0.147608521
33.7,6.88,22286,58188,1.21,0,201,304,24,6803,174,237,206,0,90,373,923,40087,5956,0.148576845
33.8,6.88,22008,56689,1.26,9,248,283,42,7442,78,203,38,0,49,238,872,38850,5964,0.153513514
33.9,6.88,22037,58175,1.51,32,167,304,47,8667,202,231,107,0,61,272,855,38742,6048,0.156109648
34,6.88,21942,60184,1.43,24,251,366,43,9728,252,165,122,0,16,366,973,39205,6152,0.15691876
34.1,6.88,22459,60058,1.38,31,225,352,54,9520,167,212,220,0,0,471,945,39433,5961,0.151167804
34.2,6.88,22444,59395,1.36,0,212,367,34,9420,135,236,119,0,0,135,1063,39141,5877,0.15014946
34.3,6.88,22812,61072,1.35,14,284,374,17,10423,196,212,136,0,0,378,975,39387,6147,0.156066723
34.4,6.89,23211,62205,1.29,0,202,350,57,11599,140,182,93,0,0,209,902,39967,6230,0.1558786
34.5,6.88,23082,59518,1.21,0,195,377,37,8686,71,152,121,0,0,243,947,40431,6085,0.150503327
34.6,6.88,23087,60628,1.39,22,204,360,34,9286,29,214,140,0,33,118,871,40785,6226,0.152654162
34.7,6.89,22934,59374,1.26,20,212,345,5,7520,108,225,134,0,0,362,1005,40368,6183,0.153165874
34.8,6.88,23227,58751,1.36,24,245,315,59,7278,162,201,168,0,59,321,878,40754,6061,0.148721598
34.9,6.89,23050,55970,1.35,20,281,339,23,4003,92,139,143,0,0,392,816,41303,6195,0.149989105
35,6.89,23075,55749,1.22,7,224,309,68,3743,83,237,206,0,0,247,891,41253,6252,0.151552614
35.1,6.89,22608,55275,1.26,10,234,344,31,3271,125,269,151,129,0,373,1131,40428,6356,0.15721777
35.2,6.89,22518,56693,1.22,21,259,399,85,4719,123,171,105,193,60,275,1068,40480,6082,0.150247036
35.3,6.9,22449,55825,1.32,6,252,376,39,4938,185,233,181,20,0,443,1101,39793,6024,0.151383409
35.4,6.91,22464,54868,1.31,35,294,361,50,4042,169,206,146,0,0,417,934,39730,6228,0.156758117
35.5,6.91,22543,54609,1.3,18,281,458,38,4377,94,162,162,0,0,239,956,39451,6047,0.153278751
35.6,6.9,22473,55696,1.42,0,255,372,53,4221,177,272,139,0,45,488,1199,40024,6204,0.155006996
35.7,6.91,22363,55176,1.42,7,243,317,48,4527,151,136,111,0,0,333,948,39793,6193,0.155630387
35.8,6.92,22477,55332,1.38,0,282,392,33,4421,181,238,47,0,0,412,874,39848,6135,0.153960048
35.9,6.92,22366,55884,1.3,21,435,478,28,4728,135,248,126,0,0,440,878,39801,6240,0.15677998
36,6.93,22240,55330,1.21,14,336,463,64,4482,119,248,199,0,0,379,1027,39781,5954,0.14966944
36.1,6.92,21777,53571,1.23,0,267,497,0,4295,108,215,167,0,0,351,1119,38646,5965,0.154349739
36.2,6.93,21805,56658,1.33,0,285,442,66,5555,99,208,96,0,121,531,1147,39271,6157,0.156782358
36.3,6.93,22131,55836,1.34,8,262,481,66,5204,107,207,111,0,0,629,1002,39498,6191,0.156742114
36.4,6.93,22432,57155,1.36,23,292,596,82,5424,0,220,103,0,75,656,960,39810,6360,0.159758855
36.5,6.93,22156,55712,1.36,13,338,503,27,4782,62,215,105,0,30,559,977,39869,5989,0.150216961
36.6,6.93,21721,54684,1.33,0,256,495,38,4713,127,202,90,17,0,591,1054,38859,5946,0.153014746
36.7,6.93,22098,57905,1.36,18,354,661,55,7113,122,240,130,0,0,612,982,39185,6090,0.155416614
36.8,6.92,22466,59219,1.26,5,310,562,54,7424,131,177,117,0,81,432,950,40404,6513,0.161196911
36.9,6.92,22479,58873,1.18,12,361,638,78,8537,62,239,226,0,0,416,1006,39255,6089,0.155113998
37,6.92,22285,58234,1.4,17,319,613,57,6978,192,220,83,0,0,402,980,39889,6142,0.153977287
37.1,6.93,22242,56484,1.36,23,348,882,71,5567,85,201,142,0,72,421,947,39395,6127,0.155527351
37.2,6.94,22346,56790,1.21,12,336,751,61,5859,86,170,79,0,30,450,1061,39841,6031,0.151376722
37.3,6.94,22303,54214,1.28,21,242,380,42,3671,79,191,146,0,0,334,835,40315,5961,0.147860598
37.4,6.94,22220,53446,1.44,0,277,457,39,3055,32,240,103,0,0,297,897,40071,6075,0.1516059
37.5,6.94,22304,54320,1.26,28,268,376,36,3760,39,205,103,12,0,350,1076,39691,6100,0.153687234
37.6,6.94,22201,54520,1.21,26,293,466,65,3664,58,230,54,0,167,365,949,39854,6092,0.152857931
37.7,6.94,22216,55603,1.32,5,288,596,93,4762,145,219,108,17,0,521,848,39785,6027,0.151489255
37.8,6.93,21933,54224,1.31,17,211,492,67,4400,98,160,21,0,34,634,845,38909,6006,0.154360174
37.9,6.93,21737,54312,1.34,9,412,533,55,5274,71,228,103,0,35,488,934,38089,5708,0.149859539
38,6.93,22064,55053,1.36,26,376,599,82,5718,44,170,5,0,0,411,837,38577,5933,0.153796303
38.1,6.93,21591,55127,1.39,30,309,553,41,5638,89,196,153,0,0,425,938,38491,6201,0.161102595
38.2,6.93,21567,54988,1.37,6,316,625,73,5877,26,219,38,0,135,573,795,38013,5955,0.156656933
38.3,6.92,21619,54292,1.31,11,249,574,73,5292,55,217,166,0,0,457,868,38185,6078,0.15917245
38.4,6.92,21191,53277,1.2,0,271,519,70,4855,132,180,161,0,0,508,819,37456,6044,0.161362666
38.5,6.92,21465,59125,1.36,31,432,770,136,10153,61,170,84,14,49,817,963,37233,6085,0.16343029
38.6,6.92,21444,56913,1.17,29,402,694,96,8899,82,189,90,0,0,752,856,36761,5867,0.159598488
38.7,6.93,21562,55265,1.3,33,325,636,66,6125,79,176,189,0,25,537,954,37559,6094,0.162251391
38.8,6.93,21320,54786,1.2,0,351,705,85,6091,155,247,145,33,32,685,889,37370,5929,0.158656676
38.9,6.92,21338,54352,1.27,40,318,693,76,5881,153,198,113,0,0,497,775,37447,6009,0.160466793
39,6.92,21653,55548,1.37,0,293,715,60,6543,95,232,45,37,0,528,783,37974,5881,0.154869121
39.1,6.92,21734,56719,1.36,16,379,770,71,7315,44,185,91,0,48,690,1025,38227,5691,0.148873833
39.2,6.92,22011,56507,1.32,15,391,739,100,6836,67,195,103,0,0,561,947,38355,6077,0.158440881
39.3,6.93,21998,58269,1.29,15,470,952,71,7571,138,188,78,0,0,746,1028,38753,6170,0.15921348
39.4,6.93,22121,58418,1.23,13,406,888,82,8272,113,288,256,21,0,813,908,38194,6178,0.161753155
39.5,6.93,22203,57684,1.27,23,358,752,47,7216,121,205,136,0,38,930,831,38873,6018,0.154811823
39.6,6.93,22084,57112,1.24,19,309,882,90,6548,72,230,93,0,0,697,981,38777,6069,0.156510302
39.7,6.94,21663,55908,1.34,12,397,686,69,6469,113,181,88,0,0,752,871,37922,6052,0.159590739
39.8,6.94,21896,55965,1.27,10,352,725,83,6940,53,240,167,0,0,515,925,37874,5953,0.157179067
39.9,6.93,21794,55920,1.34,8,302,608,47,7089,141,214,73,0,25,777,759,37748,5862,0.155292996
40,6.93,21297,54925,1.33,0,379,743,65,6685,155,137,51,0,0,783,894,36881,5977,0.162061766
40.1,6.93,21446,55991,1.24,0,434,865,92,7712,84,264,148,0,34,637,893,37055,5883,0.158763999
40.2,6.91,21835,56609,1.46,7,615,997,47,8094,105,199,136,0,0,818,967,36901,5674,0.153762771
40.3,6.9,21512,55264,1.3,14,475,854,84,6716,94,221,80,0,0,614,1027,36991,5826,0.15749777
40.4,6.91,20718,54916,1.28,8,396,887,65,7656,158,189,172,0,302,729,906,35552,5857,0.164744599
40.5,6.9,20817,58828,1.34,17,481,1018,139,11564,128,255,128,23,18,882,995,35047,5932,0.169258424
40.6,6.9,21154,58731,1.4,44,437,979,75,11310,119,223,163,51,139,1035,858,35115,6003,0.170952584
40.7,6.9,21218,54826,1.44,8,379,862,88,6914,129,188,139,13,97,638,927,36189,6039,0.166873912
40.8,6.89,21190,56628,1.38,35,520,1124,82,9499,52,179,144,0,13,1043,864,35480,5769,0.162598647
40.9,6.89,20740,54089,1.2,19,438,990,66,8204,98,230,116,0,65,1247,908,34132,5539,0.16228173
41,6.9,20910,56054,1.33,17,512,1020,108,9849,201,255,232,0,0,963,997,34103,5695,0.166994106
41.1,6.89,21009,57484,1.47,19,557,1060,67,10592,98,250,175,49,100,831,776,35389,5656,0.159823674
41.2,6.89,20638,55149,1.41,42,441,1041,97,8921,8,142,166,8,0,853,848,34794,5659,0.162642984
41.3,6.9,20601,56546,1.23,29,564,1192,88,10534,170,232,145,20,0,771,754,34402,5562,0.161676647
41.4,6.9,20758,56121,1.38,24,493,1209,94,9593,146,183,73,74,0,893,920,34778,5690,0.163609178
41.5,6.88,21388,57583,1.32,31,501,1234,129,9551,157,168,223,22,0,780,939,36182,5711,0.157840915
41.6,6.88,21540,58975,1.35,0,550,1084,117,10277,0,229,161,37,0,839,1009,37014,5557,0.150132382
41.7,6.88,21790,58430,1.21,36,627,944,120,10779,102,201,145,0,0,678,748,35946,6032,0.167807266
41.8,6.88,21470,58686,1.24,5,593,865,107,12494,227,129,142,0,8,471,877,35099,5622,0.160175504
41.9,6.88,20855,56009,1.35,0,296,694,37,10048,172,189,101,0,29,701,810,35300,5721,0.162067989
42,6.87,20723,54736,1.3,36,361,819,105,8341,76,261,198,0,79,788,843,35010,5847,0.167009426
42.1,6.86,20779,54576,1.32,14,407,831,73,9019,156,183,121,0,6,927,944,34219,5826,0.17025629
42.2,6.85,21069,56672,1.23,25,388,882,80,9321,160,176,82,36,0,911,1039,35429,5735,0.161873042
42.3,6.86,20836,56702,1.41,0,335,907,94,9873,117,251,203,13,64,713,933,35034,5929,0.1692356
42.4,6.85,21077,57727,1.19,0,393,902,75,10945,280,215,107,0,0,765,797,35216,5884,0.167083144
42.5,6.86,21106,56613,1.31,22,434,992,97,10323,172,229,207,60,0,660,952,34739,5868,0.168916779
42.6,6.86,20473,57070,1.32,28,569,1148,143,10999,97,201,215,0,101,900,1041,33835,5794,0.171242796
42.7,6.88,20093,55037,1.37,22,407,1118,81,10802,265,201,111,35,0,967,681,32988,5398,0.163635261
42.8,6.88,20020,54661,1.36,24,424,943,115,10660,134,230,102,67,41,979,868,32545,5485,0.168535873
42.9,6.89,19797,53914,1.33,19,525,1107,78,10535,120,137,166,0,50,1007,988,31614,5548,0.175491871
43,6.89,19680,54086,1.29,11,421,1154,101,11180,223,213,150,7,0,960,937,31300,5339,0.17057508
43.1,6.88,19913,56609,1.34,19,512,1293,101,13164,319,178,120,0,0,1136,1043,31178,5491,0.176117775
43.2,6.87,20219,59097,1.35,30,674,1479,128,14588,241,169,58,0,52,1172,950,32119,5569,0.173386469
43.3,6.86,20241,57468,1.32,44,650,1232,90,12993,233,143,92,17,0,866,1003,32481,5426,0.167051507
43.4,6.87,20532,56419,1.43,34,665,1262,143,12156,176,230,176,27,0,867,879,32445,5378,0.165757436
43.5,6.87,20323,56000,1.32,13,493,1435,79,12319,296,252,137,0,38,1085,986,31675,5210,0.164483031
43.6,6.87,19836,56225,1.4,7,517,1243,117,13920,194,142,107,0,21,1176,890,30364,5431,0.178863127
43.7,6.86,19051,53049,1.45,32,438,1122,130,11947,214,153,144,24,146,1525,997,29166,5138,0.176164027
43.8,6.86,18215,50363,1.31,0,397,1197,82,11173,209,194,104,19,99,1148,902,28171,4926,0.174860672
43.9,6.87,17471,51742,1.23,33,669,1515,121,14258,238,157,142,0,65,1346,821,25879,4764,0.184087484
44,6.85,17431,49954,1.29,17,609,1451,118,12909,92,119,96,25,46,1269,698,25926,4644,0.179125202
44.1,6.84,17794,53011,1.36,18,590,1423,163,15620,129,188,147,55,97,1207,894,25843,4903,0.189722555
44.2,6.83,17974,50533,1.33,18,516,1179,111,12420,213,127,106,0,92,1167,859,27090,5003,0.184680694
44.3,6.83,17628,50369,1.3,23,509,1209,82,12777,134,218,143,0,0,1189,831,26727,4701,0.17588955
44.4,6.83,17728,52662,1.38,15,547,1492,135,14605,252,194,112,0,85,1291,884,26364,5070,0.192307692
44.5,6.84,18641,52985,1.23,6,495,1226,92,12243,191,165,151,59,75,1384,741,28700,5355,0.186585366
44.7,6.74,17717,54450,1.22,18,718,1474,165,15888,300,244,159,0,16,1129,904,26432,5103,0.193061441
44.8,6.74,16890,49370,1.38,10,518,1087,109,13432,155,143,116,0,81,1058,856,25458,4605,0.180886165
45.1,6.66,18453,60813,1.55,12,796,2135,164,22032,190,216,162,42,117,2420,853,24673,5011,0.203096502
45.2,6.69,18096,57633,1.48,16,569,1712,152,19731,210,255,213,100,120,1982,888,24668,4902,0.198718988
45.3,6.72,17930,58633,1.45,44,730,1808,157,20313,326,201,103,125,8,1956,1074,24995,4813,0.192558512
45.4,6.74,18078,58162,1.36,23,934,2089,194,20004,330,225,134,59,113,1781,838,24681,4951,0.200599652
45.5,6.74,18191,56000,1.49,45,881,1724,152,18015,208,219,97,19,72,1969,983,24827,4706,0.189551698
45.6,6.74,17688,52035,1.36,7,681,1123,122,14665,175,210,96,0,74,1203,704,26050,4773,0.183224568
45.7,6.73,17863,51502,1.33,14,522,972,121,14032,193,244,107,42,0,1107,888,26836,4753,0.177112834
45.8,6.72,18132,55129,1.28,25,435,1124,141,17953,182,196,164,10,0,1337,857,25485,5079,0.199293702
45.9,6.73,18179,55672,1.43,11,527,1123,133,18361,278,192,49,0,0,1214,803,26049,4919,0.188836424
46,6.73,18108,60015,1.34,46,813,1441,154,22962,199,143,117,56,125,1469,784,24979,4863,0.194683534
46.1,6.73,17785,57803,1.24,26,742,1385,162,20483,337,104,178,85,97,1418,876,25143,4911,0.195322754
46.2,6.72,18017,54314,1.23,12,424,977,140,16552,244,182,188,39,0,1267,884,26731,4924,0.184205604
46.3,6.73,18156,56707,1.27,9,563,1417,174,18855,227,216,190,12,18,1255,773,26345,4851,0.184133612
46.4,6.73,18230,57107,1.28,33,595,1377,130,19327,232,182,90,24,0,1248,829,26432,4900,0.185381356
46.5,6.74,17465,54478,1.25,20,596,1253,167,18237,175,161,109,126,70,1280,807,25066,4862,0.193967925
46.6,6.74,17418,50167,1.3,15,455,917,62,13917,219,107,68,0,16,1135,749,25971,4844,0.186515729
46.7,6.74,18107,55514,1.32,13,511,1211,137,17881,201,206,163,103,0,1239,746,26142,4865,0.186098998
46.8,6.75,17431,55005,1.36,37,569,1288,104,17714,147,176,142,78,0,1123,804,25663,4945,0.192689865
46.9,6.74,17923,56712,1.39,0,672,1059,148,19208,163,166,117,78,0,1363,898,25644,5097,0.198759944
47,6.72,18913,60128,1.33,26,708,1156,143,21284,137,202,154,23,28,1382,891,26907,4941,0.183632512
47.1,6.71,19503,58814,1.39,4,514,1186,178,18159,271,220,126,59,0,1248,774,28981,5252,0.18122218
47.2,6.71,19571,56104,1.36,21,374,903,74,15535,163,200,89,0,32,1166,878,29679,5208,0.17547761
47.3,6.71,20047,58055,1.55,22,484,1087,156,15780,116,220,142,42,118,1347,947,30397,5212,0.171464289
47.4,6.7,18523,52074,1.21,7,382,715,101,13265,103,232,148,0,58,1113,748,28643,4877,0.170268477
47.5,6.7,17617,53761,1.26,30,512,811,109,16504,164,175,81,5,126,956,721,27100,4761,0.175682657
47.6,6.69,16158,46184,1.35,25,250,540,82,10990,187,170,129,0,45,1010,831,25433,4766,0.18739433
47.7,6.68,17142,56754,1.3,47,571,1013,140,22146,193,139,123,24,22,958,793,24603,4674,0.189976832
47.8,6.68,17607,58358,1.36,37,512,869,99,22455,209,181,125,0,111,1081,765,25759,4693,0.18218875
47.9,6.69,17964,56860,1.36,21,453,906,123,19465,229,137,130,10,104,1217,774,26531,5044,0.190117221
48,6.7,17979,54744,1.31,0,404,997,99,18168,98,186,77,0,0,987,654,26448,4897,0.185155777
48.1,6.7,18171,56811,1.26,0,483,1222,127,19898,207,199,157,9,0,1083,798,26040,4710,0.180875576
48.2,6.71,17941,56555,1.36,9,509,1307,73,20332,165,212,65,86,131,1252,930,25133,4526,0.180081964
48.3,6.71,18201,60888,1.45,24,725,1548,166,24898,234,175,128,0,0,1416,834,24236,4692,0.193596303
48.4,6.7,17336,59872,1.43,48,1016,1926,129,25850,112,178,125,7,0,1398,783,22148,4514,0.203810728
48.5,6.7,17302,67078,1.47,66,1670,2293,263,33680,186,258,140,50,103,1555,662,20317,4301,0.21169464
48.6,6.67,17252,63985,1.45,33,1150,1845,217,31162,134,213,78,26,99,1557,704,20606,4362,0.211685917
48.7,6.65,16502,61617,1.3,57,1054,2060,154,30379,171,171,76,25,115,1328,668,19859,4148,0.208872551
48.8,6.64,16823,72676,1.51,134,2031,2709,321,42430,176,157,163,89,112,1693,573,16740,3909,0.233512545
48.9,6.63,15127,63358,1.37,104,1478,2249,271,35149,175,117,85,22,39,1700,725,15796,3920,0.248164092
49,6.63,15947,63693,1.35,88,1279,2127,229,34896,287,198,157,150,0,1775,761,16506,3932,0.238216406
49.1,6.62,14934,59967,1.35,111,1370,2076,245,32479,329,147,97,47,0,1713,584,15647,3690,0.235827954
49.2,6.62,15806,72641,1.32,188,2727,3018,388,44019,175,131,103,53,157,1759,709,14432,3431,0.237735588
49.3,6.61,16644,79473,1.43,174,2604,3353,398,50499,334,175,63,69,64,2061,735,13915,3635,0.26122889
49.4,6.59,13154,55166,1.39,58,1242,1842,177,31844,226,113,40,0,82,1431,487,13037,3453,0.264861548
49.5,6.55,13617,57256,1.38,51,834,1632,184,33770,277,140,66,31,81,1781,672,13187,3594,0.272541139
49.7,6.5,16176,69240,1.35,58,1618,2129,283,40656,256,183,74,18,125,1767,730,15594,4209,0.269911504
49.8,6.54,16761,71617,1.28,82,1723,2303,328,41508,375,179,67,90,102,2070,818,16383,4380,0.267350302
50,6.59,18345,77310,1.36,53,1431,2408,278,45822,86,136,129,43,88,1872,774,18416,4333,0.235284535
50.1,6.6,18878,81990,1.41,107,1687,2990,328,49164,339,199,187,124,27,1965,704,18264,4290,0.234888305
50.2,6.6,17086,65091,1.37,64,1124,2091,236,33839,152,218,109,20,0,1528,790,19099,4300,0.225142678
50.3,6.6,16279,63954,1.33,51,1021,2311,224,33541,167,163,75,101,34,1528,737,18429,4250,0.230614792
50.4,6.6,15674,59967,1.3,28,900,2031,216,30591,220,213,182,98,59,1621,728,17353,4019,0.231602605
50.5,6.6,14177,53594,1.32,37,822,1717,198,26699,187,170,158,69,132,1497,813,16151,3723,0.230512043
50.6,6.57,17035,74778,1.35,97,1837,2477,252,44408,220,216,153,90,33,1472,583,17225,4196,0.243599419
50.7,6.57,16076,72142,1.35,109,1909,2641,324,43101,212,200,155,63,125,1561,605,15890,3764,0.23687854
50.8,6.57,15990,70837,1.38,101,1871,2679,365,42437,187,136,144,131,34,1735,755,15178,3927,0.25872974
50.9,6.56,14809,67647,1.3,107,2294,2682,360,41477,153,167,133,31,104,1451,537,13386,3430,0.25623786
51,6.58,13829,57133,1.37,68,1330,2224,236,31112,220,155,136,89,57,1513,722,14512,3401,0.234357773
51.1,6.59,16718,73637,1.37,127,1946,2964,347,44046,274,146,93,45,0,1710,671,15726,4051,0.257598881
51.2,6.61,16299,62654,1.33,67,1229,2449,222,31256,234,214,136,121,110,1677,921,18260,4323,0.236746988
51.3,6.64,17725,67304,1.42,54,1167,2583,175,33625,141,177,117,72,164,1701,774,20417,4395,0.215261792
51.4,6.64,17022,67696,1.37,62,1534,2655,195,35256,266,204,59,53,13,1439,830,19584,4024,0.205473856
51.5,6.65,16692,67727,1.38,68,1320,2539,222,36780,127,194,100,90,85,1650,636,18577,3983,0.214404909
51.6,6.63,16015,69950,1.42,34,1264,2585,246,41269,188,180,186,120,57,1627,734,15905,4003,0.251681861
51.7,6.61,13360,57131,1.4,102,1290,2325,217,32212,209,97,120,52,21,1896,732,13143,3611,0.274747014
51.8,6.6,11278,46442,1.17,50,1067,1658,190,23701,100,137,89,72,0,1470,625,12725,3392,0.266561886
51.9,6.59,11959,45436,1.2,57,1025,1386,162,21809,196,120,76,66,27,1386,706,14049,3326,0.236742829
52,6.57,14943,61295,1.36,105,1816,2435,206,34239,202,141,105,0,87,1376,552,15198,3485,0.229306488
52.1,6.53,14848,67315,1.41,117,2021,2683,332,41552,298,99,53,32,21,1630,684,13315,3363,0.252572287
52.3,6.46,16723,75199,1.45,95,1850,3234,324,45261,287,170,188,121,113,1605,761,15704,3835,0.244205298
52.4,6.46,14941,66603,1.38,101,1811,2578,267,39057,246,144,84,108,0,1522,580,15050,3862,0.256611296
52.5,6.48,15796,67398,1.31,71,1777,2970,247,38110,215,183,97,66,0,1977,618,15707,4055,0.258165149
52.6,6.51,16655,69463,1.27,85,1611,2913,275,38963,278,197,137,56,149,1643,667,17068,4150,0.243145067
52.7,6.55,17485,71686,1.32,65,1553,2970,280,38816,319,192,179,14,57,1579,816,18810,4390,0.233386497
52.8,6.56,17908,73472,1.38,60,1777,2883,274,39543,288,193,106,52,0,1609,728,19536,4527,0.231726044
52.9,6.56,19086,78758,1.38,77,1636,3267,291,43358,294,278,180,108,28,1707,749,20823,4464,0.214378332
53,6.57,19341,78329,1.47,80,1622,3122,305,41049,199,241,181,162,42,1842,927,21737,4924,0.2265262
53.1,6.58,19433,75710,1.52,32,1261,2855,239,38390,246,220,98,125,0,1843,819,22770,4875,0.214097497
53.2,6.58,20007,82798,1.4,93,1796,3305,306,45800,362,241,150,136,84,1771,677,21550,4492,0.208445476
53.3,6.58,18989,80231,1.35,111,1953,3384,281,45133,81,217,142,132,0,1736,773,20043,4368,0.217931447
53.4,6.57,18129,75699,1.27,106,1798,2912,302,42480,235,263,144,112,0,1504,622,19291,4301,0.222953709
53.5,6.58,18301,80002,1.54,95,2262,3106,307,46223,330,260,145,137,241,1624,660,18576,4110,0.22125323
53.6,6.59,17878,78462,1.41,142,2192,3067,369,46727,211,229,108,134,102,1599,635,17225,4160,0.241509434
53.7,6.59,17292,76213,1.51,94,1863,2695,301,44452,226,224,126,133,82,1662,631,17768,4251,0.239250338
53.8,6.6,17286,74498,1.28,44,1504,2700,230,43512,224,228,118,95,100,1806,703,17374,4173,0.240186486
53.9,6.59,16206,70211,1.3,92,1566,2789,284,40735,178,204,146,150,0,1712,709,16274,3937,0.241919626
54,6.59,15494,66898,1.3,86,1730,2594,256,39638,150,214,88,93,0,1523,688,14957,3642,0.243498028
54.1,6.58,15210,70135,1.37,176,2294,2657,399,42700,198,192,111,79,41,1778,656,13565,3834,0.282639145
54.2,6.58,15610,71942,1.31,106,2029,2763,346,44142,137,222,141,61,41,1798,644,14336,3927,0.273925781
54.3,6.58,16559,77623,1.46,122,2642,3114,361,47776,217,236,189,140,41,2020,644,14857,3815,0.256781315
54.4,6.59,16865,82429,1.31,177,2846,3494,448,53127,276,223,219,208,121,1941,681,13535,3764,0.278093831
54.5,6.61,16472,84222,1.49,186,3751,3554,497,54697,341,194,145,149,17,1880,679,12839,3823,0.297764623
54.6,6.62,14598,69656,1.41,111,2399,2945,388,43517,183,190,97,98,50,1742,624,12221,3626,0.296702398
54.7,6.62,14618,66511,1.35,61,1660,2504,249,40035,131,174,90,154,140,1864,715,13547,3794,0.280062006
54.8,6.62,17299,82179,1.38,99,2277,3721,335,51696,306,255,179,99,86,2037,592,14909,3999,0.268227245
54.9,6.62,17945,81701,1.37,59,1589,3157,276,50791,290,208,126,95,0,2142,807,16285,4271,0.262265889
55,6.64,18344,84042,1.39,98,2345,3389,319,50689,511,178,106,115,63,2345,748,16828,4647,0.276146898
55.1,6.66,17192,77069,1.38,116,2093,3381,285,44741,351,167,91,96,0,2039,863,16773,4176,0.248971561
55.2,6.68,16486,74216,1.35,92,2076,3381,303,43497,306,132,100,148,82,2149,738,15602,4144,0.265606973
55.3,6.69,16069,71377,1.39,92,1861,2983,250,42325,230,164,124,85,37,1893,711,15240,3862,0.253412073
55.4,6.68,16506,76455,1.4,158,2280,3427,326,46949,247,176,125,91,19,1903,609,14826,3867,0.260825577
55.5,6.66,16267,78575,1.3,154,2452,3403,375,49891,185,207,104,79,0,2144,671,13788,3747,0.27175805
55.6,6.65,16898,83048,1.51,136,2575,3635,411,53593,225,170,95,107,129,2065,714,13920,3878,0.278591954
55.7,6.65,16772,82505,1.45,162,2651,3608,447,53538,112,154,105,78,13,2272,578,13356,3790,0.283767595
55.8,6.66,15692,76692,1.27,191,2660,3454,418,48537,214,151,28,88,177,2050,703,12774,3633,0.284405824
55.9,6.66,15960,77637,1.52,139,2514,3256,339,49844,294,130,63,0,88,1928,688,13144,3843,0.29237675
56,6.67,16004,74937,1.34,88,2060,3022,323,47790,113,161,139,88,78,1841,519,13625,3682,0.270238532
56.1,6.66,16509,76129,1.52,100,2056,3210,313,46782,284,152,138,88,19,2038,812,14922,3913,0.262230264
56.2,6.66,17194,80358,1.38,106,2481,3371,383,49693,254,169,108,122,68,1972,795,15231,4238,0.278248309
56.3,6.67,17672,82286,1.38,125,2220,3417,395,50373,345,171,139,62,84,2341,743,16059,4219,0.262718725
56.4,6.68,17354,81232,1.48,152,2556,3622,411,49119,229,189,194,162,118,2139,863,15647,4215,0.269380712
56.5,6.69,15906,76292,1.27,137,2532,3319,383,47733,192,154,135,20,141,2038,630,13898,3764,0.270830335
56.6,6.69,15177,76173,1.38,195,2883,3457,474,49303,172,127,76,107,58,1824,627,12124,3398,0.280270538
56.7,6.68,16279,80899,1.38,184,3106,3623,448,52487,54,125,64,49,77,1731,652,13371,3345,0.250168275
56.8,6.68,15624,78387,1.55,174,2805,3198,492,51397,125,202,89,39,174,1701,615,12691,3388,0.266960838
56.9,6.68,13430,64957,1.35,122,2280,2567,364,41291,132,130,107,51,0,1627,562,11350,3440,0.3030837
57,6.67,16766,88479,1.45,221,3817,3674,555,59886,296,170,99,117,86,1994,597,12202,3760,0.308146206
57.1,6.67,15726,82902,1.52,221,3383,3501,535,55964,268,179,235,209,92,1965,651,10955,3570,0.325878594
57.2,6.66,14341,72447,1.37,189,2879,2751,451,46941,140,111,166,147,66,1901,619,11600,3467,0.29887931
57.3,6.65,16263,83777,1.44,219,3607,3472,474,54788,200,199,162,89,134,2334,769,12151,3887,0.319891367
57.4,6.65,14932,77458,1.38,203,3519,3112,478,51409,130,85,108,110,94,2022,472,11127,3416,0.307000989
57.5,6.67,15766,84257,1.43,282,3995,3632,525,57341,142,121,146,183,74,2235,635,10263,3579,0.348728442
57.6,6.68,13889,72826,1.36,190,3486,2984,438,48082,258,140,127,131,57,2019,555,10008,3436,0.34332534
57.7,6.68,13826,68908,1.29,192,2715,2726,387,43332,285,93,123,116,114,2026,666,11224,3744,0.333570919
57.8,6.68,15732,72201,1.42,103,2519,3201,373,42657,267,181,93,85,82,2186,676,14292,4022,0.281416177
57.9,6.69,17680,79229,1.43,144,2540,3341,376,45551,480,250,96,83,86,2027,969,17147,4424,0.258004316
58,6.7,19200,88682,1.46,163,2826,3987,410,52506,357,191,113,32,102,1789,766,18920,4581,0.242124736
58.1,6.71,18327,80150,1.41,116,2025,3191,337,45157,188,237,143,125,134,1801,799,19540,4480,0.229273286
58.2,6.73,19264,84909,1.43,160,2868,3680,372,48235,195,265,143,159,36,1713,813,20030,4409,0.22011982
58.3,6.74,18045,78434,1.33,138,2415,3187,352,44694,248,179,68,46,58,1762,661,18518,4274,0.230802462
58.4,6.74,18266,79958,1.39,104,2293,3425,302,45063,208,225,99,154,65,2037,903,18378,4777,0.259930352
58.5,6.75,18170,73446,1.46,57,1435,3220,280,38512,254,194,76,117,70,2031,786,19851,4587,0.231071483
58.6,6.75,19053,77195,1.44,69,1645,3443,263,39432,188,218,156,137,166,2063,960,21649,4862,0.224583122
58.7,6.76,19814,78937,1.46,76,1594,3479,220,40618,318,237,153,84,0,1905,765,22497,4880,0.216917811
58.8,6.77,19232,74996,1.53,68,1533,3440,205,37115,196,261,170,90,30,1680,983,22457,4858,0.216324531
58.9,6.78,18879,72302,1.34,64,1501,3337,198,34150,248,158,194,100,63,1810,1029,22553,4698,0.208309316
59,6.78,18784,72862,1.41,46,1420,3291,178,35939,318,211,228,141,0,1508,908,22127,4645,0.209924527
59.1,6.79,17925,71254,1.32,64,1454,3166,284,36802,280,146,135,57,42,1750,898,20195,4224,0.209160683
59.2,6.8,18691,76377,1.51,68,1742,3185,247,40542,154,214,100,161,0,2137,853,20567,4505,0.21904021
59.3,6.8,19080,76605,1.4,23,1332,3230,213,39821,343,186,133,80,0,2066,926,21469,4572,0.212958219
59.4,6.81,19783,77100,1.4,58,1246,2975,170,38246,353,165,147,52,93,1953,816,23696,5067,0.213833558
59.5,6.8,20047,71194,1.3,39,997,2640,145,30455,181,188,179,45,73,1790,1003,25848,5196,0.201021356
59.6,6.79,20500,72573,1.41,34,1051,2611,191,31631,238,198,152,125,21,1667,1031,26183,5096,0.194630104
59.7,6.78,19555,69977,1.4,42,1150,3162,160,30686,106,151,146,76,109,1643,857,24588,4859,0.197616724
59.8,6.79,18410,67543,1.27,65,1282,3079,200,30469,130,139,208,109,26,1584,994,22213,4546,0.204654932
59.9,6.79,17474,64763,1.16,55,1190,3146,214,29470,174,176,141,90,100,1732,823,20843,4351,0.208751139
60,6.78,17631,69112,1.38,42,1346,3443,170,33639,349,265,182,162,8,2262,966,19679,4519,0.229635652
60.1,6.79,17231,69302,1.42,74,1559,3557,200,34443,240,249,159,91,16,2312,971,19083,4307,0.225698265
60.2,6.8,16114,65644,1.37,65,1587,3408,191,33991,196,185,120,124,0,2059,773,17049,4125,0.241949674
60.3,6.78,15213,66553,1.31,70,1878,3427,254,38643,166,200,148,60,121,2158,652,13608,3608,0.265138154
60.4,6.78,15182,69953,1.3,88,2164,3561,329,41756,132,154,80,102,200,2292,677,13077,3751,0.286839489
60.5,6.78,16128,77842,1.38,146,3339,4025,363,46925,302,171,125,71,49,2431,783,13626,3951,0.28996037
60.6,6.77,15786,77639,1.33,153,2808,3783,364,48200,239,123,56,140,157,2427,642,13218,3737,0.282720533
60.7,6.76,16190,80932,1.33,178,3088,3811,440,50577,188,151,76,173,97,2485,823,13502,3962,0.293438009
60.8,6.74,16073,75406,1.4,124,2766,3856,303,44816,259,116,84,135,0,2213,874,14659,3957,0.269936558
60.9,6.72,14433,64801,1.2,126,2195,3080,287,36957,299,138,91,158,0,2289,613,13591,3655,0.268927967
61,6.69,14508,66462,1.53,152,2414,3312,306,37139,180,172,9,202,54,3057,743,13278,4047,0.304789878
61.2,6.6,12616,64693,1.42,163,3167,3226,358,41403,177,131,60,166,0,1626,431,9567,3123,0.326434619
61.3,6.56,14224,71571,1.41,182,3951,3460,401,44813,265,177,141,139,76,2094,557,10675,3504,0.32824356
61.4,6.55,17784,97981,1.47,320,5527,4959,565,65969,209,182,115,163,78,2735,665,11437,3759,0.328670106
61.5,6.58,16933,91691,1.52,301,5210,4596,624,60861,171,141,32,130,141,2771,521,11186,3864,0.34543179
61.6,6.62,17338,93162,1.43,272,4705,4666,572,62083,197,178,68,149,148,2736,593,11806,3816,0.323225479
61.7,6.61,14180,69823,1.44,185,2649,3781,305,42864,151,138,54,57,30,2371,613,12001,3551,0.295892009
61.8,6.6,15745,74991,1.47,147,3000,3726,304,44836,162,133,7,81,80,2484,743,13982,3829,0.273852096
61.9,6.61,17272,80759,1.4,192,3034,4010,303,47379,310,126,60,132,125,2414,867,16191,4187,0.258600457
62,6.61,18473,82908,1.47,130,2874,3963,328,47079,265,119,108,176,0,2332,753,18414,4443,0.241283806
62.1,6.62,18878,81779,1.33,84,2168,4095,242,44810,179,111,128,110,63,2286,862,20041,4521,0.225587546
62.2,6.63,18812,81534,1.38,87,2158,4052,255,45681,182,180,142,145,53,1958,821,19142,4393,0.229495351
62.3,6.64,17381,80617,1.32,129,2718,4840,339,48481,204,174,100,170,0,2184,598,14893,3853,0.258712147
62.4,6.65,17538,87110,1.39,200,3495,4779,390,54500,216,135,63,112,95,2896,812,14007,3996,0.285285928
62.5,6.67,17570,87688,1.5,201,3754,5001,341,54783,82,82,156,151,28,2965,787,13783,4058,0.294420663
62.6,6.67,17132,83909,1.41,150,3426,4928,386,50639,88,96,71,110,0,2871,762,14625,4198,0.287042735
62.7,6.68,17536,86123,1.75,201,3519,5008,347,52611,0,157,109,190,99,2855,834,14550,3857,0.265085911
62.8,6.68,17384,83955,1.4,154,2940,4926,287,50519,185,120,62,138,81,2622,893,15316,4017,0.262274745
62.9,6.68,17532,83830,1.33,134,2807,5104,305,50531,247,86,90,136,51,2420,890,15394,4095,0.266012732
63,6.7,17183,81036,1.45,112,2811,4522,294,46995,286,150,111,155,77,2621,821,16024,4263,0.266038442
63.1,6.71,18847,90857,1.57,177,3244,5340,350,54098,293,188,193,181,54,3024,900,16640,4339,0.260757212
63.2,6.72,17414,82049,1.36,138,3348,5095,338,47887,201,126,116,149,33,2533,776,15697,4092,0.260686755
63.3,6.73,15970,74127,1.37,111,3555,4207,274,42078,155,116,116,104,25,2349,737,14618,4089,0.279723628
63.4,6.74,16610,76655,1.34,126,2909,4368,259,44651,185,78,67,125,109,2405,753,15036,4080,0.271348763
63.5,6.75,17072,81921,1.3,153,3389,4996,295,49017,243,139,135,102,125,2750,742,14314,3862,0.269805785
63.6,6.77,16381,76942,1.35,122,3245,4714,316,44951,324,138,188,182,10,2537,731,13988,3965,0.283457249
63.7,6.79,14701,68240,1.28,132,2929,3943,320,39017,236,67,95,142,33,2351,756,13079,3666,0.280296659
63.8,6.8,15215,69471,1.45,72,2548,3932,216,39619,411,127,119,92,62,2491,874,13828,3687,0.266632919
63.9,6.79,16484,77280,1.38,105,2922,4610,279,45429,238,135,112,142,22,2760,670,14394,3790,0.263304155
64,6.8,16718,78917,1.37,108,3006,4611,315,46490,270,146,119,169,74,2717,834,14566,3863,0.265206646
64.1,6.82,17228,82862,1.55,98,2979,4429,329,50662,312,145,137,148,190,2736,790,14591,4044,0.277157152
64.2,6.85,16286,76410,1.5,107,3047,4478,361,44938,331,105,122,126,24,2637,777,13827,3867,0.27967021
64.3,6.87,16535,80130,1.41,113,2851,4365,318,49634,257,115,96,165,91,2788,751,13388,3819,0.285255453
64.4,6.89,15963,73752,1.29,105,2583,3789,332,44089,183,173,186,157,63,2375,773,13603,3657,0.268837756
64.5,6.91,15212,69867,1.37,100,2426,3854,253,41373,384,151,155,117,71,2264,610,13064,3588,0.274647887
64.6,6.91,15063,68193,1.36,97,2407,3501,291,39605,181,155,128,114,23,2253,656,13376,3835,0.286707536
64.7,6.91,15558,71355,1.38,105,2525,3342,336,41618,276,154,137,145,101,2552,649,14278,3721,0.26061073
64.8,6.9,15951,72156,1.42,76,2210,3535,261,41760,274,130,109,130,35,2485,835,14723,3924,0.266521769
64.9,6.91,15586,70414,1.49,87,2390,3350,272,40599,275,138,130,43,90,2557,750,14601,3963,0.271419766
65,6.92,15430,69317,1.45,95,2297,3633,270,39228,126,119,177,143,69,2484,732,14604,4016,0.274993153
65.1,6.91,15290,66755,1.52,74,2070,3085,228,36934,100,115,151,105,0,2383,853,15221,4063,0.266933841
65.2,6.92,16028,71894,1.47,101,2169,3441,324,40354,168,119,119,142,52,2647,909,15755,4010,0.254522374
65.3,6.92,16608,75026,1.6,57,2286,3656,270,43734,118,122,72,132,30,2483,939,15653,3952,0.252475564
65.4,6.92,16514,74052,1.41,75,2221,3679,260,42839,202,85,110,105,87,2308,728,15700,4018,0.255923567
65.5,6.92,16050,69438,1.3,57,1738,3125,220,39540,332,87,89,4,6,2219,731,15676,4133,0.263651442
65.6,6.91,16282,70753,1.49,70,1754,2962,264,40463,191,111,93,28,49,2224,782,15683,4266,0.272014283
65.7,6.9,16697,72028,1.19,61,1616,2971,287,41941,257,93,88,100,0,2070,719,16263,3848,0.236610711
65.8,6.9,16306,68535,1.36,46,1205,2388,228,39246,166,138,132,124,159,2343,702,16090,3987,0.247793661
65.9,6.89,16385,72749,1.49,33,1417,2904,262,44768,125,113,164,68,77,2160,636,14570,3922,0.269183253
66,6.89,15279,63717,1.31,62,1447,2528,279,35377,323,187,158,98,47,2337,774,14777,3928,0.265818502
66.1,6.88,15817,68012,1.39,83,1720,3042,277,37845,262,105,103,106,59,2706,993,15135,4063,0.268450611
66.2,6.88,15967,65716,1.36,65,1523,2989,198,35748,126,90,104,61,0,2530,863,15878,3959,0.249338708
66.3,6.88,16483,64586,1.48,52,1326,2627,235,32282,144,116,126,72,0,2332,1098,18256,4319,0.236579755
66.4,6.88,16407,65048,1.33,88,1517,2762,243,32739,281,167,112,83,58,1983,840,18431,4229,0.229450383
66.5,6.87,15995,59083,1.31,26,947,2244,140,27379,219,141,115,37,0,2005,905,19040,4059,0.213182773
66.6,6.88,16102,59010,1.24,50,1027,2407,221,27028,317,156,110,57,52,1765,795,19031,4285,0.225158951
66.7,6.87,15270,56031,1.25,54,1009,2357,206,26183,98,119,78,152,34,1853,671,17485,3994,0.228424364
66.8,6.87,14222,54977,1.35,46,1336,2240,190,27032,251,119,152,46,43,1851,660,15775,3912,0.247987322
66.9,6.84,15580,62710,1.3,59,1455,2695,218,32247,272,159,122,103,7,2222,736,16543,4199,0.253823369
67,6.81,17026,71880,1.46,61,1706,3568,306,39113,268,148,85,113,86,2215,925,17628,4219,0.239335149
67.1,6.77,17732,73052,1.55,67,1815,3121,280,38349,270,164,59,104,110,2527,847,19096,4646,0.243297026
67.2,6.76,18615,72145,1.46,57,1318,3123,271,34818,441,139,112,96,0,2121,969,21864,4838,0.221276985
67.3,6.75,19623,75214,1.41,72,1355,3524,192,36105,222,181,211,0,113,2093,1015,23027,4971,0.215877014
67.4,6.76,18977,68488,1.31,42,1059,3075,186,31175,219,155,128,0,75,1836,948,22901,4824,0.210645823
67.5,6.76,18225,66588,1.3,28,1004,2857,151,29722,184,237,200,54,0,1865,1027,22681,4738,0.208897315
67.6,6.76,18439,70494,1.36,66,1407,3121,223,33651,331,177,79,34,121,2441,928,21381,4554,0.212992844
67.7,6.76,17947,69930,1.43,91,1725,3227,244,34836,194,148,161,25,82,1945,826,20042,4536,0.226324718
67.8,6.77,16418,62972,1.41,42,1362,2494,231,30706,129,140,132,43,23,1800,777,19224,4242,0.220661673
67.9,6.76,15802,60348,1.4,88,1492,2942,218,29261,110,126,110,49,6,1631,714,18167,3853,0.212087852
68,6.75,15978,62715,1.34,64,1751,2738,223,31044,200,100,167,73,15,1878,722,18073,4125,0.228241023
68.1,6.74,16974,66832,1.26,22,1311,2714,251,33436,230,179,218,82,53,1849,889,19306,4509,0.233554335
68.2,6.72,16076,57555,1.27,32,896,2008,211,26109,275,170,234,60,33,1827,752,19014,4289,0.225570632
68.3,6.71,14886,54784,1.27,58,1051,2161,219,25811,188,85,157,20,19,1604,766,17428,3907,0.224179481
68.4,6.7,16026,62481,1.35,53,1099,2291,228,31714,320,195,130,51,46,2172,679,17735,4340,0.244713843
68.5,6.72,16547,62050,1.33,22,1074,2629,206,29623,245,156,162,51,85,2130,917,18582,4515,0.242977075
68.6,6.75,16698,61986,1.26,42,1177,2699,235,29082,116,161,138,34,24,2067,803,19276,4323,0.22426852
68.7,6.77,16827,64491,1.3,53,1348,2632,280,30739,155,150,144,65,133,2056,822,19563,4389,0.224352093
68.8,6.78,16492,62798,1.41,48,1296,2699,239,30408,212,179,59,55,28,1950,889,18704,4349,0.232517109
68.9,6.78,16923,66616,1.34,57,1556,3019,294,33722,172,117,168,86,107,2226,752,18487,4230,0.228809434
69,6.78,17052,67199,1.49,51,1321,2950,286,33819,141,197,155,110,38,2167,869,18963,4294,0.226440964
69.1,6.78,16848,69209,1.43,70,1810,3104,304,35814,267,136,168,86,14,2188,812,18460,4386,0.2375948
69.2,6.78,16481,65873,1.34,65,1539,3027,227,32826,157,103,113,111,106,2175,713,18674,4337,0.232248045
69.3,6.78,16589,63009,1.44,47,1193,2531,218,30203,181,173,115,77,90,1898,877,19291,4522,0.234409828
69.4,6.79,17867,69894,1.48,48,1452,2767,264,34229,154,142,152,160,87,2196,932,20747,4586,0.221044006
69.5,6.79,18243,70442,1.37,69,1412,2884,283,35099,202,146,249,72,115,1993,754,20833,4429,0.212595402
69.6,6.81,17587,65535,1.48,65,1248,2771,232,31187,208,117,147,53,79,1822,764,20551,4342,0.211279256
69.7,6.8,17269,66368,1.63,76,1481,2604,268,32797,100,210,132,36,0,1914,687,19556,4189,0.214205359
69.8,6.79,17121,66297,1.42,51,1206,2228,201,33534,247,181,259,61,122,1958,886,19269,4506,0.233847112
69.9,6.79,16745,64445,1.35,49,1038,2422,196,32548,362,192,133,119,10,1651,793,18927,4154,0.219474824
70,6.79,17036,68121,1.42,58,1114,2703,247,35303,307,214,189,118,38,2066,926,18690,4346,0.232530765
70.1,6.8,17850,73988,1.58,88,1529,3112,266,41187,271,181,158,87,0,2057,911,18255,4226,0.23149822
70.2,6.79,18027,70508,1.44,26,925,2398,177,36644,281,162,119,34,29,2021,875,20379,4585,0.224986506
70.3,6.8,18438,71957,1.3,55,1218,2384,193,37315,386,156,101,57,113,1658,943,21266,4644,0.218376752
70.4,6.8,18942,78155,1.61,53,1232,2508,231,43265,376,190,143,116,30,1823,896,21065,4473,0.212342749
70.5,6.8,17825,67661,1.61,44,1032,2403,195,32137,404,194,142,83,0,1993,895,21547,4745,0.220216271
70.6,6.79,18582,73470,1.48,69,869,2493,207,38856,266,182,243,90,120,1617,846,21342,4524,0.211976385
70.7,6.79,16990,64271,1.36,42,1053,2556,237,31785,260,190,159,109,0,1843,721,19672,4165,0.211722245
70.8,6.79,16692,66271,1.44,34,952,2730,280,34890,283,143,133,89,27,2111,834,17896,4334,0.242177023
70.9,6.79,16213,67960,1.27,88,1691,2998,275,37621,304,106,158,34,151,2022,665,16368,4100,0.250488759
71,6.8,15702,69387,1.41,92,2079,3410,328,40282,267,154,138,166,79,1979,750,14465,4006,0.276944348
71.1,6.79,14708,64513,1.51,110,2160,3009,330,35962,317,152,63,159,126,1971,866,13988,3972,0.283957678
71.2,6.8,14741,68088,1.29,146,2262,3178,347,39720,152,95,77,107,181,2422,676,13834,3901,0.28198641
71.3,6.8,14894,65989,1.32,110,2188,3291,302,37416,92,126,103,27,37,2377,835,14148,3836,0.271133729
71.4,6.79,15822,72593,1.28,158,2613,3669,366,41763,241,118,87,83,73,2507,614,14623,4201,0.28728715
71.5,6.79,15876,68858,1.44,98,1928,3037,383,37890,288,114,157,39,76,2496,873,15971,4243,0.265669025
71.6,6.8,15682,66636,1.45,30,1796,2824,317,36470,333,133,89,12,81,2430,774,15885,3994,0.251432169
71.7,6.79,16086,68109,1.54,64,1430,3113,320,38131,256,165,105,101,40,2226,739,15783,4167,0.264018247
71.8,6.77,16626,71302,1.47,70,1613,3291,273,40258,230,185,149,103,0,2338,750,16375,4242,0.259053435
71.9,6.76,16850,69244,1.47,61,1554,3111,295,37106,269,132,155,72,117,2380,953,17136,4432,0.258636788
72,6.76,16720,67377,1.45,52,1298,3084,225,35648,295,143,99,68,72,2264,770,17713,4257,0.24033196
72.1,6.75,16415,63537,1.34,45,966,2833,225,30981,298,217,142,173,54,2310,881,18653,4302,0.230633142
72.2,6.76,17728,71573,1.41,90,1375,3322,305,36638,267,166,81,85,0,2314,928,20037,4460,0.222588212
72.3,6.77,18233,74096,1.4,52,1373,3373,253,38857,217,178,107,98,113,2163,909,20363,4468,0.219417571
72.4,6.78,18108,69343,1.29,59,1202,3174,186,33198,307,187,144,87,31,2140,834,21423,4597,0.214582458
72.5,6.78,18143,67603,1.29,27,1290,3136,218,31801,192,143,41,55,100,2017,938,21475,4642,0.216158324
72.6,6.79,18224,70687,1.49,38,1373,3174,242,35502,177,175,106,121,41,2100,826,20563,4604,0.223897291
72.7,6.8,18095,67869,1.48,44,1073,3472,187,32986,264,169,57,68,42,1846,859,20845,4539,0.21775006
72.8,6.8,18227,68699,1.45,27,1180,3198,250,33497,216,175,129,104,0,2095,863,20970,4379,0.208822127
72.9,6.8,17920,66999,1.35,34,1165,3123,209,30806,186,156,117,88,35,2004,951,21630,4593,0.212343967
73,6.8,19041,75829,1.44,52,1177,3536,238,38153,380,191,227,98,70,2175,885,22038,4975,0.225746438
73.1,6.8,18676,71278,1.38,54,1310,3267,275,33793,132,177,177,77,148,2256,826,22170,4824,0.21759134
73.2,6.79,19153,72789,1.36,45,1206,3300,264,34346,237,138,160,116,23,2313,970,23021,4833,0.209938752
73.3,6.8,19293,71705,1.49,77,1163,3349,268,33037,170,154,108,121,0,2013,1070,23414,4922,0.21021611
73.4,6.8,18727,68989,1.42,52,1047,2677,240,32311,215,199,216,71,81,1805,1078,22873,4605,0.201329078
73.5,6.8,18536,70171,1.43,52,1089,2817,213,34302,127,187,192,88,0,1758,929,21881,4660,0.212970157
73.6,6.8,18042,65882,1.5,70,1181,2664,197,30038,318,145,108,44,0,2082,958,21925,4673,0.21313569
73.7,6.8,17858,63844,1.42,16,906,2352,186,28267,202,214,168,157,46,1861,881,22024,4738,0.21512895
73.8,6.79,18262,65829,1.35,49,1050,2601,214,29675,285,147,123,15,55,2140,762,22369,4686,0.209486343
73.9,6.79,18541,65396,1.44,39,1011,2477,185,28218,190,148,172,110,0,2006,862,23272,4793,0.205955655
74,6.79,18343,61385,1.52,22,876,2170,161,24225,212,126,160,0,79,1745,869,23998,4949,0.206225519
74.1,6.79,19004,67297,1.44,55,1204,2311,268,28021,273,210,204,145,34,1862,1007,24823,5054,0.203601499
74.2,6.78,18882,63252,1.44,8,654,2037,181,24502,275,242,261,75,0,1665,911,25499,5155,0.202164791
74.3,6.78,18210,60796,1.27,26,794,1927,206,23604,324,203,158,9,0,1453,980,24599,4683,0.190373592
74.4,6.77,18576,64662,1.52,41,664,2190,279,27663,434,181,202,142,0,1615,862,23804,4668,0.196101496
74.5,6.77,18596,61525,1.41,23,542,1837,178,24440,351,169,183,29,0,1572,811,24835,4886,0.196738474
74.6,6.76,18769,62910,1.28,9,615,2052,138,25109,236,180,191,81,68,1542,826,24858,5051,0.203194143
74.7,6.75,19228,66935,1.36,14,800,2042,213,28068,258,216,173,83,122,1789,833,25430,4960,0.195045222
74.8,6.74,19433,66770,1.35,8,607,1904,183,28136,353,202,172,75,57,1724,843,25466,4846,0.19029294
74.9,6.75,18955,67619,1.39,39,696,1847,175,30559,228,124,88,45,0,1599,944,24518,5008,0.204258096
75,6.76,19194,70573,1.35,48,800,1943,229,33315,335,126,148,0,0,1877,901,24184,4860,0.200959312
75.1,6.74,18671,66370,1.37,40,806,2376,198,29687,322,181,168,136,57,1753,928,23075,4694,0.203423619
75.2,6.74,17473,66356,1.52,52,1052,3087,229,32062,208,171,204,144,5,2026,842,20081,4522,0.225187989
75.3,6.74,15325,59940,1.37,51,1090,2659,188,30683,214,129,125,117,0,2005,824,16588,3997,0.240957319
75.4,6.74,15489,60366,1.34,31,998,2339,206,31229,215,120,74,97,147,2176,776,16799,3994,0.237752247
75.5,6.74,15496,59876,1.41,51,785,2201,197,29927,265,131,151,83,44,2130,935,17696,3994,0.225700723
75.6,6.74,16783,63521,1.38,21,927,2831,193,31356,265,224,150,120,39,2120,768,18656,4168,0.223413379
75.7,6.74,17082,65787,1.37,47,941,2818,200,33397,329,154,74,18,91,2106,894,18921,4063,0.214734951
75.8,6.74,17069,65850,1.35,21,853,2832,220,34742,311,177,142,100,0,1930,859,18139,4225,0.232923535
75.9,6.74,17400,66380,1.36,34,960,2682,224,32903,369,189,99,49,156,2207,850,19716,4493,0.227885981
76,6.74,18333,71120,1.5,39,1333,3211,232,35313,224,205,182,110,176,2148,916,20787,4603,0.221436475
76.1,6.73,18172,68513,1.42,55,1145,2803,227,33951,275,88,86,75,55,1947,806,20784,4598,0.221227868
76.2,6.73,18595,71447,1.32,95,1512,2541,229,35718,199,164,162,9,103,1973,788,21918,4450,0.203029473
76.3,6.74,17351,65311,1.27,63,971,2389,190,31170,149,204,223,162,0,1946,764,20881,4454,0.213303961
76.4,6.75,16821,61798,1.48,41,876,2336,218,28451,86,159,107,119,72,1819,909,20897,4094,0.195913289
76.5,6.75,17337,64754,1.47,22,784,2422,208,30737,266,177,235,15,176,1802,698,20838,4510,0.216431519
76.6,6.74,18909,74489,1.43,53,1078,2760,250,38543,348,209,150,64,37,1929,925,21833,4669,0.213850593
76.7,6.74,19070,67911,1.48,15,871,2383,158,30010,429,140,159,125,0,1611,966,24617,4745,0.192752976
76.8,6.74,19427,67372,1.38,14,701,1948,137,27801,357,221,168,47,74,1548,844,26112,5230,0.200291054
76.9,6.75,19583,64681,1.48,0,692,1888,212,25143,314,170,131,68,59,1557,995,26606,5098,0.191610915
77,6.75,20055,68313,1.34,13,708,2214,203,28605,319,150,192,68,0,1560,805,26488,4987,0.188273935
77.1,6.75,19113,65203,1.27,37,825,2070,159,27747,219,191,227,55,60,1554,824,24781,4632,0.186917396
77.2,6.75,18029,63250,1.27,50,952,2593,189,27239,211,194,169,43,0,1758,1007,22740,4421,0.194415128
77.3,6.73,17727,63191,1.29,65,932,2352,168,27872,190,186,167,98,116,1785,769,22628,4368,0.193035178
77.4,6.72,17831,64162,1.43,64,1250,2362,233,28133,246,174,121,90,0,1753,893,22494,4696,0.208766782
77.5,6.72,17670,63981,1.4,56,1081,2528,236,28380,215,176,186,101,68,1686,944,22002,4597,0.208935551
77.6,6.72,17911,64506,1.43,15,820,2158,208,28003,225,143,60,10,187,1855,862,23048,4952,0.214855953
77.7,6.73,18686,62544,1.53,0,631,2026,167,24911,348,217,182,53,106,1548,746,24704,5056,0.204663212
77.8,6.74,18938,63060,1.41,19,729,1985,153,24948,401,177,109,62,67,1495,967,25285,4855,0.192011074
77.9,6.75,18259,60115,1.46,13,521,1682,193,24374,318,188,73,86,0,1391,747,24033,4781,0.198934798
78,6.76,18394,65839,1.38,18,762,1974,155,29698,370,195,182,0,0,1695,887,23246,4793,0.20618601
78.1,6.77,18493,64261,1.38,15,769,2400,182,28158,331,186,173,78,47,1692,810,22902,4627,0.202034757
78.2,6.77,17927,69558,1.53,74,1460,2960,264,36012,298,157,238,116,35,1739,728,19398,4506,0.232291989
78.3,6.76,16725,63979,1.33,50,1033,2817,132,32101,272,116,169,115,150,1665,799,18927,4120,0.217678449
78.4,6.74,15587,59675,1.28,56,1240,2481,203,28313,225,102,128,39,34,1872,805,18446,4194,0.227366367
78.5,6.71,17303,66040,1.36,79,1126,2734,242,30812,123,147,68,41,82,1934,875,21520,4630,0.215148699
78.6,6.7,19653,77810,1.5,82,1706,3681,264,39103,290,195,110,50,117,2053,916,22723,4881,0.214804383
78.7,6.7,19166,73998,1.51,80,1472,3421,234,35968,280,133,94,85,15,2093,982,22679,4832,0.213060541
78.8,6.69,19150,73001,1.41,52,1259,3058,159,35243,315,137,138,124,0,1870,924,23265,4958,0.213109822
78.9,6.68,18954,69069,1.35,52,1326,3162,234,30653,225,185,92,68,19,1926,828,23859,4778,0.20025986
79,6.67,19821,78169,1.26,106,2474,3215,306,37802,284,201,84,124,23,1848,976,24078,5022,0.208572141
79.1,6.68,18531,64412,1.4,72,1089,2407,203,25148,213,166,225,58,0,1796,792,25503,5026,0.197074854
79.2,6.69,19542,69605,1.4,34,1294,2343,149,29785,260,201,190,58,136,1767,924,25390,5215,0.205395825
79.3,6.7,19482,71924,1.39,65,1368,3556,200,32612,293,193,182,121,0,1837,916,24136,4776,0.197878687
79.4,6.7,18050,64730,1.32,57,1187,3229,182,27550,206,136,177,52,0,1590,907,23303,4466,0.191649144
79.5,6.72,18013,68146,1.43,49,1310,3075,170,30686,229,180,199,121,0,1881,1030,22755,4421,0.19428697
79.6,6.72,18008,65784,1.35,61,1074,2910,153,28178,286,156,133,41,32,1736,948,23573,4764,0.202095618
79.7,6.72,18342,67833,1.37,24,819,2492,118,30182,287,171,179,81,106,1678,975,24243,4825,0.199026523
79.8,6.71,18664,63389,1.48,27,945,2669,145,24700,166,154,138,70,61,1468,888,25583,4855,0.18977446
79.9,6.71,18941,63373,1.25,49,926,2332,144,24333,264,184,224,86,0,1458,1030,25832,4546,0.175983277
80,6.71,18149,61758,1.32,30,814,2412,144,22261,169,151,155,125,60,1564,997,25957,5055,0.194745155
80.1,6.7,19457,67475,1.4,30,725,2293,124,27686,124,191,150,80,81,1641,853,26687,5120,0.191853712
80.2,6.69,20294,70076,1.25,36,861,2535,157,29340,138,140,74,0,0,1482,920,27470,4982,0.181361485
80.3,6.69,18867,60280,1.4,20,717,2306,151,20886,42,156,116,37,4,1240,862,26789,5187,0.193624249
80.4,6.7,18843,62701,1.3,28,789,2362,138,22333,175,155,61,5,5,1456,1043,27304,5149,0.188580428
80.5,6.71,19314,66215,1.45,16,889,2796,150,25311,146,205,32,16,20,1432,855,27701,5140,0.185552868
80.6,6.7,18714,59797,1.28,41,700,2095,131,19519,51,191,141,40,0,1293,1037,27610,5131,0.185838464
80.7,6.7,19021,60787,1.29,13,572,2165,122,20219,101,138,85,45,0,1397,1026,28332,5024,0.177325992
80.8,6.71,20394,64246,1.36,0,523,1984,181,20898,168,215,162,72,0,1514,911,29932,5504,0.183883469
80.9,6.72,21092,68437,1.26,14,719,2372,142,25616,237,177,143,0,0,1380,1149,29278,5255,0.179486304
81,6.73,19903,64820,1.32,23,820,2476,128,23498,145,178,170,0,24,1146,965,28261,4990,0.176568416
81.1,6.73,18637,62465,1.42,34,1009,2427,191,21995,178,179,110,78,75,1539,966,26795,5182,0.19339429
81.2,6.71,19301,61672,1.35,5,685,2197,152,20654,281,191,112,63,101,1243,1084,27643,5241,0.189595919
81.3,6.69,19676,65442,1.4,38,821,2897,151,25326,156,210,168,47,59,1432,954,26528,5015,0.189045537
81.4,6.67,19367,64353,1.42,47,861,2812,211,24270,175,143,123,38,123,1619,995,26335,4804,0.182418834
81.5,6.67,19145,67370,1.44,61,1063,2907,107,27795,252,169,139,130,0,1858,1091,24855,4901,0.197183665
81.6,6.68,18274,65662,1.36,52,1033,2649,165,29162,218,187,245,88,16,1796,923,22538,4823,0.213994143
81.7,6.68,17904,65842,1.54,17,1099,2772,175,30153,244,113,99,0,0,1507,806,22558,4489,0.198998138
81.8,6.67,17797,67793,1.46,56,1374,2935,215,31927,366,151,108,76,0,1803,946,21619,4649,0.215042324
81.9,6.66,17270,64413,1.27,56,835,2296,171,30280,261,127,89,81,0,1880,993,21435,4385,0.204571962
82,6.66,18773,71891,1.43,19,874,2427,199,35683,261,128,122,13,71,1876,1024,22520,4925,0.218694494
82.1,6.66,19713,80947,1.55,76,1377,3156,237,44152,83,127,44,49,0,1935,839,22501,4763,0.211679481
82.2,6.67,18440,69885,1.46,79,1297,2953,189,34078,351,99,25,7,16,1947,1061,21660,4738,0.218744229
82.3,6.68,17013,61160,1.3,61,1006,2473,218,26689,200,196,40,18,116,2134,957,20818,4579,0.219953886
82.4,6.68,16926,59278,1.38,26,1087,2223,133,24426,337,87,145,94,39,1994,1004,21668,4663,0.215202141
82.5,6.68,18562,65504,1.39,52,937,2463,243,28538,262,134,70,67,0,1954,934,23455,4992,0.212833085
82.6,6.68,19368,67994,1.34,18,873,2609,181,28607,260,182,128,104,55,2004,905,24992,5368,0.214788732
82.7,6.68,20259,72122,1.41,27,1246,3277,190,31294,250,147,188,181,0,1965,867,25867,4899,0.189391889
82.8,6.68,18088,64787,1.41,32,880,2095,148,27714,209,166,118,65,89,1748,905,24208,4857,0.200636153
82.9,6.69,17869,62276,1.26,28,922,1928,114,24693,180,165,106,34,0,1759,950,24991,4755,0.190268497
83,6.65,17484,60620,1.25,37,941,2342,160,23763,175,145,133,57,0,1545,871,23916,4853,0.202918548
83.1,6.62,16346,56741,1.32,32,821,1864,177,21966,178,128,75,73,19,1583,832,22886,4605,0.201214716
83.2,6.61,17106,56766,1.13,31,663,1731,107,20157,163,118,98,40,71,1648,977,24659,4786,0.194087351
83.3,6.61,18749,65448,1.32,52,1048,2158,182,26843,160,171,237,42,0,1560,1004,25611,4969,0.194018195
83.4,6.62,17823,57914,1.42,55,677,1499,111,19589,175,146,107,55,23,1319,943,26477,5010,0.189220833
83.5,6.62,18872,59537,1.28,38,707,1857,128,19110,40,175,142,75,80,1513,1054,27970,5067,0.181158384
83.6,6.63,19227,61602,1.31,7,749,2044,140,21377,103,222,137,93,0,1369,919,27779,5035,0.181252025
83.7,6.62,19273,60707,1.46,33,829,1756,118,20313,140,152,87,0,135,1593,816,28169,5031,0.178600589
83.8,6.58,20010,68255,1.37,32,1394,2088,150,26369,110,208,143,71,0,1422,906,28230,5444,0.192844492
83.9,6.56,21408,70384,1.3,62,1092,2554,172,25223,221,251,109,42,4,1729,1017,30327,5509,0.181653312
84,6.57,21393,75393,1.44,90,1509,3225,216,31674,175,182,103,122,10,1803,979,28471,5179,0.181904394
84.1,6.59,19161,64007,1.23,51,966,2131,123,24175,185,193,154,55,82,1629,971,26327,5050,0.191818285
84.2,6.6,17835,60579,1.36,57,957,1995,154,23217,126,198,74,28,43,1290,1040,25237,4578,0.181400325
84.3,6.57,16618,56502,1.3,17,731,1641,126,21458,94,171,116,0,97,1123,831,23895,4802,0.200962544
84.4,6.54,18412,61665,1.34,25,806,2143,165,23187,187,189,59,38,7,1974,949,25471,5090,0.199835107
84.5,6.55,19293,66011,1.31,27,916,2405,196,26664,161,221,110,46,0,1919,958,25370,5206,0.205202996
84.7,6.63,18136,64619,1.39,36,1109,2461,208,26555,31,204,223,156,84,2034,1081,23835,4890,0.205160478
84.8,6.63,18717,68503,1.45,54,948,2885,241,29685,232,206,141,150,51,2226,1038,23954,5074,0.21182266
84.9,6.64,19410,73987,1.32,89,1508,3190,234,34678,203,157,123,16,59,2095,1007,23521,5019,0.213383785
85,6.64,18763,72348,1.29,75,1430,3126,219,34828,120,164,145,56,95,1745,1103,22817,4692,0.205636148
85.1,6.63,17497,66053,1.34,30,1175,2830,190,30359,193,184,137,0,45,1691,833,21932,4677,0.213250046
85.2,6.6,16699,62416,1.34,68,1341,2738,194,28079,125,103,91,31,48,1881,880,21160,4102,0.193856333
85.3,6.6,15464,57703,1.28,64,975,2485,148,27440,141,109,58,49,70,1456,831,18374,3996,0.217481223
85.4,6.62,14988,61655,1.37,52,1489,2129,198,32476,267,97,61,35,140,1694,834,16902,3837,0.227014554
85.5,6.64,15926,67325,1.31,83,1849,2318,260,36774,104,147,93,58,10,1881,783,17340,4254,0.24532872
86.1,6.58,19021,68395,1.47,35,1353,3641,180,29496,223,156,176,139,18,1721,902,23658,4782,0.202130358
86.2,6.58,18070,63386,1.3,55,1089,3156,175,26621,154,165,191,91,0,1592,773,22858,4676,0.204567329
86.3,6.59,17189,60098,1.35,26,962,2821,157,24282,246,150,161,28,105,1861,912,22043,4512,0.204690832
86.4,6.61,17783,63077,1.41,25,1027,2892,179,26522,249,172,36,99,149,2147,998,21961,4696,0.213833614
86.5,6.62,18524,67639,1.43,37,1276,3569,204,28855,280,227,160,174,0,2337,985,22553,4822,0.213807476
86.6,6.63,18563,67003,1.33,36,1245,3802,212,28085,318,192,142,205,0,2080,1075,22766,4735,0.207985593
86.7,6.64,18995,66571,1.38,57,1067,3749,184,26496,176,128,142,166,43,2241,1236,24086,4818,0.200033214
86.8,6.64,18748,65742,1.44,48,1078,3469,153,26101,398,165,152,70,97,1886,1103,24099,4747,0.196979128
86.9,6.65,17867,61732,1.37,27,1431,3103,172,23349,266,200,195,86,50,2043,990,23033,4946,0.21473538
87,6.64,18970,65202,1.36,22,1033,3202,125,25545,310,148,107,178,0,2000,1171,24212,5167,0.213406575
87.1,6.65,19732,71102,1.37,85,1505,4150,176,29839,408,177,166,157,0,1994,1120,24327,5002,0.20561516
87.2,6.65,18878,69823,1.4,32,1606,4233,181,29921,311,179,161,220,0,2075,1159,23073,4708,0.204048021
87.3,6.66,18377,67041,1.45,61,1551,4128,169,27880,227,161,123,136,116,1894,1053,22660,4556,0.201059135
87.4,6.65,17665,62313,1.34,59,1385,3896,147,24378,119,152,112,119,0,1761,1086,22603,4739,0.209662434
87.5,6.64,16879,57484,1.27,33,919,2737,153,20800,66,121,133,183,95,1895,1073,22889,4561,0.199266023
87.6,6.64,18519,66885,1.39,7,1202,3940,168,26970,271,185,197,168,19,2330,1198,23529,4903,0.208381147
87.7,6.65,19503,72471,1.39,61,1571,4483,187,31524,213,169,123,185,4,2413,1036,23817,5038,0.21152958
87.8,6.65,18389,67739,1.36,52,1411,4319,191,28404,96,197,193,148,0,1946,1189,22872,4835,0.211393844
87.9,6.66,17402,61528,1.3,45,1241,3432,98,24928,208,117,92,57,10,1965,985,22060,4695,0.212828649
88,6.65,17180,62265,1.19,40,1071,3510,156,25923,149,150,96,121,113,1829,1172,21884,4296,0.196307805
88.1,6.65,17288,60998,1.39,35,1055,3046,157,23253,199,142,197,160,0,2127,1136,22715,4730,0.208232446
88.2,6.66,17637,62559,1.28,37,1072,3260,118,24861,222,147,168,113,53,2058,1252,22563,4693,0.207995391
88.3,6.67,18295,67941,1.42,26,1052,3677,131,28878,292,176,167,92,0,2118,1047,23270,4960,0.213149979
88.4,6.69,18256,66659,1.42,46,1400,3941,184,27371,184,210,160,136,0,2152,1117,23135,4911,0.212275773
88.5,6.7,18598,70301,1.36,77,1665,4541,170,31252,285,146,194,152,0,2162,1001,22169,4729,0.213315892
88.6,6.71,16886,66688,1.34,45,1523,3735,140,32083,144,137,57,79,0,2010,873,19987,4309,0.215590134
88.7,6.7,15950,61946,1.33,52,1516,3743,147,28307,175,122,77,183,35,1798,989,19309,4012,0.207778756
88.8,6.67,16198,62923,1.36,56,1735,4188,181,28496,144,143,89,140,0,2017,947,19140,4155,0.217084639
88.9,6.65,15797,57656,1.33,39,1350,3464,169,23397,166,153,81,148,0,1943,919,19766,4369,0.221036123
89,6.63,17470,67687,1.42,61,1594,4224,216,32316,271,104,138,155,77,2072,1005,19552,4069,0.208111702
89.1,6.64,16555,63325,1.36,53,1523,3760,204,27676,146,206,175,166,36,2146,1070,19900,4595,0.230904523
89.2,6.62,16886,62785,1.4,63,1243,3358,149,26818,118,152,124,136,0,2147,1115,21287,4569,0.214638042
89.3,6.63,17467,63490,1.44,38,1308,3426,150,26284,98,182,143,166,74,2327,970,21934,4748,0.216467585
89.4,6.64,18117,66517,1.35,39,1192,3825,189,27845,224,186,183,145,43,2322,1062,22621,4954,0.219000044
89.5,6.67,18179,66981,1.34,48,1268,4091,162,29176,285,138,205,177,111,2204,1141,21866,4574,0.209183207
89.6,6.68,18082,67935,1.33,47,1410,4507,219,29598,305,152,144,158,33,2354,1021,21532,4576,0.212520899
89.7,6.69,17392,63980,1.32,54,1657,4114,179,27008,284,189,48,115,118,2227,950,20862,4549,0.218051961
89.8,6.7,17031,62255,1.3,47,1285,3865,169,25522,258,132,91,195,82,2055,1140,21281,4484,0.210704384
89.9,6.68,17148,63495,1.28,65,1357,3669,158,27558,182,169,155,140,0,2176,1063,20508,4611,0.224839087
90,6.67,16814,62643,1.29,23,1013,3146,132,27196,308,196,117,136,103,1798,1035,21164,4805,0.227036477
90.1,6.66,17145,62725,1.42,49,1048,3435,142,26455,179,156,117,108,103,2095,1025,21225,4689,0.220918728
90.2,6.66,17269,64714,1.59,64,1244,4056,167,27674,159,191,167,131,15,2236,1100,21149,4695,0.221996312
90.3,6.67,17683,67649,1.34,34,1575,4410,187,29793,81,151,177,132,53,2356,1102,21082,4663,0.221183948
90.4,6.68,17570,66672,1.35,54,1434,4526,209,29041,214,135,170,200,41,2167,1216,20750,4652,0.224192771
90.5,6.69,18150,70156,1.31,58,1563,4667,151,31624,119,159,172,156,0,2348,1144,21378,4751,0.222237815
90.6,6.7,18617,72665,1.42,60,1677,4976,161,32949,134,121,184,178,91,2421,1265,21692,4809,0.221694634
90.7,6.7,17710,68904,1.3,55,1616,4617,208,31823,164,89,158,151,0,2296,1110,20746,4434,0.213727948
90.8,6.7,16499,61508,1.35,37,1393,3617,176,26534,174,107,122,103,0,2136,1123,20223,4299,0.212579736
90.9,6.7,16661,64261,1.35,24,1355,3907,162,29749,136,116,142,151,0,2268,1028,19439,4314,0.221924996
91,6.69,17029,67671,1.37,55,1427,4003,224,32575,68,157,140,213,0,2224,1262,19426,4205,0.216462473
91.1,6.69,17016,67389,1.41,30,1416,4132,177,32326,0,182,190,131,0,2115,1071,19687,4450,0.226037487
91.2,6.69,17034,68252,1.3,48,1509,4323,178,32041,209,171,164,166,90,2430,1060,19610,4360,0.222335543
91.3,6.68,17145,69052,1.45,50,1536,4207,181,33448,207,197,130,138,0,2110,1124,19838,4445,0.224064926
91.4,6.69,16634,66540,1.35,63,1391,3868,163,32158,255,158,118,70,26,2322,1046,19092,4227,0.221401634
91.5,6.68,17236,69554,1.3,34,1824,4422,175,33993,228,154,187,122,43,2183,1006,19082,4401,0.230636202
91.6,6.68,16684,65844,1.46,72,1660,4521,167,31048,130,134,155,142,0,2126,969,18863,4216,0.223506335
91.7,6.67,16798,65837,1.54,59,1430,4216,144,31914,191,139,180,68,119,2143,974,18799,4055,0.215702963
91.8,6.66,16262,63525,1.25,25,1198,3821,140,29942,232,126,111,152,0,2130,1072,18925,4084,0.215799207
91.9,6.66,16085,63540,1.36,44,1304,3670,184,30165,260,138,126,164,62,2268,1001,18522,4297,0.231994385
92,6.66,16277,60825,1.41,44,943,3316,180,26388,271,164,106,59,80,2121,1157,19850,4524,0.22790932
92.1,6.67,17198,65469,1.36,29,1213,3978,192,30506,183,144,138,179,100,2132,1119,19653,4192,0.213300768
92.2,6.67,17033,66079,1.33,22,1373,4161,230,30868,325,149,193,57,0,2179,1062,19237,4473,0.232520663
92.3,6.68,17616,70090,1.38,36,1440,4483,219,33851,233,185,113,140,58,2243,926,19930,4675,0.234570998
92.4,6.69,17226,68058,1.41,27,1365,4098,183,32136,253,145,145,136,0,2408,1122,19625,4588,0.233783439
92.5,6.67,17211,66485,1.44,56,1328,4015,207,30410,305,168,92,109,28,2326,1120,20125,4616,0.22936646
92.6,6.66,17805,70481,1.36,43,1370,4090,168,33480,228,189,151,246,74,2399,1105,20418,4725,0.231413459
92.7,6.65,17365,68276,1.35,49,1516,4112,205,31947,240,166,147,226,0,2184,977,19967,4469,0.223819302
92.8,6.65,16824,65227,1.6,9,1241,3694,154,30531,158,155,119,134,89,2383,986,19381,4487,0.231515402
92.9,6.65,18002,71236,1.38,56,1391,4050,196,35203,220,144,130,106,0,2328,1178,20073,4492,0.223783191
93,6.64,18030,73330,1.5,64,1602,4433,243,36605,153,172,99,184,0,2308,1168,19876,4439,0.223334675
93.1,6.64,17956,70378,1.37,22,1328,4387,175,32681,247,160,176,76,111,2549,1240,20881,4716,0.225851252
93.2,6.64,18922,75474,1.53,51,1860,4351,187,36012,263,176,259,138,39,2394,1301,21391,4984,0.232995185
93.3,6.63,18359,73942,1.34,52,1842,4197,229,36520,139,121,164,121,189,2296,1061,20661,4455,0.215623639
93.4,6.63,18506,79581,1.35,101,2198,5012,258,40665,175,169,203,182,175,2483,1159,20476,4535,0.221478804
93.5,6.6,17688,72323,1.22,61,2021,4866,194,35689,80,195,94,163,26,2248,954,19510,4376,0.224295233
93.6,6.58,17306,68346,1.35,69,1664,4545,168,32201,291,147,138,220,46,2315,1127,19677,4323,0.219698125
93.7,6.58,16667,63954,1.32,67,1478,4169,145,27606,380,170,199,250,0,2521,1131,19981,4403,0.220359341
93.8,6.58,17697,68263,1.47,47,1324,4389,209,31525,181,162,147,200,36,2416,1097,20412,4485,0.219723692
93.9,6.59,18131,69731,1.44,66,1475,4550,213,32050,187,204,188,233,0,2592,1051,20634,4790,0.232141126
94,6.58,17992,68864,1.38,26,1310,4498,220,30679,164,117,130,132,57,2561,1286,20985,4655,0.221825113
94.1,6.58,17928,70940,1.46,64,1808,5230,221,33035,224,186,126,243,116,2659,1089,19777,4509,0.227992112
94.2,6.58,17396,69108,1.32,36,1810,4538,265,31413,196,187,130,161,57,2795,1192,19865,4457,0.22436446
94.3,6.58,17349,66417,1.31,34,1426,4265,184,29446,235,196,166,214,138,2475,1238,20116,4541,0.225740704
94.4,6.57,17282,67153,1.45,41,1580,4345,194,30382,197,150,137,100,27,2623,1208,19698,4730,0.240125901
94.5,6.57,17041,62595,1.47,22,1178,3526,172,27378,139,203,134,150,0,2479,1073,19831,4666,0.235288185
94.6,6.56,17907,68759,1.45,31,1497,4255,249,32024,60,156,148,260,0,2562,1061,20208,4626,0.22891924
94.7,6.56,17748,69303,1.39,70,1608,4588,215,31526,181,141,82,242,71,2561,1246,20281,4749,0.234160051
94.8,6.55,17006,64512,1.35,29,1050,3519,195,28297,282,195,169,86,55,2448,1008,20447,4594,0.224678437
94.9,6.56,17252,66593,1.41,56,1475,3962,185,30777,214,179,116,138,63,2501,1065,19536,4476,0.229115479
95,6.56,17916,72751,1.59,45,1710,4419,253,36231,155,157,154,217,0,2535,1170,19519,4605,0.235923972
95.1,6.55,19170,80389,1.49,89,2216,5973,262,40247,169,130,151,223,93,2874,1275,20380,4555,0.223503435
95.2,6.55,16874,71895,1.28,68,1973,5380,251,37438,262,155,136,161,130,2495,1211,16907,4115,0.243390312
95.3,6.54,16429,72473,1.33,85,1889,4514,207,38886,225,102,208,191,138,2692,873,16981,4115,0.242329663
95.6,6.47,17127,70259,1.42,59,1758,4678,168,34724,209,177,212,214,46,2672,1011,18054,4617,0.255732802
95.7,6.5,15761,63304,1.28,35,1259,4255,159,29948,171,168,230,171,6,2695,1142,17257,4206,0.243727183
95.8,6.51,15098,63600,1.35,35,1601,4730,231,32145,126,149,105,167,82,2589,952,15410,3902,0.2532122
95.9,6.52,14267,60453,1.35,45,1882,5120,198,29873,289,117,137,218,32,2071,834,14587,3497,0.23973401
96,6.53,14341,59387,1.21,68,1594,4632,182,28709,196,143,99,110,23,2255,1119,15147,3734,0.246517462
96.1,6.52,16248,68031,1.42,105,1822,5391,165,32914,233,143,139,255,51,2607,1236,17312,4166,0.240642329
96.2,6.51,16649,68735,1.34,82,1830,5025,156,33193,189,118,241,184,56,2683,1163,17908,4483,0.250335046
96.3,6.5,16292,65597,1.42,72,1619,5041,132,31060,200,150,135,194,57,2568,1004,17535,4278,0.243969204
96.4,6.5,16590,67615,1.35,72,1741,5304,153,32281,206,128,176,281,0,2523,1148,17476,4283,0.245078965
96.5,6.5,15160,61249,1.33,64,1558,4459,147,28593,105,40,94,125,92,2460,1218,16732,4303,0.257171886
96.6,6.5,15916,63493,1.3,64,1797,4475,184,29521,145,103,80,138,34,2586,1142,17619,4250,0.241216868
96.7,6.51,16997,71098,1.35,82,1927,5456,224,35311,259,183,95,193,25,2577,1188,17762,4251,0.239331156
96.8,6.52,15358,61592,1.44,65,1537,4168,167,29148,80,126,133,95,10,2108,1015,16491,4750,0.288035898
96.9,6.53,14731,57077,1.38,26,1025,3712,157,25979,260,163,157,134,60,2099,963,17082,3955,0.231530266
97,6.56,15569,62530,1.42,39,1242,4341,165,29321,206,139,136,173,29,2613,1236,17389,4044,0.232560814
97.1,6.57,17381,69860,1.44,32,1647,5710,152,32376,239,149,104,282,0,3712,1141,18562,4244,0.228639155
97.2,6.58,17170,71642,1.58,67,1815,5850,218,35169,175,155,159,158,32,3017,1276,17573,4338,0.246855972
97.3,6.57,16981,73228,1.33,71,2011,5443,210,36830,228,162,149,268,123,3500,1274,17391,4175,0.240066701
97.7,6.45,13590,56332,1.28,58,1817,4842,163,26749,162,103,95,78,0,2019,1006,14437,3556,0.246311561
97.8,6.46,13124,54607,1.22,39,1567,5336,160,25777,112,117,89,137,7,2261,960,13339,3364,0.252192818
97.9,6.47,14843,63004,1.32,44,1967,5716,212,32659,104,130,138,69,71,2202,906,14302,3386,0.236750105
98,6.47,16253,69786,1.47,88,2004,5639,238,37076,186,153,100,221,34,2333,846,15196,3907,0.257107133
98.1,6.47,15913,66765,1.4,62,2310,5272,205,33573,133,117,88,203,0,2173,1009,16203,3846,0.237363451
98.2,6.46,17483,70308,1.29,92,1640,5164,198,33715,223,111,124,263,74,2388,1127,19005,4370,0.22993949
98.3,6.43,18393,73027,1.47,58,1679,5448,172,33566,173,148,93,282,92,2544,1421,20627,4703,0.228002133
98.4,6.42,19982,80086,1.45,73,1865,6424,257,38191,175,178,163,236,102,2516,1262,21784,4783,0.219564818
98.5,6.4,19685,77938,1.44,66,1784,5741,216,36659,61,176,146,204,0,2656,1337,22209,4928,0.221892026
98.6,6.4,19468,77210,1.34,77,1671,5385,184,35834,216,124,151,316,0,2643,1413,22266,5063,0.227387048
98.7,6.39,17915,67536,1.49,50,1390,4670,141,29024,151,152,155,194,0,2381,1440,21079,4726,0.224204184
99.1,6.28,14731,56399,1.25,43,1105,3476,134,23957,297,166,128,164,0,2350,1038,17968,4158,0.231411398
99.2,6.27,15600,60363,1.23,54,1334,3472,135,26218,221,153,173,256,33,2608,1291,18298,4488,0.245272707
99.3,6.3,16657,65514,1.33,60,1792,4504,165,29528,199,138,80,217,0,2519,1106,19014,4595,0.241664037
99.6,6.43,17096,67896,1.4,60,1585,4961,200,32058,129,138,89,216,24,2373,1274,19112,4237,0.221693177
99.7,6.44,15859,61852,1.37,45,1329,4154,142,27841,203,98,84,184,0,2358,1226,18583,4338,0.233439165
99.8,6.42,17851,73614,1.52,98,2009,4552,227,36274,40,148,44,131,52,2883,1187,19457,4653,0.239142725
99.9,6.39,17350,68224,1.41,55,1576,4711,185,32225,181,150,127,172,62,2560,1042,19210,4393,0.228682978
100,6.38,16676,67955,1.46,84,1705,4450,261,33830,116,112,160,247,71,2361,1251,17895,4066,0.227214306
100.1,6.39,16322,67942,1.36,100,1778,4542,244,35170,161,200,102,215,10,2283,1017,16819,3842,0.22843213
100.2,6.39,16388,64539,1.39,57,1459,4443,159,30800,40,115,101,204,113,2337,1066,18114,3968,0.219057083
100.3,6.39,16397,66182,1.34,51,1672,4414,211,31940,227,157,141,216,10,2255,1142,18151,4064,0.22389951
100.4,6.4,16924,65836,1.38,62,1422,4476,156,30402,187,171,126,197,65,2640,1163,19009,4277,0.224998685
100.5,6.42,17643,68082,1.43,17,1432,4380,173,31465,181,157,134,242,0,2656,1237,19828,4395,0.221656244
100.6,6.43,17715,69807,1.48,39,1390,4700,188,33483,241,105,190,304,51,2613,1390,19431,4296,0.221090011
100.7,6.43,18242,75927,1.42,105,1979,5218,238,39299,118,74,73,218,72,2993,1207,18362,4388,0.23897179
100.8,6.44,18595,79493,1.31,90,2320,5856,250,40955,187,165,153,399,21,3318,1276,18459,4374,0.236957582
100.9,6.44,17341,73125,1.41,101,2503,5381,213,37607,62,94,51,213,0,3470,1155,16384,4146,0.253051758
101,6.42,15390,63756,1.31,76,1844,4907,207,30624,135,113,62,315,89,3066,1160,15959,3923,0.245817407
101.4,6.24,16820,72699,1.37,101,2052,5725,277,38255,247,129,57,273,62,2714,1130,16220,4037,0.248890259
101.5,6.24,14129,58676,1.31,81,1543,3936,182,29288,208,117,107,217,29,2340,1081,14812,3602,0.243181204
101.6,6.24,12800,50846,1.37,56,1233,3255,95,22612,151,161,93,218,80,2248,1080,14715,3586,0.243696908
101.7,6.23,13797,53878,1.33,63,1278,3404,120,24449,205,129,93,230,0,2222,1113,15804,3742,0.2367755
101.8,6.23,15869,68609,1.36,55,2107,4920,197,35146,246,176,152,229,149,2652,1019,15913,4067,0.255577201
101.9,6.25,16518,73153,1.39,108,2140,5094,246,39806,199,118,59,275,0,2778,1127,15848,3850,0.242932862
102,6.27,14456,58983,1.36,61,1423,4030,140,28192,215,102,92,236,0,2499,1075,15647,4003,0.255831789
102.1,6.3,16009,65757,1.42,83,1554,4554,176,31926,340,143,68,256,37,2721,1202,17337,4241,0.24462133
102.2,6.34,16640,68255,1.47,78,1602,4489,178,33137,252,118,73,216,65,2868,1287,18060,4434,0.24551495
102.3,6.38,17543,71134,1.55,57,1594,5327,155,33879,126,138,88,322,96,3133,1377,18774,4612,0.24565889
102.5,6.46,14957,61926,1.33,36,1372,4428,171,31047,257,121,93,216,14,2554,1169,15342,3784,0.246643202
102.6,6.47,15153,63483,1.45,73,1852,4954,200,30646,145,120,116,257,30,2859,1173,15718,3852,0.245069347
102.7,6.46,17198,73517,1.38,106,1999,5136,227,37292,330,163,116,283,0,2769,1326,17708,4176,0.235825616
102.8,6.46,17178,71435,1.34,75,1981,5340,177,35647,142,131,149,274,10,2435,1262,18106,4267,0.235667734
102.9,6.46,16831,68325,1.34,71,1652,4958,210,32721,259,148,139,307,46,2487,1209,18154,4377,0.241103889
103,6.46,17673,74911,1.35,87,2062,5726,207,37141,246,108,98,220,81,2823,1282,18863,4312,0.228595663
103.1,6.46,18775,79697,1.47,71,2234,6602,183,41300,165,149,83,260,0,2911,1218,18547,4275,0.230495498
103.2,6.46,17138,73514,1.38,79,1989,5867,225,38568,76,170,78,286,84,2731,1124,16580,4095,0.246984318
103.3,6.47,14908,63432,1.38,51,1842,4709,184,32730,171,84,47,200,29,2755,1134,14579,3789,0.259894369
103.4,6.48,15173,64273,1.3,93,1668,3928,211,32585,259,148,75,262,39,2462,1149,15754,4059,0.257648851
103.5,6.5,16174,67391,1.45,83,1850,4001,228,33964,209,140,87,284,0,2439,1061,17179,4495,0.261656674
103.6,6.52,17323,77952,1.32,157,3518,4917,340,42105,285,188,85,329,61,2510,1132,16276,4528,0.278201032
103.7,6.53,16914,71025,1.37,115,2138,4826,218,36045,189,150,117,242,32,2298,1235,17485,4295,0.245639119
103.8,6.54,15589,61702,1.36,54,1455,3996,171,28641,222,176,88,230,0,2238,1107,17739,4109,0.231636507
103.9,6.54,17831,72109,1.31,75,1534,4682,212,34887,409,123,131,244,41,2719,1404,19471,4566,0.234502594
104,6.55,18100,74751,1.41,80,1804,5113,178,36710,270,194,202,356,95,2850,1386,19369,4341,0.224121018
104.1,6.56,18063,75907,1.61,88,1981,5355,186,37696,376,142,134,305,52,2691,1527,19099,4615,0.241635688
104.2,6.56,17989,73774,1.47,66,1643,4722,194,36584,203,161,80,323,0,2856,1216,19699,4539,0.230417788
104.3,6.55,19280,79322,1.55,98,2012,5663,192,39556,192,149,35,350,0,2837,1365,20472,4651,0.227188355
104.4,6.53,18385,74017,1.49,76,1843,5195,185,35048,247,146,182,352,0,2850,1443,20153,4574,0.226963727
104.5,6.52,17974,72824,1.4,58,1921,5421,159,33736,241,164,120,428,40,2965,1423,19827,4643,0.234175619
104.6,6.53,16538,66042,1.38,73,1689,4483,153,29975,189,125,78,344,0,2837,1274,19207,4346,0.226271672
104.7,6.52,12324,43893,1.23,35,751,1825,80,15821,99,78,33,112,34,2360,1285,16441,3835,0.233258318
