"Location","Site","Section","sample","min_depth","max_depth","midpoint","Fe","Fe_sd","Fe_ICP","Fe_ICP_sd","fit","lwr","upr"
"Bird Island","BI10","BI10.1",1,0,1.1,0.6,-1.94334538537241,-3.68569455350129,9.54388200499906,5.1735301264337,9.23742005150405,7.92100393723732,10.5538361657708
"Bird Island","BI10","BI10.1",4,3.9,5,4.5,-2.18691153779199,-4.22616680559978,9.14377187171782,3.304647550641,9.06725731847653,7.75061636167773,10.3838982752753
"Bird Island","BI10","BI10.1",10,11.7,12.8,12.3,-3.58034100787613,-5.33451816528914,8.27949587269265,3.88158857289427,8.09376504725921,6.77255154954698,9.41497854497145
"Bird Island","BI10","BI10.1",22,26.7,27.8,27.2,-3.30464934232977,-5.6628661371908,8.42689211285074,3.32582393071755,8.28637164228997,6.96650544054289,9.60623784403704
"Bird Island","BI10","BI10.1",30,36.3,37.2,36.7,-1.57468365399816,-3.79602960418944,9.82855417128756,3.50355067375237,9.49497836636067,8.17857658376462,10.8113801489567
"Bird Island","BI10","BI10.1",34,40.9,41.9,41.4,-1.34371676740077,-3.84610366149048,10.4469976275415,5.15703858194915,9.65633886851519,8.3397460285606,10.9729317084698
"Bird Island","BI10","BI10.2",45,44,45,44.5,-1.84243040345179,-3.57507914530664,10.1602156930854,3.64773917300838,9.3079223317119,7.99154916967191,10.6242954937519
"Bird Island","BI10","BI10.2",51,51.9,52.9,52.4,-3.75376069454476,-5.5013508954219,10.1783639253917,5.29616788707133,7.97260877184426,6.650436465952,9.29478107773651
"Bird Island","BI10","BI10.2",54,55.3,56.3,55.8,-3.97673298899806,-6.30250203003231,9.93036942402266,7.00945463356136,7.81683353527431,6.49330248744127,9.14036458310735
"Bird Island","BI10","BI10.2",62,64.4,65.4,64.9,-2.7267129000849,-4.79868284574834,7.76434259814642,2.27103707812829,8.69013564460164,7.37238619257089,10.0078850966324
"Bird Island","BI10","BI10.2",67,70.1,71.2,70.6,-3.03769731749776,-4.79175119133575,8.73921076841923,2.71722094895158,8.47287245811101,7.15410326819302,9.791641648029
"Bird Island","BI10","BI10.2",71,74.7,75.8,75.2,-3.02641374952533,-5.19703035439424,8.21468216401249,3.35831851941963,8.48075550239043,7.16202817434313,9.79948283043772
"Bird Island","BI10","BI10.2",81,86.5,87.5,87,-3.20068050934054,-4.97470370742296,8.74585699995511,3.66217734560713,8.35900743587369,7.03959279545959,9.67842207628778
"Bird Island","BI10","BI10.3",88,84.8,85.8,85.3,-3.5993292739098,-5.95772266762088,8.23051471759084,2.46944614218091,8.08049926623158,6.75918497165046,9.4018135608127
"Bird Island","BI10","BI10.3",95,93,94,93.5,-2.49227356001004,-4.01323909169793,9.34055718331538,4.53403149960049,8.85392210852535,7.53675731236807,10.1710869046826
"Bird Island","BI10","BI10.3",98,96.3,97.3,96.8,-2.48645993159155,-4.76186942699525,8.86409264544503,4.16270140553045,8.85798368641977,7.54083137546616,10.1751359973734
"Bird Island","BI10","BI10.3",104,103.2,104.2,103.7,-3.29325165714463,-4.33660944959493,7.5945083648187,3.31438773523264,8.29433441233016,6.97451922600317,9.61414959865714
"Bird Island","BI10","BI10.3",114,114.9,115.9,115.4,-1.79553870881855,-3.90924481770572,9.67361768204715,1.68344586805776,9.34068229788873,8.02431908296358,10.6570455128139
"Bird Island","BI10","BI10.3",120,121.8,122.7,122.3,-3.40437720416685,-4.38700694647644,8.35184985703952,3.72095422651058,8.21669872033177,6.8963702656814,9.53702717498213
"Bird Island","BI10","BI10.4",135,129.4,130.4,129.9,-0.915518313631449,-3.25414008211569,8.01280853633787,2.7498274927808,9.95549135110656,8.63813690260079,11.2728457996123
"Bird Island","BI10","BI10.4",145,141,142,141.5,-2.79707245674082,-4.62543914372752,10.5121855049979,5.17564528163103,8.6409803151922,7.3230245066774,9.958936123707
"Bird Island","BI10","BI10.4",155,152.7,153.8,153.2,-1.70879820722672,-3.15196924385232,8.71190613126309,4.50899709495294,9.40128185438875,8.08492029602159,10.7176434127559
"Bird Island","BI10","BI10.4",165,164.8,165.8,165.3,-1.93289003423722,-2.55059130618984,10.8005846115197,6.40102950815504,9.24472447827375,7.92831418017635,10.5611347763711
"Bird Island","BI10","BI10.4",168,168.4,170,169.2,-2.02943107690268,-4.61311337498715,10.8571670692609,6.45126665198848,9.17727796525834,7.8608019596408,10.4937539708759
"Bird Island","BI10","BI10.5",181,174.6,175.6,175.1,-1.80535518320979,-3.80846859048919,10.4378555921576,5.195126236626,9.33382420987233,8.0174594383008,10.6501889814439
"Bird Island","BI10","BI10.5",191,186.6,187.6,187.1,-1.13839845140375,-2.95429214361435,10.2790078874822,5.48800172047141,9.79978049800103,8.48288849122176,11.1166725047803
"Bird Island","BI10","BI10.5",194,190.3,191.3,190.8,-0.773413213520859,-2.96732913111268,10.1204160254,5.37069039559367,10.0547703025198,8.73704624680766,11.3724943582319
"Bird Island","BI10","BI10.5",197,194,195,194.5,-0.613316932852268,-2.50860041503219,10.2056468348869,5.85054459330883,10.1666184406764,8.84840831684359,11.4848285645092
"Bird Island","BI10","BI10.5",202,199.9,200.8,200.3,-0.373030121485376,-1.60119674260295,11.1610073177993,6.75009657343813,10.3344901261568,9.01541211147299,11.6535681408407
"Bird Island","BI10","BI10.6",218,209.5,210.5,210,-0.521442659148532,-2.70022315369421,11.5829680732906,7.41406967584827,10.2308046067469,8.91228223904925,11.5493269744445
"Bird Island","BI10","BI10.6",228,221.4,222.4,221.9,-1.23303369833263,-3.50480115264857,10.7399098377358,6.26174273085966,9.73366543193712,8.41692643468457,11.0504044291897
"Bird Island","BI10","BI10.6",239,234.2,235.2,234.7,-0.491534310537235,-2.73885710079469,10.2519418682607,5.01178667700049,10.2516994900855,8.93307023952213,11.5703287406488
"Bird Island","BI10","BI10.6",247,243.9,245,244.5,-1.54291285237565,-3.03460206927761,11.1310995537805,6.91195722841442,9.51717441610262,8.20075549215189,10.8335933400534
"Bird Island","BI10","BI10.7",259,250.7,251.7,251.2,-1.89336135357552,-3.59181476551779,10.076597018011,4.43455539823,9.27234041861499,7.95594925601441,10.5887315812156
"Bird Island","BI10","BI10.7",271,265,266,265.5,-0.387954261853035,-2.404384626839,10.9810035594278,6.5541796363862,10.3240636671114,9.00504438880936,11.6430829454135
"Bird Island","BI10","BI10.7",280,275.9,276.9,276.4,-1.23931534011144,-3.46777708392849,10.8172296000719,5.2756796014742,9.72927688565364,8.41254712995305,11.0460066413542
"Bird Island","BI10","BI10.8",300,289.7,290.8,290.3,0.747267803045067,-1.20623017643023,11.1987648930042,7.00878874675648,11.1171643801507,9.79185872693446,12.442470033367
"Bird Island","BI10","BI10.8",303,293.4,294.4,293.9,0.0764919241515527,-1.83090003914592,11.2230589765515,7.31892564511057,10.6485399195367,9.32739343736035,11.9696864017131
"Bird Island","BI10","BI10.8",311,303.1,304,303.6,-0.0143898337901793,-2.11393041973854,11.0838038999157,6.67766189127939,10.5850471552093,9.26436552975962,11.905728780659
"Bird Island","BI10","BI10.8",318,311.7,312.8,312.2,-0.288598592362656,-2.56244990925989,11.3951650102964,7.4150808541178,10.3934765641594,9.07405421513864,11.7128989131801
"Bird Island","BI10","BI10.8",326,321.7,322.8,322.2,-1.43772255873658,-2.34259336347703,11.2410963520968,6.05049713336689,9.59066355930162,8.2741670744208,10.9071600441824
"Bird Island","BI10","BI10.9",342,332.1,333.1,332.6,0.524888785887346,-0.381738246661264,12.4080433529741,7.83259710065387,10.9618036251705,9.63801861582681,12.2855886345142
"Bird Island","BI10","BI10.9",348,339.5,340.5,340,-0.552059905812402,-2.06835167005556,10.4060643912265,6.01879523958658,10.2094144656359,8.89099885046527,11.5278300808066
"Bird Island","BI10","BI10.9",361,355.7,356.7,356.2,-0.638930185334871,-1.93979799716696,9.9005221972127,5.27433389563226,10.1487242423206,8.83059683980931,11.4668516448319
"Bird Island","BI10","BI10.9",365,360.7,361.7,361.2,0.361844737499586,-1.82504229178242,11.4267416940747,7.70076701106924,10.8478960866972,9.52513675691354,12.1706554164808
"Bird Island","BI10","BI10.9",372,369.1,371,370.1,-0.0885182115721104,-1.51792005372449,11.0561258807318,6.7077611748249,10.5332588125641,9.21293885586395,11.8535787692643
"Bird Island","BI10","BI10.10",379,367.3,368.4,367.9,-0.187278463157021,-2.39704752710783,11.1546227764023,6.4799657281445,10.4642618926012,9.14439933724843,11.784124447954
"Bird Island","BI10","BI10.10",386,375.7,376.6,376.1,-0.479736449887289,-1.85673829271376,10.8976220776579,6.03398345369823,10.2599418348946,8.94126971541961,11.5786139543696
"Bird Island","BI10","BI10.10",390,380.5,381.5,381,-0.395411123971961,-1.63004543699856,10.5999305078092,5.68768357295285,10.3188540761015,8.99986390587662,11.6378442463264
"Bird Island","BI10","BI10.10",392,382.9,384,383.4,-0.0618743040988974,-1.78364778869433,10.8995670742494,6.80379975441748,10.5518730578898,9.23142491735072,11.872321198429
"Bird Island","BI10","BI10.10",396,387.7,388.8,388.2,-2.40174580513146,-2.1827344860823,9.9094393280291,5.71327117389138,8.91716755553002,7.60018611522002,10.23414899584
"Bird Island","BI10","BI10.10",403,396.3,397.4,396.8,-0.301954290620052,-2.00959097948488,10.840000929173,7.27906111255176,10.3841458665465,9.06477934774907,11.7035123853438
"Bird Island","BI10","BI10.10",410,404.6,405.6,405.1,0.0334308069819389,-1.89517756695138,10.4367072074209,6.14783017868893,10.6184561114541,9.29753282912713,11.9393793937812
"Bird Island","BI10","BI10.11",422,409.9,410.9,410.4,-0.957968049778076,-2.49771795320737,10.2689600502149,6.27326050205897,9.92583467242912,8.60857934428275,11.2430900005755
"Bird Island","BI10","BI10.11",424,412.2,413.2,412.7,-0.802264977749914,-2.80568590111717,10.3396534788221,5.65280504371187,10.0346135812138,8.71696927430666,11.352257888121
"Bird Island","BI10","BI10.11",427,415.8,416.8,416.3,-1.00828322274766,-2.7149058641645,10.4443299476404,6.09909001669502,9.89068296000848,8.57353838949434,11.2078275305226
"Bird Island","BI10","BI10.11",439,430.3,431.3,430.8,-1.0128934674301,-2.87198509118723,10.2847469871715,5.79471151429647,9.88746210264674,8.57032731546085,11.2045968898326
"Bird Island","BI10","BI10.11",443,435.2,436.3,435.7,-1.00186682677792,-2.58971150665373,10.3803317960264,5.90213540399061,9.89516564967431,8.57800736100844,11.2123239383402
"Bird Island","BI10","BI10.11",449,442.8,443.8,443.3,-0.595920053454515,-2.34123509441558,9.72321135536732,5.41366496471041,10.1787724305271,8.86050504489614,11.497039816158
"Bird Island","BI10","BI10.12",461,447.5,448.7,448.1,-0.970577283859571,-2.3418399714989,10.5207192537696,6.08042849049437,9.91702547742655,8.59979859115229,11.2342523637008
"Bird Island","BI10","BI10.12",465,452.8,453.9,453.4,0.458876595642767,-1.49044375181844,10.2925368623624,3.46900555478215,10.9156854983554,9.59232486707814,12.2390461296327
"Bird Island","BI10","BI10.12",469,458.3,459.3,458.8,-0.944770898467551,-1.74720884984109,10.4680502264298,6.42707387748989,9.93505460431567,8.61776901721407,11.2523401914173
"Bird Island","BI10","BI10.12",475,466.1,467.2,466.6,-1.20372118544691,-3.2983627267755,10.3357174866678,7.36247740797946,9.75414404628887,8.43736041867118,11.0709276739066
"Bird Island","BI10","BI10.12",479,471.4,472.4,471.9,-0.984216871715755,-3.05360635305105,9.48720661262688,4.86509082338325,9.90749644589273,8.59029980944812,11.2246930823373
"Bird Island","BI10","BI10.12",484,478.2,479.2,478.7,-2.0392977374883,-3.9800749884949,9.2206794817005,6.36105409025073,9.17038481563789,7.85390057835146,10.4868690529243
"Bird Island","BI10","BI10.13",506,473.4,474.5,474,-0.726829206061716,-2.64503232522286,10.4199476085342,5.03129705680506,10.0873153090647,8.76945743086751,11.4051731872619
"Bird Island","BI10","BI10.13",519,491,492,491.5,-0.851740662043085,-1.97182210410623,9.8575508967614,5.24858047034423,10.0000483611531,8.68253522758341,11.3175614947228
"Bird Island","BI10","BI10.13",522,494.8,495.8,495.3,-0.505082239344033,-1.29991093160162,9.74492905252694,3.87295380012497,10.2422344943555,8.92365397831628,11.5608150103946
"Bird Island","BI10","BI10.13",525,498.7,499.7,499.2,0.0676621933624663,-1.36187664572497,10.3759748290375,6.47224559360384,10.6423712006567,9.32127091783051,11.9634714834828
"Bird Island","BI10","BI10.13",529,503.9,505.1,504.5,-0.0351970805937362,-1.10493712984873,10.6011333038366,5.09882486729562,10.5705105788102,9.24993205841996,11.8910890992005
"Isla Hermite","HER42PB","HER42PB_1A",3,2.5,3.7,3.1,-1.40319761691978,-3.21691563658033,9.5943967832687,4.9273511934466,9.61478373527353,8.29825482784648,10.9313126427006
"Isla Hermite","HER42PB","HER42PB_1A",5,5.3,6.5,5.9,-0.998108842663838,-3.05578958127271,9.69213420221314,5.03567072141488,9.8977910918434,8.58062471353684,11.21495747015
"Isla Hermite","HER42PB","HER42PB_1A",7,8.1,9.3,8.7,-0.116101270374488,-2.15505577208174,9.73713427247931,5.54407373718118,10.5139884475136,9.1937990516678,11.8341778433595
"Isla Hermite","HER42PB","HER42PB_1A",9,10.9,12.1,11.5,-0.346330484797377,-1.80436168950874,9.74905363576774,5.16368607668683,10.3531433056095,9.0339586147829,11.6723279964361
"Isla Hermite","HER42PB","HER42PB_1A",13,16.3,17.5,16.9,-2.03565689483058,-4.29027915711688,9.52275758099223,4.77832532760335,9.17292841921748,7.85644725218835,10.4894095862466
"Isla Hermite","HER42PB","HER42PB_1A",16,20.5,21.6,21.1,-1.40805341917724,-3.05438036784083,9.39155639205623,3.64695192319262,9.61139132391029,8.29486718462415,10.9279154631964
"Isla Hermite","HER42PB","HER42PB_1A",20,26.1,27.3,26.7,-1.26116863037188,-3.56414875625317,9.55953187891748,4.08686112519108,9.71400951143346,8.39731101888534,11.0307080039816
"Isla Hermite","HER42PB","HER42PB_1A",25,33.1,34.1,33.6,-0.241410123171614,-2.90687866484353,10.4769492488063,6.50835589198521,10.4264438660819,9.10682015940277,11.7460675727611
"Isla Hermite","HER42PB","HER42PB_1A",28,37.1,38.2,37.7,-0.498931550976564,-2.2019761729064,10.1394031595937,5.27286820942501,10.246531552597,8.9279289767278,11.5651341284661
"Isla Hermite","HER42PB","HER42PB_1A",31,41.2,42.3,41.7,-0.50773185699394,-1.7416097612767,10.3204944551402,5.57606220167468,10.2403833907587,8.92181234422755,11.5589544372899
"Isla Hermite","HER42PB","HER42PB_1B",40,43.1,44.2,43.7,-0.699574617503498,-2.488109638303,10.2098801602127,5.73573823684408,10.1063561947975,8.78841712477942,11.4242952648157
"Isla Hermite","HER42PB","HER42PB_1B",48,54,55.1,54.5,-1.50272017581752,-4.24820213217545,9.53769812618272,5.45725646912961,9.54525424420222,8.22880945750404,10.8616990309004
"Isla Hermite","HER42PB","HER42PB_1B",50,56.7,57.8,57.2,-1.62460801994371,-3.67164920722227,9.2120458528166,4.87690280391964,9.46009968363087,8.14371894579637,10.7764804214654
"Isla Hermite","HER42PB","HER42PB_1B",56,64.7,65.8,65.2,-1.41947451777997,-3.72272423891817,9.80512681450682,5.49262624248155,9.6034121965434,8.28689900373669,10.9199253893501
"Isla Hermite","HER42PB","HER42PB_1B",60,69.9,70.9,70.4,-1.32359650940589,-3.00821469423276,9.83820515425722,5.39003871738443,9.67039549360704,8.35377871518271,10.9870122720314
"Isla Hermite","HER42PB","HER42PB_1B",63,73.7,74.8,74.3,-1.63702317727036,-3.41302716169655,9.54483336618875,4.34182617924985,9.45142607656074,8.13504945420368,10.7678026989178
"Isla Hermite","HER42PB","HER42PB_1B",69,81.5,82.5,82,-0.196912140688654,-2.67278713743346,10.2795797464345,5.90552128166588,10.4575315120389,9.1377120784395,11.7773509456382
"Isla Hermite","HER42PB","HER42PB_1C",80,86.5,87.8,87.2,-0.520166240795076,-2.11709561054835,10.0225149816138,4.30868217091574,10.2316963514879,8.91316947480735,11.5502232281684
"Isla Hermite","HER42PB","HER42PB_1C",86,94.8,96,95.4,-1.38186404993397,-3.68863928496214,9.7126046538171,4.75075952389028,9.62968801498346,8.31313735237771,10.9462386775892
"Isla Hermite","HER42PB","HER42PB_1C",90,100.2,101.4,100.8,-2.00590243624408,-3.240760310393,9.77657586466808,5.8545025234495,9.19371579029731,7.87725827969311,10.5101733009015
"Isla Hermite","HER42PB","HER42PB_1C",91,101.6,103.1,102.3,-1.73959299637599,-3.28984915830233,9.64272031763777,4.77618536759955,9.37976767668963,8.06340801885969,10.6961273345196
"Isla Hermite","HER42PB","HER42PB_1C",97,109.8,111,110.4,-0.708524784505769,-1.91643089394126,9.75124368857942,5.25043351812538,10.1001033355105,8.78219116399205,11.418015507029
"Isla Hermite","HER42PB","HER42PB_1C",104,119.2,120.3,119.8,-1.45343357959364,-3.11283509212369,10.2786897661913,6.07898468842592,9.5796873615782,8.26320449127511,10.8961702318813
"Isla Hermite","HER42PB","HER42PB_1D",118,127.3,128.4,127.8,-2.18631927355557,-2.935506804389,9.46831472718413,5.16324913358915,9.06767109231227,7.75103089002963,10.3843112945949
"Isla Hermite","HER42PB","HER42PB_1D",121,130.9,132.2,131.6,-2.66378125744299,-4.07608838873907,8.98578370606067,4.24135145269735,8.73410160702901,7.41652464789797,10.0516785661601
"Isla Hermite","HER42PB","HER42PB_1D",131,143.2,144.4,143.8,-2.81934241420676,-3.90282344328457,9.45766693483669,4.72466337716124,8.6254218445707,7.30739775150898,9.94344593763243
"Isla Hermite","HER42PB","HER42PB_1D",137,150.7,151.9,151.3,-2.94735095397405,-4.20038969892009,8.8532660887407,3.86243342184815,8.53599117959005,7.21754690872029,9.8544354504598
"Isla Hermite","HER42PB","HER42PB_1D",144,159.2,160.3,159.8,-1.8729521587492,-3.71702989337692,9.58284819899656,4.37984101193966,9.28659890377822,7.97021585418807,10.6029819533684
"Isla Hermite","HER42PB","HER42PB_1D",147,162.9,164.1,163.5,-1.67140983434098,-2.6577430687994,9.28368083617101,4.1508779082108,9.42740251052462,8.11103496228208,10.7437700587672
"Isla Hermite","HER42PB","HER42PB_1E",158,169.3,170.5,169.9,-2.66286914069066,-4.39671693630804,8.0782662800668,3.14459202722731,8.73473883957498,7.41716429664183,10.0523133825081
"Isla Hermite","HER42PB","HER42PB_1E",162,175.6,176.8,176.2,-2.66088696398039,-4.05730767153246,9.3877562103865,4.79253635563298,8.73612364860124,7.41855434819128,10.0536929490112
"Isla Hermite","HER42PB","HER42PB_1E",166,181.9,183.1,182.5,-2.18669292838839,-3.60754417986902,9.27683052587651,5.28142591179408,9.06741004566466,7.75076936748165,10.3840507238477
"Isla Hermite","HER42PB","HER42PB_1E",174,194.9,196.1,195.5,-2.95121578673915,-4.88742036823381,8.85320007534911,4.33420758560076,8.53329108969878,7.21483339985667,9.85174877954088
"Isla Hermite","HER42PB","HER42PB_1E",179,202.5,203.6,203,-2.56110959244767,-3.63819071468159,9.14237584852239,4.0263800387683,8.80583115954086,7.48851112448049,10.1231511946012
"Isla Hermite","HER42PB","HER42PB_1F",184,201.4,202.5,202,-1.65804492074372,-3.1202156953961,9.53177754928083,4.59810329603872,9.43673964625467,8.12036897704485,10.7531103154645
"Isla Hermite","HER42PB","HER42PB_1F",189,208.1,209.3,208.7,-2.48136868104494,-4.03598154520452,9.3365604876083,5.13016642168997,8.8615405891295,7.54439913196519,10.1786820462938
"Isla Hermite","HER42PB","HER42PB_1F",191,210.9,212.2,211.5,-2.6608471803572,-4.43981737188241,9.05772558018548,4.21683306076627,8.7361514426522,7.41858224734734,10.0537206379571
"Isla Hermite","HER42PB","HER42PB_1F",197,219.3,220.5,219.9,-1.89282092219128,-2.93965479902555,8.94680591979604,4.76034606868668,9.27271798044139,7.95632704818141,10.5891089127014
"Isla Hermite","HER42PB","HER42PB_1F",200,223.4,224.6,224,-2.85076323531315,-4.22998908138958,9.16608643402768,5.69231835941605,8.6034703018776,7.28534743809866,9.92159316565655
"Isla Hermite","HER42PB","HER42PB_1F",205,230.3,231.5,230.9,-2.2846376501557,-4.17168835401331,8.60515430358127,4.57096366422755,8.99898287967308,7.68220355553057,10.3157622038156
"Isla Hermite","HER42PB","HER42PB_1F",209,235.8,236.9,236.4,-1.91420783819674,-3.35757173951289,9.31604091001985,4.18323798191888,9.25777642948135,7.94137573779936,10.5741771211633
"Isla Hermite","HER42PB","HER42PB_1F",211,238.4,239.5,239,-2.04700454421536,-3.48986725184898,9.52338606306293,4.42391955494839,9.1650006057115,7.84850974312103,10.481491468302
"Isla Hermite","HER42PB","HER42PB_1F",213,241.1,242.3,241.7,-2.03342925620596,-3.35604181892941,9.41235158808437,4.7558881074937,9.1744847154138,7.85800540803373,10.4909640227939
"Isla Hermite","HER42PB","HER42PB_1G",224,246.9,248.1,247.5,-3.00539528655759,-4.59870118220339,9.70801852021435,3.86497397811982,8.49543964083536,7.17678931548802,9.8140899661827
"Isla Hermite","HER42PB","HER42PB_1G",231,256.4,257.6,257,-3.10463345886729,-3.70050636707154,9.41491847819261,4.53531144624539,8.42610883089677,7.10708378840285,9.74513387339069
"Isla Hermite","HER42PB","HER42PB_1G",232,257.7,258.9,258.3,-3.29475741213602,-4.72291687441986,8.64573273778196,5.07374703536734,8.29328244602836,6.97346054137001,9.6131043506867
"Isla Hermite","HER42PB","HER42PB_1G",236,263.2,264.4,263.8,-3.1787295790149,-5.12840635978077,8.64293835084814,3.87524923536228,8.3743430244175,7.05501975812365,9.69366629071136
"Isla Hermite","HER42PB","HER42PB_1G",240,268.6,269.8,269.2,-3.65250324582897,-5.1794099124988,8.83585363076915,4.58835788901423,8.04335030978664,6.72174826780932,9.36495235176397
"Isla Hermite","HER42PB","HER42PB_1G",245,275.2,276.4,275.8,-3.54663500439513,-5.02730569940713,8.67131215554056,3.19864140194571,8.11731308796514,6.79627597682772,9.43835019910256
"Isla Hermite","HER42PB","HER42PB_1G",253,285.8,286.9,286.3,-1.62874740590272,-2.54148724074206,8.95402186727739,4.92546504591561,9.45720778251553,8.14082846632024,10.7735870987108
"Isla Hermite","HER42PB","HER42PB_1H",260,285,286.2,285.6,-2.18941061065421,-3.79801190428625,9.36147442263518,4.84248193272251,9.06551139005403,7.74886723840417,10.3821555417039
"Isla Hermite","HER42PB","HER42PB_1H",264,290.3,291.5,290.9,-3.52904728751789,-4.83384358002845,8.5373847936401,3.89139261319708,8.12960040269182,6.80865404039903,9.45054676498461
"Isla Hermite","HER42PB","HER42PB_1H",269,297,298.2,297.6,-2.31830470900746,-4.52477563787566,9.15588425481793,5.32082229033036,8.97546204687139,7.65862867027885,10.2922954234639
"Isla Hermite","HER42PB","HER42PB_1H",273,302.3,303.5,302.9,-2.58295967586155,-4.21789868944579,9.00648409288161,3.35149178235981,8.79056602572137,7.4731938581165,10.1079381933262
"Isla Hermite","HER42PB","HER42PB_1H",278,309.3,310.6,309.9,-1.91267136745003,-3.32814674073312,9.4506529452984,4.89427292381676,9.25884985474541,7.94244990824939,10.5752498012414
"Isla Hermite","HER42PB","HER42PB_1H",281,313.5,314.8,314.2,-1.76896153438599,-4.00921885790729,9.51813963180376,5.66438553474923,9.35924992147956,8.04288952384794,10.6756103191112
"Isla Hermite","HER42PB","HER42PB_1H",286,320.5,321.8,321.1,-2.37339037279591,-3.66453291523686,9.19383515032171,4.217601282931,8.93697752425705,7.62004865325763,10.2539063952565
"Isla Hermite","HER42PB","HER42PB_1I",301,332.1,333.3,332.7,-2.50211808670006,-4.1227609491531,9.38635047337173,5.24491430395333,8.84704442231857,7.52985826204334,10.1642305825938
"Isla Hermite","HER42PB","HER42PB_1I",303,334.9,336.2,335.6,-2.48796711725429,-4.10521901274064,9.36494328810062,6.10263790556233,8.85693072060739,7.53977518221809,10.1740862589967
"Isla Hermite","HER42PB","HER42PB_1I",312,347.6,348.8,348.2,-3.06571785198443,-4.72184962641626,8.24083231516475,4.71746729922897,8.45329645922209,7.13442173144361,9.77217118700057
"Isla Hermite","HER42PB","HER42PB_1I",317,354.3,355.4,354.9,-1.53222024241994,-3.73281379584557,9.56581692152712,2.92042590722812,9.52464459911117,8.20821925036906,10.8410699478533
"Isla Hermite","HER42PB","HER42PB_1I",320,358.3,359.6,358.9,-1.6645341816914,-2.9896339911861,9.28087581868198,5.34353500541291,9.4322060508958,8.11583696150425,10.7485751402873
"Isla Hermite","HER42PB","HER42PB_1I",322,361,362.2,361.6,-1.0389166256843,-3.13290294890867,9.86755241348809,4.02450787124817,9.86928153163327,8.55220081824646,11.1863622450201
"Isla Hermite","HER42PB","HER42PB_1J",335,369.7,370.8,370.2,-1.2135073550836,-3.30308487222912,9.97718948344483,5.08433722515978,9.74730713009707,8.43053867838657,11.0640755818076
"Isla Hermite","HER42PB","HER42PB_1J",340,376.7,377.9,377.3,-1.61940015720058,-3.99651606739638,10.0674757463862,5.28795217305126,9.46373805517306,8.14735545842532,10.7801206519208
"Isla Hermite","HER42PB","HER42PB_1J",342,379.6,380.9,380.3,-1.95461648779953,-3.42917597635923,9.87135875721964,6.00335263691675,9.22954571603428,7.91312297811942,10.5459684539491
"Isla Hermite","HER42PB","HER42PB_1J",346,385.3,386.5,385.9,-2.13725939706868,-3.42948667852851,10.2561900508501,6.43492140853961,9.10194581637418,7.78536459738256,10.4185270353658
"Isla Hermite","HER42PB","HER42PB_1J",349,389.6,390.9,390.2,-1.59259097773049,-2.85044791007285,10.0308957458306,4.88099838430973,9.48246776454991,8.16607435861403,10.7988611704858
"Isla Hermite","HER42PB","HER42PB_1J",352,394,395.2,394.6,-1.43874256329228,-2.81811906741124,9.29717124109191,5.32327283190667,9.58995095305,8.27345537370596,10.906446532394
"Isla Hermite","HER42PB","HER42PB_1J",353,395.4,396.6,396,-1.48119942746775,-3.763376735763,9.5302111001346,5.36972673488655,9.56028929451449,8.24382874175186,10.8767498472771
"Kerguelen","KER1","CAT1-S1-1A",1,0,1.4,0.7,-2.84771422650154,-3.82894504409348,10.3944753828036,4.23639553797763,8.60560043230523,7.28748727749212,9.92371358711834
"Kerguelen","KER1","CAT1-S1-1A",3,3.1,4.7,3.9,0.0384863393327466,-1.14645463075242,10.7942299965342,6.91501151371816,10.6219880603443,9.30103884816782,11.9429372725208
"Kerguelen","KER1","CAT1-S1-1A",5,6.4,7.8,7.1,0.354983014944399,-0.761663633042065,10.6185565877526,6.53083215220209,10.8431022783143,9.5203844557996,12.1658201008289
"Kerguelen","KER1","CAT1-S1-1A",7,9.3,10.6,9.9,-0.571405694113666,-1.49800281928313,9.83668676453478,4.51546271897546,10.1958989086621,8.87754935639243,11.5142484609319
"Kerguelen","KER1","CAT1-S1-1A",8,10.7,12,11.4,-0.719999172145202,-1.60698049330005,10.4809453958415,5.99133445039577,10.0920869787994,8.7742089546384,11.4099650029605
"Kerguelen","KER1","CAT1-S1-1A",9,12.1,13.6,12.8,-1.28615788940565,-1.51831865358191,9.4733445962411,5.70345031082924,9.69655125390762,8.37988682121888,11.0132156865964
"Kerguelen","KER1","CAT1-S1-1A",11,15.1,16.5,15.8,-2.03810597644,-3.76091267043504,9.20323742486761,5.60557670009412,9.17121741620689,7.85473418812611,10.4877006442877
"Kerguelen","KER1","CAT1-S1-1A",13,18,19.4,18.7,-1.60657926777741,-2.32679426265775,8.29913352423565,4.21571544481421,9.47269511904428,8.15630761208968,10.7890826259989
"Kerguelen","KER1","CAT1-S1-1A",17,24,25.5,24.7,-1.42138013473847,-3.63255842527432,9.80958208381306,5.16333770168338,9.60208087449172,8.28556947144034,10.9185922775431
"Kerguelen","KER1","CAT1-S1-1A",20,28.6,30,29.3,-1.79224720379158,-3.62468302470425,9.33783499667785,4.71299804893958,9.34298184355876,8.02661908826087,10.6593445988567
"Kerguelen","KER1","CAT1-S1-1A",23,33,34.4,33.7,-0.224557147985533,-1.10982153678651,10.429734212255,5.8962479175527,10.4382178678832,9.11852070030982,11.7579150354565
"Kerguelen","KER1","CAT1-S1-1A",25,35.9,37.2,36.6,-0.244883264163181,-1.54906071200486,9.5872236322807,4.74341526546471,10.4240174239945,9.10440875526794,11.743626092721
"Kerguelen","KER1","CAT1-S1-1A",26,37.3,38.7,38,-0.40128015270362,-1.75300072171412,10.297455011271,4.69401623460467,10.3147537938608,8.99578642125946,11.6337211664622
"Kerguelen","KER1","CAT1-S1-1A",27,38.8,40.1,39.4,-0.225598641786952,-1.44848255247226,10.2225248148218,5.26075042795546,10.4374902485899,9.11779764442131,11.7571828527586
"Kerguelen","KER1","CAT1-S1-1A",28,40.2,41.6,40.9,-0.328561138850038,-1.47189794123603,9.81659604872506,5.6913455642416,10.3655575119369,9.04630069104693,11.6848143328269
"Kerguelen","KER1","CAT1-S1-1B",36,45.1,46.2,45.6,-0.0576353135753864,-1.47859300101279,10.5414994477039,5.46288411373516,10.5548345457879,9.23436582409696,11.8753032674788
"Kerguelen","KER1","CAT1-S1-1B",40,50.7,52.1,51.4,-0.341117734627166,-1.74170778723637,10.3472410171728,6.24092168491446,10.3567850916571,9.03757933495637,11.6759908483578
"Kerguelen","KER1","CAT1-S1-1B",41,52.3,53.6,53,0.177882704371467,-1.31403799551207,10.4302823514772,6.33566555096398,10.7193746069291,9.39768166082948,12.0410675530288
"Kerguelen","KER1","CAT1-S1-1B",46,59.9,61.2,60.5,-1.01680868893459,-2.77165873021713,9.45786050702207,5.04883597886409,9.88472680964731,8.56760028276054,11.2018533365341
"Kerguelen","KER1","CAT1-S1-1B",49,64.4,65.8,65.1,-1.03051427378102,-2.39372126838742,9.5736164133521,4.43599675147967,9.87515167060585,8.55805371138819,11.1922496298235
"Kerguelen","KER1","CAT1-S1-1B",51,67.6,68.9,68.3,-1.41002455535464,-4.08172695529069,8.49365385311934,3.33705355169044,9.61001422813658,8.29349200497069,10.9265364513025
"Kerguelen","KER1","CAT1-S1-1B",57,76.5,77.9,77.2,-2.13646061844015,-4.67980938247227,9.09615365878051,5.56811964260386,9.10250386745461,7.78592355131418,10.419084183595
"Kerguelen","KER1","CAT1-S1-1C",69,86.1,87.5,86.8,-2.12906304530918,-4.15725807298134,8.82706836596598,4.53151255383147,9.10767203737162,7.79109999508964,10.4242440796536
"Kerguelen","KER1","CAT1-S1-1C",73,92.4,93.7,93.1,-2.18600765074132,-4.77312143806844,8.65014056028208,4.55716734873546,9.06788880150224,7.75124899580547,10.384528607199
"Kerguelen","KER1","CAT1-S1-1C",80,103.1,104.5,103.8,-2.24424735202721,-3.4554704965573,8.07892837496622,4.22434510094115,9.02720077222122,7.71048197796965,10.3439195664728
"Kerguelen","KER1","CAT1-S1-1C",86,112.2,113.6,112.9,-2.57086538166157,-4.92693681117693,8.4212164895154,3.62054094455694,8.79901546803781,7.4816723265024,10.1163586095732
"Kerguelen","KER1","CAT1-S1-1C",93,122.9,124.1,123.5,-2.55264418086189,-5.30972291288017,8.39255577625649,3.93260542566559,8.81174535392842,7.49444514677034,10.1290455610865
"Kerguelen","KER1","CAT1-S1-1D",105,130.3,131.4,130.8,-2.45660842626685,-5.02258500835454,8.23773840186629,3.41871803828841,8.87883885730693,7.56174911950967,10.1959285951042
"Kerguelen","KER1","CAT1-S1-1D",108,134.6,135.8,135.2,-2.55381087115605,-4.29222506213844,8.06073179102156,3.85315661413064,8.81093026855191,7.49362734101611,10.1282331960877
"Kerguelen","KER1","CAT1-S1-1D",110,137.6,138.8,138.2,-2.6223931819552,-5.36262237713813,7.73407304352049,3.36674314556043,8.76301657723235,7.44554684176454,10.0804863127001
"Kerguelen","KER1","CAT1-S1-1D",114,143.4,144.6,144,-2.823008333964,-5.89059668453379,8.13519857253177,3.42686318233996,8.62286072136556,7.30482525096566,9.94089619176545
"Kerguelen","KER1","CAT1-S1-1D",117,147.8,148.9,148.4,-2.35323658832835,-3.72967335955293,8.51260543654387,3.71521920357561,8.95105757196392,7.63416465453035,10.2679504893975
"Kerguelen","KER1","CAT1-S1-1D",119,150.7,151.8,151.3,-2.89939644718402,-5.13660460951998,7.877415006824,3.79144932484179,8.56949365871252,7.25121231630223,9.88777500112281
"Kerguelen","KER1","CAT1-S1-1D",123,156.5,157.7,157.1,-3.04462431599775,-5.37335193494004,8.17775253796191,3.60734454088443,8.46803304596476,7.14923797576221,9.78682811616731
"Kerguelen","KER1","CAT1-S1-1D",124,158,159.2,158.6,-3.16026461446041,-5.46862359424018,7.91883003626567,3.86140474147207,8.38724321109219,7.06799573730463,9.70649068487975
"Kerguelen","KER1","CAT1-S1-1E",132,161.5,162.7,162.1,-3.37480847762877,-6.04566850176926,10.0903947657844,5.54792065655541,8.23735633334524,6.9171679050566,9.55754476163388
"Kerguelen","KER1","CAT1-S1-1E",137,168.8,170,169.4,-2.24206567135833,-4.88735784558379,7.96779068673917,3.70520287446315,9.0287249607898,7.71200930200997,10.3454406195696
"Kerguelen","KER1","CAT1-S1-1E",144,179,180.2,179.6,-2.7906858328396,-4.98177749876585,8.06111445179211,3.57998424405559,8.64544220518412,7.32750571604778,9.96337869432046
"Kerguelen","KER1","CAT1-S1-1E",145,180.4,181.6,181,-2.11622236563396,-2.99917744263355,8.40221510393704,3.51778890775286,9.11664292731574,7.80008487155714,10.4332009830743
"Kerguelen","KER1","CAT1-S1-1E",146,181.9,183,182.4,-0.882415055774507,-2.59395048192527,9.49473571930961,5.26442825738115,9.97861829536008,8.6611829458996,11.2960536448205
"Kerguelen","KER1","CAT1-S1-1E",147,183.3,184.4,183.8,-2.00569745487567,-2.85782801642629,8.17833049808866,3.88976898847002,9.19385899652495,7.87740164002338,10.5103163530265
"Kerguelen","KER1","CAT1-S1-1E",151,189,190.3,189.7,-3.13855338607132,-5.40736729053157,7.9351645634755,3.49771874223629,8.40241133656189,7.0832517283433,9.72157094478047
"Kerguelen","KER1","CAT1-S1-1E",157,198.4,199.7,199,-2.86718428784169,-4.9627619201285,8.02137878576391,3.00472280434245,8.59199805440116,7.27382244105524,9.91017366774708
"Kerguelen","KER1","CAT1-S1-1E",161,204.5,205.8,205.2,-2.48784457923898,-3.4396000640118,8.05097099744366,2.91953512705605,8.85701632939735,7.5398610536514,10.1741716051433
"Kerguelen","KER1","CAT1-S1-1F",170,210.3,211.7,211,-2.67711503673404,-4.0271411037968,7.7591123213033,3.04766999230555,8.72478622267363,7.40717366873185,10.0423987766154
"Kerguelen","KER1","CAT1-S1-1F",177,220.9,222.2,221.6,-3.05638672743201,-4.70717404344549,8.03270877470802,4.154006669048,8.45981546705749,7.14097613496703,9.77865479914795
"Kerguelen","KER1","CAT1-S1-1F",179,224,225.4,224.7,-2.74421236429916,-4.27691641081178,7.89673892648962,3.41928371703695,8.67790998587348,7.36011054165349,9.99570943009346
"Kerguelen","KER1","CAT1-S1-1F",180,225.6,226.8,226.2,-1.67331676077836,-2.79054213767102,9.19468097978707,5.1338269567241,9.4260702736311,8.10970312862639,10.7424374186358
"Kerguelen","KER1","CAT1-S1-1F",185,233.2,234.5,233.8,-0.786615559821825,-1.74771054037936,9.05999751933094,4.68229130042292,10.0455467412547,8.7278594755339,11.3632340069754
"Kerguelen","KER1","CAT1-S1-1F",186,234.7,235.9,235.3,-1.72419798503748,-3.33189195972983,8.93716153648975,4.55264139121048,9.39052310053784,8.0741628350499,10.7068833660258
"Kerguelen","KER1","CAT1-S1-1F",188,237.8,239.1,238.4,-2.4052212522365,-5.16018573418433,7.63276395563538,3.9001967956638,8.91473950232143,7.59775145915554,10.2317275454873
"Kerguelen","KER1","CAT1-S1-1F",191,242.3,243.6,242.9,-2.54457104937261,-3.94216039095655,7.82305642858122,3.1376903543899,8.81738548949184,7.50010399897277,10.1346669800109
"Kerguelen","KER3","CAT2-S3-1A",6,7.9,9.1,8.5,-3.30050156780497,-5.1247291545804,8.85991823045975,5.48187145096766,8.28926940391288,6.96942181047422,9.60911699735153
"Kerguelen","KER3","CAT2-S3-1A",9,12.3,13.5,12.9,-3.04608855934078,-5.54220536589242,8.66677200365123,5.5760193556028,8.46701008096493,7.14820952248347,9.78581063944639
"Kerguelen","KER3","CAT2-S3-1A",13,18.1,19.3,18.7,-3.02089380576694,-4.96624638253057,8.69118701486174,5.47035372784041,8.48461190323576,7.16590492083621,9.80331888563531
"Kerguelen","KER3","CAT2-S3-1A",15,21,22.1,21.6,-2.98797838473348,-4.63766217168931,8.73036135324011,5.57777321231079,8.50760761896295,7.18902013977823,9.82619509814767
"Kerguelen","KER3","CAT2-S3-1A",20,28.2,29.4,28.8,-2.86848631536626,-5.19815891056913,8.53168574539064,5.40451655801897,8.59108841831315,7.2729085892497,9.9092682473766
"Kerguelen","KER3","CAT2-S3-1A",21,29.6,30.7,30.2,-2.90064049521873,-5.04539394495749,8.55972610509524,5.11719254777739,8.56862452886217,7.25033904328378,9.88691001444056
"Kerguelen","KER3","CAT2-S3-1A",22,31,32.1,31.6,-2.42701358250726,-4.71275436301606,8.77786193283502,5.14882056054773,8.89951471660686,7.58248447685745,10.2165449563563
"Kerguelen","KER3","CAT2-S3-1A",27,38.2,39.3,38.7,-1.92003664147326,-3.22420449603016,8.58474578473369,5.07118097883646,9.25370424996889,7.93730066931823,10.5701078306196
"Kerguelen","KER3","CAT2-S3-1A",28,39.5,40.7,40.1,-1.79515580404373,-2.60026467306681,9.01154174122911,5.63713660608764,9.34094980682757,8.02458664698018,10.657312966675
"Kerguelen","KER3","CAT2-S3-1A",32,45.1,47,46.1,-2.35031410406923,-4.49471699741481,8.75429387317478,5.31870088440834,8.95309930848529,7.63621150735246,10.2699871096181
"Kerguelen","KER3","CAT2-S3-1B",38,46.4,47.6,47,-2.23966771580853,-4.32603384716044,8.47493400462976,4.81848738040404,9.03040024557784,7.71368801724567,10.34711247391
"Kerguelen","KER3","CAT2-S3-1B",42,51.6,52.7,52.2,-2.2496277608271,-3.86872148974761,8.55597396415608,5.16580678129377,9.02344185474809,7.70671526914625,10.3401684403499
"Kerguelen","KER3","CAT2-S3-1B",45,55.3,56.5,55.9,-0.797031739788032,-1.79641141295813,9.44231755244841,6.0885366944173,10.0382696806568,8.72061108663026,11.3559282746833
"Kerguelen","KER3","CAT2-S3-1B",47,58.1,59.3,58.7,-3.40219727306198,-5.91309863949361,8.21128812201907,4.9859606248949,8.21822168660164,6.89790364076448,9.53853973243881
"Kerguelen","KER3","CAT2-S3-1B",52,64.6,65.7,65.1,-3.54648067965987,-6.00184293052039,7.97482255095675,4.78122383542737,8.11742090392588,6.79638459291642,9.43845721493533
"Kerguelen","KER3","CAT2-S3-1B",55,68.3,69.4,68.9,-2.18325650739649,-2.2078118097447,9.75771723575116,6.43421872461938,9.06981083404188,7.75317451741583,10.3864471506679
"Kerguelen","KER3","CAT2-S3-1B",56,69.5,70.7,70.1,-2.95996550228012,-4.50213976467964,8.64813939905273,5.63058312727025,8.52717827190832,7.20869004376187,9.84566650005476
"Kerguelen","KER3","CAT2-S3-1B",62,77.2,78.2,77.7,-3.6498575003433,-6.09786461333106,9.02285784192117,5.52463769296469,8.0451987081715,6.72361117433317,9.36678624200983
"Kerguelen","KER3","CAT2-S3-1B",65,80.8,81.9,81.4,-3.65366585389503,-5.85529831001466,8.33345154885762,5.06686257297197,8.04253807637903,6.72092965283531,9.36414649992274
"Kerguelen","KER3","CAT2-S3-1B",68,84.5,85.6,85.1,-3.3694466733388,-5.75189130206527,7.74435542388099,4.54508921620361,8.24110225314106,6.92093894816682,9.5612655581153
"Kerguelen","KER3","CAT2-S3-1C",78,89.2,90.2,89.7,-2.788852485017,-4.3332603677848,7.98760181075811,4.62127207890816,8.64672303781618,7.32879207282081,9.96465400281154
"Kerguelen","KER3","CAT2-S3-1C",83,95.7,96.8,96.2,-3.2297553396733,-4.79786713140433,8.57982067862862,5.43047769056241,8.33869487379317,7.01915707680617,9.65823267078018
"Kerguelen","KER3","CAT2-S3-1C",85,98.3,99.3,98.8,-3.39918776492684,-5.21168588611417,8.98887346231249,6.00581853370985,8.2203242206535,6.90002052236605,9.54062791894095
"Kerguelen","KER3","CAT2-S3-1C",89,103.5,104.7,104.1,-2.50122808702711,-3.40980558479818,8.78357210086302,4.70970776842924,8.8476662031992,7.53048198584902,10.1648504205494
"Kerguelen","KER3","CAT2-S3-1C",91,106.1,107.2,106.7,-2.67217940372075,-4.56596522706633,7.8687756137129,4.61929835276603,8.72823440623452,7.41063508777802,10.045833724691
"Kerguelen","KER3","CAT2-S3-1C",96,112.8,113.9,113.3,-2.60246549922176,-3.97558454610673,7.43188055558281,2.36878241911608,8.77693866338077,7.45951879386897,10.0943585328926
"Kerguelen","KER3","CAT2-S3-1C",101,118.9,119.9,119.4,-2.9110955432906,-4.73139263644145,6.79628974333337,3.27535650260802,8.56132031382173,7.24299983292348,9.87964079471999
"Kerguelen","KER3","CAT2-S3-1D",110,122.4,123.5,123,-3.7971742059933,-4.82427655589004,6.89022478841716,3.01858994366666,7.94227877038461,6.61985301173683,9.26470452903239
"Kerguelen","KER3","CAT2-S3-1D",115,128.9,130,129.5,-3.44904622372164,-5.57585648175255,6.93395194333401,3.42637655878763,8.18549158266673,6.86494684550094,9.50603631983251
"Kerguelen","KER3","CAT2-S3-1D",117,131.4,132.4,131.9,-3.47139369394067,-4.27672770432537,6.84592333740466,3.65899986367036,8.1698789592749,6.84922387505697,9.49053404349284
"Kerguelen","KER3","CAT2-S3-1D",121,136.5,137.6,137.1,-3.29153781081457,-4.92475317237581,7.2532055585205,3.68805031922659,8.29553175757955,6.97572421013124,9.61533930502786
"Kerguelen","KER3","CAT2-S3-1D",124,140.5,141.6,141,-3.24815443852525,-4.71021993942799,7.30895044585259,3.76411496733639,8.32584070290453,7.0062237174296,9.64545768837947
"Kerguelen","KER3","CAT2-S3-1D",130,148.3,149.4,148.9,-3.65099741141648,-5.10077551652621,7.10620331316176,3.87759205047086,8.04440233157445,6.7228085494005,9.36599611374839
"Kerguelen","KER3","CAT2-S3-1D",133,152.3,153.4,152.8,-3.21501957836173,-5.59906770870623,7.47019994358454,4.02199607874712,8.34898972549202,7.02951465001911,9.66846480096492
"Kerguelen","KER3","CAT2-S3-1D",134,153.6,154.8,154.2,-3.03628821529006,-4.67975607203582,7.92890002774527,4.68067414108977,8.47385689983411,7.15509295765437,9.79262084201386
"Kerguelen","KER3","CAT2-S3-1D",136,156.4,157.6,157,-3.13946115041952,-5.23517533463746,7.63237909971158,4.44950844064282,8.40177714473803,7.08261388989145,9.7209403995846
"Kerguelen","KER3","CAT2-S3-1D",139,160.4,161.5,160.9,-3.67189650112701,-5.90217740156708,6.82671634134461,3.18807201409707,8.02980159092308,6.70809259457652,9.35151058726963
"Kerguelen","KER3","CAT2-S3-1D",141,163,164.1,163.5,-3.81143967960693,-6.33000512396517,6.79367887373824,3.13648493804536,7.93231247599636,6.60980226153823,9.2548226904545
"Kerguelen","KER3","CAT2-S3-1D",142,164.3,165.5,164.9,-3.85916088023809,-6.24355217078944,6.98385265838092,3.64767676917153,7.89897299166291,6.57617604062843,9.22176994269739
"Kerguelen","KER3","CAT2-S3-1E",150,166.5,167.5,167,-4.24474877661536,-6.64541827140233,6.86971277507567,2.67192138194124,7.62958954236959,6.30423830104922,8.95494078368997
"Kerguelen","KER3","CAT2-S3-1E",152,169.1,170.2,169.6,-3.95145914645566,-5.61777129118544,7.76172873676191,2.52675101111317,7.83449061150761,6.51112068594717,9.15786053706804
"Kerguelen","KER3","CAT2-S3-1E",156,174.6,175.7,175.1,-3.46376351214277,-4.35107013783521,7.41170606753018,3.02674166735345,8.17520963669182,6.85459238934031,9.49582688404333
"Kerguelen","KER3","CAT2-S3-1E",158,177.2,178.3,177.8,-1.23461714950313,-1.59815140183279,8.34191608444029,5.02086309866125,9.73255918471799,8.41582252777598,11.04929584166
"Kerguelen","KER3","CAT2-S3-1E",159,178.6,179.6,179.1,-3.74477214086052,-4.59051592888915,7.6484592138504,3.65522122179922,7.97888844923654,6.65676794813323,9.30100895033985
"Kerguelen","KER3","CAT2-S3-1E",163,183.8,184.9,184.3,-2.72354578846677,-3.20997625573623,9.35377517071431,5.66857631683463,8.69234828524728,7.37460778672404,10.0100887837705
"Kerguelen","KER3","CAT2-S3-1E",165,186.4,187.5,187,-4.28401056151352,-6.27528167225897,7.9350569440355,4.2125626244259,7.60216006353832,6.2765250857875,8.92779504128914
"Kerguelen","KER3","CAT2-S3-1E",168,190.4,191.5,190.9,-2.54365568828342,-3.24722368671545,8.45217750557369,4.85366414169532,8.81802498863035,7.50074560841214,10.1353043688486
"Kerguelen","KER3","CAT2-S3-1E",171,194,195,194.5,-1.7183746512373,-2.1649280638915,8.01279750853564,4.28809638557708,9.39459145890753,8.07823078508058,10.7109521327345
"Kerguelen","KER3","CAT2-S3-1E",174,197.7,198.6,198.1,-0.819459610500424,-2.66211518732834,9.30106597592699,6.16168023685729,10.0226008870313,8.70500296727381,11.3401988067888
"Kerguelen","KER3","CAT2-S3-1E",177,201.6,202.7,202.1,-3.43648500034348,-5.03019353014272,8.56429155100529,5.3059432241429,8.19426723592956,6.87378389602611,9.51475057583302
"Kerguelen","KER3","CAT2-S3-1E",181,207,208.1,207.5,-1.59518332691416,-2.54345045598715,9.11068005571345,5.87844453699589,9.48065667044806,8.16426440039899,10.7970489404971
"Marion Island","PB1","PB1_1A",4,5,6.3,5.7,-3.66845047399804,-4.83800757105366,8.02307154090292,3.54892961727522,8.03220909044026,6.71051917746391,9.35389900341661
"Marion Island","PB1","PB1_1A",7,9.8,11.1,10.4,-2.57173529292902,-4.50493361534384,8.96842370782387,5.52952445915388,8.79840772152915,7.48106250629633,10.115752936762
"Marion Island","PB1","PB1_1A",9,12.6,13.8,13.2,-2.69246848403335,-4.59058447650768,9.02940872796578,5.10733538691775,8.71405983672923,7.39640566201418,10.0317140114443
"Marion Island","PB1","PB1_1A",14,19.4,20.7,20.1,-1.86530248622977,-2.76821352339613,9.27724577514973,5.31917883160702,9.29194319800688,7.97556287926124,10.6083235167525
"Marion Island","PB1","PB1_1A",16,22.3,23.5,22.9,-2.99317133555677,-3.24076980852637,8.98552290532208,5.00629114995073,8.50397966534217,7.18537353943319,9.82258579125116
"Marion Island","PB1","PB1_1A",17,23.7,24.9,24.3,-2.26543926168934,-2.31779071472992,9.05605067538654,3.40105836499979,9.01239545863246,7.69564549284388,10.329145424421
"Marion Island","PB1","PB1_1A",22,30.4,31.6,31,-3.41433085945632,-5.03188952345711,9.03260017283864,2.76669877990945,8.20974479356138,6.88936863895567,9.53012094816709
"Marion Island","PB1","PB1_1A",28,38.5,39.8,39.2,-1.6607182332216,-3.41090447340036,10.1700309813492,6.62611729749077,9.43487198872938,8.11850198507608,10.7512419923827
"Marion Island","PB1","PB1_1A",32,44,45.3,44.7,-0.502732311484517,-1.83745743198388,10.6428691679794,3.04196670843731,10.2438762255362,8.92528729416947,11.5624651569029
"Marion Island","PB1","PB1_1B",39,46.4,47.6,47,-0.475272831139336,-2.14191193939303,10.6402370553207,4.26311002733032,10.2630602549123,8.94437181205333,11.5817486977713
"Marion Island","PB1","PB1_1B",41,49.3,50.5,49.9,0.858702171181371,-0.543915124210057,11.2162973099178,7.0232367747931,11.195015823986,9.86889549143109,12.5211361565409
"Marion Island","PB1","PB1_1B",42,50.6,51.8,51.2,0.842120343864912,-0.722978325523402,11.0947834963773,6.9470381575108,11.1834312543456,9.85743437270507,12.509428135986
"Marion Island","PB1","PB1_1B",44,53.3,54.5,53.9,1.05785386539105,-0.464851361800271,11.0272800753757,6.6044314460732,11.3341492636579,10.0064856185823,12.6618129087334
"Marion Island","PB1","PB1_1B",45,54.7,55.8,55.2,1.18452830786125,-0.769574936717788,11.036343804156,5.83333661745625,11.4226478876306,10.0939444524311,12.7513513228301
"Marion Island","PB1","PB1_1B",46,56,57.7,56.8,1.39651859505224,-0.299571152304835,11.1421895027721,5.9021410444875,11.5707507594187,10.2402064433906,12.9012950754467
"Marion Island","PB1","PB1_1B",52,64.3,65.4,64.9,1.06484403190137,-1.07282095014211,10.9177233320813,6.19601932984134,11.3390328069002,10.0113129609106,12.6667526528898
"Marion Island","PB1","PB1_1B",54,66.9,68.1,67.5,0.525093555795695,-1.38108192947565,10.8139320987198,6.42387329234867,10.9619466836657,9.63816033863573,12.2857330286957
"Marion Island","PB1","PB1_1B",57,70.8,72,71.4,0.891247798928773,-1.20316891086822,10.9603070996198,6.96490248559262,11.2177531908598,9.89138829888103,12.5441180828385
"Marion Island","PB1","PB1_1B",62,77.7,78.9,78.3,0.333276783021678,-1.244412229674,10.8745090414078,7.32712914957284,10.8279376435282,9.50535024130524,12.1505250457511
"Marion Island","PB1","PB1_1B",64,80.4,81.5,81,-0.170449979647654,-2.09352746817221,10.6724026323974,7.10041692977065,10.4760187837711,9.15608026351569,11.7959573040265
"Marion Island","PB1","PB1_1B",65,81.7,82.8,82.3,0.316722906833267,-1.39946381900711,10.680959731813,6.29893309727701,10.8163726013972,9.49388375991654,12.1388614428778
"Marion Island","PB1","PB1_1B",66,83,84.1,83.6,-0.130753658673461,-1.98416893349041,10.687554611205,5.6360973223745,10.5037518427409,9.18363091594984,11.823872769532
"Marion Island","PB1","PB1_1B",67,84.3,85.4,84.9,0.265124409452562,-1.18941006429888,10.9479147376343,6.08137978740665,10.7803243194532,9.4581376820078,12.1025109568987
"Marion Island","PB1","PB1_1B",68,85.6,86.6,86.1,0.186994040387586,-2.74993709054685,10.5982659901226,6.21623935539877,10.7257400637984,9.40399657313026,12.0474835544665
"Marion Island","PB1","PB1_1C",77,89.2,90.3,89.7,0.255210535920334,-2.69178489629026,10.5418966651779,5.92667614328567,10.7733981854302,9.45126874279039,12.09552762807
"Marion Island","PB1","PB1_1C",79,91.8,92.9,92.4,0.465451064531072,-2.25537371731269,10.534792993439,6.12024316692989,10.920278622577,9.59687628083132,12.2436809643227
"Marion Island","PB1","PB1_1C",81,94.5,95.6,95.1,0.573109716275436,-1.11905243947923,10.5333289760592,6.10211209718556,10.9954922359338,9.67138940017524,12.3195950716923
"Marion Island","PB1","PB1_1C",84,98.5,99.6,99.1,0.418089608694923,-1.98244440014139,10.5080475174884,5.12634854181124,10.8871904669151,9.56408585412505,12.2102950797051
"Marion Island","PB1","PB1_1C",86,101.2,102.3,101.8,0.663847920694364,-1.12379858222388,10.7316227298263,6.1560113461752,11.0588847093975,9.73416592174416,12.3836034970509
"Marion Island","PB1","PB1_1C",87,102.6,103.7,103.1,0.745410806223798,-1.55779891955716,10.5552088461132,4.98245463376742,11.1158670256078,9.79057465099874,12.441159400217
"Marion Island","PB1","PB1_1C",88,103.9,105,104.4,0.538028036756138,-1.17442714780186,10.5263357874583,6.24324910077929,10.9709831060448,9.64711214978385,12.2948540623058
