"Location","Site","Section","sample","top","bottom","mp","depth","depth_err","SH20_min_age_95CI","SH20_max_age_95CI","SH20_median_age","SH20_mean_age","SH20_mean_95CI","accrate","accrate_err","Water_Content","Dry_mass","Dry_mass_err","LOI550","LOI550_err","C_org_pc","C_org_pc_err","Volume","Volume_err","Wet_density","Dry_density","Dry_density_err","DMAR","DMAR_err","DMAR_err_pc"
"Bird Island","BI10","BI10.1",1,0,1.1,0.6,0.6,0.55,-67,-52,-61,-61,7,0.09517,0.07549,87.49,12.51,0.63,90.56,4.53,52.34,4.53,3.9915,0.2116,0.7473,0.1069,0.011,0.0102,0.0091,89.6
"Bird Island","BI10","BI10.1",2,1.3,2.4,1.9,1.9,0.55,-65,-21,-49,-47,22,0.09517,-0.01683,88.68,11.32,0.57,91.38,4.57,45.69,4.57,4.2749,0.2757,0.9321,0.119,0.0136,0.0113,-0.0007,-6.2
"Bird Island","BI10","BI10.1",3,2.6,3.7,3.2,3.2,0.55,-64,10,-37,-33,37,0.09517,-0.08849,89.1,10.9,0.54,87.98,4.4,43.99,4.4,5.5054,0.4432,0.9335,0.1142,0.0149,0.0109,-0.0087,-79.9
"Bird Island","BI10","BI10.1",4,3.9,5,4.5,4.5,0.55,-62,41,-24,-20,52,0.09524,-0.2374,89.51,10.49,0.52,90.31,4.52,45.15,4.52,3.7179,0.303,1.4999,0.1757,0.0231,0.0167,-0.0395,-236.1
"Bird Island","BI10","BI10.1",5,5.2,6.3,5.8,5.8,0.55,-60,72,-12,-6,66,0.09517,-1.03257,90.18,9.82,0.49,93.27,4.66,46.64,4.66,5.1832,0.5131,0.7934,0.0864,0.0129,0.0082,-0.088,-1070.1
"Bird Island","BI10","BI10.1",6,6.5,7.6,7.1,7.1,0.55,-59,104,1,8,81,0.09517,1.02323,89.67,10.33,0.52,92.9,4.65,46.45,4.65,5.6149,0.6233,0.8726,0.1005,0.0162,0.0096,0.1044,1091.3
"Bird Island","BI10","BI10.1",7,7.8,8.9,8.4,8.4,0.55,-57,135,13,21,96,0.09517,0.43619,89.02,10.98,0.55,93.76,4.69,46.88,4.69,5.3969,0.6476,0.8766,0.1081,0.0184,0.0103,0.0489,475.3
"Bird Island","BI10","BI10.1",8,9.1,10.2,9.7,9.7,0.55,-56,166,25,35,111,0.10309,0.33324,88.95,11.05,0.55,89.12,4.46,44.56,4.46,5.0779,0.6525,0.9272,0.1152,0.0206,0.0119,0.0405,341.1
"Bird Island","BI10","BI10.1",9,10.4,11.5,11,11,0.525,-43,180,37,48,112,0.10569,0.25311,88.09,11.91,0.6,91.85,4.59,45.92,4.59,4.7477,0.6552,0.9275,0.1254,0.0236,0.0133,0.0342,258.3
"Bird Island","BI10","BI10.1",10,11.7,12.8,12.3,12.3,0.55,-33,189,50,60,111,0.10578,0.20089,86.38,13.62,0.68,90.68,4.53,45.34,4.53,4.7687,0.701,0.9214,0.1452,0.0286,0.0154,0.0322,209.6
"Bird Island","BI10","BI10.1",11,13,14.1,13.6,13.6,0.55,-25,198,65,72,111,0.10573,0.16754,87.73,12.27,0.61,94.25,4.71,47.13,4.71,5.5054,0.8836,0.9155,0.1281,0.027,0.0135,0.0243,179.5
"Bird Island","BI10","BI10.1",12,14.3,15.4,14.8,14.8,0.525,-19,208,80,83,113,0.10569,0.14735,87.08,12.92,0.65,91.54,4.58,45.77,4.58,4.6493,0.7788,0.9232,0.137,0.0298,0.0145,0.0233,161.2
"Bird Island","BI10","BI10.1",13,15.6,16.6,16.1,16.1,0.5,-15,226,93,96,120,0.10573,0.13621,87.03,12.97,0.65,82.62,4.13,41.31,4.13,4.5216,0.8048,0.9682,0.1443,0.0329,0.0153,0.0231,151.6
"Bird Island","BI10","BI10.1",14,16.8,17.8,17.3,17.3,0.5,-12,246,105,107,129,0.10563,0.13001,87.37,12.63,0.63,83.65,4.18,41.83,4.18,5.3066,1.0189,0.9976,0.1442,0.0349,0.0152,0.0224,147.3
"Bird Island","BI10","BI10.1",15,18,19,18.5,18.5,0.525,-9,266,116,118,137,0.10578,0.12534,85.89,14.11,0.71,65.63,3.28,32.82,3.28,4.9476,0.9846,0.908,0.1492,0.0371,0.0158,0.0226,143.4
"Bird Island","BI10","BI10.1",16,19.2,20.3,19.8,19.8,0.525,-5,284,129,131,145,0.0905,0.10249,84.33,15.67,0.78,61.98,3.1,30.99,3.1,5.1516,1.0818,0.9165,0.1703,0.0443,0.0154,0.0215,139.2
"Bird Island","BI10","BI10.1",17,20.5,21.5,21,21,0.525,13,297,142,144,142,0.08804,0.08915,84.43,15.57,0.78,75.73,3.79,37.86,3.79,5.4653,1.2106,0.9511,0.1755,0.0476,0.0154,0.0198,128.4
"Bird Island","BI10","BI10.1",18,21.7,22.7,22.2,22.2,0.5,33,309,154,158,138,0.08802,0.07901,84.29,15.71,0.79,65.61,3.28,32.8,3.28,5.1045,1.1791,1.0026,0.1869,0.0525,0.0165,0.0194,117.9
"Bird Island","BI10","BI10.1",19,23,24,23.5,23.5,0.525,47,326,169,172,139,0.08804,0.07304,85.74,14.26,0.71,75.43,3.77,37.72,3.77,5.049,1.2092,1.063,0.1767,0.0512,0.0156,0.0174,111.9
"Bird Island","BI10","BI10.1",20,24.2,25.3,24.7,24.7,0.525,61,343,182,186,141,0.08802,0.06858,83.5,16.5,0.82,57.98,2.9,28.99,2.9,5.7883,1.4644,0.8646,0.1708,0.0518,0.015,0.0163,108.2
"Bird Island","BI10","BI10.1",21,25.5,26.5,26,26,0.525,73,357,198,201,142,0.08798,0.06402,82.13,17.87,0.89,67.17,3.36,33.58,3.36,5.4653,1.4292,0.9039,0.1967,0.0613,0.0173,0.018,103.9
"Bird Island","BI10","BI10.1",22,26.7,27.8,27.2,27.2,0.525,82,372,212,214,145,0.08802,0.06119,80.34,19.66,0.98,72.7,3.63,36.35,3.64,5.6796,1.5477,0.8756,0.2142,0.0691,0.0189,0.0192,101.8
"Bird Island","BI10","BI10.1",23,28,29.1,28.5,28.5,0.55,92,394,227,229,151,0.08802,0.05973,85.39,14.61,0.73,76.49,3.82,38.25,3.83,6.5302,1.8611,0.8536,0.146,0.0489,0.0129,0.013,101.4
"Bird Island","BI10","BI10.1",24,29.3,30.3,29.8,29.8,0.5,99,417,240,244,159,0.07362,0.04933,85.04,14.96,0.75,80.55,4.03,40.27,4.03,6.9477,2.0808,0.8471,0.1491,0.0521,0.011,0.0112,102
"Bird Island","BI10","BI10.1",25,30.5,31.5,31,31,0.5,121,426,256,260,152,0.07126,0.04287,85.38,14.62,0.73,66.6,3.33,33.3,3.33,5.205,1.5693,1.0845,0.1857,0.0653,0.0132,0.0126,95.3
"Bird Island","BI10","BI10.1",26,31.7,32.6,32.2,32.2,0.475,137,432,273,277,148,0.07129,0.03901,80.08,19.92,1,26.98,1.35,13.49,1.35,5.237,1.6392,0.8798,0.2189,0.0795,0.0156,0.0142,91
"Bird Island","BI10","BI10.1",27,32.8,33.8,33.3,33.3,0.5,150,439,291,293,144,0.07126,0.03621,83.36,16.64,0.83,61.38,3.07,30.69,3.07,6.045,1.9676,0.8819,0.176,0.0661,0.0125,0.0111,88.4
"Bird Island","BI10","BI10.1",28,34.1,35,34.5,34.5,0.45,162,447,311,309,142,0.07124,0.03367,83.23,16.77,0.84,76.32,3.82,38.16,3.82,4.4156,1.4572,0.9825,0.198,0.0752,0.0141,0.012,85.3
"Bird Island","BI10","BI10.1",29,35.2,36.1,35.6,35.6,0.45,173,457,328,325,142,0.07129,0.03203,81.36,18.64,0.93,73.99,3.7,36.99,3.7,5.1504,1.7717,1.0121,0.2319,0.0914,0.0165,0.0139,84.3
"Bird Island","BI10","BI10.1",30,36.3,37.2,36.7,36.7,0.475,182,468,347,340,143,0.07126,0.0308,78.21,21.79,1.09,61.98,3.1,30.99,3.1,4.6609,1.6313,1.0904,0.3038,0.1215,0.0216,0.018,83.2
"Bird Island","BI10","BI10.1",31,37.4,38.4,37.9,37.9,0.5,189,482,365,357,146,0.07126,0.03009,78.12,21.88,1.09,40.61,2.03,20.3,2.03,5.5127,2.0011,1.016,0.2846,0.1175,0.0203,0.0169,83.5
"Bird Island","BI10","BI10.1",32,38.6,39.6,39.1,39.1,0.5,196,499,383,374,152,0.07326,0.03068,83.07,16.93,0.85,75.64,3.78,37.82,3.78,5.6172,2.098,1.052,0.2144,0.0908,0.0157,0.0132,84.2
"Bird Island","BI10","BI10.1",33,39.8,40.7,40.3,40.3,0.45,210,517,399,390,154,0.07983,0.03232,85.2,14.8,0.74,70.05,3.5,35.02,3.5,4.4156,1.6779,1.0578,0.1837,0.079,0.0147,0.0122,83.5
"Bird Island","BI10","BI10.1",34,40.9,41.9,41.4,41.4,0.5,244,520,411,404,138,0.07979,0.02824,80.53,19.47,0.97,46.97,2.35,23.49,2.35,4.9063,1.9134,1.0736,0.2596,0.1142,0.0207,0.0164,79.4
"Bird Island","BI10","BI10.1",35,42.1,43.1,42.6,42.6,0.475,277,524,425,419,124,0.07984,0.02447,84.25,15.75,0.79,76.56,3.83,38.28,3.83,4.4764,1.7861,1.1229,0.2099,0.0943,0.0168,0.0127,75.6
"Bird Island","BI10","BI10.1",36,43.3,44.2,43.8,43.8,0.475,312,528,440,434,108,0.07984,0.02076,83.29,16.71,0.84,61.9,3.1,30.95,3.1,4.5682,1.8707,1.0423,0.2091,0.0961,0.0167,0.012,72
"Bird Island","BI10","BI10.2",49,43.7,44.7,44.2,44.2,0.5,322,531,444,439,105,0.07983,0.0199,83.76,16.24,0.81,84.15,4.21,42.08,4.21,5.7227,3.1131,0.9651,0.1871,0.1111,0.0149,0.0126,84.3
"Bird Island","BI10","BI10.2",50,44.8,45.8,45.3,45.3,0.5,348,535,457,453,94,0.07983,0.01738,85.9,14.1,0.7,85.88,4.29,42.94,4.29,6.3762,3.5515,0.943,0.1548,0.0939,0.0124,0.0102,82.5
"Bird Island","BI10","BI10.2",51,45.9,46.9,46.4,46.4,0.5,374,544,470,467,85,0.07984,0.01535,84.86,15.14,0.76,86.82,4.34,43.41,4.34,5.8291,3.2905,1.0017,0.1787,0.1098,0.0143,0.0115,80.7
"Bird Island","BI10","BI10.2",52,47.1,48.1,47.6,47.6,0.5,397,565,484,482,84,0.07983,0.01472,85.55,14.45,0.72,81.13,4.06,40.57,4.06,5.8291,3.3488,0.9869,0.1667,0.1041,0.0133,0.0108,80.9
"Bird Island","BI10","BI10.2",53,48.2,49.2,48.7,48.7,0.5,415,590,496,496,88,0.07983,0.01496,83.57,16.43,0.82,60.2,3.01,30.1,3.01,5.6172,3.2776,0.9399,0.1848,0.117,0.0147,0.0121,82.1
"Bird Island","BI10","BI10.2",54,49.3,50.3,49.8,49.8,0.5,431,612,509,509,91,0.04431,0.00833,77.63,22.37,1.12,49.27,2.46,24.64,2.47,5.7227,3.3993,0.9612,0.2769,0.1783,0.0123,0.0102,83.2
"Bird Island","BI10","BI10.2",55,50.5,51.5,51,51,0.5,455,636,535,536,90,0.04071,0.00726,86.19,13.81,0.69,61.69,3.08,30.85,3.09,5.9366,3.5916,1.0259,0.1644,0.1077,0.0067,0.0056,83.3
"Bird Island","BI10","BI10.2",56,51.6,52.6,52.1,52.1,0.5,471,657,562,563,93,0.0407,0.00713,86.81,13.19,0.66,82.85,4.14,41.42,4.14,5.8291,3.582,1.0552,0.1604,0.1066,0.0065,0.0055,84
"Bird Island","BI10","BI10.2",57,52.7,53.7,53.2,53.2,0.5,483,707,588,590,112,0.04071,0.0081,86.45,13.55,0.68,88.55,4.43,44.27,4.43,4.4279,2.7342,1.4925,0.2338,0.1561,0.0095,0.0082,86.6
"Bird Island","BI10","BI10.2",58,53.9,54.9,54.4,54.4,0.5,498,763,617,620,132,0.0407,0.00907,87.12,12.88,0.64,89.44,4.47,44.72,4.47,6.2648,3.9875,1.0984,0.1624,0.1115,0.0066,0.006,90.9
"Bird Island","BI10","BI10.2",59,55,56,55.5,55.5,0.5,505,819,643,647,157,0.04071,0.01027,86.98,13.02,0.65,85.88,4.29,42.94,4.29,5.8291,3.7569,1.0867,0.1626,0.113,0.0066,0.0063,94.7
"Bird Island","BI10","BI10.2",60,56.2,57.2,56.7,56.7,0.5,510,881,671,676,186,0.0407,0.01152,86.85,13.15,0.66,90.7,4.54,45.35,4.54,6.1544,4.0373,1.0984,0.1663,0.1174,0.0068,0.0067,98.9
"Bird Island","BI10","BI10.2",61,57.3,58.3,57.8,57.8,0.5,513,939,697,704,213,0.04071,0.01267,86.56,13.44,0.67,89.9,4.5,44.95,4.5,5.9366,3.9478,1.0856,0.1685,0.1205,0.0069,0.007,102.6
"Bird Island","BI10","BI10.2",62,58.4,59.4,58.9,58.9,0.5,517,1000,723,731,242,0.04011,0.0136,87.79,12.21,0.61,89.03,4.45,44.52,4.45,5.7227,3.8571,1.0337,0.1438,0.1041,0.0058,0.0061,106.3
"Bird Island","BI10","BI10.2",63,59.6,60.6,60.1,60.1,0.5,524,1060,752,760,268,0.03457,0.01246,86.48,13.52,0.68,67.05,3.35,33.53,3.35,5.6172,3.8393,1.0944,0.1711,0.1255,0.0059,0.0065,109.4
"Bird Island","BI10","BI10.2",64,60.7,61.7,61.2,61.2,0.5,577,1070,782,792,247,0.03456,0.01105,85.64,14.36,0.72,83.31,4.17,41.65,4.17,5.6172,3.8955,1.1115,0.1864,0.1386,0.0064,0.0068,106.3
"Bird Island","BI10","BI10.2",65,61.8,62.8,62.3,62.3,0.5,626,1084,813,824,229,0.03457,0.00989,86.28,13.72,0.69,82.08,4.1,41.04,4.11,5.8291,4.1066,1.0917,0.1736,0.131,0.006,0.0062,104
"Bird Island","BI10","BI10.2",66,63,64,63.5,63.5,0.5,673,1098,849,859,213,0.03457,0.00883,84.31,15.69,0.78,85.31,4.27,42.65,4.27,5.205,3.7034,1.1479,0.2137,0.1627,0.0074,0.0075,101.7
"Bird Island","BI10","BI10.2",67,64.1,65.2,64.6,64.6,0.525,707,1112,883,891,203,0.03456,0.00815,77.02,22.98,1.15,80.57,4.03,40.28,4.03,5.5719,4.0229,1.0497,0.3133,0.2418,0.0108,0.0109,100.8
"Bird Island","BI10","BI10.2",68,65.3,66.3,65.8,65.8,0.475,746,1128,918,925,191,0.03457,0.00739,80.73,19.27,0.96,52.45,2.62,26.23,2.62,5.4365,3.9904,1.0101,0.2411,0.189,0.0083,0.0083,99.8
"Bird Island","BI10","BI10.2",69,66.4,67.4,66.9,66.9,0.5,773,1144,954,957,185,0.03456,0.00695,78.86,21.14,1.06,40.5,2.02,20.25,2.03,4.8086,3.556,1.0458,0.2803,0.2213,0.0097,0.0096,99.1
"Bird Island","BI10","BI10.2",70,67.5,68.5,68,68,0.5,799,1162,989,989,182,0.03457,0.00661,81.98,18.02,0.9,77.42,3.87,38.71,3.87,5.1045,3.8335,1.0279,0.226,0.181,0.0078,0.0078,99.2
"Bird Island","BI10","BI10.2",71,68.7,69.8,69.2,69.2,0.55,826,1194,1027,1024,184,0.0397,0.00745,76.84,23.16,1.16,65.27,3.26,32.63,3.26,5.7255,4.36,1.0071,0.3035,0.2463,0.012,0.012,99.9
"Bird Island","BI10","BI10.2",72,69.9,70.9,70.4,70.4,0.5,859,1223,1058,1054,182,0.0565,0.01017,82.45,17.55,0.88,86.37,4.32,43.19,4.32,5.4091,4.1786,1.0584,0.2253,0.1853,0.0127,0.0128,100.3
"Bird Island","BI10","BI10.2",73,71,72.1,71.6,71.6,0.55,909,1230,1075,1075,161,0.05647,0.00888,83.95,16.05,0.8,84.44,4.22,42.22,4.22,6.0639,4.7481,0.9981,0.1909,0.159,0.0108,0.0107,99
"Bird Island","BI10","BI10.2",74,72.3,73.3,72.8,72.8,0.525,946,1239,1092,1096,147,0.05647,0.00796,85.15,14.85,0.74,69.51,3.48,34.75,3.48,5.3597,4.2395,1.0184,0.1777,0.1494,0.01,0.0099,98.2
"Bird Island","BI10","BI10.2",75,73.5,74.5,74,74,0.525,977,1248,1110,1118,136,0.0565,0.00725,84.37,15.63,0.78,84.05,4.2,42.02,4.2,5.7883,4.648,1.0913,0.2021,0.1724,0.0114,0.0112,98.1
"Bird Island","BI10","BI10.2",76,74.6,75.6,75.1,75.1,0.5,996,1260,1127,1137,132,0.05647,0.00691,84.11,15.89,0.79,79.55,3.98,39.78,3.98,4.4279,3.5755,1.1827,0.2235,0.1916,0.0126,0.0124,98
"Bird Island","BI10","BI10.2",77,75.8,76.8,76.3,76.3,0.5,1017,1277,1150,1158,130,0.05647,0.00671,84.47,15.53,0.78,58.96,2.95,29.48,2.95,4.712,3.8591,1.1355,0.2087,0.1814,0.0118,0.0116,98.8
"Bird Island","BI10","BI10.2",78,76.9,77.9,77.4,77.4,0.5,1032,1302,1174,1178,135,0.0565,0.00685,82.55,17.45,0.87,73.29,3.66,36.64,3.67,4.3352,3.5852,1.0459,0.2211,0.1939,0.0125,0.0125,99.8
"Bird Island","BI10","BI10.2",79,78.1,79.1,78.6,78.6,0.525,1049,1334,1199,1199,142,0.06525,0.00819,83.35,16.65,0.83,74.93,3.75,37.47,3.75,3.8992,3.25,1.0517,0.2101,0.1856,0.0137,0.0138,100.9
"Bird Island","BI10","BI10.3",84,80,81,80.5,80.5,0.5,1078,1383,1228,1228,153,0.11538,0.01505,83.75,16.25,0.81,72.37,3.62,36.18,3.62,3.6287,3.2041,0.8837,0.1715,0.16,0.0198,0.021,106.3
"Bird Island","BI10","BI10.3",85,81.2,82.2,81.7,81.7,0.525,1096,1389,1238,1239,146,0.11538,0.01436,83.07,16.93,0.85,78.22,3.91,39.11,3.91,4.5519,4.0831,0.9536,0.1944,0.1841,0.0224,0.024,107.1
"Bird Island","BI10","BI10.3",86,82.4,83.4,82.9,82.9,0.525,1115,1396,1248,1249,140,0.11538,0.01371,82.29,17.71,0.89,74.53,3.73,37.27,3.73,4.4556,4.039,0.8432,0.1815,0.1736,0.0209,0.0225,107.5
"Bird Island","BI10","BI10.3",87,83.6,84.6,84.1,84.1,0.525,1128,1404,1258,1259,138,0.11538,0.01337,83.82,16.18,0.81,77.53,3.88,38.76,3.88,4.6493,4.2657,1.0545,0.2036,0.1969,0.0235,0.0254,108.3
"Bird Island","BI10","BI10.3",88,84.8,85.8,85.3,85.3,0.525,1140,1414,1267,1270,137,0.11538,0.01316,83.38,16.62,0.83,73.08,3.65,36.54,3.66,4.9476,4.5963,0.9241,0.1842,0.1804,0.0213,0.0232,109.3
"Bird Island","BI10","BI10.3",89,86,87,86.5,86.5,0.525,1151,1426,1277,1280,137,0.11538,0.01307,85.1,14.9,0.75,86.35,4.32,43.18,4.32,4.8471,4.549,0.9986,0.1748,0.1728,0.0202,0.0222,110.2
"Bird Island","BI10","BI10.3",90,87.2,88.2,87.7,87.7,0.5,1159,1439,1286,1291,140,0.11542,0.01322,85.05,14.95,0.75,82.48,4.12,41.24,4.12,5.6172,5.356,0.9853,0.1732,0.1738,0.02,0.0223,111.8
"Bird Island","BI10","BI10.3",91,88.4,89.3,88.8,88.8,0.475,1165,1453,1296,1300,144,0.11538,0.01339,85.23,14.77,0.74,79.42,3.97,39.71,3.97,4.7546,4.5668,1.1,0.1906,0.1926,0.022,0.0248,112.7
"Bird Island","BI10","BI10.3",92,89.5,90.5,90,90,0.5,1170,1472,1306,1311,151,0.11294,0.01363,82.27,17.73,0.89,84.73,4.24,42.36,4.24,5.3066,5.158,0.9022,0.1944,0.1987,0.022,0.0251,114.3
"Bird Island","BI10","BI10.3",93,90.6,91.6,91.1,91.1,0.5,1190,1476,1314,1320,143,0.11289,0.01284,83.77,16.23,0.81,82.66,4.13,41.33,4.13,5.6172,5.5245,0.8956,0.1736,0.1794,0.0196,0.0225,114.7
"Bird Island","BI10","BI10.3",94,91.8,92.8,92.3,92.3,0.5,1212,1481,1323,1331,134,0.11299,0.01202,84.08,15.92,0.8,23.73,1.19,11.87,1.19,5.8291,5.7971,0.9319,0.1765,0.1843,0.0199,0.0229,115.1
"Bird Island","BI10","BI10.3",95,93,94,93.5,93.5,0.5,1233,1487,1332,1342,127,0.11287,0.01132,84.51,15.49,0.77,71.74,3.59,35.87,3.59,5.4091,5.4227,0.926,0.1698,0.1787,0.0192,0.0221,115.3
"Bird Island","BI10","BI10.3",96,94.1,95,94.5,94.5,0.425,1249,1491,1341,1350,121,0.11294,0.01062,77.57,22.43,1.12,43.4,2.17,21.7,2.17,4.6858,4.7467,0.8242,0.2383,0.2533,0.0269,0.0311,115.7
"Bird Island","BI10","BI10.3",97,95.1,96.1,95.6,95.6,0.5,1264,1497,1350,1360,117,0.11299,0.0103,70.92,29.08,1.45,42.79,2.14,21.4,2.14,6.045,6.1991,0.806,0.3306,0.3555,0.0374,0.0436,116.7
"Bird Island","BI10","BI10.3",98,96.3,97.3,96.8,96.8,0.5,1278,1505,1359,1371,114,0.11294,0.00996,72.66,27.34,1.37,78.62,3.93,39.31,3.93,5.6172,5.8053,0.9172,0.3451,0.374,0.039,0.0457,117.2
"Bird Island","BI10","BI10.3",99,97.4,98.4,97.9,97.9,0.5,1290,1512,1368,1381,111,0.11289,0.00968,78.62,21.38,1.07,53.05,2.65,26.52,2.65,5.7227,5.9744,0.9262,0.2519,0.2756,0.0284,0.0335,118
"Bird Island","BI10","BI10.3",100,98.6,99.6,99.1,99.1,0.5,1300,1519,1380,1391,110,0.07937,0.00665,82.62,17.38,0.87,85.25,4.26,42.62,4.26,4.8086,5.0466,0.9717,0.2045,0.2248,0.0162,0.0192,118.3
"Bird Island","BI10","BI10.3",101,99.8,100.8,100.3,100.3,0.525,1315,1534,1395,1406,109,0.0419,0.00347,82.36,17.64,0.88,85.47,4.27,42.74,4.27,6.0088,6.3933,0.8976,0.1922,0.2142,0.0081,0.0096,119.7
"Bird Island","BI10","BI10.3",102,101,101.9,101.4,101.4,0.475,1335,1562,1420,1433,113,0.04191,0.00352,82.85,17.15,0.86,78.79,3.94,39.39,3.94,5.4365,5.8388,0.891,0.1844,0.2073,0.0077,0.0093,120.8
"Bird Island","BI10","BI10.3",103,102.1,103.1,102.6,102.6,0.5,1348,1604,1449,1461,128,0.04192,0.00388,84.25,15.75,0.79,85.19,4.26,42.59,4.26,5.9366,6.4412,0.948,0.1772,0.2011,0.0074,0.0091,122.7
"Bird Island","BI10","BI10.3",104,103.2,104.2,103.7,103.7,0.475,1358,1649,1477,1487,145,0.04191,0.00429,83.17,16.83,0.84,84.12,4.21,42.06,4.21,5.3363,5.8353,0.944,0.191,0.2184,0.008,0.01,124.6
"Bird Island","BI10","BI10.3",105,104.4,105.4,104.9,104.9,0.5,1366,1718,1505,1516,176,0.0419,0.00506,83.49,16.51,0.83,87.19,4.36,43.6,4.36,6.2648,6.932,0.9497,0.1878,0.2171,0.0079,0.01,127.7
"Bird Island","BI10","BI10.3",106,105.5,106.5,106,106,0.5,1372,1780,1528,1542,204,0.04191,0.00575,84.86,15.14,0.76,82.22,4.11,41.11,4.11,5.205,5.7854,1.0364,0.185,0.2148,0.0078,0.0101,129.9
"Bird Island","BI10","BI10.3",107,106.7,107.7,107.2,107.2,0.525,1377,1855,1552,1571,239,0.04191,0.00657,82.9,17.1,0.85,87.01,4.35,43.51,4.35,6.4621,7.2763,1.0153,0.2094,0.2463,0.0088,0.0117,133.3
"Bird Island","BI10","BI10.3",108,107.9,108.9,108.4,108.4,0.5,1382,1931,1574,1600,275,0.04192,0.00739,83.06,16.94,0.85,87.19,4.36,43.59,4.36,5.5127,6.2458,0.9748,0.1988,0.2352,0.0083,0.0113,135.9
"Bird Island","BI10","BI10.3",109,109,110,109.5,109.5,0.5,1386,2002,1597,1626,308,0.04167,0.00809,81.89,18.11,0.91,80.4,4.02,40.2,4.02,5.5127,6.301,0.9849,0.2178,0.2599,0.0091,0.0126,138.7
"Bird Island","BI10","BI10.3",110,110.2,111.2,110.7,110.7,0.5,1411,2043,1624,1655,316,0.04149,0.00811,82.94,17.06,0.85,79.31,3.97,39.66,3.97,5.5127,6.3561,1.0851,0.2232,0.2685,0.0093,0.013,139.8
"Bird Island","BI10","BI10.3",111,111.4,112.4,111.9,111.9,0.5,1439,2053,1658,1683,307,0.04149,0.00775,83.2,16.8,0.84,81.3,4.07,40.65,4.07,4.8086,5.5756,1.2777,0.2579,0.312,0.0107,0.0149,139.6
"Bird Island","BI10","BI10.3",112,112.5,113.6,113,113,0.525,1455,2066,1690,1710,305,0.04149,0.0076,84.17,15.83,0.79,82.65,4.13,41.33,4.13,6.578,7.7391,0.9912,0.1864,0.2286,0.0077,0.0109,141
"Bird Island","BI10","BI10.3",113,113.7,114.8,114.3,114.3,0.525,1470,2084,1730,1741,307,0.04148,0.00751,85.05,14.95,0.75,85.04,4.25,42.52,4.25,4.5519,5.3576,1.437,0.2526,0.31,0.0105,0.0148,140.8
"Bird Island","BI10","BI10.3",114,114.9,115.9,115.4,115.4,0.5,1478,2098,1763,1768,310,0.04149,0.00745,86.16,13.84,0.69,85,4.25,42.5,4.25,3.9741,4.7093,1.714,0.2754,0.3402,0.0114,0.0162,141.5
"Bird Island","BI10","BI10.3",115,116.1,117.1,116.6,116.6,0.5,1489,2118,1798,1797,315,0.04149,0.00745,86.68,13.32,0.67,88.48,4.42,44.24,4.43,4.1527,4.9666,1.6116,0.2476,0.3085,0.0103,0.0146,142.5
"Bird Island","BI10","BI10.3",116,117.3,118.3,117.8,117.8,0.5,1496,2142,1832,1826,323,0.04149,0.00752,86.88,13.12,0.66,88.8,4.44,44.4,4.44,5.7227,6.9473,1.0338,0.1561,0.1973,0.0065,0.0094,144.5
"Bird Island","BI10","BI10.3",117,118.4,119.4,118.9,118.9,0.5,1504,2175,1860,1852,335,0.04094,0.00758,86.69,13.31,0.67,88.89,4.44,44.45,4.45,5.9366,7.2723,1.1001,0.1689,0.2153,0.0069,0.0101,146
"Bird Island","BI10","BI10.3",118,119.6,120.6,120.1,120.1,0.5,1520,2215,1893,1882,348,0.03576,0.00676,86.79,13.21,0.66,88.67,4.43,44.34,4.43,5.3066,6.5377,1.1343,0.1726,0.2213,0.0062,0.0091,147.1
"Bird Island","BI10","BI10.3",119,120.7,121.7,121.2,121.2,0.475,1584,2220,1920,1912,318,0.03575,0.00609,87.29,12.71,0.64,88.51,4.43,44.26,4.43,5.0413,6.2613,1.2611,0.1836,0.2372,0.0066,0.0096,146.2
"Bird Island","BI10","BI10.3",120,121.8,122.7,122.3,122.3,0.45,1650,2226,1946,1943,288,0.03576,0.00543,87.79,12.21,0.61,89.09,4.45,44.55,4.46,4.7759,5.9795,1.0924,0.1519,0.1978,0.0054,0.0079,145.4
"Bird Island","BI10","BI10.3",121,122.9,123.8,123.4,123.4,0.45,1713,2233,1974,1974,260,0.03575,0.00484,87.58,12.42,0.62,85.06,4.25,42.53,4.25,4.5044,5.6778,1.1824,0.1677,0.2198,0.006,0.0087,144.6
"Bird Island","BI10","BI10.4",138,123.9,124.9,124.4,124.4,0.5,1770,2239,1999,2002,234,0.03576,0.00433,84.03,15.97,0.8,86.33,4.32,43.17,4.32,6.9477,10.0013,0.9639,0.1832,0.2729,0.0066,0.0106,161.1
"Bird Island","BI10","BI10.4",139,125.1,126.1,125.6,125.6,0.5,1832,2248,2031,2035,208,0.03576,0.00379,83.93,16.07,0.8,84.34,4.22,42.17,4.22,6.9477,10.0708,0.9482,0.1816,0.2723,0.0065,0.0104,160.6
"Bird Island","BI10","BI10.4",140,126.3,127.2,126.7,126.7,0.475,1889,2256,2060,2066,183,0.03575,0.00331,83.38,16.62,0.83,84.89,4.24,42.45,4.25,6.3804,9.3058,0.9244,0.1842,0.2779,0.0066,0.0105,160.1
"Bird Island","BI10","BI10.4",141,127.4,128.4,127.9,127.9,0.5,1939,2265,2088,2100,163,0.03576,0.00292,85.02,14.98,0.75,86.59,4.33,43.29,4.33,6.3762,9.3538,1.0279,0.181,0.2746,0.0065,0.0103,159.9
"Bird Island","BI10","BI10.4",142,128.6,129.5,129,129,0.475,1983,2280,2110,2130,149,0.03875,0.00285,83.76,16.24,0.81,83.48,4.17,41.74,4.17,5.6397,8.3186,1.0576,0.205,0.3126,0.0079,0.0127,159.9
"Bird Island","BI10","BI10.4",143,129.7,130.7,130.2,130.2,0.49,2016,2302,2138,2161,143,0.06663,0.00465,84.53,15.47,0.77,83.78,4.19,41.89,4.19,7.0396,10.4925,0.9105,0.1667,0.2568,0.0111,0.0179,161
"Bird Island","BI10","BI10.4",144,130.8,131.8,131.3,131.3,0.5,2034,2314,2156,2178,140,0.06663,0.00453,85.29,14.71,0.74,83.04,4.15,41.52,4.15,5.9366,8.8752,1.0922,0.1884,0.291,0.0125,0.0202,161.3
"Bird Island","BI10","BI10.4",145,132,133,132.5,132.5,0.5,2052,2331,2181,2196,139,0.06663,0.00448,85.19,14.81,0.74,83.92,4.2,41.96,4.2,4.1527,6.2124,1.5704,0.273,0.422,0.0182,0.0293,161.3
"Bird Island","BI10","BI10.4",146,133.2,134.2,133.7,133.7,0.5,2067,2350,2204,2214,141,0.06659,0.0045,84.62,15.38,0.77,81.84,4.09,40.92,4.09,6.8315,10.377,1.0004,0.1818,0.2852,0.0121,0.0198,163.7
"Bird Island","BI10","BI10.4",147,134.4,135.4,134.9,134.9,0.5,2079,2372,2228,2232,146,0.06663,0.00461,85.2,14.8,0.74,77.08,3.85,38.54,3.86,6.045,9.2216,1.1304,0.1964,0.3095,0.0131,0.0215,164.5
"Bird Island","BI10","BI10.4",148,135.5,136.5,136,136,0.5,2091,2392,2249,2248,150,0.06663,0.0047,81.72,18.28,0.91,84.06,4.2,42.03,4.2,6.2648,9.6259,1.087,0.2431,0.3857,0.0162,0.0268,165.7
"Bird Island","BI10","BI10.4",149,136.7,137.7,137.2,137.2,0.5,2102,2418,2269,2266,158,0.06663,0.00489,85.14,14.86,0.74,75.42,3.77,37.71,3.77,5.9366,9.172,1.0716,0.1871,0.2984,0.0125,0.0208,166.8
"Bird Island","BI10","BI10.4",150,137.9,138.9,138.4,138.4,0.5,2110,2446,2288,2284,168,0.06663,0.00513,83.54,16.46,0.82,84.13,4.21,42.07,4.21,6.1544,9.5762,0.942,0.1856,0.2981,0.0124,0.0208,168.3
"Bird Island","BI10","BI10.4",151,139,140,139.5,139.5,0.5,2118,2476,2304,2301,179,0.06916,0.00562,83.87,16.13,0.81,86.9,4.35,43.45,4.35,5.8291,9.1197,1.0726,0.2063,0.3331,0.0143,0.0242,169.6
"Bird Island","BI10","BI10.4",152,140.2,141.2,140.7,140.7,0.5,2134,2494,2320,2318,180,0.07117,0.00578,83.61,16.39,0.82,72.18,3.61,36.09,3.61,5.8291,9.1779,0.9698,0.19,0.3087,0.0135,0.0231,170.6
"Bird Island","BI10","BI10.4",153,141.4,142.3,141.9,141.9,0.475,2159,2502,2335,2335,172,0.07115,0.00547,82.52,17.48,0.87,86.58,4.33,43.29,4.33,5.4365,8.6114,1.0477,0.2219,0.3626,0.0158,0.027,171.1
"Bird Island","BI10","BI10.4",154,142.5,143.5,143,143,0.5,2181,2511,2347,2351,165,0.07113,0.00523,83.36,16.64,0.83,86.7,4.34,43.35,4.34,5.5127,8.7817,1.0843,0.2164,0.3555,0.0154,0.0264,171.7
"Bird Island","BI10","BI10.4",155,143.7,144.8,144.2,144.2,0.55,2200,2522,2364,2368,161,0.07115,0.0051,83.67,16.33,0.82,86.15,4.31,43.07,4.31,6.412,10.2881,0.9519,0.1858,0.3074,0.0132,0.0228,172.6
"Bird Island","BI10","BI10.4",156,145,146,145.5,145.5,0.5,2226,2536,2382,2386,155,0.07115,0.00486,84.4,15.6,0.78,88.76,4.44,44.38,4.44,5.4091,8.7222,1.0734,0.1984,0.3298,0.0141,0.0244,173.1
"Bird Island","BI10","BI10.4",157,146.1,147.1,146.6,146.6,0.5,2253,2548,2399,2401,148,0.07113,0.00462,84.59,15.41,0.77,88.37,4.42,44.18,4.42,5.1045,8.2743,1.075,0.1958,0.3273,0.0139,0.0242,173.6
"Bird Island","BI10","BI10.4",158,147.3,148.4,147.8,147.8,0.525,2276,2567,2416,2418,146,0.07115,0.00454,83.83,16.17,0.81,89.28,4.46,44.64,4.46,6.3472,10.3809,0.9899,0.191,0.3219,0.0136,0.0238,174.9
"Bird Island","BI10","BI10.4",159,148.5,149.6,149.1,149.1,0.55,2300,2593,2435,2436,146,0.07984,0.00509,83.57,16.43,0.82,89.62,4.48,44.81,4.48,5.6149,9.2141,0.9404,0.1849,0.3127,0.0148,0.0259,175.5
"Bird Island","BI10","BI10.4",160,149.8,150.8,150.3,150.3,0.5,2315,2614,2448,2451,150,0.12605,0.00811,84.23,15.77,0.79,86.83,4.34,43.42,4.34,4.6163,7.61,1.1069,0.2073,0.3521,0.0261,0.0461,176.3
"Bird Island","BI10","BI10.4",161,151,152,151.5,151.5,0.5,2330,2622,2458,2461,146,0.12618,0.0079,84.19,15.81,0.79,79.93,4,39.96,4,5.0049,8.3106,1.1491,0.2158,0.3691,0.0272,0.0483,177.3
"Bird Island","BI10","BI10.4",162,152.2,153.2,152.7,152.7,0.525,2343,2629,2468,2470,143,0.12605,0.00773,84.82,15.18,0.76,82.71,4.14,41.36,4.14,5.6796,9.4991,1.1222,0.2009,0.346,0.0253,0.0452,178.4
"Bird Island","BI10","BI10.4",163,153.4,154.4,153.9,153.9,0.525,2352,2641,2478,2480,145,0.12658,0.00781,85.29,14.71,0.74,89.49,4.47,44.75,4.48,6.0088,10.1188,0.984,0.1697,0.2943,0.0215,0.0386,179.6
"Bird Island","BI10","BI10.5",170,153.6,154.6,154.1,154.1,0.5,2353,2644,2480,2482,145,0.12609,0.00779,83.5,16.5,0.83,87.28,4.36,43.64,4.37,4.712,8.2412,0.9178,0.1814,0.3263,0.0229,0.0426,186.1
"Bird Island","BI10","BI10.5",171,154.8,155.9,155.4,155.4,0.55,2359,2661,2491,2492,151,0.12605,0.00808,85.63,14.37,0.72,87.52,4.38,43.76,4.38,5.9501,10.487,0.9313,0.1563,0.2833,0.0197,0.037,187.7
"Bird Island","BI10","BI10.5",172,156.1,157.2,156.6,156.6,0.525,2362,2681,2501,2501,159,0.12621,0.00845,84.35,15.65,0.78,87.61,4.38,43.8,4.38,5.7883,10.2626,0.8689,0.1612,0.2939,0.0203,0.0385,189
"Bird Island","BI10","BI10.5",173,157.4,158.5,157.9,157.9,0.55,2366,2703,2512,2512,169,0.12609,0.0089,85.26,14.74,0.74,86,4.3,43,4.3,5.8373,10.402,0.9757,0.1687,0.309,0.0213,0.0405,190.3
"Bird Island","BI10","BI10.5",174,158.7,159.8,159.2,159.2,0.55,2371,2721,2522,2522,175,0.13458,0.00982,85.34,14.66,0.73,86.44,4.32,43.22,4.32,6.6495,11.9392,0.8918,0.1532,0.2828,0.0206,0.0396,191.8
"Bird Island","BI10","BI10.5",175,159.9,161,160.5,160.5,0.55,2377,2740,2532,2532,181,0.15064,0.01131,85.73,14.27,0.71,84.28,4.21,42.14,4.22,5.9501,10.725,0.8793,0.1463,0.271,0.022,0.0425,192.8
"Bird Island","BI10","BI10.5",176,161.2,162.3,161.8,161.8,0.525,2386,2747,2539,2540,180,0.15056,0.01117,86.31,13.69,0.68,78.17,3.91,39.09,3.91,5.4653,9.9004,1.0218,0.1621,0.3017,0.0244,0.0472,193.6
"Bird Island","BI10","BI10.5",177,162.5,163.5,163,163,0.5,2392,2760,2546,2548,184,0.15068,0.01132,86.01,13.99,0.7,87.45,4.37,43.72,4.37,5.5127,10.0496,0.9488,0.1543,0.289,0.0232,0.0453,194.8
"Bird Island","BI10","BI10.5",178,163.7,164.6,164.1,164.1,0.475,2397,2771,2554,2556,187,0.15075,0.01147,85.75,14.25,0.71,87.7,4.39,43.85,4.39,5.6397,10.3489,0.9447,0.157,0.2959,0.0237,0.0464,196.1
"Bird Island","BI10","BI10.5",179,164.8,165.8,165.3,165.3,0.5,2402,2785,2560,2564,191,0.15056,0.0117,85.77,14.23,0.71,82.36,4.12,41.18,4.12,5.1045,9.3973,0.9584,0.159,0.3007,0.0239,0.0471,196.9
"Bird Island","BI10","BI10.5",180,166,167,166.5,166.5,0.475,2408,2803,2568,2571,198,0.15068,0.01203,85.82,14.18,0.71,82.59,4.13,41.29,4.13,5.237,9.7042,0.9301,0.1537,0.2924,0.0232,0.0459,198.3
"Bird Island","BI10","BI10.5",181,167.1,168.1,167.6,167.6,0.5,2411,2817,2574,2579,203,0.15064,0.01229,85.62,14.38,0.72,87.27,4.36,43.63,4.36,5.6172,10.4676,0.9271,0.1557,0.298,0.0235,0.0468,199.5
"Bird Island","BI10","BI10.5",182,168.3,169.4,168.9,168.9,0.525,2416,2839,2582,2587,212,0.15075,0.0128,86.76,13.24,0.66,83.16,4.16,41.58,4.16,5.1516,9.6334,1.0693,0.1632,0.3134,0.0246,0.0493,200.5
"Bird Island","BI10","BI10.5",183,169.6,170.6,170.1,170.1,0.525,2421,2853,2589,2595,216,0.15267,0.01319,86.17,13.83,0.69,85.34,4.27,42.67,4.27,5.898,11.1089,1.0106,0.1622,0.3136,0.0248,0.05,202
"Bird Island","BI10","BI10.5",184,170.8,171.8,171.3,171.3,0.5,2434,2863,2595,2603,214,0.15248,0.01299,86.12,13.88,0.69,88.37,4.42,44.19,4.42,5.3066,10.0401,1.0127,0.1632,0.3169,0.0249,0.0504,202.7
"Bird Island","BI10","BI10.5",185,172,173,172.5,172.5,0.5,2445,2874,2602,2611,214,0.15248,0.01296,86,14,0.7,84.75,4.24,42.37,4.24,4.9063,9.3219,0.9536,0.1552,0.3026,0.0237,0.0482,203.5
"Bird Island","BI10","BI10.5",186,173.2,174.1,173.7,173.7,0.45,2449,2888,2609,2619,219,0.15257,0.01317,86.49,13.51,0.68,87.28,4.36,43.64,4.36,4.8682,9.3105,1.042,0.1628,0.3194,0.0248,0.0509,204.9
"Bird Island","BI10","BI10.5",187,174.3,175.3,174.8,174.8,0.525,2451,2902,2615,2626,226,0.15248,0.01355,85.99,14.01,0.7,75.99,3.8,37.99,3.8,5.5719,10.7092,0.956,0.1558,0.3073,0.0238,0.049,206.1
"Bird Island","BI10","BI10.5",188,175.5,176.5,176,176,0.5,2459,2918,2622,2634,230,0.15267,0.01374,85.6,14.4,0.72,79.37,3.97,39.68,3.97,5.3066,10.2524,1.0308,0.1735,0.3438,0.0265,0.0549,207.2
"Bird Island","BI10","BI10.5",189,176.7,177.7,177.2,177.2,0.5,2461,2933,2629,2642,236,0.15248,0.01405,84.87,15.13,0.76,76.17,3.81,38.09,3.81,5.205,10.1056,0.9602,0.1711,0.3408,0.0261,0.0544,208.4
"Bird Island","BI10","BI10.5",190,177.9,178.9,178.4,178.4,0.5,2464,2953,2637,2650,244,0.15248,0.01448,82.33,17.67,0.88,44.33,2.22,22.17,2.22,5.205,10.1576,0.9497,0.2039,0.4081,0.0311,0.0652,209.6
"Bird Island","BI10","BI10.5",191,179.1,180.1,179.6,179.6,0.5,2468,2973,2645,2658,253,0.11483,0.01123,79.81,20.19,1.01,71.14,3.56,35.57,3.56,4.1527,8.1226,1.1133,0.2816,0.565,0.0323,0.068,210.4
"Bird Island","BI10","BI10.5",192,180.3,181.4,180.8,180.8,0.55,2482,2984,2653,2668,251,0.10212,0.00993,79.45,20.55,1.03,81.07,4.05,40.54,4.05,4.7687,9.38,0.9389,0.2429,0.4899,0.0248,0.0524,211.4
"Bird Island","BI10","BI10.5",193,181.6,182.6,182.1,182.1,0.525,2503,2995,2663,2681,246,0.10213,0.00967,76.71,23.29,1.16,72.43,3.62,36.22,3.62,4.0806,8.0571,0.8259,0.2507,0.5076,0.0256,0.0543,211.9
"Bird Island","BI10","BI10.5",194,182.8,183.8,183.3,183.3,0.5,2514,3004,2673,2693,245,0.10213,0.00957,64.5,35.5,1.78,77.78,3.89,38.89,3.89,4.3352,8.614,0.7714,0.4246,0.865,0.0434,0.0924,213.1
"Bird Island","BI10","BI10.5",195,184,185,184.5,184.5,0.5,2523,3017,2684,2704,247,0.1022,0.00961,81.9,18.1,0.9,37.84,1.89,18.92,1.89,4.9063,9.8125,0.856,0.1892,0.3878,0.0193,0.0415,214.4
"Bird Island","BI10","BI10.5",196,185.2,186.3,185.8,185.8,0.55,2535,3026,2697,2717,246,0.10213,0.00954,84.25,15.75,0.79,80.01,4,40,4,4.9738,9.9873,0.8702,0.1627,0.3348,0.0166,0.0357,215.1
"Bird Island","BI10","BI10.5",197,186.5,187.5,187,187,0.5,2550,3047,2708,2729,248,0.10214,0.00957,84.62,15.38,0.77,80.22,4.01,40.11,4.01,4.712,9.5135,0.983,0.1787,0.3698,0.0183,0.0395,216.3
"Bird Island","BI10","BI10.5",198,187.7,188.6,188.1,188.1,0.45,2557,3063,2718,2740,253,0.10213,0.00967,82.69,17.31,0.87,79.26,3.96,39.63,3.96,3.7374,7.5719,0.992,0.2077,0.4311,0.0212,0.046,217.1
"Bird Island","BI10","BI10.5",199,188.8,189.8,189.3,189.3,0.5,2564,3081,2729,2751,259,0.06989,0.00676,82.56,17.44,0.87,81.34,4.07,40.67,4.07,4.2434,8.6417,0.9135,0.193,0.4027,0.0135,0.0294,218.3
"Bird Island","BI10","BI10.5",200,190,191,190.5,190.5,0.5,2584,3098,2747,2768,257,0.04843,0.00463,84.27,15.73,0.79,77.96,3.9,38.98,3.9,3.6287,7.4134,1.0574,0.1973,0.413,0.0096,0.0209,218.9
"Bird Island","BI10","BI10.5",201,191.2,192.2,191.7,191.7,0.5,2606,3115,2774,2793,255,0.04844,0.00454,84.39,15.61,0.78,80.76,4.04,40.38,4.04,4.8086,9.9033,0.9228,0.1707,0.3601,0.0083,0.0182,220.3
"Bird Island","BI10","BI10.5",202,192.4,193.3,192.8,192.8,0.475,2624,3136,2799,2816,256,0.04843,0.00452,83.14,16.86,0.84,77.46,3.87,38.73,3.87,4.6609,9.6481,0.9287,0.1884,0.3993,0.0091,0.0202,221.3
"Bird Island","BI10","BI10.5",203,193.5,194.5,194,194,0.475,2638,3155,2825,2841,258,0.04844,0.00452,83.54,16.46,0.82,63.66,3.18,31.83,3.18,3.6094,7.486,1.1001,0.2168,0.4604,0.0105,0.0233,221.7
"Bird Island","BI10","BI10.5",204,194.6,195.6,195.1,195.1,0.475,2648,3180,2847,2863,266,0.04843,0.00462,82.38,17.62,0.88,80.44,4.02,40.22,4.02,5.7427,12.0339,0.6566,0.1404,0.3012,0.0068,0.0152,224.1
"Bird Island","BI10","BI10.5",205,195.8,196.7,196.3,196.3,0.475,2662,3202,2872,2888,270,0.04844,0.00465,82.88,17.12,0.86,82.45,4.12,41.22,4.12,3.6919,7.7327,0.9653,0.1993,0.4275,0.0097,0.0216,224
"Bird Island","BI10","BI10.5",206,196.9,197.9,197.4,197.4,0.5,2674,3237,2892,2911,282,0.04845,0.00481,82.77,17.23,0.86,82.07,4.1,41.03,4.1,4.0629,8.5544,0.9183,0.1911,0.4119,0.0093,0.0209,225.5
"Bird Island","BI10","BI10.5",207,198.1,199.1,198.6,198.6,0.475,2683,3272,2916,2936,295,0.04843,0.00498,82.4,17.6,0.88,81.65,4.08,40.83,4.08,3.6919,7.8066,1.0168,0.2172,0.4702,0.0105,0.0239,226.7
"Bird Island","BI10","BI10.5",208,199.3,200.3,199.8,199.8,0.525,2693,3320,2938,2961,313,0.0492,0.00533,82.12,17.88,0.89,57.13,2.86,28.56,2.86,3.297,6.9896,0.8748,0.1905,0.4134,0.0094,0.0214,227.8
"Bird Island","BI10","BI10.6",216,199.7,200.6,200.2,200.2,0.45,2702,3331,2945,2969,314,0.05,0.00541,80.12,19.88,0.99,77.18,3.86,38.59,3.86,4.3278,9.5622,1.0292,0.2553,0.5768,0.0128,0.0302,236.8
"Bird Island","BI10","BI10.6",217,200.8,201.8,201.3,201.3,0.5,2726,3344,2970,2991,309,0.05,0.00529,79.89,20.11,1.01,78.53,3.93,39.27,3.93,5.9366,13.2089,0.9066,0.2282,0.5193,0.0114,0.0272,238.1
"Bird Island","BI10","BI10.6",218,202,203,202.5,202.5,0.5,2748,3360,2998,3015,306,0.05002,0.00521,79.06,20.94,1.05,74.61,3.73,37.3,3.73,4.8086,10.7208,1.0003,0.265,0.604,0.0133,0.0316,238.4
"Bird Island","BI10","BI10.6",219,203.2,204.2,203.7,203.7,0.5,2770,3375,3024,3039,303,0.05,0.0051,83.57,16.43,0.82,72.16,3.61,36.08,3.61,5.205,11.6671,1.0487,0.1965,0.4502,0.0098,0.0235,239.4
"Bird Island","BI10","BI10.6",220,204.3,205.3,204.8,204.8,0.5,2787,3389,3050,3061,301,0.05,0.00504,85,15,0.75,67.15,3.36,33.58,3.36,5.5127,12.42,1.0513,0.1647,0.3793,0.0082,0.0198,240.4
"Bird Island","BI10","BI10.6",221,205.5,206.6,206,206,0.525,2807,3404,3080,3085,299,0.05,0.00497,85.64,14.36,0.72,79.39,3.97,39.7,3.97,5.049,11.4083,1.0727,0.198,0.4574,0.0099,0.0239,240.9
"Bird Island","BI10","BI10.6",222,206.7,207.7,207.2,207.2,0.5,2820,3426,3110,3109,303,0.05,0.00499,84.43,15.57,0.78,80.4,4.02,40.2,4.02,5.4091,12.2923,1.002,0.1768,0.4105,0.0088,0.0214,242.2
"Bird Island","BI10","BI10.6",223,207.9,209,208.4,208.4,0.525,2831,3457,3135,3133,313,0.05002,0.00512,84.19,15.81,0.79,83.07,4.15,41.54,4.15,5.4653,12.4691,0.9314,0.2082,0.4855,0.0104,0.0254,243.4
"Bird Island","BI10","BI10.6",224,209.1,210.1,209.6,209.6,0.5,2841,3483,3159,3157,321,0.05215,0.00543,82.71,17.29,0.86,78.16,3.91,39.08,3.91,5.4091,12.4005,1.0064,0.1648,0.386,0.0086,0.021,244.7
"Bird Island","BI10","BI10.6",225,210.3,211.3,210.8,210.8,0.5,2870,3504,3182,3180,317,0.05329,0.00544,83.59,16.41,0.82,55.31,2.77,27.66,2.77,4.5216,10.3906,1.0043,0.1975,0.4637,0.0105,0.0258,245
"Bird Island","BI10","BI10.6",226,211.5,212.5,212,212,0.5,2898,3511,3205,3202,306,0.05331,0.00522,84.74,15.26,0.76,76.2,3.81,38.1,3.81,5.0049,11.5637,0.9907,0.2015,0.4756,0.0107,0.0264,245.9
"Bird Island","BI10","BI10.6",227,212.7,213.7,213.2,213.2,0.525,2923,3519,3228,3225,298,0.05331,0.00506,83.71,16.29,0.81,67.77,3.39,33.88,3.39,4.9476,11.4734,1.0477,0.1932,0.4577,0.0103,0.0254,246.4
"Bird Island","BI10","BI10.6",228,213.9,214.9,214.4,214.4,0.525,2943,3529,3252,3247,293,0.05329,0.00494,84.98,15.02,0.75,72.4,3.62,36.2,3.62,5.6796,13.2477,0.9524,0.1683,0.401,0.009,0.0222,247.5
"Bird Island","BI10","BI10.6",229,215.1,215.8,215.5,215.5,0.35,2960,3542,3274,3268,291,0.05329,0.00483,83.35,16.65,0.83,82.7,4.13,41.35,4.14,4.0059,9.3897,1.118,0.2234,0.5348,0.0119,0.0296,248.5
"Bird Island","BI10","BI10.6",230,216,216.9,216.4,216.4,0.45,2973,3554,3294,3285,291,0.05332,0.00483,81.56,18.44,0.92,83.2,4.16,41.6,4.16,4.3278,10.1681,0.9185,0.2077,0.4984,0.0111,0.0276,249
"Bird Island","BI10","BI10.6",231,217,218,217.5,217.5,0.5,2987,3570,3316,3305,291,0.05329,0.00482,83.6,16.4,0.82,83.74,4.19,41.87,4.19,5.0049,11.814,0.946,0.1855,0.4472,0.0099,0.0247,250.1
"Bird Island","BI10","BI10.6",232,218.2,219.2,218.7,218.7,0.5,3000,3590,3340,3328,295,0.05331,0.00485,82.63,17.37,0.87,84.48,4.22,42.24,4.23,4.6163,10.9337,1.0215,0.2148,0.5195,0.0115,0.0287,250.9
"Bird Island","BI10","BI10.6",233,219.4,220.4,219.9,219.9,0.5,3007,3619,3364,3350,306,0.05083,0.00476,82.27,17.73,0.89,79.6,3.98,39.8,3.98,4.4279,10.5273,1.0475,0.2258,0.5482,0.0115,0.0289,252.1
"Bird Island","BI10","BI10.6",234,220.6,221.6,221.1,221.1,0.525,3053,3627,3386,3374,287,0.05061,0.00443,81.67,18.33,0.92,77.52,3.88,38.76,3.88,4.8471,11.5773,0.9293,0.2086,0.5088,0.0106,0.0267,252.6
"Bird Island","BI10","BI10.6",235,221.8,222.8,222.3,222.3,0.525,3103,3635,3408,3398,266,0.05059,0.00408,81.53,18.47,0.92,83.87,4.19,41.93,4.19,5.3597,12.8686,0.878,0.1989,0.4874,0.0101,0.0255,253.2
"Bird Island","BI10","BI10.6",236,223,224.1,223.5,223.5,0.525,3140,3642,3433,3421,251,0.05062,0.00383,80.97,19.03,0.95,81.07,4.05,40.54,4.05,4.8471,11.6743,0.9243,0.2173,0.5342,0.011,0.0279,253.4
"Bird Island","BI10","BI10.6",237,224.2,225.3,224.8,224.8,0.525,3181,3654,3459,3447,236,0.05061,0.00359,81.93,18.07,0.9,81.39,4.07,40.7,4.07,4.3603,10.5344,0.964,0.2127,0.5244,0.0108,0.0273,253.7
"Bird Island","BI10","BI10.6",238,225.5,226.5,226,226,0.525,3211,3666,3485,3471,228,0.05059,0.00344,81.33,18.67,0.93,81.34,4.07,40.67,4.07,4.8471,11.7712,1.0243,0.2351,0.5828,0.0119,0.0303,254.6
"Bird Island","BI10","BI10.6",239,226.7,227.7,227.2,227.2,0.525,3237,3679,3510,3495,221,0.05061,0.00332,81.18,18.82,0.94,76.1,3.8,38.05,3.81,4.4556,10.856,0.9547,0.2213,0.5503,0.0112,0.0286,255.2
"Bird Island","BI10","BI10.6",240,227.9,229,228.4,228.4,0.525,3256,3697,3535,3518,220,0.0506,0.00328,80.42,19.58,0.98,85.43,4.27,42.72,4.27,4.6493,11.3791,0.9115,0.2219,0.5541,0.0112,0.0288,256.2
"Bird Island","BI10","BI10.6",241,229.1,230.2,229.7,229.7,0.55,3274,3721,3561,3544,223,0.06881,0.0045,80.48,19.52,0.98,82.48,4.12,41.24,4.13,5.7255,14.0934,0.8994,0.2181,0.5478,0.015,0.0387,257.7
"Bird Island","BI10","BI10.6",242,230.4,231.5,230.9,230.9,0.525,3307,3734,3577,3561,213,0.07807,0.00486,81.24,18.76,0.94,81.1,4.06,40.55,4.06,4.4556,10.9897,0.9729,0.2246,0.5652,0.0175,0.0452,257.9
"Bird Island","BI10","BI10.6",243,231.6,232.6,232.1,232.1,0.5,3342,3738,3591,3577,198,0.07813,0.0045,82.87,17.13,0.86,79.87,3.99,39.94,3.99,4.6163,11.4415,0.8358,0.1728,0.4369,0.0135,0.0349,258.6
"Bird Island","BI10","BI10.6",244,232.8,233.9,233.3,233.3,0.525,3372,3746,3606,3592,187,0.07812,0.00425,83.69,16.31,0.82,77.95,3.9,38.98,3.9,4.5519,11.3206,1.13,0.2201,0.5585,0.0172,0.0446,259.1
"Bird Island","BI10","BI10.6",245,234,235.1,234.6,234.6,0.525,3404,3755,3622,3609,176,0.07813,0.00398,83.98,16.02,0.8,81.51,4.08,40.75,4.08,5.3597,13.4046,1.022,0.195,0.4973,0.0152,0.0396,260.2
"Bird Island","BI10","BI10.6",246,235.3,236.3,235.8,235.8,0.5,3428,3763,3637,3624,168,0.07812,0.00378,83.79,16.21,0.81,81.87,4.09,40.93,4.09,4.9063,12.3147,1.1301,0.2186,0.5597,0.0171,0.0446,260.8
"Bird Island","BI10","BI10.6",247,236.4,237.5,237,237,0.55,3451,3775,3651,3639,162,0.07812,0.00366,83.17,16.83,0.84,78.88,3.94,39.44,3.94,5.1832,13.0564,0.9819,0.1986,0.5103,0.0155,0.0406,261.6
"Bird Island","BI10","BI10.6",248,237.7,238.7,238.2,238.2,0.5,3466,3790,3664,3655,162,0.07813,0.00363,83.92,16.08,0.8,82,4.1,41,4.1,4.4279,11.1915,1.1094,0.2126,0.5479,0.0166,0.0436,262.4
"Bird Island","BI10","BI10.6",249,238.9,240,239.4,239.4,0.55,3482,3809,3679,3670,164,0.11913,0.00558,83.93,16.07,0.8,81.75,4.09,40.87,4.09,5.8373,14.8383,0.9806,0.1878,0.4867,0.0224,0.059,263.9
"Bird Island","BI10","BI10.6",250,240.2,242,241.1,241.1,0.925,3501,3826,3691,3684,163,0.16685,0.008,84.58,15.42,0.77,79.86,3.99,39.93,3.99,9.4433,24.0897,0.8893,0.1621,0.4217,0.0271,0.0717,264.9
"Bird Island","BI10","BI10.7",251,242,243.1,242.6,242.6,0.55,3514,3833,3699,3693,159,0.1671,0.00759,84.04,15.96,0.8,83.43,4.17,41.72,4.17,3.5409,9.031,0.9214,0.175,0.455,0.0292,0.0774,264.6
"Bird Island","BI10","BI10.7",252,243.3,244.4,243.9,243.9,0.55,3525,3841,3707,3701,158,0.16688,0.00751,84.85,15.15,0.76,82.22,4.11,41.11,4.11,4.8707,12.5055,1.0162,0.1814,0.4749,0.0303,0.0806,266.2
"Bird Island","BI10","BI10.7",253,244.6,245.8,245.2,245.2,0.6,3533,3850,3715,3709,159,0.16685,0.00754,85.92,14.08,0.7,82.39,4.12,41.2,4.12,5.5395,14.2837,0.9599,0.1574,0.4136,0.0263,0.0702,267.4
"Bird Island","BI10","BI10.7",254,246.1,247.3,246.7,246.7,0.6,3541,3859,3724,3718,159,0.16706,0.00754,85.99,14.01,0.7,84.3,4.22,42.15,4.22,5.3135,13.7486,0.996,0.1623,0.428,0.0271,0.0727,268.3
"Bird Island","BI10","BI10.7",255,247.5,248.7,248.1,248.1,0.6,3549,3871,3732,3726,161,0.16688,0.00761,86.31,13.69,0.68,85.07,4.25,42.54,4.25,6.1254,15.932,1.0531,0.167,0.4427,0.0279,0.0752,269.7
"Bird Island","BI10","BI10.7",256,248.9,250,249.4,249.4,0.525,3554,3883,3739,3734,165,0.17196,0.00795,85.92,14.08,0.7,87.08,4.35,43.54,4.36,5.7883,15.1248,0.915,0.15,0.3994,0.0258,0.0699,270.9
"Bird Island","BI10","BI10.7",257,250.2,251.2,250.7,250.7,0.5,3565,3892,3746,3742,163,0.17621,0.00805,85.55,14.45,0.72,87.56,4.38,43.78,4.38,5.205,13.645,0.9646,0.1629,0.4352,0.0287,0.078,271.7
"Bird Island","BI10","BI10.7",258,251.4,252.4,251.9,251.9,0.525,3575,3898,3753,3749,162,0.17639,0.00797,85.59,14.41,0.72,86.97,4.35,43.49,4.35,5.898,15.5324,0.8788,0.1479,0.397,0.0261,0.0712,272.9
"Bird Island","BI10","BI10.7",259,252.7,253.7,253.2,253.2,0.5,3586,3905,3760,3756,160,0.17647,0.00785,84.45,15.55,0.78,86.09,4.3,43.05,4.31,4.9063,12.9525,0.9652,0.1777,0.4781,0.0314,0.0858,273.4
"Bird Island","BI10","BI10.7",260,253.9,254.9,254.4,254.4,0.5,3591,3910,3766,3763,160,0.17621,0.00783,82.49,17.51,0.88,84.18,4.21,42.09,4.21,5.4091,14.3477,0.8945,0.1899,0.5131,0.0335,0.0919,274.7
"Bird Island","BI10","BI10.7",261,255.1,256,255.6,255.6,0.45,3598,3919,3773,3770,161,0.17657,0.00784,84.46,15.54,0.78,85.69,4.28,42.84,4.29,4.7759,12.7136,0.9521,0.1751,0.475,0.0309,0.0852,275.6
"Bird Island","BI10","BI10.7",262,256.2,257.2,256.7,256.7,0.5,3606,3927,3779,3776,161,0.17621,0.00784,85.08,14.92,0.75,85.91,4.3,42.95,4.3,5.5127,14.7353,0.8172,0.1433,0.3902,0.0253,0.0699,276.7
"Bird Island","BI10","BI10.7",263,257.4,258.4,257.9,257.9,0.5,3613,3935,3785,3783,161,0.17647,0.00785,85.29,14.71,0.74,86.42,4.32,43.21,4.32,5.0049,13.4155,0.9351,0.1613,0.4404,0.0285,0.079,277.5
"Bird Island","BI10","BI10.7",264,258.7,259.6,259.1,259.1,0.475,3619,3944,3793,3789,162,0.17467,0.00781,85.15,14.85,0.74,87.32,4.37,43.66,4.37,4.2955,11.5464,0.9417,0.1642,0.4497,0.0287,0.0798,278.3
"Bird Island","BI10","BI10.7",265,259.8,260.7,260.3,260.3,0.45,3627,3954,3799,3796,163,0.16949,0.00758,85.54,14.46,0.72,86.78,4.34,43.39,4.34,4.3278,11.6828,1.0552,0.1784,0.4905,0.0302,0.0845,279.4
"Bird Island","BI10","BI10.7",266,261,261.9,261.4,261.4,0.475,3638,3957,3805,3803,160,0.16973,0.00743,83.88,16.12,0.81,86.45,4.32,43.23,4.32,4.6609,12.6311,1.0341,0.1987,0.5485,0.0337,0.0946,280.4
"Bird Island","BI10","BI10.7",267,262.1,263.1,262.6,262.6,0.5,3648,3964,3811,3810,158,0.16973,0.00736,86.69,13.31,0.67,80.08,4,40.04,4,4.712,12.8118,0.9116,0.1399,0.3874,0.0237,0.0668,281.2
"Bird Island","BI10","BI10.7",268,263.3,264.3,263.8,263.8,0.5,3657,3969,3818,3817,156,0.16949,0.00725,85.68,14.32,0.72,83.22,4.16,41.61,4.16,4.1527,11.3201,1.008,0.1684,0.4676,0.0285,0.0805,281.9
"Bird Island","BI10","BI10.7",269,264.6,265.6,265.1,265.1,0.5,3668,3976,3824,3825,154,0.16973,0.00714,85.23,14.77,0.74,76.84,3.84,38.42,3.84,4.0629,11.114,0.9761,0.1692,0.4713,0.0287,0.0812,282.8
"Bird Island","BI10","BI10.7",270,265.8,266.8,266.3,266.3,0.5,3678,3987,3831,3832,155,0.16973,0.00716,84.84,15.16,0.76,81.12,4.06,40.56,4.06,3.7135,10.1881,0.9484,0.1695,0.4735,0.0288,0.0816,283.6
"Bird Island","BI10","BI10.7",271,267,268,267.5,267.5,0.5,3684,3998,3837,3839,157,0.16949,0.00726,85.68,14.32,0.72,83.02,4.15,41.51,4.15,4.3352,11.952,0.89,0.1488,0.4176,0.0252,0.0719,285
"Bird Island","BI10","BI10.7",272,268.2,269.2,268.7,268.7,0.5,3695,4011,3843,3846,158,0.16973,0.0073,84,16,0.8,82.39,4.12,41.2,4.12,4.5216,12.5158,0.8511,0.1621,0.4569,0.0275,0.0787,286.1
"Bird Island","BI10","BI10.7",273,269.4,270.4,269.9,269.9,0.475,3700,4021,3850,3853,160,0.15113,0.00655,84.12,15.88,0.79,83.18,4.16,41.59,4.16,4.4764,12.4398,0.8271,0.1561,0.4417,0.0236,0.0678,287.2
"Bird Island","BI10","BI10.7",274,270.6,271.6,271.1,271.1,0.5,3713,4027,3856,3861,157,0.14963,0.00635,84.68,15.32,0.77,83.65,4.18,41.82,4.18,4.712,13.1417,0.7917,0.1432,0.4067,0.0214,0.0618,288.1
"Bird Island","BI10","BI10.7",275,271.8,272.8,272.3,272.3,0.475,3722,4032,3864,3869,155,0.14981,0.00627,85.71,14.29,0.71,83.45,4.17,41.73,4.17,3.7754,10.5521,1.0159,0.1694,0.482,0.0254,0.0733,288.7
"Bird Island","BI10","BI10.7",276,273,274,273.5,273.5,0.5,3732,4039,3871,3877,154,0.14963,0.00621,85.31,14.69,0.73,83.06,4.15,41.53,4.15,4.8086,13.5098,0.9789,0.1686,0.4821,0.0252,0.0732,290.1
"Bird Island","BI10","BI10.7",277,274.2,275.2,274.7,274.7,0.5,3740,4046,3879,3885,153,0.14963,0.00617,85.66,14.34,0.72,84.72,4.24,42.36,4.24,4.4279,12.4756,1.0116,0.1693,0.4856,0.0253,0.0737,290.9
"Bird Island","BI10","BI10.7",278,275.4,276.4,275.9,275.9,0.5,3748,4055,3887,3893,154,0.14977,0.00618,85.94,14.06,0.7,84.7,4.23,42.35,4.24,5.0049,14.1663,1.0327,0.169,0.4868,0.0253,0.0739,292.2
"Bird Island","BI10","BI10.7",279,276.7,277.7,277.2,277.2,0.5,3752,4064,3895,3901,156,0.14963,0.00625,85.56,14.44,0.72,82.37,4.12,41.19,4.12,4.9063,13.9338,1.014,0.1711,0.4945,0.0256,0.0751,293.2
"Bird Island","BI10","BI10.7",280,277.9,278.9,278.4,278.4,0.5,3766,4076,3903,3910,155,0.14981,0.00622,84.86,15.14,0.76,84.07,4.2,42.03,4.2,4.2434,12.0789,1.1606,0.207,0.5996,0.031,0.0911,293.8
"Bird Island","BI10","BI10.7",281,279.1,280.1,279.6,279.6,0.5,3772,4087,3910,3918,158,0.12685,0.00534,84.11,15.89,0.79,83.68,4.18,41.84,4.18,5.1045,14.6039,1.0319,0.1949,0.5673,0.0247,0.073,295.3
"Bird Island","BI10","BI10.7",282,280.3,281.3,280.8,280.8,0.5,3779,4097,3920,3927,159,0.11788,0.00499,84.16,15.84,0.79,83.63,4.18,41.82,4.18,4.712,13.5186,1.0374,0.1952,0.5698,0.023,0.0681,296.1
"Bird Island","BI10","BI10.7",283,281.5,282.5,282,282,0.475,3787,4109,3931,3937,161,0.11799,0.00502,83.06,16.94,0.85,82.36,4.12,41.18,4.12,4.583,13.197,0.9784,0.1996,0.5846,0.0235,0.07,297.2
"Bird Island","BI10","BI10.7",284,282.7,283.7,283.2,283.2,0.5,3797,4120,3941,3947,161,0.11788,0.00503,84.12,15.88,0.79,82.17,4.11,41.08,4.11,4.9063,14.1791,1.0156,0.1917,0.5636,0.0226,0.0674,298.3
"Bird Island","BI10","BI10.7",285,283.9,284.9,284.4,284.4,0.475,3801,4136,3951,3958,167,0.11788,0.00518,84.55,15.45,0.77,82.53,4.13,41.27,4.13,4.1184,11.931,1.0871,0.1987,0.5855,0.0234,0.07,299.1
"Bird Island","BI10","BI10.7",286,285.1,286.1,285.6,285.6,0.5,3808,4155,3962,3968,174,0.11799,0.00537,85.57,14.43,0.72,82.06,4.1,41.03,4.1,4.4279,12.8741,1.0796,0.1821,0.5385,0.0215,0.0645,300.3
"Bird Island","BI10","BI10.7",287,286.3,287.3,286.8,286.8,0.475,3814,4172,3971,3978,179,0.11785,0.0055,84.96,15.04,0.75,83.98,4.2,41.99,4.2,4.4764,13.0665,1.0574,0.1871,0.5556,0.0221,0.0665,301.6
"Bird Island","BI10","BI10.8",295,287.6,288.7,288.2,288.2,0.525,3820,4199,3981,3990,190,0.11799,0.00583,83.11,16.89,0.84,79.77,3.99,39.89,3.99,5.049,15.1446,0.8613,0.1751,0.5339,0.0207,0.064,309.9
"Bird Island","BI10","BI10.8",296,288.9,289.9,289.4,289.4,0.5,3825,4221,3990,4000,198,0.11858,0.00608,80.33,19.67,0.98,73.66,3.68,36.83,3.68,4.9063,14.7678,0.8033,0.1966,0.6017,0.0233,0.0725,311.1
"Bird Island","BI10","BI10.8",297,290.1,291.2,290.6,290.6,0.55,3834,4239,3999,4010,203,0.11938,0.00626,79.45,20.55,1.03,79.95,4,39.97,4,5.5054,16.6289,0.8515,0.2203,0.6763,0.0263,0.0821,312.3
"Bird Island","BI10","BI10.8",298,291.4,292.4,291.9,291.9,0.5,3846,4251,4011,4021,202,0.1194,0.00621,81.95,18.05,0.9,77.92,3.9,38.96,3.9,3.9741,12.0215,0.9854,0.2171,0.6675,0.0259,0.0811,312.7
"Bird Island","BI10","BI10.8",299,292.6,293.6,293.1,293.1,0.5,3854,4257,4022,4031,202,0.11928,0.00617,81.85,18.15,0.91,57.72,2.89,28.86,2.89,4.3352,13.1659,0.9473,0.21,0.6483,0.0251,0.0786,313.9
"Bird Island","BI10","BI10.8",300,293.7,294.8,294.3,294.3,0.525,3864,4267,4033,4041,202,0.1194,0.00617,81.19,18.81,0.94,77.72,3.89,38.86,3.89,5.3597,16.3524,0.9,0.2086,0.6468,0.0249,0.0785,315.3
"Bird Island","BI10","BI10.8",301,295,296,295.5,295.5,0.525,3869,4277,4043,4051,204,0.1194,0.00623,80.83,19.17,0.96,79.06,3.95,39.53,3.95,5.3597,16.406,0.8125,0.1927,0.5996,0.023,0.0728,316.3
"Bird Island","BI10","BI10.8",302,296.2,297.2,296.7,296.7,0.5,3878,4292,4054,4061,207,0.11928,0.00628,77.51,22.49,1.12,79.13,3.96,39.56,3.96,4.712,14.461,0.7154,0.2075,0.6473,0.0248,0.0785,317.2
"Bird Island","BI10","BI10.8",303,297.4,298.4,297.9,297.9,0.5,3881,4306,4064,4071,212,0.1194,0.00643,80.64,19.36,0.97,76.15,3.81,38.07,3.81,4.6163,14.2113,0.9061,0.2176,0.6807,0.026,0.0827,318.2
"Bird Island","BI10","BI10.8",304,298.6,299.6,299.1,299.1,0.5,3885,4327,4074,4081,221,0.12085,0.00674,79.02,20.98,1.05,76.08,3.8,38.04,3.8,4.8086,14.8562,0.8879,0.2357,0.7401,0.0285,0.091,319.5
"Bird Island","BI10","BI10.8",305,299.8,300.8,300.3,300.3,0.5,3892,4342,4083,4091,225,0.12526,0.0071,76.17,23.83,1.19,74.99,3.75,37.5,3.75,4.5216,14.0079,0.8374,0.262,0.8247,0.0328,0.1052,320.5
"Bird Island","BI10","BI10.8",306,301,302,301.5,301.5,0.5,3901,4351,4094,4101,225,0.12539,0.00709,77.38,22.62,1.13,77.95,3.9,38.98,3.9,4.2434,13.1822,0.913,0.2669,0.8425,0.0335,0.1075,321.3
"Bird Island","BI10","BI10.8",307,302.2,303.2,302.7,302.7,0.5,3911,4359,4103,4110,224,0.12539,0.00705,77.6,22.4,1.12,77.77,3.89,38.89,3.89,4.712,14.6966,0.9112,0.2631,0.8338,0.033,0.1064,322.5
"Bird Island","BI10","BI10.8",308,303.4,304.4,303.9,303.9,0.525,3918,4367,4112,4120,225,0.12536,0.00705,78.01,21.99,1.1,78.52,3.93,39.26,3.93,4.7477,14.8507,0.8869,0.2499,0.7943,0.0313,0.1013,323.4
"Bird Island","BI10","BI10.8",309,304.6,305.7,305.2,305.2,0.525,3925,4379,4122,4130,227,0.12526,0.00709,78.04,21.96,1.1,77.95,3.9,38.97,3.9,4.8471,15.2126,0.9989,0.2812,0.8965,0.0352,0.1143,324.5
"Bird Island","BI10","BI10.8",310,305.9,306.9,306.4,306.4,0.5,3932,4393,4133,4140,231,0.12539,0.00719,78.36,21.64,1.08,76.39,3.82,38.2,3.82,4.2434,13.3519,0.9488,0.2621,0.8377,0.0329,0.1069,325.4
"Bird Island","BI10","BI10.8",311,307.1,308,307.6,307.6,0.475,3938,4410,4143,4149,236,0.12543,0.00734,79.31,20.69,1.03,60.59,3.03,30.3,3.03,4.0312,12.7246,1.0991,0.2867,0.9193,0.036,0.1174,326.5
"Bird Island","BI10","BI10.8",312,308.2,309.2,308.7,308.7,0.475,3942,4424,4151,4158,241,0.12526,0.00745,79.3,20.7,1.04,77.57,3.88,38.78,3.88,3.6094,11.4202,0.9855,0.2573,0.8268,0.0322,0.1055,327.3
"Bird Island","BI10","BI10.8",313,309.4,310.4,309.9,309.9,0.5,3946,4440,4161,4168,247,0.11662,0.0071,79.22,20.78,1.04,77.04,3.85,38.52,3.85,4.1527,13.1888,0.9546,0.2504,0.8077,0.0292,0.096,328.7
"Bird Island","BI10","BI10.8",314,310.6,311.6,311.1,311.1,0.525,3959,4452,4173,4178,246,0.11586,0.00703,81.22,18.78,0.94,77.72,3.89,38.86,3.89,4.266,13.5894,0.9279,0.2146,0.6942,0.0249,0.0819,329.6
"Bird Island","BI10","BI10.8",315,311.8,312.9,312.4,312.4,0.55,3970,4462,4185,4189,246,0.11583,0.007,82.36,17.64,0.88,79.31,3.97,39.65,3.97,4.0849,13.0451,0.9258,0.1983,0.6431,0.023,0.0759,330.4
"Bird Island","BI10","BI10.8",316,313.1,314.2,313.6,313.6,0.55,3979,4471,4195,4200,246,0.11576,0.00698,82.51,17.49,0.87,79.73,3.99,39.86,3.99,4.2749,13.6988,0.9797,0.2077,0.6759,0.024,0.0797,331.5
"Bird Island","BI10","BI10.8",317,314.4,315.5,314.9,314.9,0.55,3990,4480,4205,4211,245,0.11586,0.00695,83.32,16.68,0.83,79.36,3.97,39.68,3.97,4.4692,14.3706,0.9233,0.1848,0.6036,0.0214,0.0712,332.5
"Bird Island","BI10","BI10.8",318,315.7,316.8,316.2,316.2,0.55,3995,4491,4215,4222,248,0.11586,0.00701,85.16,14.84,0.74,76.31,3.82,38.15,3.82,4.1793,13.4742,1.0128,0.1765,0.578,0.0205,0.0682,333.4
"Bird Island","BI10","BI10.8",319,317,318,317.5,317.5,0.5,4003,4506,4225,4233,252,0.11583,0.00707,85.08,14.92,0.75,82.09,4.1,41.04,4.11,4.4279,14.3353,1.0364,0.1818,0.5976,0.0211,0.0705,334.9
"Bird Island","BI10","BI10.8",320,318.2,319.3,318.7,318.7,0.55,4009,4524,4235,4244,257,0.11586,0.00723,84.85,15.15,0.76,79.64,3.98,39.82,3.98,4.6678,15.1539,1.0376,0.1853,0.6109,0.0215,0.0721,335.9
"Bird Island","BI10","BI10.8",321,319.5,320.5,320,320,0.5,4016,4545,4246,4255,264,0.0883,0.00562,83.53,16.47,0.82,82.13,4.11,41.06,4.11,4.3352,14.1196,1.0304,0.2032,0.672,0.0179,0.0605,337.1
"Bird Island","BI10","BI10.8",322,320.7,321.8,321.2,321.2,0.55,4033,4556,4259,4268,262,0.08826,0.00556,82.12,17.88,0.89,83.41,4.17,41.7,4.17,4.4692,14.594,0.8383,0.1825,0.605,0.0161,0.0544,337.8
"Bird Island","BI10","BI10.8",323,322,323.1,322.5,322.5,0.575,4048,4568,4273,4283,260,0.08832,0.00552,82.59,17.41,0.87,84.13,4.21,42.06,4.21,4.2706,13.9797,0.8535,0.18,0.5981,0.0159,0.0538,338.6
"Bird Island","BI10","BI10.8",324,323.3,324.3,323.8,323.8,0.5,4062,4585,4288,4298,261,0.0883,0.0055,81.93,18.07,0.9,58.59,2.93,29.3,2.93,3.7135,12.1934,1.0352,0.2284,0.7614,0.0202,0.0685,339.6
"Bird Island","BI10","BI10.8",325,324.5,325.5,325,325,0.5,4075,4598,4303,4312,262,0.08829,0.00549,81.68,18.32,0.92,71.31,3.57,35.66,3.57,3.9741,13.0945,1.1135,0.2498,0.8356,0.0221,0.0751,340.7
"Bird Island","BI10","BI10.9",337,326,327.1,326.5,326.5,0.525,4086,4617,4320,4329,265,0.08832,0.00555,81.83,18.17,0.91,79.06,3.95,39.53,3.95,4.4556,15.2225,0.7735,0.1718,0.5954,0.0152,0.0535,352.9
"Bird Island","BI10","BI10.9",338,327.3,328.4,327.8,327.8,0.55,4096,4640,4334,4343,272,0.08832,0.00568,82.57,17.43,0.87,68.23,3.41,34.11,3.41,3.9915,13.663,0.81,0.171,0.5938,0.0151,0.0534,353.7
"Bird Island","BI10","BI10.9",339,328.6,329.6,329.1,329.1,0.5,4103,4661,4348,4358,279,0.08863,0.00581,80.71,19.29,0.96,72.58,3.63,36.29,3.63,4.0629,13.958,0.8414,0.2011,0.7009,0.0178,0.0633,355.1
"Bird Island","BI10","BI10.9",340,329.8,330.8,330.3,330.3,0.5,4111,4682,4360,4371,285,0.0898,0.006,81.07,18.93,0.95,74.16,3.71,37.08,3.71,3.9741,13.6906,0.8633,0.2016,0.7044,0.0181,0.0645,356.2
"Bird Island","BI10","BI10.9",341,331,331.9,331.4,331.4,0.475,4126,4694,4372,4384,284,0.08982,0.00594,79.77,20.23,1.01,75.57,3.78,37.78,3.78,3.7754,13.0439,0.907,0.23,0.8061,0.0207,0.0738,357.1
"Bird Island","BI10","BI10.9",342,332.1,333.1,332.6,332.6,0.5,4137,4707,4387,4397,285,0.08975,0.00596,54.16,45.84,2.29,68.98,3.45,34.49,3.45,4.4279,15.3537,0.3354,0.2839,0.9985,0.0255,0.0913,358.4
"Bird Island","BI10","BI10.9",343,333.3,334.3,333.8,333.8,0.475,4149,4721,4401,4410,286,0.08982,0.00595,79.61,20.39,1.02,61.16,3.06,30.58,3.06,4.2955,14.9398,0.9199,0.2356,0.8312,0.0212,0.0761,359.4
"Bird Island","BI10","BI10.9",344,334.5,335.5,335,335,0.525,4160,4732,4415,4424,286,0.08975,0.00594,81.43,18.57,0.93,76.67,3.83,38.33,3.83,4.5519,15.8725,0.8523,0.1944,0.6877,0.0174,0.0629,360.3
"Bird Island","BI10","BI10.9",345,335.7,336.8,336.2,336.2,0.525,4169,4748,4427,4437,290,0.08978,0.006,81.25,18.75,0.94,76.78,3.84,38.39,3.84,4.4556,15.579,0.8466,0.1954,0.6929,0.0175,0.0634,361.3
"Bird Island","BI10","BI10.9",346,337,338,337.5,337.5,0.5,4179,4770,4441,4452,296,0.08975,0.00609,82.08,17.92,0.9,76.09,3.8,38.05,3.81,3.7135,13.0104,1.0342,0.2258,0.8023,0.0203,0.0734,362.1
"Bird Island","BI10","BI10.9",347,338.2,339.3,338.7,338.7,0.55,4185,4790,4457,4465,303,0.08978,0.00623,80.86,19.14,0.96,79.9,4,39.95,4,4.8707,17.1326,0.8952,0.2119,0.756,0.019,0.0692,363.7
"Bird Island","BI10","BI10.9",348,339.5,340.5,340,340,0.5,4191,4812,4471,4480,310,0.0916,0.00648,79.93,20.07,1,78.64,3.93,39.32,3.93,4.8086,16.972,0.9304,0.2337,0.8364,0.0214,0.0781,365
"Bird Island","BI10","BI10.9",349,340.7,341.7,341.2,341.2,0.525,4209,4824,4485,4493,307,0.0916,0.00641,80.35,19.65,0.98,81.39,4.07,40.69,4.07,4.9476,17.5094,0.8669,0.2121,0.7612,0.0194,0.0711,365.9
"Bird Island","BI10","BI10.9",350,341.9,343,342.4,342.4,0.525,4222,4833,4498,4506,305,0.09161,0.00635,80.17,19.83,0.99,80.51,4.03,40.25,4.03,4.1728,14.7925,0.8808,0.2179,0.7832,0.02,0.0731,366.4
"Bird Island","BI10","BI10.9",351,343.2,344.2,343.7,343.7,0.525,4241,4843,4512,4520,301,0.0916,0.00625,80.72,19.28,0.96,80.62,4.03,40.31,4.03,3.9894,14.1782,1.0402,0.2485,0.8955,0.0228,0.0836,367.2
"Bird Island","BI10","BI10.9",352,344.4,345.5,344.9,344.9,0.525,4253,4857,4527,4533,302,0.09161,0.00625,69.81,30.19,1.51,61.64,3.08,30.82,3.08,4.3603,15.5488,0.8589,0.3715,1.3432,0.034,0.1254,368.4
"Bird Island","BI10","BI10.9",353,345.7,346.7,346.2,346.2,0.525,4263,4871,4541,4547,304,0.0916,0.00626,59.15,40.85,2.04,63.91,3.2,31.95,3.2,4.5519,16.2822,0.7785,0.5376,1.9498,0.0492,0.182,369.5
"Bird Island","BI10","BI10.9",354,346.9,348,347.4,347.4,0.525,4274,4881,4555,4560,303,0.09161,0.00623,75.09,24.91,1.25,71.05,3.55,35.53,3.55,4.266,15.2958,0.818,0.2714,0.9867,0.0249,0.0921,370.4
"Bird Island","BI10","BI10.9",355,348.2,349.2,348.7,348.7,0.5,4282,4902,4569,4574,310,0.0916,0.00634,77.64,22.36,1.12,67.24,3.36,33.62,3.36,3.8862,13.9691,0.8334,0.24,0.8748,0.022,0.0817,371.4
"Bird Island","BI10","BI10.9",356,349.4,350.4,349.9,349.9,0.525,4291,4917,4583,4588,313,0.09789,0.00683,78.8,21.2,1.06,74.06,3.7,37.03,3.7,4.3603,15.7232,0.7614,0.2049,0.749,0.0201,0.0747,372.6
"Bird Island","BI10","BI10.9",357,350.6,351.7,351.2,351.2,0.55,4311,4929,4597,4601,309,0.09844,0.00677,79.22,20.78,1.04,78,3.9,39,3.9,4.4692,16.1582,0.8777,0.2302,0.8438,0.0227,0.0846,373.4
"Bird Island","BI10","BI10.9",358,351.9,352.9,352.4,352.4,0.5,4323,4935,4610,4613,306,0.09848,0.00666,79.39,20.61,1.03,78.99,3.95,39.5,3.95,3.7135,13.456,0.9128,0.2369,0.8703,0.0233,0.0873,374.1
"Bird Island","BI10","BI10.9",359,353.1,354.2,353.7,353.7,0.55,4339,4943,4624,4626,302,0.09841,0.00657,79.02,20.98,1.05,77.58,3.88,38.79,3.88,4.5679,16.6089,0.8425,0.2236,0.8243,0.022,0.0826,375.3
"Bird Island","BI10","BI10.9",360,354.4,355.5,355,355,0.55,4347,4953,4635,4639,303,0.09844,0.00658,79.22,20.78,1.04,77.7,3.88,38.85,3.89,5.0779,18.5268,0.7931,0.2081,0.7696,0.0205,0.0771,376.5
"Bird Island","BI10","BI10.9",361,355.7,356.7,356.2,356.2,0.5,4359,4962,4647,4652,302,0.09848,0.00652,75.52,24.48,1.22,75.72,3.79,37.86,3.79,4.2434,15.516,0.8362,0.2711,1.0049,0.0267,0.1007,377.3
"Bird Island","BI10","BI10.9",362,356.9,358,357.5,357.5,0.55,4368,4972,4661,4665,302,0.09844,0.00652,78,22,1.1,70.08,3.5,35.04,3.51,4.5679,16.746,0.8216,0.2318,0.8612,0.0228,0.0863,378.2
"Bird Island","BI10","BI10.9",363,358.2,359.3,358.7,358.7,0.525,4378,4984,4673,4677,303,0.09841,0.00651,78.53,21.47,1.07,76.39,3.82,38.19,3.82,3.8992,14.3238,0.9408,0.2572,0.9579,0.0253,0.0959,379
"Bird Island","BI10","BI10.9",364,359.5,360.5,360,360,0.5,4386,4995,4687,4690,305,0.09404,0.00624,76.22,23.78,1.19,78.68,3.93,39.34,3.94,3.6287,13.3644,0.9758,0.3045,1.1366,0.0286,0.1088,379.9
"Bird Island","BI10","BI10.9",365,360.7,361.7,361.2,361.2,0.5,4405,5006,4699,4703,301,0.09404,0.00614,75.43,24.57,1.23,74.16,3.71,37.08,3.71,3.6287,13.4007,0.9415,0.3067,1.1481,0.0288,0.1099,380.8
"Bird Island","BI10","BI10.9",366,361.9,362.9,362.4,362.4,0.525,4424,5015,4713,4716,296,0.09404,0.00603,75.61,24.39,1.22,71.57,3.58,35.78,3.58,3.8992,14.4408,0.8412,0.2713,1.0183,0.0255,0.0974,381.8
"Bird Island","BI10","BI10.9",367,363.1,364.1,363.6,363.6,0.5,4437,5023,4728,4729,293,0.09397,0.00595,78.81,21.19,1.06,76.46,3.82,38.23,3.82,3.9741,14.7636,0.9361,0.2517,0.9475,0.0236,0.0905,382.8
"Bird Island","BI10","BI10.9",368,364.3,365.3,364.8,364.8,0.5,4449,5033,4743,4741,292,0.09404,0.00592,80.51,19.49,0.97,74.76,3.74,37.38,3.74,3.062,11.3891,0.8967,0.2171,0.8185,0.0204,0.0783,383.2
"Bird Island","BI10","BI10.9",369,365.5,366.6,366,366,0.525,4460,5044,4755,4754,292,0.094,0.00591,77.72,22.28,1.11,78,3.9,39,3.9,4.4556,16.6483,0.7523,0.2157,0.8166,0.0203,0.078,384.9
"Bird Island","BI10","BI10.9",370,366.8,367.8,367.3,367.3,0.5,4473,5056,4770,4768,292,0.09412,0.00588,76.51,23.49,1.17,76.92,3.85,38.46,3.85,3.4619,12.9542,0.8697,0.2671,1.0127,0.0251,0.0969,385.5
"Bird Island","BI10","BI10.10",380,367.6,368.6,368.1,368.1,0.5,4478,5064,4779,4776,293,0.09397,0.00589,74.64,25.36,1.27,72.99,3.65,36.49,3.65,4.4279,17.0363,0.9832,0.334,1.3016,0.0314,0.1243,396
"Bird Island","BI10","BI10.10",381,368.8,369.8,369.3,369.3,0.5,4486,5080,4792,4789,297,0.0933,0.00591,78.37,21.63,1.08,75.04,3.75,37.52,3.75,3.7994,14.6429,0.9279,0.2561,1,0.0239,0.0948,396.7
"Bird Island","BI10","BI10.10",382,370,370.9,370.4,370.4,0.475,4497,5091,4804,4801,297,0.0921,0.00581,79.04,20.96,1.05,78.32,3.92,39.16,3.92,3.945,15.2514,0.9533,0.2528,0.9898,0.0233,0.0926,397.9
"Bird Island","BI10","BI10.10",383,371.1,372.1,371.6,371.6,0.5,4513,5097,4816,4814,292,0.0921,0.00571,77.32,22.68,1.13,76.91,3.85,38.45,3.85,4.1527,16.0957,0.979,0.2872,1.1274,0.0264,0.1055,398.8
"Bird Island","BI10","BI10.10",384,372.3,373.2,372.8,372.8,0.475,4529,5104,4830,4827,288,0.0921,0.00561,77.29,22.71,1.14,75.38,3.77,37.69,3.77,4.2955,16.701,0.9752,0.2866,1.1285,0.0264,0.1055,399.9
"Bird Island","BI10","BI10.10",385,373.4,374.5,374,374,0.525,4543,5113,4843,4840,285,0.09205,0.00555,72.51,27.49,1.37,73.77,3.69,36.88,3.69,4.266,16.6182,0.8099,0.307,1.2114,0.0283,0.1132,400.6
"Bird Island","BI10","BI10.10",386,374.7,375.6,375.1,375.1,0.475,4557,5123,4855,4852,283,0.09213,0.00549,72.13,27.87,1.39,73.78,3.69,36.89,3.69,3.4472,13.4545,0.9446,0.3649,1.4425,0.0336,0.1349,401.3
"Bird Island","BI10","BI10.10",387,375.8,376.9,376.4,376.4,0.55,4567,5136,4871,4866,284,0.09202,0.00551,75.62,24.38,1.22,71.43,3.57,35.71,3.57,3.9915,15.6189,0.7708,0.2485,0.985,0.0229,0.092,402.3
"Bird Island","BI10","BI10.10",388,377.1,378.1,377.6,377.6,0.5,4574,5149,4887,4879,287,0.0921,0.00554,76.38,23.62,1.18,74.33,3.72,37.16,3.72,3.8862,15.2516,0.9022,0.2789,1.1086,0.0257,0.1036,403.5
"Bird Island","BI10","BI10.10",389,378.3,379.3,378.8,378.8,0.525,4583,5159,4901,4892,288,0.0921,0.00555,77.67,22.33,1.12,73.57,3.68,36.79,3.68,4.1728,16.4198,0.8848,0.2544,1.0138,0.0234,0.0948,404.5
"Bird Island","BI10","BI10.10",390,379.5,380.5,380,380,0.5,4589,5171,4915,4905,291,0.09132,0.00554,78.69,21.31,1.07,74.73,3.74,37.36,3.74,3.8862,15.3293,0.8836,0.2393,0.9558,0.0219,0.0886,405.5
"Bird Island","BI10","BI10.10",391,380.7,381.7,381.2,381.2,0.5,4616,5180,4928,4918,282,0.09132,0.00535,78.28,21.72,1.09,64.8,3.24,32.4,3.24,3.7994,15.0228,0.9306,0.2582,1.0338,0.0236,0.0958,406.3
"Bird Island","BI10","BI10.10",392,381.9,383,382.4,382.4,0.525,4637,5185,4940,4931,274,0.09125,0.00519,72.08,27.92,1.4,71.12,3.56,35.56,3.56,3.8992,15.4545,0.8511,0.3296,1.3229,0.0301,0.1224,407
"Bird Island","BI10","BI10.10",393,383.2,384.1,383.6,383.6,0.45,4655,5193,4953,4945,269,0.09136,0.00508,76.17,23.83,1.19,70.76,3.54,35.38,3.54,3.5767,14.2172,0.8852,0.2769,1.1144,0.0253,0.1032,408.1
"Bird Island","BI10","BI10.10",394,384.2,385.2,384.7,384.7,0.475,4664,5202,4965,4957,269,0.09125,0.00507,79.53,20.47,1.02,78.45,3.92,39.23,3.92,3.7754,15.0448,0.8864,0.2281,0.9205,0.0208,0.0852,409.1
"Bird Island","BI10","BI10.10",395,385.4,386.5,385.9,385.9,0.55,4676,5208,4979,4970,266,0.09136,0.00502,78.58,21.42,1.07,79.41,3.97,39.71,3.97,4.2749,17.0759,0.9532,0.2599,1.051,0.0237,0.0973,409.9
"Bird Island","BI10","BI10.10",396,386.7,387.8,387.2,387.2,0.55,4691,5220,4994,4984,264,0.09129,0.00497,80.3,19.7,0.98,82.99,4.15,41.5,4.15,4.9738,19.9348,0.9057,0.2222,0.9016,0.0203,0.0834,411.2
"Bird Island","BI10","BI10.10",397,388,389,388.5,388.5,0.5,4703,5231,5008,4998,264,0.09132,0.00494,80.94,19.06,0.95,82.34,4.12,41.17,4.12,4.1527,16.677,1.0099,0.2377,0.9667,0.0217,0.0895,412
"Bird Island","BI10","BI10.10",398,389.2,390.2,389.7,389.7,0.5,4713,5247,5022,5011,267,0.09231,0.00504,80.46,19.54,0.98,77.76,3.89,38.88,3.89,4.4279,17.8333,0.9917,0.2408,0.9819,0.0222,0.0918,413.2
"Bird Island","BI10","BI10.10",399,390.3,391.4,390.9,390.9,0.525,4731,5256,5035,5024,262,0.09274,0.00497,80.03,19.97,1,79.63,3.98,39.82,3.98,4.4556,17.985,0.8305,0.2072,0.8468,0.0192,0.0796,414
"Bird Island","BI10","BI10.10",400,391.6,392.7,392.1,392.1,0.55,4753,5262,5046,5037,254,0.09266,0.00481,80.2,19.8,0.99,78.55,3.93,39.28,3.93,4.7687,19.2988,0.9692,0.2392,0.9801,0.0222,0.092,414.9
"Bird Island","BI10","BI10.10",401,392.9,393.9,393.4,393.4,0.525,4775,5268,5060,5051,247,0.09274,0.00465,79.1,20.9,1.04,77.03,3.85,38.52,3.85,4.4556,18.0741,0.9455,0.2498,1.0257,0.0232,0.0963,415.7
"Bird Island","BI10","BI10.10",402,394.1,395.1,394.6,394.6,0.5,4793,5280,5073,5064,244,0.09266,0.00457,78.63,21.37,1.07,74.99,3.75,37.5,3.75,4.4279,18.0104,0.9818,0.2668,1.0986,0.0247,0.103,416.7
"Bird Island","BI10","BI10.10",403,395.3,396.4,395.8,395.8,0.525,4812,5285,5088,5077,237,0.09266,0.00444,77.71,22.29,1.11,78.71,3.94,39.36,3.94,3.9894,16.2527,1.076,0.3086,1.2728,0.0286,0.1193,417.2
"Bird Island","BI10","BI10.10",404,396.5,397.5,397,397,0.5,4827,5297,5102,5090,235,0.09274,0.0044,77.87,22.13,1.11,79.66,3.98,39.83,3.98,4.1527,16.9677,0.8884,0.2525,1.0442,0.0234,0.0979,418.3
"Bird Island","BI10","BI10.10",405,397.7,398.7,398.2,398.2,0.5,4842,5320,5117,5103,239,0.09266,0.00445,75.17,24.83,1.24,76.75,3.84,38.37,3.84,3.8862,15.9122,0.8903,0.2942,1.2191,0.0273,0.1143,419.3
"Bird Island","BI10","BI10.10",406,398.9,399.9,399.4,399.4,0.5,4856,5339,5130,5116,241,0.07782,0.00377,78.4,21.6,1.08,72.89,3.64,36.45,3.65,3.7994,15.5927,0.9558,0.2634,1.094,0.0205,0.0861,420.2
"Bird Island","BI10","BI10.10",407,400.1,401.1,400.6,400.6,0.5,4886,5357,5146,5132,236,0.06708,0.00316,79.63,20.37,1.02,52.23,2.61,26.11,2.61,4.1527,17.0923,0.9704,0.2483,1.0344,0.0167,0.0702,421.3
"Bird Island","BI10","BI10.10",408,401.3,402.2,401.8,401.8,0.45,4917,5374,5162,5149,228,0.06707,0.00305,80.62,19.38,0.97,80.29,4.01,40.15,4.02,3.6566,15.0852,1.1062,0.266,1.1107,0.0178,0.0753,422.1
"Bird Island","BI10","BI10.10",409,402.4,403.4,402.9,402.9,0.5,4942,5388,5177,5166,223,0.06708,0.00298,81.92,18.08,0.9,78.9,3.94,39.45,3.95,4.1527,17.1754,0.9977,0.2201,0.9215,0.0148,0.0625,423
"Bird Island","BI10","BI10.10",410,403.6,404.6,404.1,404.1,0.5,4964,5400,5194,5184,218,0.06708,0.00291,81.46,18.54,0.93,80.77,4.04,40.39,4.04,3.9741,16.4725,1.0007,0.2278,0.9555,0.0153,0.0648,423.8
"Bird Island","BI10","BI10.10",411,404.8,405.8,405.3,405.3,0.5,4981,5416,5212,5202,217,0.06708,0.00289,81.14,18.86,0.94,77.43,3.87,38.72,3.87,4.1527,17.2584,0.9728,0.2261,0.9508,0.0152,0.0644,424.9
"Bird Island","BI10","BI10.10",412,406,407,406.5,406.5,0.5,4997,5431,5231,5220,217,0.06709,0.00287,77.11,22.89,1.14,72.21,3.61,36.1,3.61,3.7135,15.4613,0.9983,0.2963,1.2484,0.0199,0.0846,425.6
"Bird Island","BI10","BI10.10",413,407.2,409,408.1,408.1,0.925,5015,5460,5253,5243,222,0.06696,0.00299,78.17,21.83,1.09,75.98,3.8,37.99,3.8,6.713,28.0135,0.4985,0.1392,0.5879,0.0093,0.0398,426.8
"Bird Island","BI10","BI10.11",418,407.9,408.9,408.4,408.4,0.5,5019,5465,5257,5248,223,0.06708,0.00293,77.66,22.34,1.12,75.6,3.78,37.8,3.78,4.5216,19.1173,0.8317,0.2393,1.0237,0.0161,0.0694,432.2
"Bird Island","BI10","BI10.11",419,409.1,410.2,409.7,409.7,0.525,5031,5488,5273,5267,228,0.03072,0.00137,77.26,22.74,1.14,73.34,3.67,36.67,3.67,5.1516,21.8426,0.7917,0.2331,0.9998,0.0072,0.031,433.5
"Bird Island","BI10","BI10.11",420,410.4,411.4,410.9,410.9,0.5,5080,5521,5310,5306,220,0.02602,0.00111,79.03,20.97,1.05,74.69,3.73,37.34,3.74,4.712,20.0211,0.8118,0.2154,0.9262,0.0056,0.0243,434.2
"Bird Island","BI10","BI10.11",421,411.6,412.7,412.1,412.1,0.525,5124,5558,5354,5352,217,0.02602,0.00109,80.92,19.08,0.95,54.9,2.75,27.45,2.75,4.9476,21.0717,0.8656,0.2041,0.8795,0.0053,0.0231,435.1
"Bird Island","BI10","BI10.11",422,412.9,413.9,413.4,413.4,0.5,5159,5627,5402,5402,234,0.02602,0.00116,71.76,28.24,1.41,72.3,3.61,36.15,3.62,4.0629,17.3302,0.8526,0.3355,1.4479,0.0087,0.0381,436
"Bird Island","BI10","BI10.11",423,414.1,415,414.5,414.5,0.475,5186,5695,5441,5445,254,0.02602,0.00125,79.24,20.76,1.04,76.22,3.81,38.11,3.81,3.7754,16.1397,0.9467,0.248,1.0727,0.0065,0.0282,437.3
"Bird Island","BI10","BI10.11",424,415.2,416.2,415.7,415.7,0.5,5209,5782,5484,5491,287,0.02602,0.00139,82.02,17.98,0.9,76.44,3.82,38.22,3.82,4.5216,19.3886,0.8476,0.1858,0.8061,0.0048,0.0212,439.1
"Bird Island","BI10","BI10.11",425,416.4,417.4,416.9,416.9,0.5,5225,5869,5528,5537,322,0.02602,0.00155,81.15,18.85,0.94,77.13,3.86,38.56,3.86,4.5216,19.4338,0.9139,0.2123,0.9232,0.0055,0.0243,440.7
"Bird Island","BI10","BI10.11",426,417.6,418.6,418.1,418.1,0.5,5244,5960,5573,5583,358,0.02602,0.0017,79.13,20.87,1.04,74.51,3.73,37.25,3.73,4.0629,17.4927,0.9097,0.2399,1.0449,0.0062,0.0276,442.1
"Bird Island","BI10","BI10.11",427,418.8,419.8,419.3,419.3,0.5,5262,6053,5615,5629,395,0.02434,0.00174,77.55,22.45,1.12,70.09,3.5,35.05,3.51,3.9741,17.1481,0.974,0.2819,1.2305,0.0069,0.0304,443.6
"Bird Island","BI10","BI10.11",428,420.1,421.1,420.6,420.6,0.5,5311,6116,5666,5683,403,0.02263,0.00163,80.16,19.84,0.99,78.73,3.94,39.37,3.94,4.6163,19.9816,0.9097,0.2252,0.986,0.0051,0.0227,445.1
"Bird Island","BI10","BI10.11",429,421.3,422.3,421.8,421.8,0.525,5398,6127,5718,5736,365,0.02263,0.00147,79.2,20.8,1.04,76.92,3.85,38.46,3.85,5.2551,22.8098,0.8462,0.2223,0.976,0.005,0.0224,445.5
"Bird Island","BI10","BI10.11",430,422.5,423.5,423,423,0.5,5475,6141,5770,5789,333,0.02263,0.00133,79.29,20.71,1.04,80.58,4.03,40.29,4.03,3.7994,16.5046,0.9588,0.2503,1.1,0.0057,0.0252,445.3
"Bird Island","BI10","BI10.11",431,423.7,424.8,424.3,424.3,0.55,5542,6158,5839,5846,308,0.02263,0.00122,78.93,21.07,1.05,82.46,4.12,41.23,4.12,4.5679,19.8978,0.8361,0.2232,0.9832,0.005,0.0225,446
"Bird Island","BI10","BI10.11",432,425,426,425.5,425.5,0.475,5588,6176,5902,5899,294,0.02263,0.00115,78.98,21.02,1.05,77.65,3.88,38.83,3.88,3.7754,16.4794,0.8833,0.235,1.0376,0.0053,0.0238,446.6
"Bird Island","BI10","BI10.11",433,426.2,427.2,426.7,426.7,0.5,5627,6198,5965,5952,286,0.02263,0.00111,80.38,19.62,0.98,79.62,3.98,39.81,3.98,3.8862,17.0004,0.9159,0.2236,0.9894,0.0051,0.0226,447.4
"Bird Island","BI10","BI10.11",434,427.4,428.4,427.9,427.9,0.5,5659,6234,6027,6005,287,0.02263,0.00111,78.35,21.65,1.08,80.43,4.02,40.21,4.02,4.4279,19.4274,0.857,0.2368,1.0508,0.0054,0.024,448.6
"Bird Island","BI10","BI10.11",435,428.6,429.6,429.1,429.1,0.475,5693,6283,6087,6058,295,0.02556,0.00127,78.3,21.7,1.09,74.72,3.74,37.36,3.74,3.8597,16.9654,0.8925,0.2474,1.0997,0.0063,0.0284,449.5
"Bird Island","BI10","BI10.11",436,429.8,430.8,430.3,430.3,0.5,5726,6331,6136,6105,302,0.04186,0.00212,78.23,21.77,1.09,77.44,3.87,38.72,3.87,3.7994,16.7326,0.9373,0.2608,1.1617,0.0109,0.0492,450.5
"Bird Island","BI10","BI10.11",437,431,431.9,431.4,431.4,0.475,5792,6337,6159,6131,272,0.04186,0.00191,77.4,22.6,1.13,80.31,4.02,40.15,4.02,3.6919,16.298,0.9043,0.264,1.1786,0.011,0.0498,451
"Bird Island","BI10","BI10.11",438,432.1,433.1,432.6,432.6,0.5,5852,6348,6184,6160,248,0.04186,0.00173,75.43,24.57,1.23,78.93,3.95,39.47,3.95,4.3352,19.1918,0.8823,0.2873,1.2863,0.012,0.0543,451.8
"Bird Island","BI10","BI10.11",439,433.3,434.3,433.8,433.8,0.5,5915,6357,6209,6189,221,0.04186,0.00154,75.06,24.94,1.25,76.93,3.85,38.47,3.85,2.6145,11.5733,0.947,0.3147,1.4085,0.0132,0.0594,451.3
"Bird Island","BI10","BI10.11",440,434.5,435.5,435,435,0.5,5965,6370,6237,6217,202,0.04185,0.00141,76.4,23.6,1.18,77.88,3.89,38.94,3.9,3.9741,17.6647,0.9408,0.2906,1.3064,0.0122,0.0551,452.9
"Bird Island","BI10","BI10.11",441,435.8,436.8,436.3,436.3,0.5,6014,6385,6279,6248,185,0.04186,0.00129,78.77,21.23,1.06,80.98,4.05,40.49,4.05,4.0629,18.1021,0.9465,0.2551,1.1493,0.0107,0.0484,453.6
"Bird Island","BI10","BI10.11",442,437,438,437.5,437.5,0.5,6041,6412,6300,6277,186,0.04186,0.00129,78.76,21.24,1.06,77.67,3.88,38.84,3.88,3.9741,17.7442,0.9434,0.2544,1.1488,0.0106,0.0484,454.6
"Bird Island","BI10","BI10.11",443,438.2,439.3,438.7,438.7,0.55,6060,6458,6321,6306,199,0.04185,0.00137,80.03,19.97,1,81.52,4.08,40.76,4.08,4.1793,18.6984,1.0304,0.2572,1.1634,0.0108,0.049,455.7
"Bird Island","BI10","BI10.11",444,439.5,440.5,440,440,0.5,6077,6524,6346,6337,224,0.09592,0.00349,78.66,21.34,1.07,81.56,4.08,40.78,4.08,4.1527,18.6288,0.9564,0.2595,1.1772,0.0249,0.1138,457.2
"Bird Island","BI10","BI10.11",445,440.7,441.7,441.2,441.2,0.5,6102,6532,6358,6349,215,0.09592,0.00336,79.78,20.22,1.01,82.27,4.11,41.14,4.11,3.7994,17.0745,0.9785,0.248,1.1271,0.0238,0.1089,457.9
"Bird Island","BI10","BI10.11",446,441.9,442.9,442.4,442.4,0.5,6120,6541,6371,6362,211,0.09601,0.00329,80.88,19.12,0.96,89.27,4.46,44.63,4.46,4.0629,18.3052,1.0143,0.2398,1.0925,0.023,0.1057,459
"Bird Island","BI10","BI10.11",447,443.1,444.2,443.7,443.7,0.575,6140,6551,6385,6375,206,0.09594,0.00322,69.14,30.86,1.54,60.79,3.04,30.4,3.04,4.173,18.8326,0.6998,0.3124,1.4254,0.03,0.1378,459.7
"Bird Island","BI10","BI10.11",448,444.5,445.6,445,445,0.55,6157,6564,6398,6389,204,0.09594,0.00318,73.42,26.58,1.33,83.76,4.19,41.88,4.19,4.4692,20.2251,0.8199,0.2968,1.358,0.0285,0.1312,460.9
"Bird Island","BI10","BI10.11",449,445.8,446.8,446.3,446.3,0.525,6176,6580,6410,6403,202,0.09592,0.00314,80.05,19.95,1,86.26,4.31,43.13,4.31,4.1728,18.9235,0.9091,0.2265,1.0387,0.0217,0.1003,461.8
"Bird Island","BI10","BI10.11",450,447,448,447.5,447.5,0.5,6190,6599,6422,6415,204,0.096,0.00316,80.82,19.18,0.96,87.82,4.39,43.91,4.39,3.8862,17.661,0.9945,0.236,1.0842,0.0227,0.1048,462.7
"Bird Island","BI10","BI10.11",451,448.2,449.2,448.7,448.7,0.5,6200,6615,6433,6428,208,0.09592,0.0032,76.82,23.18,1.16,76.25,3.81,38.12,3.81,3.7994,17.3025,0.7974,0.2406,1.1075,0.0231,0.107,463.7
"Bird Island","BI10","BI10.11",452,449.4,450.4,449.9,449.9,0.5,6211,6641,6444,6440,215,0.09852,0.0034,82.65,17.35,0.87,84.76,4.24,42.38,4.24,3.9741,18.1416,1.0377,0.2178,1.0053,0.0215,0.0998,464.9
"Bird Island","BI10","BI10.12",459,449.8,450.8,450.3,450.3,0.5,6219,6645,6448,6444,213,0.09962,0.00341,74.21,25.79,1.29,72.95,3.65,36.48,3.65,3.062,14.1755,0.8552,0.2972,1.3907,0.0296,0.1395,471.4
"Bird Island","BI10","BI10.12",460,451,452.2,451.6,451.6,0.575,6243,6654,6460,6457,205,0.09957,0.00329,64.74,35.26,1.76,49.79,2.49,24.9,2.49,3.611,16.755,0.7867,0.4284,2.0092,0.0427,0.2015,472.3
"Bird Island","BI10","BI10.12",461,452.4,453.6,453,453,0.6,6271,6663,6472,6471,196,0.09957,0.00314,43.16,56.84,2.84,13.35,0.67,6.68,0.67,4.4562,20.7372,0.5872,0.7734,3.6377,0.077,0.3646,473.5
"Bird Island","BI10","BI10.12",462,453.8,454.9,454.4,454.4,0.55,6291,6669,6485,6485,189,0.0995,0.00302,54.85,45.15,2.26,9.41,0.47,4.7,0.48,4.2749,19.9401,0.6523,0.537,2.5318,0.0534,0.2535,474.5
"Bird Island","BI10","BI10.12",463,455.1,456.1,455.6,455.6,0.5,6306,6680,6497,6497,187,0.09959,0.00297,53.91,46.09,2.3,20.22,1.01,10.11,1.01,4.2434,19.8443,0.6028,0.5155,2.4363,0.0513,0.2441,475.6
"Bird Island","BI10","BI10.12",464,456.3,457.3,456.8,456.8,0.5,6322,6690,6509,6509,184,0.09954,0.00293,67.98,32.02,1.6,15.08,0.75,7.54,0.76,3.6287,16.993,0.7967,0.3753,1.7761,0.0374,0.1779,476.2
"Bird Island","BI10","BI10.12",465,457.6,458.7,458.1,458.1,0.55,6333,6707,6522,6522,187,0.09957,0.00297,68.15,31.85,1.59,36.06,1.8,18.03,1.81,4.0849,19.1725,0.808,0.3776,1.7913,0.0376,0.1795,477.3
"Bird Island","BI10","BI10.12",466,458.9,460.1,459.5,459.5,0.6,6348,6730,6536,6537,191,0.09296,0.00283,68.46,31.54,1.58,39.19,1.96,19.59,1.96,4.1542,19.5331,0.9064,0.4176,1.9843,0.0388,0.1856,478.2
"Bird Island","BI10","BI10.12",467,460.3,461.5,460.9,460.9,0.575,6373,6745,6549,6552,186,0.08959,0.00266,70.34,29.66,1.48,58.85,2.94,29.43,2.94,3.611,17.0078,0.7717,0.3254,1.5487,0.0292,0.1396,479
"Bird Island","BI10","BI10.12",468,461.7,462.7,462.2,462.2,0.5,6404,6756,6561,6566,176,0.08962,0.0025,73.7,26.3,1.32,50.76,2.54,25.38,2.54,3.14,14.8208,0.6473,0.231,1.1019,0.0207,0.0993,479.8
"Bird Island","BI10","BI10.12",469,462.9,463.9,463.4,463.4,0.5,6429,6767,6573,6579,169,0.08959,0.0024,61.49,38.51,1.93,40.11,2.01,20.05,2.01,3.5448,16.7756,0.8094,0.507,2.4248,0.0454,0.2185,480.9
"Bird Island","BI10","BI10.12",470,464.1,465.2,464.7,464.7,0.55,6451,6778,6587,6594,164,0.08966,0.00233,65.69,34.31,1.72,57.37,2.87,28.68,2.87,4.1793,19.8268,0.8646,0.4516,2.1648,0.0405,0.1951,482
"Bird Island","BI10","BI10.12",471,465.4,466.5,466,466,0.55,6469,6804,6601,6608,167,0.08959,0.00237,75.22,24.78,1.24,43.07,2.15,21.54,2.16,5.0779,24.1633,0.792,0.261,1.2549,0.0234,0.113,483.5
"Bird Island","BI10","BI10.12",472,466.8,467.8,467.3,467.3,0.525,6487,6822,6615,6623,168,0.08962,0.00237,76.23,23.77,1.19,69.73,3.49,34.87,3.49,4.6493,22.1655,0.811,0.2529,1.2185,0.0227,0.1098,484.4
"Bird Island","BI10","BI10.12",473,468,469,468.5,468.5,0.5,6499,6837,6628,6636,169,0.08959,0.00238,76.31,23.69,1.18,72.48,3.62,36.24,3.63,4.3352,20.7091,0.8848,0.2747,1.3259,0.0246,0.1194,485.4
"Bird Island","BI10","BI10.12",474,469.3,470.3,469.8,469.8,0.525,6511,6858,6642,6651,174,0.02606,0.00071,76.52,23.48,1.17,59.23,2.96,29.61,2.96,3.9894,19.0851,0.8835,0.2711,1.3103,0.0071,0.0343,486.1
"Bird Island","BI10","BI10.12",475,470.5,471.6,471.1,471.1,0.55,6546,6918,6692,6701,186,0.02308,0.00067,35.37,64.63,3.23,2.35,0.12,1.18,0.15,3.2835,15.7245,0.5492,1.0038,4.8571,0.0232,0.1128,486.8
"Bird Island","BI10","BI10.12",476,471.9,472.9,472.4,472.4,0.5,6574,6996,6744,6757,211,0.02308,0.00075,57.6,42.4,2.12,65.51,3.28,32.75,3.28,3.5448,17.0237,0.6465,0.4758,2.3091,0.011,0.0536,488.5
"Bird Island","BI10","BI10.12",477,473.1,474.2,473.6,473.6,0.55,6590,7104,6791,6809,257,0.02308,0.0009,74.7,25.3,1.27,69.78,3.49,34.89,3.49,4.0849,19.6626,0.8082,0.2738,1.3315,0.0063,0.031,490.2
"Bird Island","BI10","BI10.12",478,474.4,475.5,474.9,474.9,0.55,6604,7238,6842,6865,317,0.02308,0.00109,70.74,29.26,1.46,40.57,2.03,20.29,2.03,4.3715,21.0923,0.5394,0.2231,1.0876,0.0051,0.0253,492.2
"Bird Island","BI10","BI10.12",479,475.7,476.7,476.2,476.2,0.5,6614,7371,6892,6922,379,0.02308,0.00129,70.45,29.55,1.48,49.53,2.48,24.76,2.48,4.5216,21.8755,0.8309,0.3485,1.7037,0.008,0.0398,494.4
"Bird Island","BI10","BI10.12",480,476.9,478,477.5,477.5,0.55,6625,7506,6943,6978,441,0.02308,0.00148,75.92,24.08,1.2,68.85,3.44,34.43,3.44,4.8707,23.6106,0.8008,0.2539,1.2436,0.0059,0.0291,496.2
"Bird Island","BI10","BI10.12",481,478.3,479.3,478.8,478.8,0.525,6633,7649,6993,7034,508,0.02304,0.00169,77.19,22.81,1.14,71.34,3.57,35.67,3.57,4.0806,19.809,0.9113,0.2694,1.3211,0.0062,0.0309,497.8
"Bird Island","BI10","BI10.12",482,479.5,480.7,480.1,480.1,0.6,6645,7786,7044,7091,570,0.02262,0.00185,76.67,23.33,1.17,60.53,3.03,30.27,3.03,4.7689,23.2006,0.8067,0.2454,1.2063,0.0056,0.0277,499.7
"Bird Island","BI10","BI10.13",511,480.1,481.1,480.6,480.6,0.5,6670,7794,7066,7113,562,0.02262,0.00181,74.53,25.47,1.27,74.45,3.72,37.22,3.72,3.5448,18.2644,0.7357,0.2514,1.3081,0.0057,0.03,528.3
"Bird Island","BI10","BI10.13",512,481.3,482.2,481.8,481.8,0.475,6707,7815,7128,7166,554,0.02262,0.00177,74.38,25.62,1.28,54.35,2.72,27.17,2.72,3.3675,17.3849,0.897,0.309,1.6105,0.007,0.037,529.1
"Bird Island","BI10","BI10.13",513,482.5,483.6,483.1,483.1,0.575,6736,7838,7201,7223,551,0.02262,0.00175,81.05,18.95,0.95,84.24,4.21,42.12,4.21,4.8799,25.2609,0.9254,0.2164,1.1312,0.0049,0.026,530.4
"Bird Island","BI10","BI10.13",514,483.9,485.1,484.5,484.5,0.6,6759,7866,7279,7285,553,0.02262,0.00175,81.67,18.33,0.92,85.44,4.27,42.72,4.27,4.9832,25.8428,0.8978,0.2255,1.1806,0.0051,0.0271,531.3
"Bird Island","BI10","BI10.13",515,485.3,486.6,486,486,0.65,6782,7908,7363,7352,563,0.02262,0.00176,81.23,18.77,0.94,84.2,4.21,42.1,4.21,5.3984,28.0503,0.9009,0.1626,0.8532,0.0037,0.0196,532.4
"Bird Island","BI10","BI10.13",516,486.9,488.1,487.5,487.5,0.6,6800,7961,7442,7418,581,0.02262,0.0018,80.83,19.17,0.96,83.38,4.17,41.69,4.17,4.3544,22.6559,0.8501,0.1634,0.8584,0.0037,0.0197,533.3
"Bird Island","BI10","BI10.13",517,488.3,489.5,488.9,488.9,0.6,6817,8023,7513,7480,603,0.02237,0.00183,80.88,19.12,0.96,85.04,4.25,42.52,4.25,4.0559,21.1373,0.7421,0.1954,1.0279,0.0044,0.0233,534.3
"Bird Island","BI10","BI10.13",518,489.7,490.7,490.2,490.2,0.5,6841,8088,7574,7538,623,0.02106,0.00176,79.99,20.01,1,84.34,4.22,42.17,4.22,3.062,15.9821,1.0345,0.2143,1.1291,0.0045,0.0242,535.3
"Bird Island","BI10","BI10.13",519,491,492,491.5,491.5,0.5,6901,8101,7636,7600,600,0.02106,0.00168,79.77,20.23,1.01,76.36,3.82,38.18,3.82,2.9089,15.2093,0.8896,0.4251,2.2441,0.009,0.048,535.8
"Bird Island","BI10","BI10.13",520,492.2,493.2,492.7,492.7,0.5,6940,8113,7692,7657,587,0.02106,0.00164,77.11,22.89,1.14,68.62,3.43,34.31,3.43,3.9741,20.844,1.0483,0.3112,1.6477,0.0066,0.0352,537.3
"Bird Island","BI10","BI10.13",521,493.4,494.5,494,494,0.55,6965,8130,7752,7718,583,0.02106,0.00161,75.4,24.6,1.23,73.25,3.66,36.62,3.66,4.4692,23.4876,0.9464,0.3088,1.6381,0.0065,0.035,538.2
"Bird Island","BI10","BI10.13",522,494.8,495.8,495.3,495.3,0.5,6973,8151,7817,7780,589,0.02106,0.00162,76.89,23.11,1.16,69.32,3.47,34.66,3.47,3.9741,20.9234,0.8058,0.2422,1.2875,0.0051,0.0275,539.2
"Bird Island","BI10","BI10.13",523,496,497.1,496.6,496.6,0.525,6994,8171,7886,7842,589,0.02106,0.0016,78.69,21.31,1.07,78.57,3.93,39.29,3.93,4.0806,21.5229,0.8817,0.2388,1.2715,0.005,0.0272,540.1
"Bird Island","BI10","BI10.13",524,497.3,498.4,497.9,497.9,0.55,7007,8196,7960,7904,594,0.02106,0.00161,79.84,20.16,1.01,75.63,3.78,37.81,3.78,4.6678,24.6761,0.9632,0.2433,1.2983,0.0051,0.0277,541.3
"Bird Island","BI10","BI10.13",525,498.7,499.7,499.2,499.2,0.5,7038,8243,8028,7965,603,0.02597,0.00199,72.95,27.05,1.35,58.75,2.94,29.37,2.94,3.219,17.0301,1.1024,0.4089,2.1836,0.0106,0.0575,541.7
"Bird Island","BI10","BI10.13",526,499.9,501,500.4,500.4,0.55,7050,8289,8074,8012,620,0.04868,0.00382,74.38,25.62,1.28,40.45,2.02,20.23,2.02,4.5679,24.2374,0.9065,0.3122,1.6722,0.0152,0.0826,543.4
"Bird Island","BI10","BI10.13",527,501.2,502.3,501.8,501.8,0.525,7072,8298,8107,8040,613,0.04867,0.00376,76.61,23.39,1.17,69.36,3.47,34.68,3.47,3.8992,20.7185,0.8711,0.266,1.4265,0.0129,0.0704,544.1
"Bird Island","BI10","BI10.13",528,502.5,503.6,503.1,503.1,0.55,7091,8308,8138,8067,609,0.04868,0.00373,78.4,21.6,1.08,73.51,3.68,36.75,3.68,4.0849,21.7459,0.9602,0.2645,1.4212,0.0129,0.0702,545
"Bird Island","BI10","BI10.13",529,503.9,505.1,504.5,504.5,0.6,7103,8320,8171,8096,608,0.04867,0.00372,81.75,18.25,0.91,73.15,3.66,36.58,3.66,2.7224,14.494,0.722,0.1612,0.8663,0.0078,0.0428,545
