"Location","Site","Section","sample","min_depth","max_depth","midpoint","SH20_age","Fe","Fe_sd","Fe_ICP","Fe_ICP_sd","fit","lwr","upr"
"Bird Island","BI10","BI10.1",1,0,1.1,0.6,-55.4909090909091,0.143224007928989,0.0250797494449321,13959.03161,176.5369365,11925.7229200632,-21489.5502534962,45340.9960936226
"Bird Island","BI10","BI10.1",4,3.9,5,4.5,5.21666666666667,0.112262933580288,0.0146082797390089,9355.988249,27.23893955,10415.615075823,-23005.2700971599,43836.5002488059
"Bird Island","BI10","BI10.1",10,11.7,12.8,12.3,132.083333333333,0.027866194043187,0.00482223307186242,3942.206507,48.5012016,6299.21468971609,-27143.0455541369,39741.4749335691
"Bird Island","BI10","BI10.1",22,26.7,27.8,27.2,382.866666666667,0.0367120829530544,0.00347254981734576,4568.280308,27.82191253,6730.66761934058,-26708.935378159,40170.2706168402
"Bird Island","BI10","BI10.1",30,36.3,37.2,36.7,541.72,0.207073049052006,0.0224597692355202,18556.10587,33.23324312,15039.9216316829,-18367.5608387244,48447.4041020903
"Bird Island","BI10","BI10.1",34,40.9,41.9,41.4,618.7,0.260874255511813,0.0213628112335968,34440.81517,173.6494448,17664.0432299682,-15740.8317127954,51068.9181727319
"Bird Island","BI10","BI10.2",45,44,45,44.5,670.06,0.158431904362763,0.0280132085724999,25853.87296,38.38777974,12667.4789534742,-20745.4762745954,46080.4341815439
"Bird Island","BI10","BI10.2",51,51.9,52.9,52.4,800.245454545455,0.0234294688928508,0.00408125436497116,26327.35852,199.5705658,6082.81607974532,-27360.8136578459,39526.4458173365
"Bird Island","BI10","BI10.2",54,55.3,56.3,55.8,856.145454545455,0.0187467853549968,0.0018317160303132,20544.92897,1107.050592,5854.42099684327,-27590.6807668895,39299.5227605761
"Bird Island","BI10","BI10.2",62,64.4,65.4,64.9,1005.71818181818,0.0654340247240989,0.0082405940373459,2355.109726,9.689444316,8131.56311417297,-25300.0847863515,41563.2110146975
"Bird Island","BI10","BI10.2",67,70.1,71.2,70.6,1100.56666666667,0.0479451649732148,0.00829791341692664,6242.966621,15.13819392,7278.55446210933,-26157.8148036829,40714.9237279016
"Bird Island","BI10","BI10.2",71,74.7,75.8,75.2,1174.81666666667,0.0484892211763393,0.00553297101087372,3694.801697,28.74082309,7305.09047732613,-26131.1261631221,40741.3071177743
"Bird Island","BI10","BI10.2",81,86.5,87.5,87,1349.67272727273,0.0407344743540223,0.0069105661856116,6284.597012,38.94604963,6926.85734902484,-26511.5696157532,40365.2843138029
"Bird Island","BI10","BI10.3",88,84.8,85.8,85.3,1324,0.027342055328303,0.00258579398420262,3753.765384,11.81590071,6273.65013805028,-27168.7706147732,39716.0708908738
"Bird Island","BI10","BI10.3",95,93,94,93.5,1444.54545454545,0.0827216799123529,0.0180747545294186,11390.75321,93.133272,8974.75813429016,-24452.5977803755,42402.1140489559
"Bird Island","BI10","BI10.3",98,96.3,97.3,96.8,1492.28181818182,0.0832039936595231,0.0085496115741001,7073.372392,64.24483976,8998.28269822433,-24428.9588212354,42425.5242176841
"Bird Island","BI10","BI10.3",104,103.2,104.2,103.7,1595.6,0.0371329093849486,0.0130808042270477,1987.252608,27.50554815,6751.19317632577,-26688.2858386123,40190.6721912638
"Bird Island","BI10","BI10.3",114,114.9,115.9,115.4,1769.91818181818,0.166037982124614,0.020055641009245,15892.74003,5.384076861,13038.460837459,-20373.4435253373,46450.3652002552
"Bird Island","BI10","BI10.3",120,121.8,122.7,122.3,1872.71,0.0332275075925488,0.012437900867346,4238.013215,41.30378848,6560.70954467943,-26879.9285509848,40001.3476403436
"Bird Island","BI10","BI10.4",135,129.4,130.4,129.9,1986.59090909091,0.4003090866538,0.0386140112696064,3019.385269,15.63993365,24464.8935459607,-8950.07128700196,57879.8583789233
"Bird Island","BI10","BI10.4",145,141,142,141.5,2162.97272727273,0.0609883475552364,0.00979935076737147,36760.73258,176.9107347,7914.72787486414,-25518.0840308418,41347.5397805701
"Bird Island","BI10","BI10.4",155,152.7,153.8,153.2,2335.40833333333,0.181083286484725,0.0427678236137235,6074.810846,90.83067827,13772.2865399297,-19637.7521349063,47182.3252147658
"Bird Island","BI10","BI10.4",165,164.8,165.8,165.3,2517.27272727273,0.144729320797511,0.0780355094763976,49049.46764,602.4649613,11999.1436529871,-21415.8871970026,45414.1745029767
"Bird Island","BI10","BI10.4",168,168.4,170,169.2,2576.01176470588,0.131410262218918,0.00992088274764029,51904.82693,633.5042142,11349.5145538511,-22067.7586845056,44766.7877922078
"Bird Island","BI10","BI10.5",181,174.6,175.6,175.1,2667,0.164416048385158,0.0221821228733235,34127.39087,180.3909133,12959.3519914543,-20452.7703941921,46371.4743771007
"Bird Island","BI10","BI10.5",191,186.6,187.6,187.1,2847.45454545455,0.320331637901964,0.0521155378387738,29114.97389,241.7735926,20564.0414191178,-12842.1629177808,53970.2457560164
"Bird Island","BI10","BI10.5",194,190.3,191.3,190.8,2903.10909090909,0.461435399837473,0.0514405178974456,24845.10488,215.0112593,27446.2928342584,-5980.75670659631,60873.3423751131
"Bird Island","BI10","BI10.5",197,194,195,194.5,2954.41818181818,0.541551596409504,0.0813820606797016,27055.53366,347.4235335,31353.9123028701,-2096.03728088675,64803.8618866269
"Bird Island","BI10","BI10.5",202,199.9,200.8,200.3,3041.91111111111,0.688644489536627,0.201655044349903,70333.76898,854.1412459,38528.2800021802,5015.48768722613,72041.0723171343
"Bird Island","BI10","BI10.6",218,209.5,210.5,210,3183,0.593663475842797,0.0671905172545221,107255.388,1659.164889,33895.6379879679,426.50027448999,67364.7757014458
"Bird Island","BI10","BI10.6",228,221.4,222.4,221.9,3362.6,0.291407193848076,0.0300527486595399,46161.88967,524.1315649,19153.2689968134,-14251.7363551564,52558.2743487832
"Bird Island","BI10","BI10.6",239,234.2,235.2,234.7,3550.09090909091,0.611687155778378,0.0646441864788834,28337.51625,150.1728069,34774.7321739853,1298.17168495298,68251.2926630177
"Bird Island","BI10","BI10.6",247,243.9,245,244.5,3699.925,0.213757549524599,0.0480937970677107,68261.38783,1004.21079,15365.9541357492,-18041.0074305225,48772.9157020209
"Bird Island","BI10","BI10.7",259,250.7,251.7,251.2,3790.45,0.150564855573485,0.0275482913431803,23779.92504,84.31463012,12283.7683640448,-21130.3498530308,45697.8865811203
"Bird Island","BI10","BI10.7",271,265,266,265.5,3978.94545454545,0.678443373297186,0.0903210596677084,58747.48129,702.1728764,38030.7266718374,4523.15938443943,71538.2939592354
"Bird Island","BI10","BI10.7",280,275.9,276.9,276.4,4128.55454545455,0.289582415546689,0.0311862781457737,49872.72804,195.5233093,19064.2665288793,-14340.6982694179,52469.2313271766
"Bird Island","BI10","BI10.8",300,289.7,290.8,290.3,4314.73333333333,2.11122385001929,0.29932355215321,73040.17367,1106.313667,107913.735659318,72458.1407647879,143369.330553848
"Bird Island","BI10","BI10.8",303,293.4,294.4,293.9,4365.28181818182,1.07949347247628,0.160269254238297,74836.34761,1508.582346,57591.7048821781,23782.3378957719,91401.0718685843
"Bird Island","BI10","BI10.8",311,303.1,304,303.6,4492.98,0.985713205038771,0.120762385565505,65108.07757,794.4594063,53017.6285469274,19296.438043912,86738.8190499428
"Bird Island","BI10","BI10.8",318,311.7,312.8,312.2,4610.66666666667,0.74931292497391,0.0771155826481824,88890.89611,1660.843449,41487.3465778356,7940.8191048634,75033.8740508079
"Bird Island","BI10","BI10.8",326,321.7,322.8,322.2,4729.33333333333,0.2374679626441,0.096078149299247,76198.44633,424.3239232,16522.415324359,-16883.1491649303,49927.9798136483
"Bird Island","BI10","BI10.9",342,332.1,333.1,332.6,4891.35454545455,1.69027085595219,0.682673721946787,244762.4318,2521.469387,87382.0056799991,52743.3873905014,122020.623969497
"Bird Island","BI10","BI10.9",348,339.5,340.5,340,5008.74545454545,0.575762571332736,0.126393949024666,33059.50476,411.0830407,33022.5320997424,-439.633241772048,66484.6974412568
"Bird Island","BI10","BI10.9",361,355.7,356.7,356.2,5262.19090909091,0.527856831062724,0.143732981314804,19940.78074,195.2603694,30685.9583313029,-2759.50976918863,64131.4264317944
"Bird Island","BI10","BI10.9",365,360.7,361.7,361.2,5341.56,1.43597597143146,0.161210826092423,91742.56196,2210.042469,74978.925104049,40738.3877631479,109219.46244495
"Bird Island","BI10","BI10.9",372,369.1,371,370.1,5483.135,0.915286441779178,0.219167269348178,63330.72521,818.7355802,49582.605380581,15920.607711046,83244.603050116
"Bird Island","BI10","BI10.10",379,367.3,368.4,367.9,5447.30909090909,0.829212799019265,0.0909861913753162,69886.15056,651.9486024,45384.4150448658,11786.5263061124,78982.3037836191
"Bird Island","BI10","BI10.10",386,375.7,376.6,376.1,5581.52,0.618946493730616,0.156181217901675,54047.68966,417.3743136,35128.8020315814,1649.13784009325,68608.4662230696
"Bird Island","BI10","BI10.10",390,380.5,381.5,381,5660.04545454545,0.673403130161183,0.19592067187738,40132.04847,295.2089979,37784.8918338459,4279.85857108831,71289.9250966035
"Bird Island","BI10","BI10.10",392,382.9,384,383.4,5698.00833333333,0.940001033642607,0.168024111558699,54152.91453,901.2653807,50788.044785552,17105.9636369517,84470.1259341522
"Bird Island","BI10","BI10.10",396,387.7,388.8,388.2,5774.45833333333,0.0905597155873309,0.1127328423924,20119.39045,302.8601579,9357.05362645921,-24068.4792462196,42782.5864991381
"Bird Island","BI10","BI10.10",403,396.3,397.4,396.8,5914.69166666667,0.739371860346429,0.13404348999507,51021.42539,1449.62635,41002.4771089993,7461.78919765489,74543.1650203436
"Bird Island","BI10","BI10.10",410,404.6,405.6,405.1,6045.02727272727,1.0339958959543,0.150291645847539,34088.22199,467.7014564,55372.5878571694,21607.3300706236,89137.8456437152
"Bird Island","BI10","BI10.11",422,409.9,410.9,410.4,6127.60909090909,0.383671696243627,0.0822725343329765,28823.89617,530.2032916,23653.4148006456,-9759.06895718395,57065.8985584752
"Bird Island","BI10","BI10.11",424,412.2,413.2,412.7,6161.61818181818,0.448312395698123,0.0604652837404012,30935.30845,285.0900353,26806.2261728875,-6617.83559683471,60230.2879426097
"Bird Island","BI10","BI10.11",427,415.8,416.8,416.3,6233.21818181818,0.364844799473502,0.0662111855589874,34349.06054,445.4522315,22735.1441949468,-10674.9492296661,56145.2376195598
"Bird Island","BI10","BI10.11",439,430.3,431.3,430.8,6633.50909090909,0.363166646995915,0.0565864856800114,29282.54803,328.5573862,22653.2933136856,-10756.6085537989,56063.19518117
"Bird Island","BI10","BI10.11",443,435.2,436.3,435.7,6779.31666666667,0.367193314618594,0.075041685989928,32219.65007,365.8178032,22849.6916135208,-10560.6757995244,56260.059026566
"Bird Island","BI10","BI10.11",449,442.8,443.8,443.3,6996.89090909091,0.551055332200547,0.0962087379441035,16700.79088,224.4526933,31817.4513198307,-1635.74559443592,65270.6482340972
"Bird Island","BI10","BI10.12",461,447.5,448.7,448.1,7135.69230769231,0.378864262737884,0.0961505610800055,37075.7818,437.2164977,23418.9351128311,-9992.8961527221,56830.7663783843
"Bird Island","BI10","BI10.12",465,452.8,453.9,453.4,7290.50833333333,1.58229542858362,0.225272668200138,29511.5462,32.1048001,82115.5689272541,47654.9930164362,116576.144838072
"Bird Island","BI10","BI10.12",469,458.3,459.3,458.8,7450.61818181818,0.388768628188269,0.174259650145155,35173.56997,618.3618955,23902.014601301,-9511.19248861733,57315.2216912193
"Bird Island","BI10","BI10.12",475,466.1,467.2,466.6,7672.18333333333,0.300075495161314,0.0369436046863341,30813.78663,1575.735471,19576.0601978528,-13829.1946769516,52981.3150726573
"Bird Island","BI10","BI10.12",479,471.4,472.4,471.9,7821.06363636364,0.373731792300875,0.047188438989717,13189.89932,129.6827163,23168.6019435112,-10242.5645972341,56579.7684842565
"Bird Island","BI10","BI10.12",484,478.2,479.2,478.7,8011.50909090909,0.130120057238328,0.0186842381822985,10103.92743,578.8562016,11286.5855792321,-22130.916652106,44704.0878105702
"Bird Island","BI10","BI10.13",506,473.4,474.5,474,7881.69166666667,0.483439449297913,0.07100305851285,33521.67785,153.1315042,28519.5271581395,-4913.01450616094,61952.0688224399
"Bird Island","BI10","BI10.13",519,491,492,491.5,8384.23636363636,0.426671594137679,0.139202982666957,19102.04921,190.2959459,25750.709047609,-7668.89534634336,59170.3134415614
"Bird Island","BI10","BI10.13",522,494.8,495.8,495.3,8490.03636363636,0.603455945565189,0.272556068085379,17067.4608,48.08420766,34373.2598293718,900.139336953478,67846.3803217901
"Bird Island","BI10","BI10.13",525,498.7,499.7,499.2,8597.97,1.07000379303758,0.256179567274988,32079.57549,646.9348498,57128.8514553781,23328.8910043637,90928.8119063925
"Bird Island","BI10","BI10.13",529,503.9,505.1,504.5,8738.44,0.965415132920008,0.331231706174845,40180.34818,163.829273,52027.6022453762,18324.0920273732,85731.1124633791
"Isla Hermite","HER42PB","HER42PB_1A",3,2.5,3.7,3.1,-30.6269230769231,0.245809700671314,0.0400784844285134,14682.28264,138.0134568,16929.2785968547,-16475.9615631867,50334.518756896
"Isla Hermite","HER42PB","HER42PB_1A",5,5.3,6.5,5.9,-1.38846153846154,0.368575817346345,0.0470855282376843,16189.75967,153.8027168,22917.1223554371,-10493.4095707339,56327.6542816082
"Isla Hermite","HER42PB","HER42PB_1A",7,8.1,9.3,8.7,27.85,0.890385049104201,0.115896726630915,16934.94085,255.7176068,48368.0548779894,14725.537426233,82010.5723297459
"Isla Hermite","HER42PB","HER42PB_1A",9,10.9,12.1,11.5,56.4453846153846,0.707278703618631,0.164579475862222,17138.00234,174.8076238,39437.152625254,5914.48309931339,72959.8221511946
"Isla Hermite","HER42PB","HER42PB_1A",13,16.3,17.5,16.9,110.519230769231,0.130594667359459,0.0137011000038857,13667.24784,118.9050562,11309.7344034235,-22107.6833495917,44727.1521564387
"Isla Hermite","HER42PB","HER42PB_1A",16,20.5,21.6,21.1,152.406666666667,0.24461899063775,0.0471519285716569,11986.74089,38.35757086,16871.2024286426,-16534.0787020233,50276.4835593086
"Isla Hermite","HER42PB","HER42PB_1A",20,26.1,27.3,26.7,210.763076923077,0.283322733406586,0.028321083371267,14179.20706,59.55266965,18758.9542843572,-14645.9030460337,52163.811614748
"Isla Hermite","HER42PB","HER42PB_1A",25,33.1,34.1,33.6,281.104545454545,0.785519400608791,0.0546460325275748,35487.97724,670.7227699,43253.2957258768,9684.46871560053,76822.122736153
"Isla Hermite","HER42PB","HER42PB_1A",28,37.1,38.2,37.7,321.895,0.607179053129661,0.110584408377921,25321.34917,194.9743886,34554.8521693125,1080.1861420197,68029.5181966053
"Isla Hermite","HER42PB","HER42PB_1A",31,41.2,42.3,41.7,363.2825,0.60185913444454,0.175238081966593,30348.25974,264.0298597,34295.3763240417,822.913419438933,67767.8392286445
"Isla Hermite","HER42PB","HER42PB_1B",40,43.1,44.2,43.7,382.52,0.496796587422656,0.083066844631704,27170.31131,309.741549,29171.0135643152,-4265.15664489446,62607.1837735249
"Isla Hermite","HER42PB","HER42PB_1B",48,54,55.1,54.5,493.1425,0.222524031644431,0.0142899021833543,13872.977,234.4533113,15793.5340467837,-17612.8290615751,49199.8971551426
"Isla Hermite","HER42PB","HER42PB_1B",50,56.7,57.8,57.2,520.634166666667,0.19698887578328,0.0254344885959359,10017.06936,131.2236086,14548.0721246447,-18860.3018972586,47956.4461465481
"Isla Hermite","HER42PB","HER42PB_1B",56,64.7,65.8,65.2,601.545833333333,0.241841066693528,0.0241680385716657,18126.438,242.8942692,16735.7108532655,-16669.6727557704,50141.0944623014
"Isla Hermite","HER42PB","HER42PB_1B",60,69.9,70.9,70.4,653.46,0.266176272951862,0.0493797580796936,18736.05749,219.2118727,17922.6459527401,-15482.1679784241,51327.4598839042
"Isla Hermite","HER42PB","HER42PB_1B",63,73.7,74.8,74.3,692.363333333333,0.194558346817857,0.0329413305570109,13972.31801,76.84774904,14429.5245311407,-18979.0833922051,47838.1324544864
"Isla Hermite","HER42PB","HER42PB_1B",69,81.5,82.5,82,770.521818181818,0.821262785725769,0.0690594785704349,29131.62831,367.0585168,44996.6579114694,11404.2317918901,78589.0840310488
"Isla Hermite","HER42PB","HER42PB_1C",80,86.5,87.8,87.2,822.286923076923,0.594421722616241,0.120380753859739,22528.01628,74.34245371,33932.6210198728,463.179171989177,67402.0628677564
"Isla Hermite","HER42PB","HER42PB_1C",86,94.8,96,95.4,906.45,0.251110034880841,0.0250060049498678,16524.5867,115.6721069,17187.7992210667,-16217.2800765725,50592.8785187059
"Isla Hermite","HER42PB","HER42PB_1C",90,100.2,101.4,100.8,961.955384615385,0.134538828180619,0.039134129699418,17616.22911,348.8013364,11502.1084834666,-21914.6181146736,44918.8350816069
"Isla Hermite","HER42PB","HER42PB_1C",91,101.6,103.1,102.3,977.5775,0.175591852595757,0.0372594692539474,15409.2047,118.6508762,13504.4451433922,-19906.2417036494,46915.1319904339
"Isla Hermite","HER42PB","HER42PB_1C",97,109.8,111,110.4,1058.64692307692,0.492370013834858,0.147131152816769,17175.5766,190.6489003,28955.1100907227,-4479.83295818032,62390.0531396258
"Isla Hermite","HER42PB","HER42PB_1C",104,119.2,120.3,119.8,1151.60416666667,0.233766253487662,0.044474686599413,29105.71327,436.5856991,16341.8666789446,-17063.8696114417,49747.6029693309
"Isla Hermite","HER42PB","HER42PB_1D",118,127.3,128.4,127.8,1233.23666666667,0.112329442594434,0.0531037992468421,12943.05626,174.7312595,10418.8590131245,-23002.0128211066,43839.7308473556
"Isla Hermite","HER42PB","HER42PB_1D",121,130.9,132.2,131.6,1270.93,0.0696842289374881,0.0169737306026167,7988.703067,69.50171668,8338.86427723907,-25091.6938556081,41769.4224100863
"Isla Hermite","HER42PB","HER42PB_1D",131,143.2,144.4,143.8,1396.85230769231,0.0596451516202559,0.0201848401635438,12805.9724,112.6925571,7849.21429820588,-25583.954144972,41282.3827413837
"Isla Hermite","HER42PB","HER42PB_1D",137,150.7,151.9,151.3,1480.03461538462,0.0524785400462437,0.0149897341988903,6997.205183,47.58099524,7499.66711413044,-25935.4416716014,40934.7758998623
"Isla Hermite","HER42PB","HER42PB_1D",144,159.2,160.3,159.8,1611.23,0.15366933525048,0.0243060523103748,14513.69839,79.82534112,12435.1874995604,-20978.4625421989,45848.8375413197
"Isla Hermite","HER42PB","HER42PB_1D",147,162.9,164.1,163.5,1669.44846153846,0.187981855456161,0.0701062683518091,10760.96847,63.48971398,14108.760106721,-19300.5177335939,47518.0379470359
"Isla Hermite","HER42PB","HER42PB_1E",158,169.3,170.5,169.9,1768.77461538462,0.0697478180860305,0.0123177134301045,3223.639501,23.21020441,8341.96579984585,-25088.5761996551,41772.5077993468
"Isla Hermite","HER42PB","HER42PB_1E",162,175.6,176.8,176.2,1865.00538461538,0.0698862076976538,0.0172955217125908,11941.27554,120.606883,8348.71567020629,-25081.7912355938,41779.2225760064
"Isla Hermite","HER42PB","HER42PB_1E",166,181.9,183.1,182.5,1961.41923076923,0.112287477995967,0.0271183629788389,10687.50441,196.6500812,10416.8122149866,-23004.0680348344,43837.6924648075
"Isla Hermite","HER42PB","HER42PB_1E",174,194.9,196.1,195.5,2158.50153846154,0.0522761106949757,0.00754085002252266,6996.743289,76.26450185,7489.79374385228,-25945.3707795027,40924.9582672073
"Isla Hermite","HER42PB","HER42PB_1E",179,202.5,203.6,203,2273.88416666667,0.0772190112581585,0.0262998849408243,9342.936185,56.05761711,8706.36876881252,-24722.3128219165,42135.0503595415
"Isla Hermite","HER42PB","HER42PB_1F",184,201.4,202.5,202,2256.42833333333,0.19051108050169,0.0441476449488812,13791.08364,99.29580218,14232.1215423768,-19176.8922583462,47641.1353430999
"Isla Hermite","HER42PB","HER42PB_1F",189,208.1,209.3,208.7,2363.54384615385,0.0836286862284939,0.017668329335355,11345.31869,169.0452485,9018.99682372819,-24408.1442075227,42446.1378549791
"Isla Hermite","HER42PB","HER42PB_1F",191,210.9,212.2,211.5,2407.86357142857,0.069888988079514,0.0117980929865258,8584.603441,67.81836719,8348.85128166504,-25081.6549193134,41779.3574826434
"Isla Hermite","HER42PB","HER42PB_1F",197,219.3,220.5,219.9,2535.41461538462,0.150646247538206,0.0528839811896264,7683.311513,116.786335,12287.7382083402,-21126.3675805624,45701.8439972428
"Isla Hermite","HER42PB","HER42PB_1F",200,223.4,224.6,224,2595.94769230769,0.0578001888901683,0.0145525494411667,9567.109814,296.5804042,7759.22734685989,-25674.4344916049,41192.8891853247
"Isla Hermite","HER42PB","HER42PB_1F",205,230.3,231.5,230.9,2697.92846153846,0.101810946603984,0.0154261932497624,5459.728289,96.63719072,9905.82567565394,-23517.2243491012,43328.8757004091
"Isla Hermite","HER42PB","HER42PB_1F",209,235.8,236.9,236.4,2780.0925,0.147458597400166,0.0348197076918259,11114.88978,65.5778497,12132.2624834369,-21282.3362315786,45546.8611984524
"Isla Hermite","HER42PB","HER42PB_1F",211,238.4,239.5,239,2819.29,0.12912110142995,0.0305049213743589,13675.84016,83.42262495,11237.8621084219,-22179.8188517465,44655.5430685902
"Isla Hermite","HER42PB","HER42PB_1F",213,241.1,242.3,241.7,2859.43,0.13088590935516,0.03487301985062,12238.61735,116.2668648,11323.9395572023,-22093.4264954629,44741.3056098675
"Isla Hermite","HER42PB","HER42PB_1G",224,246.9,248.1,247.5,2943.97461538462,0.0495191761945198,0.010064899729819,16448.97625,47.70203112,7355.32591601446,-26080.6027997273,40791.2546317562
"Isla Hermite","HER42PB","HER42PB_1G",231,256.4,257.6,257,3049.39,0.0448409516005816,0.0247110104597578,12270.07289,93.25255394,7127.14831542936,-26310.0988445068,40564.3954753655
"Isla Hermite","HER42PB","HER42PB_1G",232,257.7,258.9,258.3,3062.22846153846,0.0370770383958641,0.00888921198120163,5685.831956,159.771878,6748.46810232053,-26691.0273604412,40187.9635650822
"Isla Hermite","HER42PB","HER42PB_1G",236,263.2,264.4,263.8,3116.22307692308,0.0416385199833232,0.00592599685951708,5669.96572,48.19470862,6970.95163273679,-26467.213791542,40409.1170570155
"Isla Hermite","HER42PB","HER42PB_1G",240,268.6,269.8,269.2,3169.09230769231,0.0259261479594642,0.00563132841068374,6876.421266,98.3328241,6204.59010478659,-27238.2659586846,39647.4461682577
"Isla Hermite","HER42PB","HER42PB_1G",245,275.2,276.4,275.8,3233.34153846154,0.0288214607503484,0.00655645184652427,5833.148328,24.49922298,6345.80725080035,-27096.1613389451,39787.7758405457
"Isla Hermite","HER42PB","HER42PB_1G",253,285.8,286.9,286.3,3335.24833333333,0.196175148125104,0.0787491936462073,7738.954402,137.7533884,14508.3830458406,-18900.0684625003,47916.8345541815
"Isla Hermite","HER42PB","HER42PB_1H",260,285,286.2,285.6,3328.03692307692,0.111982730599208,0.0224152913316316,11631.52569,126.78363,10401.9483433659,-23018.9930865451,43822.8897732768
"Isla Hermite","HER42PB","HER42PB_1H",264,290.3,291.5,290.9,3378.91846153846,0.0293328483298647,0.00795588334968055,5101.984158,48.97904792,6370.74987348124,-27071.0630511226,39812.5627980851
"Isla Hermite","HER42PB","HER42PB_1H",269,297,298.2,297.6,3442.75846153846,0.0984403292283883,0.010837145608705,9470.00065,204.552014,9741.42583340385,-23682.3514147794,43165.2030815871
"Isla Hermite","HER42PB","HER42PB_1H",273,302.3,303.5,302.9,3494.21153846154,0.0755500690830905,0.0147295633954511,8155.795786,28.54528525,8624.96711453629,-24804.1240186839,42054.0582477565
"Isla Hermite","HER42PB","HER42PB_1H",278,309.3,310.6,309.9,3563.64071428571,0.147685337366479,0.035859500476262,12716.46571,133.52289,12143.3215893929,-21271.2416439394,45557.8848227252
"Isla Hermite","HER42PB","HER42PB_1H",281,313.5,314.8,314.2,3603.44,0.170509965653507,0.0181475655288896,13604.27869,288.4107083,13256.579153711,-20154.7411096391,46667.8994170612
"Isla Hermite","HER42PB","HER42PB_1H",286,320.5,321.8,321.1,3669.60384615385,0.0931643284231566,0.0256161333954348,9836.302432,67.87048678,9484.09205640162,-23940.8519885225,42909.0361013257
"Isla Hermite","HER42PB","HER42PB_1I",301,332.1,333.3,332.7,3782.35692307692,0.0819113194787141,0.0161997260212862,11924.50104,189.5995666,8935.2332898446,-24492.3154799175,42362.7820596067
"Isla Hermite","HER42PB","HER42PB_1I",303,334.9,336.2,335.6,3810.93642857143,0.0830786842491913,0.0164864077095991,11671.94395,447.0354534,8992.17080684201,-24435.1004055922,42419.4420192763
"Isla Hermite","HER42PB","HER42PB_1I",312,347.6,348.8,348.2,4016.98,0.0466203633292619,0.00889870403923113,3792.695713,111.8845235,7213.93805597097,-26222.8044033998,40650.6805153417
"Isla Hermite","HER42PB","HER42PB_1I",317,354.3,355.4,354.9,4144.90083333333,0.216055438950969,0.0239254197868891,14268.60462,18.54918601,15478.032315236,-17928.7630881344,48884.8277186065
"Isla Hermite","HER42PB","HER42PB_1I",320,358.3,359.6,358.9,4223.08571428571,0.189278806983401,0.0503058457373862,10730.82606,209.2511082,14172.0181401092,-19237.1233053077,47581.1595855262
"Isla Hermite","HER42PB","HER42PB_1I",322,361,362.2,361.6,4273.55307692308,0.353837813182768,0.0435910707502028,19294.05726,55.95276604,22198.285035866,-11210.6161527949,55607.1862245269
"Isla Hermite","HER42PB","HER42PB_1J",335,369.7,370.8,370.2,4438.2275,0.297153227686345,0.0367695628602412,21529.71781,161.4728836,19433.5283532786,-13971.6319017535,52838.6886083108
"Isla Hermite","HER42PB","HER42PB_1J",340,376.7,377.9,377.3,4574.44,0.198017442803497,0.0183795606250698,23564.0081,197.937668,14598.2398645643,-18810.0373976552,48006.5171267838
"Isla Hermite","HER42PB","HER42PB_1J",342,379.6,380.9,380.3,4631.57428571429,0.141618778810196,0.0324136393763857,19367.63702,404.7836136,11847.4288319192,-21568.1058691749,45262.9635330133
"Isla Hermite","HER42PB","HER42PB_1J",346,385.3,386.5,385.9,4743.01769230769,0.117977730480508,0.0324035699526939,28458.15526,623.2336001,10694.3508693574,-22725.4083267859,44114.1100655006
"Isla Hermite","HER42PB","HER42PB_1J",349,389.6,390.9,390.2,4828.70428571429,0.203397928917949,0.0578184176224581,22717.61164,131.7621475,14860.6698498985,-18547.122815784,48268.462515581
"Isla Hermite","HER42PB","HER42PB_1J",352,394,395.2,394.6,4912.70923076923,0.237225867730317,0.0597181629753572,10907.12191,205.0538919,16510.6072900435,-16894.9679114499,49916.182491537
"Isla Hermite","HER42PB","HER42PB_1J",353,395.4,396.6,396,4939.73076923077,0.227364817165,0.0232052499314018,13769.49752,214.8041612,16029.6404591312,-17376.4333714168,49435.7142896793
"Kerguelen","KER1","CAT1-S1-1A",1,0,1.4,0.7,-43.6,0.0579766911170927,0.0217325304019975,32678.58936,69.15812421,7767.83613718811,-25665.778315896,41201.4505902722
"Kerguelen","KER1","CAT1-S1-1A",3,3.1,4.7,3.9,3.97058823529412,1.03923653159656,0.317761356003309,48738.7654,1007.282625,55628.1967195445,21857.9857868441,89398.4076522448
"Kerguelen","KER1","CAT1-S1-1A",5,6.4,7.8,7.1,59.76,1.42615643072949,0.466889048504849,40886.55616,685.9688045,74499.9828918417,40273.32725844,108726.638525243
"Kerguelen","KER1","CAT1-S1-1A",7,9.3,10.6,9.9,108.485714285714,0.564731041389849,0.223576236701102,18707.63044,91.41985794,32484.4758387385,-973.59129488685,65942.5429723639
"Kerguelen","KER1","CAT1-S1-1A",8,10.7,12,11.4,130.207142857143,0.486752658920329,0.200492088212665,35630.07615,399.9479647,28681.1269716367,-4752.29398957668,62114.54793285
"Kerguelen","KER1","CAT1-S1-1A",9,12.1,13.6,12.8,153.175,0.276330438234369,0.219079926714402,13008.32214,299.9003674,18417.9092782994,-14986.8859529561,51822.7045095549
"Kerguelen","KER1","CAT1-S1-1A",11,15.1,16.5,15.8,212.526666666667,0.13027522169526,0.0232624996877877,9929.222192,271.9387073,11294.1536326181,-22123.32094923,44711.6282144662
"Kerguelen","KER1","CAT1-S1-1A",13,18,19.4,18.7,308.48,0.200572546895503,0.097608152176003,4020.387316,67.74261464,14722.8635352009,-18685.1790868777,48130.9061572796
"Kerguelen","KER1","CAT1-S1-1A",17,24,25.5,24.7,466.2125,0.241380649084707,0.0264484314399348,18207.37633,174.7467358,16713.2542603555,-16692.1472659673,50118.6557866782
"Kerguelen","KER1","CAT1-S1-1A",20,28.6,30,29.3,587.28,0.166585397393274,0.0266575457807686,11359.78762,111.3855993,13065.1606890839,-20346.6708314602,46476.992209628
"Kerguelen","KER1","CAT1-S1-1A",23,33,34.4,33.7,665.746666666667,0.798869921588664,0.329617780474811,33851.35179,363.6703835,43904.4593847776,10327.0019176692,77481.916851886
"Kerguelen","KER1","CAT1-S1-1A",25,35.9,37.2,36.6,716.192857142857,0.782795913244387,0.212447429459028,14577.34124,114.825693,43120.4592620527,9553.36588105078,76687.5526430546
"Kerguelen","KER1","CAT1-S1-1A",26,37.3,38.7,38,744.413333333333,0.669462483039324,0.173253277782061,29657.04588,109.2912388,37592.6891323802,4089.615129763,71095.7631349974
"Kerguelen","KER1","CAT1-S1-1A",27,38.8,40.1,39.4,772.55,0.798038336637644,0.234926506400487,27516.05179,192.625989,43863.8993272181,10286.9858511585,77440.8128032777
"Kerguelen","KER1","CAT1-S1-1A",28,40.2,41.6,40.9,799.733333333333,0.719958909420408,0.229489513981909,18335.53114,296.2920325,40055.6220631095,6525.9855688925,73585.2585573265
"Kerguelen","KER1","CAT1-S1-1B",36,45.1,46.2,45.6,888.225,0.943994146520768,0.227958199807569,37854.28444,235.7764508,50982.806472835,17297.4104896658,84668.2024560041
"Kerguelen","KER1","CAT1-S1-1B",40,50.7,52.1,51.4,1089.45333333333,0.710975196878917,0.175220904927349,31170.92403,513.3314228,39617.4468684598,6092.76689736245,73142.1268395572
"Kerguelen","KER1","CAT1-S1-1B",41,52.3,53.6,53,1213.32142857143,1.1946851816668,0.268732721013067,33869.91213,564.3448783,63210.1114555709,29277.9268850463,97142.2960260955
"Kerguelen","KER1","CAT1-S1-1B",46,59.9,61.2,60.5,1808.84285714286,0.361747548984184,0.0625581515374575,12808.45152,155.8409567,22584.0776587272,-10825.6649694587,55993.8202869131
"Kerguelen","KER1","CAT1-S1-1B",49,64.4,65.8,65.1,2110.62666666667,0.35682340845175,0.0912893388818327,14380.32761,84.43624491,22343.9056556364,-11065.3039513404,55753.1152626132
"Kerguelen","KER1","CAT1-S1-1B",51,67.6,68.9,68.3,2364.32142857143,0.24413728820214,0.0168782924131349,4883.677754,28.13610288,16847.7076810634,-16557.5905280629,50253.0058901897
"Kerguelen","KER1","CAT1-S1-1B",57,76.5,77.9,77.2,3056.76,0.118072006217968,0.00928078279833905,8920.913751,261.941093,10698.949111946,-22720.7918512163,44118.6900751083
"Kerguelen","KER1","CAT1-S1-1C",69,86.1,87.5,86.8,3452.74666666667,0.118948691191309,0.0156504114284871,6816.274673,92.89896956,10741.7088960626,-22677.8630473404,44161.2808394657
"Kerguelen","KER1","CAT1-S1-1C",73,92.4,93.7,93.1,3631.13571428571,0.112364452466112,0.00845395044929921,5710.94941,95.31310828,10420.5665986317,-23000.2982163948,43841.4314136583
"Kerguelen","KER1","CAT1-S1-1C",80,103.1,104.5,103.8,3940.82666666667,0.106007296532461,0.0315724461337823,3225.774563,68.32973981,10110.5001282521,-23311.6643431495,43532.6645996536
"Kerguelen","KER1","CAT1-S1-1C",86,112.2,113.6,112.9,4208.64,0.0764693416163554,0.00724867336369666,4542.425909,37.35777084,8669.80408136255,-24759.0610411107,42098.6692038358
"Kerguelen","KER1","CAT1-S1-1C",93,122.9,124.1,123.5,4497.10769230769,0.0778754766753175,0.00494329625165176,4414.084703,51.03978495,8738.38747606923,-24690.1339768966,42166.908929035
"Kerguelen","KER1","CAT1-S1-1D",105,130.3,131.4,130.8,4654.675,0.0857252018282889,0.006587476000201,3780.979575,30.53025131,9121.25311552109,-24305.3951496851,42547.9013807272
"Kerguelen","KER1","CAT1-S1-1D",108,134.6,135.8,135.2,4745.8,0.0777846730926561,0.013674464887695,3167.607313,47.14163657,8733.9585857498,-24694.5849857327,42162.5021572323
"Kerguelen","KER1","CAT1-S1-1D",110,137.6,138.8,138.2,4810.63076923077,0.0726288406462587,0.00468859470849931,2284.889729,28.98397658,8482.48594842448,-24947.3303934353,41912.3022902842
"Kerguelen","KER1","CAT1-S1-1D",114,143.4,144.6,144,4936.93076923077,0.0594268975758404,0.00276532617718321,3412.493629,30.7799401,7838.56908800429,-25594.6575010302,41271.7956770388
"Kerguelen","KER1","CAT1-S1-1D",117,147.8,148.9,148.4,5072.725,0.0950609904797807,0.0240006741474184,4977.113764,41.06758826,9576.60061141244,-23847.9199822448,43001.1212050697
"Kerguelen","KER1","CAT1-S1-1D",119,150.7,151.8,151.3,5184.44166666667,0.0550564394996525,0.00587761266117646,2637.046993,44.32058868,7625.40261485665,-25809.0008329056,41059.8060626189
"Kerguelen","KER1","CAT1-S1-1D",123,156.5,157.7,157.1,5436.62307692308,0.0476141965197663,0.00463855708141176,3560.842802,36.86802119,7262.41167416471,-26174.0506195677,40698.8739678972
"Kerguelen","KER1","CAT1-S1-1D",124,158,159.2,158.6,5499.66923076923,0.0424145161011392,0.00421703251310061,2748.553456,47.53207477,7008.80037827501,-26429.1413630862,40446.7421196362
"Kerguelen","KER1","CAT1-S1-1E",132,161.5,162.7,162.1,5646.26923076923,0.0342246724744384,0.00236809723252874,24110.30848,256.7032264,6609.34566412358,-26830.9946760737,40049.6860043209
"Kerguelen","KER1","CAT1-S1-1E",137,168.8,170,169.4,5947.94615384615,0.106238823068717,0.0075413215111887,2886.473191,40.65829501,10121.792696288,-23300.3235562838,43543.9089488599
"Kerguelen","KER1","CAT1-S1-1E",144,179,180.2,179.6,6370.75384615385,0.0613791036713939,0.00686185477265936,3168.819664,35.87297563,7933.7867702225,-25498.9218359585,41366.4953764035
"Kerguelen","KER1","CAT1-S1-1E",145,180.4,181.6,181,6433.53846153846,0.120485921652775,0.0498280379353036,4456.928381,33.7098105,10816.6863904519,-22602.5915013445,44235.9642822483
"Kerguelen","KER1","CAT1-S1-1E",146,181.9,183,182.4,6500.14166666667,0.413782396451891,0.074724259395741,13289.58227,193.3357389,25122.0461558742,-8295.18137794911,58539.2736896975
"Kerguelen","KER1","CAT1-S1-1E",147,183.3,184.4,183.8,6564.375,0.1345664089604,0.0573932822529538,3562.901422,48.89958885,11503.4537194694,-21913.2681139833,44920.1755529221
"Kerguelen","KER1","CAT1-S1-1E",151,189,190.3,189.7,6812.30714285714,0.0433454567109087,0.00448342825130564,2793.818462,33.03999318,7054.20644853929,-26383.467937527,40491.8808346056
"Kerguelen","KER1","CAT1-S1-1E",157,198.4,199.7,199,7055.1,0.0568587994090899,0.00699358540945447,3045.373357,20.18062134,7713.31163916025,-25720.6035896223,41147.2268679428
"Kerguelen","KER1","CAT1-S1-1E",161,204.5,205.8,205.2,7160.46428571429,0.0830888651700356,0.0320775117141696,3136.839356,18.53267012,8992.66737515406,-24434.6014241056,42419.9361744137
"Kerguelen","KER1","CAT1-S1-1F",170,210.3,211.7,211,7263.93333333333,0.0687612419360076,0.0178252176247032,2342.824007,21.06620278,8293.84613945194,-25136.9467346387,41724.6390135426
"Kerguelen","KER1","CAT1-S1-1F",177,220.9,222.2,221.6,7451.67142857143,0.04705741968863,0.0090302606827757,3080.073609,63.68866919,7235.25521794098,-26201.3638817132,40671.8743175951
"Kerguelen","KER1","CAT1-S1-1F",179,224,225.4,224.7,7505.43333333333,0.0642989251341379,0.0138854130489535,2688.500619,30.54752651,8076.19931201647,-25355.7434457473,41508.1420697803
"Kerguelen","KER1","CAT1-S1-1F",180,225.6,226.8,226.2,7531.69230769231,0.187623729454736,0.0613879241857607,9844.625786,169.6651785,14091.2927256513,-19318.0231477764,47500.6085990789
"Kerguelen","KER1","CAT1-S1-1F",185,233.2,234.5,233.8,7669.85,0.45538340804493,0.17417224765381,8604.12931,108.0172893,27151.1105619552,-6274.53438420791,60576.7555081184
"Kerguelen","KER1","CAT1-S1-1F",186,234.7,235.9,235.3,7695.93846153846,0.178316006544608,0.0357254499747984,7609.566894,94.88269994,13637.3141194732,-19773.0464747104,47047.6747136568
"Kerguelen","KER1","CAT1-S1-1F",188,237.8,239.1,238.4,7751.90714285714,0.090245526376202,0.00574063335477656,2064.749015,49.41217225,9341.72923600177,-24083.8752382165,42767.3337102201
"Kerguelen","KER1","CAT1-S1-1F",191,242.3,243.6,242.9,7831.4,0.0785067202661009,0.019406244350683,2497.527268,23.05056669,8769.17600386166,-24659.1919711834,42197.5439789067
"Kerguelen","KER3","CAT2-S3-1A",6,7.9,9.1,8.5,386.276923076923,0.0368646726305046,0.0059478280803258,7043.906744,240.295989,6738.11008940064,-26701.4479270912,40177.6681058925
"Kerguelen","KER3","CAT2-S3-1A",9,12.3,13.5,12.9,621.707692307692,0.047544528767197,0.00391787695152921,5806.724977,264.0185473,7259.01367128985,-26177.468221918,40695.4955644977
"Kerguelen","KER3","CAT2-S3-1A",13,18.1,19.3,18.7,928.807692307692,0.0487576190391728,0.00696925893100256,5950.241077,237.5442039,7318.1814222164,-26117.9600599409,40754.3229043737
"Kerguelen","KER3","CAT2-S3-1A",15,21,22.1,21.6,1082.7,0.0503892014032429,0.00968030207883532,6187.963748,264.4820043,7397.76087410353,-26037.9256562817,40833.4474044887
"Kerguelen","KER3","CAT2-S3-1A",20,28.2,29.4,28.8,1469.79230769231,0.0567848158620044,0.00552673026445274,5072.990401,222.4086728,7709.70313599462,-25724.2320535203,41143.6383255095
"Kerguelen","KER3","CAT2-S3-1A",21,29.6,30.7,30.2,1540.33333333333,0.0549879892308341,0.00643892328278936,5217.251998,166.8662424,7622.06399402202,-25812.3580752571,41056.4860633011
"Kerguelen","KER3","CAT2-S3-1A",22,31,32.1,31.6,1613.25833333333,0.0883001402968877,0.00898000928219951,6488.988438,172.2282377,9246.84419598792,-24179.2063619644,42672.8947539403
"Kerguelen","KER3","CAT2-S3-1A",27,38.2,39.3,38.7,1994.20833333333,0.146601590333684,0.0397874200408829,5349.432635,159.3624199,12090.462477433,-21324.2709276969,45505.1958825629
"Kerguelen","KER3","CAT2-S3-1A",28,39.5,40.7,40.1,2065.98461538462,0.166101571034241,0.0742539225998755,8197.149421,280.6579326,13041.5623484128,-20370.3335336466,46453.4582304722
"Kerguelen","KER3","CAT2-S3-1A",32,45.1,47,46.1,2386.005,0.0953392110777524,0.0111678406957286,6337.843662,204.1185361,9590.17065432162,-23834.2882011678,43014.629509811
"Kerguelen","KER3","CAT2-S3-1B",38,46.4,47.6,47,2436.8,0.106493884735146,0.013219875698188,4793.106432,123.7777205,10134.233176192,-23287.8300335034,43556.2963858873
"Kerguelen","KER3","CAT2-S3-1B",42,51.6,52.7,52.2,2712.45833333333,0.10543846558511,0.0208850541190654,5197.712813,175.1787325,10082.7557397348,-23339.5274833966,43505.0389628662
"Kerguelen","KER3","CAT2-S3-1B",45,55.3,56.5,55.9,2912.56153846154,0.45066467078528,0.165893143300199,12610.90951,440.7759491,26920.9569803821,-6503.6245271029,60345.538487867
"Kerguelen","KER3","CAT2-S3-1B",47,58.1,59.3,58.7,3063.31538461538,0.0333000202775005,0.00270379580516667,3682.282642,146.3440893,6564.24630742607,-26876.3700940072,40004.8627088593
"Kerguelen","KER3","CAT2-S3-1B",52,64.6,65.7,65.1,3406.90833333333,0.028825908957874,0.00247418821545096,2906.84201,119.2502034,6346.02420945629,-27095.94302486,39787.9914437726
"Kerguelen","KER3","CAT2-S3-1B",55,68.3,69.4,68.9,3606.60833333333,0.112674008803391,0.1099409572303,17287.12417,622.7958177,10435.665023444,-22985.1377945721,43856.46784146
"Kerguelen","KER3","CAT2-S3-1B",56,69.5,70.7,70.1,3672.84615384615,0.05182070483805,0.0110852513134801,5699.532307,278.8246605,7467.58159613702,-25967.7085071347,40902.8716994088
"Kerguelen","KER3","CAT2-S3-1B",62,77.2,78.2,77.7,4072.19090909091,0.0259948327695861,0.00224766222655556,8290.436014,250.7954566,6207.94016523272,-27234.894723912,39650.7750543774
"Kerguelen","KER3","CAT2-S3-1B",65,80.8,81.9,81.4,4264.50833333333,0.0258960235255728,0.00286468091063483,4160.753842,158.6757121,6203.1208035792,-27239.7445485835,39645.9861557418
"Kerguelen","KER3","CAT2-S3-1B",68,84.5,85.6,85.1,4460.44166666667,0.0344086713121995,0.00317676688546978,2308.505037,94.16882822,6618.32009715212,-26821.965436094,40058.6056303982
"Kerguelen","KER3","CAT2-S3-1C",78,89.2,90.2,89.7,4699.99090909091,0.0614917361331542,0.0131246863519431,2944.227671,101.6232227,7939.28035103641,-25493.3985152143,41371.9592172872
"Kerguelen","KER3","CAT2-S3-1C",83,95.7,96.8,96.2,5048.06666666667,0.0395671781230021,0.00824731875045495,5323.150885,228.2582562,6869.92317499837,-26568.8429961808,40308.6893461775
"Kerguelen","KER3","CAT2-S3-1C",85,98.3,99.3,98.8,5181.87272727273,0.0334003879122787,0.00545247368506798,8013.424384,405.7829999,6569.1416786551,-26871.4447057633,40009.7280630735
"Kerguelen","KER3","CAT2-S3-1C",89,103.5,104.7,104.1,5467.83076923077,0.0819842529768415,0.0330476247120006,6526.147644,111.0197117,8938.79057750166,-24488.7408014844,42366.3219564877
"Kerguelen","KER3","CAT2-S3-1C",91,106.1,107.2,106.7,5603.63333333333,0.0691014610995511,0.0103998361572828,2614.362638,101.4228441,8310.44012523685,-25120.2660979649,41741.1463484386
"Kerguelen","KER3","CAT2-S3-1C",96,112.8,113.9,113.3,5955.025,0.0740906823225354,0.0187683273348722,1688.980811,10.68437527,8553.78640000185,-24875.665701631,41983.2385016347
"Kerguelen","KER3","CAT2-S3-1C",101,118.9,119.9,119.4,6277.73636363636,0.054416082028193,0.00881418752972448,894.52222,26.45265424,7594.16956299682,-25840.4083188854,41028.747444879
"Kerguelen","KER3","CAT2-S3-1D",110,122.4,123.5,123,6466.25,0.0224340764499483,0.00803236273445689,982.6222745,20.46241817,6034.26640995043,-27409.6739473322,39478.206767233
"Kerguelen","KER3","CAT2-S3-1D",115,128.9,130,129.5,6808.05,0.0317759290569096,0.00378822964273964,1026.542813,30.7649655,6489.90967163525,-26951.1640840541,39930.9834273246
"Kerguelen","KER3","CAT2-S3-1D",117,131.4,132.4,131.9,6937.85454545455,0.0310736932505348,0.0138880335637087,940.0408553,38.82249566,6455.65854107791,-26985.6269183369,39896.9440004928
"Kerguelen","KER3","CAT2-S3-1D",121,136.5,137.6,137.1,7212.99166666667,0.0371966040512667,0.00726451914254259,1412.625853,39.96684835,6754.29984549881,-26685.1604231561,40193.7601141537
"Kerguelen","KER3","CAT2-S3-1D",124,140.5,141.6,141,7429.425,0.0388458340909121,0.00900279729458558,1493.608743,43.12552147,6834.74005218465,-26604.2365848348,40273.7166892041
"Kerguelen","KER3","CAT2-S3-1D",130,148.3,149.4,148.9,7841.69166666667,0.0259652178542582,0.00609202027069469,1219.508653,48.30775228,6206.49571548787,-27236.3483026965,39649.3397336722
"Kerguelen","KER3","CAT2-S3-1D",133,152.3,153.4,152.8,8051.725,0.0401545476556689,0.00370131281016155,1754.957543,55.81240066,6898.57177190292,-26540.0235022921,40337.1670460979
"Kerguelen","KER3","CAT2-S3-1D",134,153.6,154.8,154.2,8122.73846153846,0.0480127722326095,0.00928127757410886,2776.371193,107.8427493,7281.85196566459,-26154.4983140202,40718.2022453494
"Kerguelen","KER3","CAT2-S3-1D",136,156.4,157.6,157,8271.9,0.0433061271043583,0.00532589058885515,2063.954537,85.58486362,7052.28817055276,-26385.3974886538,40489.9738297593
"Kerguelen","KER3","CAT2-S3-1D",139,160.4,161.5,160.9,8483.125,0.0254281995795857,0.00273348643657651,922.1577841,24.24164481,6180.30297101299,-27262.7067770851,39623.3127191111
"Kerguelen","KER3","CAT2-S3-1D",141,163,164.1,163.5,8623.30833333333,0.0221163156174659,0.00178202463804592,892.1897853,23.0227979,6018.76781580219,-27425.2719611648,39462.8075927692
"Kerguelen","KER3","CAT2-S3-1D",142,164.3,165.5,164.9,8696.08461538462,0.021085685517081,0.00194294159001831,1079.067648,38.38538427,5968.49945038396,-27475.8636518261,39412.862552594
"Kerguelen","KER3","CAT2-S3-1E",150,166.5,167.5,167,8805.21818181818,0.0143393356029724,0.00129996456652892,962.6720227,14.46774056,5639.45027687838,-27807.0619559485,39085.9625097053
"Kerguelen","KER3","CAT2-S3-1E",152,169.1,170.2,169.6,8943.06666666667,0.019226626833244,0.00363272838730164,2348.961834,12.51278612,5877.82497734253,-27567.1246890376,39322.7746437226
"Kerguelen","KER3","CAT2-S3-1E",156,174.6,175.7,175.1,9234.5,0.031311698034341,0.0128930078997785,1655.247904,20.62990387,6467.26708175529,-26973.9465572512,39908.4807207617
"Kerguelen","KER3","CAT2-S3-1E",158,177.2,178.3,177.8,9367.74166666667,0.290946129918331,0.202270088712475,4196.122168,151.5420431,19130.7808799876,-14274.2138321548,52535.77559213
"Kerguelen","KER3","CAT2-S3-1E",159,178.6,179.6,179.1,9437.28181818182,0.0236410152553994,0.0101476215714524,2097.411436,38.67607616,6093.13412678423,-27350.4297552869,39536.6980088554
"Kerguelen","KER3","CAT2-S3-1E",163,183.8,184.9,184.3,9717.925,0.0656415901018835,0.0403575715214778,11542.31551,289.6219109,8141.68699106609,-25289.9071654473,41573.2811475795
"Kerguelen","KER3","CAT2-S3-1E",165,186.4,187.5,187,9857.625,0.0137872564168588,0.00188226079845231,2793.517809,67.52937068,5612.52294547501,-27834.1676692888,39059.2135602389
"Kerguelen","KER3","CAT2-S3-1E",168,190.4,191.5,190.9,10071.1416666667,0.0785786151629476,0.0388820067525689,4685.263824,128.2093073,8772.68263436376,-24655.6678920036,42201.0331607312
"Kerguelen","KER3","CAT2-S3-1E",171,194,195,194.5,10256.1727272727,0.179357429506408,0.114758189557936,3019.351972,72.8277006,13688.108900238,-19722.1294211436,47098.3472216196
"Kerguelen","KER3","CAT2-S3-1E",174,197.7,198.6,198.1,10446.9,0.440669723466565,0.0698004245168966,10949.68509,474.2242148,26433.4594155764,-6988.96138634925,59855.880217502
"Kerguelen","KER3","CAT2-S3-1E",177,201.6,202.7,202.1,10658.8916666667,0.0321775910012284,0.00653754523605028,5241.125535,201.5310017,6509.50049222556,-26931.4524504166,39950.4534348677
"Kerguelen","KER3","CAT2-S3-1E",181,207,208.1,207.5,10924.02,0.2028713333177,0.078594743687566,9051.448288,357.2531153,14834.9854651216,-18572.8530307083,48242.8239609515
