"Location","Site","Section","sample","min_depth","max_depth","midpoint","Mn","Mn_sd","Mn_ICP","Mn_ICP_sd","Mn_fit_OLS","Mn_lwr_OLS","Mn_upr_OLS","Mn_fit_WLS","Mn_lwr_WLS","Mn_upr_WLS"
"Bird Island","BI10","BI10.1",1,0,1.1,0.6,-1.3097272069569,-0.13097272069569,-0.063535641526546,-0.00762427698318552,-0.437937360970618,-1.25895379839377,0.383079076452533,-0.438432365718116,-1.2579678558374,0.381103124401167
"Bird Island","BI10","BI10.1",4,3.9,5,4.5,-0.184290589813116,-0.0184290589813116,-0.0165474503882121,-0.00198569404658546,0.480710358538885,-0.342574095380134,1.3039948124579,0.481433962983005,-0.343937156808787,1.3068050827748
"Bird Island","BI10","BI10.1",10,11.7,12.8,12.3,-1.23012751628606,-0.123012751628606,-0.243600908865024,-0.0292321090638029,-0.37296340046984,-1.19334223398957,0.447415433049886,-0.373372215632581,-1.19252118320467,0.445776751939512
"Bird Island","BI10","BI10.1",22,26.7,27.8,27.2,-1.32903995611134,-0.132903995611134,-0.708827591890482,-0.0850593110268578,-0.453701565456179,-1.27489093344492,0.36748780253256,-0.454217481815469,-1.27386509364708,0.365430130016145
"Bird Island","BI10","BI10.1",30,36.3,37.2,36.7,-1.35446806436548,-0.135446806436548,-0.533324400672106,-0.0639989280806527,-0.474457486583382,-1.29588538784991,0.346970414683144,-0.475000936191521,-1.29480708763412,0.344805215251076
"Bird Island","BI10","BI10.1",34,40.9,41.9,41.4,-1.08492444689481,-0.108492444689481,-0.327669504447658,-0.039320340533719,-0.254440094465659,-1.07396807800424,0.565087889072927,-0.254691685496613,-1.07344939566964,0.564066024676415
"Bird Island","BI10","BI10.2",45,44,45,44.5,-1.69121232946949,-0.169121232946949,0.405863119226714,0.0487035743072057,-0.749328009261769,-1.57507148626437,0.0764154677408305,-0.750236081497632,-1.573307626318,0.0728354633227312
"Bird Island","BI10","BI10.2",51,51.9,52.9,52.4,-0.813700483447342,-0.0813700483447342,-0.843460913829237,-0.101215309659508,-0.033051104893162,-0.852073428219381,0.785971218433057,-0.0330090178885794,-0.852122931373857,0.786104895596698
"Bird Island","BI10","BI10.2",54,55.3,56.3,55.8,-0.748800567193053,-0.0748800567193053,0.0812867235545767,0.0097544068265492,0.0199240330712207,-0.799186865671788,0.839034931814229,0.0200363929221617,-0.799372591675378,0.839445377519701
"Bird Island","BI10","BI10.2",62,64.4,65.4,64.9,-1.32735853450448,-0.132735853450448,-0.63999270052538,-0.0767991240630456,-0.45232909000874,-1.27350311951025,0.368844939492765,-0.452843185745,-1.27248075147575,0.366794379985749
"Bird Island","BI10","BI10.2",67,70.1,71.2,70.6,-1.30935144998135,-0.130935144998135,-0.757053092837118,-0.0908463711404541,-0.437630645973599,-1.25864378934154,0.383382497394338,-0.438125243855977,-1.25765862348741,0.381408135775462
"Bird Island","BI10","BI10.2",71,74.7,75.8,75.2,-1.10123330207523,-0.110123330207523,-0.789639840041126,-0.0947567808049351,-0.26775234358842,-1.08735575188837,0.551851064711526,-0.268021593651012,-1.08680302269615,0.550759835394126
"Bird Island","BI10","BI10.2",81,86.5,87.5,87,-1.09570624984799,-0.109570624984799,-0.468778542581217,-0.056253425109746,-0.263240837701004,-1.08281811318632,0.556336437784314,-0.263504103138123,-1.08227692030474,0.555268714028495
"Bird Island","BI10","BI10.3",88,84.8,85.8,85.3,-1.46599403917791,-0.146599403917791,-0.629762595837151,-0.0755715115004581,-0.565491562484988,-1.38811097603588,0.2571278510659,-0.56615577107319,-1.38680361621588,0.254492074069503
"Bird Island","BI10","BI10.3",95,93,94,93.5,-0.951053838798329,-0.0951053838798329,-0.707282012930892,-0.084873841551707,-0.145167011500493,-0.96426880049657,0.673934777495583,-0.145273649052035,-0.964030201225978,0.673482903121909
"Bird Island","BI10","BI10.3",98,96.3,97.3,96.8,-1.05879379984517,-0.105879379984517,-0.618439670611773,-0.0742127604734127,-0.233110719753836,-1.05252849152742,0.586307052019747,-0.233334016835408,-1.05206439844453,0.585396364773708
"Bird Island","BI10","BI10.3",104,103.2,104.2,103.7,-0.957187293831209,-0.0957187293831209,-0.426211194364729,-0.0511453433237675,-0.150173499109693,-0.969287292120163,0.668940293900777,-0.150286777892349,-0.9690358408779,0.668462285093202
"Bird Island","BI10","BI10.3",114,114.9,115.9,115.4,-1.04406662914056,-0.104406662914056,-0.777042561775839,-0.0932451074131007,-0.22108953475192,-1.04045096445815,0.598271894954306,-0.221296885430725,-1.04001765715927,0.597423886297816
"Bird Island","BI10","BI10.3",120,121.8,122.7,122.3,-1.28251188807033,-0.128251188807033,-0.663538721305175,-0.079624646556621,-0.415722613156281,-1.23650743844004,0.405062212127473,-0.416188149484817,-1.23557779354382,0.403201494574183
"Bird Island","BI10","BI10.4",135,129.4,130.4,129.9,-1.15074510487993,-0.115074510487993,-0.877847222837217,-0.105341666740466,-0.3081667961151,-1.12803042599842,0.511696833768219,-0.308489656960451,-1.12737445759887,0.510395143677965
"Bird Island","BI10","BI10.4",145,141,142,141.5,-1.42418833214278,-0.142418833214278,-0.852461113208772,-0.102295333585053,-0.531367279655297,-1.35351235452213,0.29077779521154,-0.531986221528271,-1.35229065201595,0.288318208959414
"Bird Island","BI10","BI10.4",155,152.7,153.8,153.2,-1.31889849091406,-0.131889849091406,-0.644164394537036,-0.0772997273444443,-0.445423503649722,-1.2665211758137,0.375674168514258,-0.445928438952845,-1.26551628113774,0.373659403232051
"Bird Island","BI10","BI10.4",165,164.8,165.8,165.3,-1.24178669427584,-0.124178669427584,-1.14726572678359,-0.137671887214031,-0.382480308937647,-1.2029449668021,0.437984348926802,-0.382901748517657,-1.20209972103693,0.43629622400162
"Bird Island","BI10","BI10.4",168,168.4,170,169.2,-1.03473525406021,-0.103473525406021,-0.227138915986407,-0.0272566699183688,-0.213472716259549,-1.03280060112131,0.605855168602208,-0.213669963037991,-1.0323868070203,0.605046880944315
"Bird Island","BI10","BI10.5",181,174.6,175.6,175.1,-1.57830431006135,-0.157830431006136,-0.812097283193198,-0.0974516739831838,-0.657165827079661,-1.48122351115201,0.166891856992687,-0.657951643874248,-1.47968739429647,0.163784106547971
"Bird Island","BI10","BI10.5",191,186.6,187.6,187.1,-1.28462558433916,-0.128462558433916,-0.362185611670631,-0.0434622734004757,-0.417447936668524,-1.23825024388679,0.403354370549745,-0.41791576168188,-1.23731622354144,0.401484700177681
"Bird Island","BI10","BI10.5",194,190.3,191.3,190.8,-1.30089582605826,-0.130089582605826,0.0400113784096758,0.0048013654091611,-0.430728667207626,-1.25166839713994,0.390211062724688,-0.43121410944243,-1.25070071375699,0.388272494872134
"Bird Island","BI10","BI10.5",197,194,195,194.5,-1.61064735003835,-0.161064735003835,-0.821628241735102,-0.0985953890082122,-0.683566123164104,-1.50808219177858,0.140949945450368,-0.684386960612187,-1.5064805953454,0.137706674121027
"Bird Island","BI10","BI10.5",202,199.9,200.8,200.3,-1.1911884556356,-0.11911884556356,-0.997711150593603,-0.119725338071232,-0.34117904342878,-1.1612900848331,0.478931997975537,-0.341545695846414,-1.16054993796032,0.477458546267486
"Bird Island","BI10","BI10.6",218,209.5,210.5,210,-1.60983178677232,-0.160983178677232,-0.522962128445842,-0.062755455413501,-0.682900412343043,-1.50740468001828,0.141603855332192,-0.683720366709061,-1.50580473240812,0.138363998989994
"Bird Island","BI10","BI10.6",228,221.4,222.4,221.9,-1.56274075003768,-0.156274075003768,-0.851523241030481,-0.102182788923658,-0.644461931804347,-1.46830607161857,0.179382208009876,-0.645230896563901,-1.46680152957552,0.176339736447723
"Bird Island","BI10","BI10.6",239,234.2,235.2,234.7,-1.45777251463881,-0.145777251463881,-0.834872189495012,-0.100184662739401,-0.558780669438074,-1.38130417911719,0.263742840241043,-0.55943597585869,-1.38001364416387,0.261141692446487
"Bird Island","BI10","BI10.6",247,243.9,245,244.5,-1.46896126617783,-0.146896126617783,-0.868254933647314,-0.104190592037678,-0.567913588101736,-1.39056792913954,0.254740752936065,-0.568581009567535,-1.38925449958459,0.252092480449517
"Bird Island","BI10","BI10.7",259,250.7,251.7,251.2,-0.808726451504922,-0.0808726451504922,-0.675089100293887,-0.0810106920352664,-0.0289910067667405,-0.848017254825007,0.790035241291526,-0.0289435339403781,-0.848077197774644,0.790190129893888
"Bird Island","BI10","BI10.7",271,265,266,265.5,-1.34939693154405,-0.134939693154405,-1.0624297162087,-0.127491565945044,-0.470318128994719,-1.29169747593299,0.351061217943552,-0.470856087641418,-1.2906296313886,0.34891745610576
"Bird Island","BI10","BI10.7",280,275.9,276.9,276.4,-1.90666297523712,-0.190666297523712,-1.24282001602113,-0.149138401922536,-0.92519152870508,-1.75481369232577,-0.0955693650843937,-0.926332888300954,-1.75262250072653,-0.100043275875376
"Bird Island","BI10","BI10.8",300,289.7,290.8,290.3,-1.37556930074075,-0.137556930074075,-0.96502424745017,-0.11580290969402,-0.491681559782784,-1.31331675711476,0.329953637549189,-0.492247857555103,-1.31219498613243,0.327699271022223
"Bird Island","BI10","BI10.8",303,293.4,294.4,293.9,-1.69805615322165,-0.169805615322165,-0.823093714574026,-0.0987712457488831,-0.754914341700997,-1.58076770104947,0.0709390176474786,-0.755829824346655,-1.57899011500132,0.0673304663080065
"Bird Island","BI10","BI10.8",311,303.1,304,303.6,-1.20971588322972,-0.120971588322972,-0.800335517311576,-0.0960402620773892,-0.356302222156437,-1.17653706297937,0.463932618666499,-0.356688935849153,-1.17575840318398,0.462380531485671
"Bird Island","BI10","BI10.8",318,311.7,312.8,312.2,-1.13119827628594,-0.113119827628594,-0.418561877151963,-0.0502274252582356,-0.292211522190317,-1.11196680559425,0.527543761213619,-0.292513217965482,-1.11135157200443,0.526325136073467
"Bird Island","BI10","BI10.8",326,321.7,322.8,322.2,-1.52428766270011,-0.152428766270011,0.466268781425608,0.055952253771073,-0.613074254832892,-1.43641040521452,0.210261895548739,-0.61380158305338,-1.43498405280542,0.207380886698656
"Bird Island","BI10","BI10.9",342,332.1,333.1,332.6,-1.64685211702817,-0.164685211702817,-0.82227201065795,-0.098672641278954,-0.713118588513046,-1.53817114346917,0.111933966443077,-0.713978628046047,-1.53649647555685,0.108539219464754
"Bird Island","BI10","BI10.9",348,339.5,340.5,340,-1.86054013883862,-0.186054013883862,-0.66781418703356,-0.0801377024440272,-0.887543350363132,-1.71626254316362,-0.0588241575626469,-0.888634768708186,-1.7141619617931,-0.0631075756232741
"Bird Island","BI10","BI10.9",361,355.7,356.7,356.2,-1.47679982727102,-0.147679982727102,-0.850266852403122,-0.102032022288375,-0.574311883805643,-1.39705929631011,0.248435528698824,-0.574987792770829,-1.39572983874699,0.245754253205331
"Bird Island","BI10","BI10.9",365,360.7,361.7,361.2,-1.48354057600683,-0.148354057600683,-1.07607256113967,-0.12912870733676,-0.579814080339517,-1.40264246093405,0.243014300255014,-0.580497288106113,-1.40129922771737,0.240304651505146
"Bird Island","BI10","BI10.9",372,369.1,371,370.1,-1.47261786472363,-0.147261786472363,-0.80025272548609,-0.0960303270583308,-0.570898319417639,-1.3935959322518,0.251799293416521,-0.57156970020423,-1.39227502464073,0.249135624232264
"Bird Island","BI10","BI10.10",379,367.3,368.4,367.9,-1.29196717247141,-0.129196717247141,-0.929929239053657,-0.111591508686439,-0.423440573741583,-1.24430426431908,0.397423116835916,-0.423916348137999,-1.24335505049622,0.395522354220219
"Bird Island","BI10","BI10.10",386,375.7,376.6,376.1,-1.4847283364397,-0.14847283364397,-0.933624429347335,-0.11203493152168,-0.580783600431853,-1.40362633733419,0.242059136470486,-0.581468094291116,-1.40228067749682,0.239344488914586
"Bird Island","BI10","BI10.10",390,380.5,381.5,381,-1.51342531424658,-0.151342531424658,-0.607315347682705,-0.0728778417219246,-0.60420776561142,-1.42740548203428,0.218989950811441,-0.604923332212048,-1.42600126141776,0.216154596993667
"Bird Island","BI10","BI10.10",392,382.9,384,383.4,-1.39295693980051,-0.139295693980051,-0.913551579714184,-0.109626189565702,-0.505874375909955,-1.32768675689733,0.315938005077419,-0.506459500808081,-1.32652920997637,0.313610208360212
"Bird Island","BI10","BI10.10",396,387.7,388.8,388.2,-0.514468914648798,-0.0514468914648798,0.545367649623619,0.0654441179548342,0.211199343416993,-0.60890445668949,1.03130314352348,0.211565434754299,-0.609581396428704,1.0327122659373
"Bird Island","BI10","BI10.10",403,396.3,397.4,396.8,-1.1683501940185,-0.11683501940185,-0.794781232463848,-0.0953737478956617,-0.322537107816843,-1.1425045866897,0.497430371056012,-0.322879031240323,-1.14181195743553,0.496053894954885
"Bird Island","BI10","BI10.10",410,404.6,405.6,405.1,-1.63865558810246,-0.163865558810246,-0.90044728384786,-0.108053674061743,-0.706428098359448,-1.53135703663073,0.118500839911832,-0.707279262789811,-1.5296988902359,0.115140364656276
"Bird Island","BI10","BI10.11",422,409.9,410.9,410.4,-1.11070240023693,-0.111070240023693,0.323449153636798,0.0388138984364158,-0.275481579779562,-1.09513112103593,0.544167961476801,-0.275761082867407,-1.09455863272988,0.543036466995063
"Bird Island","BI10","BI10.11",424,412.2,413.2,412.7,-1.31645182355126,-0.131645182355126,-0.446250503892303,-0.0535500604670764,-0.443426389499536,-1.26450223336808,0.377649454369014,-0.443928675580755,-1.26350239365261,0.375645042491097
"Bird Island","BI10","BI10.11",427,415.8,416.8,416.3,-1.31662483189117,-0.131662483189117,-0.441857772089684,-0.0530229326507621,-0.443567609106659,-1.26464499274275,0.377509774529437,-0.444070082519221,-1.26364479555804,0.375504630519599
"Bird Island","BI10","BI10.11",439,430.3,431.3,430.8,-1.34682240302255,-0.134682240302255,-1.19860049241476,-0.143832059089771,-0.468216647028464,-1.28957153126162,0.353138237204688,-0.468751818006739,-1.28850899614092,0.351005360127441
"Bird Island","BI10","BI10.11",443,435.2,436.3,435.7,-1.34154254139457,-0.134154254139457,-0.970787371658837,-0.11649448459906,-0.463906912681823,-1.28521202372237,0.357398198358724,-0.464436366689625,-1.28416037983262,0.355287646453366
"Bird Island","BI10","BI10.11",449,442.8,443.8,443.3,-1.23152444161458,-0.123152444161458,-0.0736991221674383,-0.0088438946600926,-0.374103653281795,-1.19449263265708,0.446285326093485,-0.374513981018429,-1.19366868225561,0.444640720218754
"Bird Island","BI10","BI10.12",461,447.5,448.7,448.1,-0.991998077677164,-0.0991998077677164,0.342731194049952,0.0411277432859942,-0.178588113231262,-0.997783725329081,0.640607498866557,-0.178739084710704,-0.997459362698785,0.639981193277377
"Bird Island","BI10","BI10.12",465,452.8,453.9,453.4,-0.33564585843712,-0.033564585843712,-0.133146178965946,-0.0159775414759135,0.357165264804453,-0.464403462465919,1.17873399207483,0.357724983589679,-0.465453279576806,1.18090324675616
"Bird Island","BI10","BI10.12",469,458.3,459.3,458.8,-1.09496122459462,-0.109496122459462,0.239667261156927,0.0287600713388312,-0.262632704164592,-1.08220650185514,0.556941093525955,-0.262895162897355,-1.08166686419237,0.555876538397656
"Bird Island","BI10","BI10.12",475,466.1,467.2,466.6,-0.968150567620548,-0.0968150567620548,0.321211174538054,0.0385453409445665,-0.159122369540526,-0.978259419569148,0.660014680488096,-0.159247519223778,-0.977984999882772,0.659489961435215
"Bird Island","BI10","BI10.12",479,471.4,472.4,471.9,-1.30771079277699,-0.130771079277699,-0.693440177409823,-0.0832128212891787,-0.436291444834839,-1.2572902370189,0.384707347349219,-0.436784266233388,-1.25630846265451,0.382739930187729
"Bird Island","BI10","BI10.12",484,478.2,479.2,478.7,-1.3225616066872,-0.13225616066872,-0.802348738782333,-0.09628184865388,-0.448413554710823,-1.26954412131061,0.372717011888969,-0.448922456391512,-1.26853165977262,0.370686746989599
"Bird Island","BI10","BI10.13",506,473.4,474.5,474,-1.38993501167461,-0.138993501167461,-1.11605283295723,-0.133926339954868,-0.503407700009163,-1.32518887391705,0.318373473898719,-0.503989552799971,-1.32403754182783,0.31605843622789
"Bird Island","BI10","BI10.13",519,491,492,491.5,-1.61107207568514,-0.161107207568514,-0.635253197439384,-0.0762303836927261,-0.68391280927765,-1.5084350284974,0.140609409942096,-0.68473410661354,-1.50683257344499,0.13736436021791
"Bird Island","BI10","BI10.13",522,494.8,495.8,495.3,-1.37346869958602,-0.137346869958602,-0.749015398926924,-0.0898818478712309,-0.489966925274725,-1.31158110658039,0.331647256030938,-0.490530948541455,-1.31046366043554,0.329401763352632
"Bird Island","BI10","BI10.13",525,498.7,499.7,499.2,-1.0917179520168,-0.10917179520168,-0.48146919801742,-0.0577763037620904,-0.259985353872298,-1.07954413593333,0.559573428188731,-0.26024430082864,-1.07901126897149,0.55852266731421
"Bird Island","BI10","BI10.13",529,503.9,505.1,504.5,-1.38091180147252,-0.138091180147252,-1.00869929661765,-0.121043915594118,-0.496042423858965,-1.31773145010667,0.325646602388742,-0.496614506426622,-1.31659868232875,0.323369669475505
"Isla Hermite","HER42PB","HER42PB_1A",3,2.5,3.7,3.1,-0.463548094208126,-0.0463548094208126,0.870948413780337,0.10451380965364,0.252763919209892,-0.567694822703524,1.07322266112331,0.253185146997255,-0.56847818346425,1.07484847745876
"Isla Hermite","HER42PB","HER42PB_1A",5,5.3,6.5,5.9,-0.331608303518896,-0.0331608303518896,0.69441641468748,0.0833299697624976,0.360460955171658,-0.461147889904742,1.18206980024806,0.36102504577264,-0.462206095059284,1.18425618660456
"Isla Hermite","HER42PB","HER42PB_1A",7,8.1,9.3,8.7,-0.57836874451703,-0.057836874451703,0.616051299801881,0.0739261559762257,0.159040534923207,-0.660688079871931,0.978769149718346,0.159337436295628,-0.661231265246787,0.979906137838043
"Isla Hermite","HER42PB","HER42PB_1A",9,10.9,12.1,11.5,-0.309034835615417,-0.0309034835615417,0.560673152463704,0.0672807782956445,0.378886750543041,-0.44295210451372,1.2007256055998,0.379475283422738,-0.444057176567604,1.20300774341308
"Isla Hermite","HER42PB","HER42PB_1A",13,16.3,17.5,16.9,-0.733700309091008,-0.0733700309091008,0.562631716670505,0.0675158060004606,0.0322497540031145,-0.786893358464625,0.851392866470854,0.0323784642313568,-0.787110778229764,0.851867706692478
"Isla Hermite","HER42PB","HER42PB_1A",16,20.5,21.6,21.1,-0.4408809683345,-0.04408809683345,0.541938345435211,0.0650326014522253,0.27126616373832,-0.549366525979728,1.09189885345637,0.27171193521612,-0.550197203799419,1.09362107423166
"Isla Hermite","HER42PB","HER42PB_1A",20,26.1,27.3,26.7,-0.404894731502456,-0.0404894731502456,0.63785723399535,0.076542868079442,0.300640251888558,-0.520288755934036,1.12156925971115,0.301124988829457,-0.521194475278361,1.12344445293727
"Isla Hermite","HER42PB","HER42PB_1A",25,33.1,34.1,33.6,-0.487222352959865,-0.0487222352959865,0.660660645906836,0.0792792775088203,0.233439593448609,-0.586847958346547,1.05372714524377,0.233835187034206,-0.587581861974709,1.05525223604312
"Isla Hermite","HER42PB","HER42PB_1A",28,37.1,38.2,37.7,-0.454219807555384,-0.0454219807555384,0.688876542457871,0.0826651850949445,0.260378216745564,-0.560150921583534,1.08090735507466,0.260809545089177,-0.560953759335475,1.08257284951383
"Isla Hermite","HER42PB","HER42PB_1A",31,41.2,42.3,41.7,-0.447179853794212,-0.0447179853794212,0.674535849447124,0.0809443019336549,0.266124642061426,-0.554458724812781,1.08670800893563,0.266563593182041,-0.555276257560044,1.08840344392413
"Isla Hermite","HER42PB","HER42PB_1B",40,43.1,44.2,43.7,-0.582223373304315,-0.0582223373304315,0.604081177175629,0.0724897412610754,0.155894159648889,-0.663814324823184,0.975602644120961,0.156186887275762,-0.664349435463091,0.976723210014614
"Isla Hermite","HER42PB","HER42PB_1B",48,54,55.1,54.5,-0.493709036217424,-0.0493709036217424,0.482033369857926,0.0578440043829511,0.228144780137079,-0.592097736942796,1.04838729721695,0.2285333500203,-0.592818083100743,1.04988478314134
"Isla Hermite","HER42PB","HER42PB_1B",50,56.7,57.8,57.2,-0.736965678922604,-0.0736965678922604,0.599950840025864,0.0719941008031036,0.0295843666294888,-0.789551408566773,0.84872014182575,0.0297095411546713,-0.789761974832842,0.849181057142185
"Isla Hermite","HER42PB","HER42PB_1B",56,64.7,65.8,65.2,-0.632892060065251,-0.0632892060065251,0.545801702570145,0.0654962043084174,0.114535390230486,-0.704934969276234,0.934005749737207,0.114773254414609,-0.705363884083764,0.934910392912982
"Isla Hermite","HER42PB","HER42PB_1B",60,69.9,70.9,70.4,-0.405581241289248,-0.0405581241289248,0.678910406886867,0.081469248826424,0.30007988212588,-0.520843241512661,1.12100300576442,0.300563875722264,-0.521747530245096,1.12287528168962
"Isla Hermite","HER42PB","HER42PB_1B",63,73.7,74.8,74.3,-0.710370792920649,-0.0710370792920649,0.531431758535728,0.0637718110242874,0.051292680544416,-0.767908811910513,0.870494172999345,0.051446651691317,-0.768175193392513,0.871068496775147
"Isla Hermite","HER42PB","HER42PB_1B",69,81.5,82.5,82,-0.152816085087515,-0.0152816085087515,0.734960086839834,0.0881952104207801,0.506401704944731,-0.317294070301598,1.33009748019106,0.507159389602855,-0.318721926340939,1.33304070554665
"Isla Hermite","HER42PB","HER42PB_1C",80,86.5,87.8,87.2,-0.44585385825413,-0.044585385825413,0.750589352201704,0.0900707222642045,0.267206997798231,-0.553386689167891,1.08780068476435,0.26764738469082,-0.554206989360625,1.08950175874226
"Isla Hermite","HER42PB","HER42PB_1C",86,94.8,96,95.4,-0.12654405696443,-0.012654405696443,0.631800679841255,0.0758160815809505,0.527846483224127,-0.29620695721933,1.35189992366758,0.528632614917353,-0.297688795962215,1.35495402579692
"Isla Hermite","HER42PB","HER42PB_1C",90,100.2,101.4,100.8,-0.330750412093881,-0.0330750412093881,0.639332459316876,0.0767198951180251,0.361161216731636,-0.460456192469985,1.18277862593326,0.361726236247103,-0.461516179695133,1.18496865218934
"Isla Hermite","HER42PB","HER42PB_1C",91,101.6,103.1,102.3,-0.624886384053906,-0.0624886384053906,0.465650738224998,0.0558780885869997,0.121070094983224,-0.698434613002379,0.940574802968827,0.12131662761675,-0.698880312927011,0.941513568160511
"Isla Hermite","HER42PB","HER42PB_1C",97,109.8,111,110.4,-0.39061586905387,-0.039061586905387,0.670526438207692,0.080463172584923,0.312295501260907,-0.508757931647198,1.13334893416901,0.312795699181802,-0.5096933977744,1.135284796138
"Isla Hermite","HER42PB","HER42PB_1C",104,119.2,120.3,119.8,-0.417959193127769,-0.0417959193127769,0.437992244582245,0.0525590693498693,0.289976268065842,-0.530842305435687,1.11079484156737,0.290446858965304,-0.531720793346767,1.11261451127738
"Isla Hermite","HER42PB","HER42PB_1D",118,127.3,128.4,127.8,-0.773867650749176,-0.0773867650749176,0.737182064611972,0.0884618477534366,-0.000537198412457034,-0.819604292795175,0.818529895970261,-0.00045198089717775,-0.819737403285741,0.818833441491386
"Isla Hermite","HER42PB","HER42PB_1D",121,130.9,132.2,131.6,-0.841336032426481,-0.0841336032426481,0.434162714311969,0.0520995257174363,-0.055608869284647,-0.87461804624972,0.763400307680426,-0.0555967057190999,-0.87460955100671,0.76341613956851
"Isla Hermite","HER42PB","HER42PB_1D",131,143.2,144.4,143.8,-1.54854521174193,-0.154854521174193,0.551066119211246,0.0661279343053495,-0.632874696518103,-1.45652805060008,0.190778657563877,-0.633628290520048,-1.45505234439382,0.187795763353726
"Isla Hermite","HER42PB","HER42PB_1D",137,150.7,151.9,151.3,-0.795897990251465,-0.0795897990251465,0.452353953173756,0.0542824743808508,-0.0185196603614565,-0.837558225007225,0.800518904284312,-0.0184582970320132,-0.837645093911437,0.800728499847411
"Isla Hermite","HER42PB","HER42PB_1D",144,159.2,160.3,159.8,-0.227308197587835,-0.0227308197587835,0.568486378152929,0.0682183653783514,0.445596850875262,-0.377155751997499,1.26834945374802,0.446273876372654,-0.378430051612635,1.27097780435794
"Isla Hermite","HER42PB","HER42PB_1D",147,162.9,164.1,163.5,-0.756527721213936,-0.0756527721213936,0.528001544726963,0.0633601853672355,0.0136166743879766,-0.805479434140325,0.832712782916278,0.0137206673697653,-0.80564894115652,0.83309027589605
"Isla Hermite","HER42PB","HER42PB_1E",158,169.3,170.5,169.9,-1.25748187094418,-0.125748187094418,0.366540381988132,0.0439848458385759,-0.39529163747808,-1.21587593249377,0.425292657537614,-0.395730071606037,-1.21499813870098,0.423537995488905
"Isla Hermite","HER42PB","HER42PB_1E",162,175.6,176.8,176.2,-0.967275159191525,-0.0967275159191525,0.212479071748819,0.0254974886098583,-0.158407809569123,-0.977542917722767,0.660727298584521,-0.15853201137069,-0.977270331859937,0.660206309118558
"Isla Hermite","HER42PB","HER42PB_1E",166,181.9,183.1,182.5,-0.680836622263551,-0.0680836622263551,0.335977449742267,0.0403172939690721,0.075400211886878,-0.743890178784501,0.894690602558257,0.0755861622774622,-0.744218532197918,0.895390856752842
"Isla Hermite","HER42PB","HER42PB_1E",174,194.9,196.1,195.5,-1.31726823300615,-0.131726823300615,0.244048374730649,0.0292858049676779,-0.444092791029837,-1.26517590592042,0.376990323860743,-0.444595961109365,-1.26417437937416,0.374982457155428
"Isla Hermite","HER42PB","HER42PB_1E",179,202.5,203.6,203,-0.822544626023411,-0.0822544626023411,0.270978743854416,0.0325174492625299,-0.0402702154896725,-0.85928673467213,0.778746303692785,-0.0402377048159742,-0.859317675769573,0.778842266137625
"Isla Hermite","HER42PB","HER42PB_1F",184,201.4,202.5,202,-0.723760272445574,-0.0723760272445574,0.66679319890365,0.080015183868438,0.0403633979498904,-0.778803310408487,0.859530106308268,0.0405028711298943,-0.779041592123269,0.860047334383058
"Isla Hermite","HER42PB","HER42PB_1F",189,208.1,209.3,208.7,-0.678760186302507,-0.0678760186302507,0.208471038176222,0.0250165245811467,0.0770951213391412,-0.742202149565268,0.896392392243551,0.0772833200695335,-0.742534859373079,0.897101499512146
"Isla Hermite","HER42PB","HER42PB_1F",191,210.9,212.2,211.5,-1.01365425786265,-0.101365425786265,0.461144396145387,0.0553373275374464,-0.1962651642865,-1.01552341998297,0.622993091409974,-0.196439584816583,-1.01515372757763,0.622274557944458
"Isla Hermite","HER42PB","HER42PB_1F",197,219.3,220.5,219.9,-0.467007543277615,-0.0467007543277615,0.0332287120964878,0.00398744545157854,0.24994011291993,-0.570492944897084,1.07037317073694,0.250357594857576,-0.571269080971327,1.07198427068648
"Isla Hermite","HER42PB","HER42PB_1F",200,223.4,224.6,224,-0.869028115018125,-0.0869028115018125,0.177626346444937,0.0213151615733924,-0.0782127797437229,-0.897223505887575,0.740797946400129,-0.0782306008311248,-0.897156905114372,0.740695703452122
"Isla Hermite","HER42PB","HER42PB_1F",205,230.3,231.5,230.9,-0.746380847019066,-0.0746380847019066,0.0484276271918054,0.00581131526301664,0.0218991513371661,-0.797216614732689,0.841014917407021,0.0220141312319197,-0.797407419567115,0.841435682030955
"Isla Hermite","HER42PB","HER42PB_1F",209,235.8,236.9,236.4,-0.632114643418839,-0.0632114643418839,0.569381876054205,0.0683258251265046,0.115169963531601,-0.704303677589824,0.934643604653025,0.115408669493089,-0.704734222459999,0.935551561446177
"Isla Hermite","HER42PB","HER42PB_1F",211,238.4,239.5,239,-0.839875005440494,-0.0839875005440495,0.542276273426016,0.0650731528111219,-0.0544162929206183,-0.873425797438501,0.764593211597264,-0.0544025473726768,-0.873420368189691,0.764615273444337
"Isla Hermite","HER42PB","HER42PB_1F",213,241.1,242.3,241.7,-0.671765142745367,-0.0671765142745367,0.563367561623086,0.0676041073947703,0.0828048882986921,-0.736516169651606,0.90212594624899,0.0830006611778589,-0.736863554479308,0.902864876835026
"Isla Hermite","HER42PB","HER42PB_1G",224,246.9,248.1,247.5,-1.14083989792152,-0.114083989792152,0.0298460589739173,0.00358152707687008,-0.300081582212335,-1.11988939332835,0.519726228903677,-0.300393717819089,-1.11925406307333,0.518466627435151
"Isla Hermite","HER42PB","HER42PB_1G",231,256.4,257.6,257,-0.815541428653705,-0.0815541428653705,0.642659775195311,0.0771191730234373,-0.0345537929075792,-0.853574784196209,0.784467198381051,-0.0345136992562566,-0.853620423518928,0.784593025006415
"Isla Hermite","HER42PB","HER42PB_1G",232,257.7,258.9,258.3,-1.03084744075493,-0.103084744075493,0.26748535267614,0.0320982423211369,-0.21029925382518,-1.02961365586287,0.609015148212509,-0.210492290926279,-1.02920799322685,0.608223411374297
"Isla Hermite","HER42PB","HER42PB_1G",236,263.2,264.4,263.8,-1.01729374295862,-0.101729374295862,0.100572493723551,0.0120686992468261,-0.199235926595697,-1.01850559392167,0.620033740730277,-0.199414287916336,-1.01812828591022,0.619299710077553
"Isla Hermite","HER42PB","HER42PB_1G",240,268.6,269.8,269.2,-0.67242945683644,-0.067242945683644,0.500871993598126,0.0601046392317751,0.0822626359714565,-0.737056122573531,0.901581394516444,0.0824576895393399,-0.737402113772433,0.902317492851113
"Isla Hermite","HER42PB","HER42PB_1G",245,275.2,276.4,275.8,-0.790341858934404,-0.0790341858934404,0.194222253838037,0.0233066704605644,-0.0139844184065007,-0.833029298934467,0.805060462121466,-0.0139170389650973,-0.83312783000658,0.805293752076386
"Isla Hermite","HER42PB","HER42PB_1G",253,285.8,286.9,286.3,-0.719917002694012,-0.0719917002694012,0.433713041393156,0.0520455649671788,0.043500501309556,-0.775675839031473,0.862676841650585,0.0436441359356812,-0.77592218663666,0.863210458508022
"Isla Hermite","HER42PB","HER42PB_1H",260,285,286.2,285.6,-0.704088459398143,-0.0704088459398143,0.512223257882422,0.0614667909458906,0.0564206915543075,-0.762798308305662,0.875639691414277,0.0565814651361558,-0.763077873326961,0.876240803599272
"Isla Hermite","HER42PB","HER42PB_1H",264,290.3,291.5,290.9,-0.696255003851019,-0.0696255003851019,0.27170095044794,0.0326041140537528,0.0628148198105107,-0.756427071782109,0.882056711403131,0.0629840753635214,-0.756723074514087,0.88269122524113
"Isla Hermite","HER42PB","HER42PB_1H",269,297,298.2,297.6,-0.624857163265056,-0.0624857163265056,0.506967521030848,0.0608361025237018,0.121093946713859,-0.698410888896091,0.94059878232381,0.121340510987303,-0.698856650082709,0.941537672057315
"Isla Hermite","HER42PB","HER42PB_1H",273,302.3,303.5,302.9,-0.982301460976288,-0.0982301460976288,0.0824704878622526,0.00989645854347032,-0.170673162994593,-0.989843645455411,0.648497319466225,-0.170813635094453,-0.989539586910515,0.647912316721609
"Isla Hermite","HER42PB","HER42PB_1H",278,309.3,310.6,309.9,-0.573304825521609,-0.0573304825521609,0.435136307248272,0.0522163568697927,0.163174004161778,-0.656581489155248,0.982929497478805,0.163476388684596,-0.657135281517681,0.984088058886872
"Isla Hermite","HER42PB","HER42PB_1H",281,313.5,314.8,314.2,-0.499834579471156,-0.0499834579471156,0.548412074373336,0.0658094489248003,0.223144750588476,-0.597055978065168,1.04334547924212,0.223526687807362,-0.597763519147406,1.04481689476213
"Isla Hermite","HER42PB","HER42PB_1H",286,320.5,321.8,321.1,-0.944201801523226,-0.0944201801523226,0.364107335443661,0.0436928802532393,-0.139573974699592,-0.958663208020158,0.679515258620975,-0.139673192947836,-0.958438968190096,0.679092582294425
"Isla Hermite","HER42PB","HER42PB_1I",301,332.1,333.3,332.7,-1.07009176172314,-0.107009176172314,0.439900102419613,0.0527880122903536,-0.242332782334884,-1.06179659817433,0.577131033504564,-0.242568312713278,-1.06130889707384,0.576172271647287
"Isla Hermite","HER42PB","HER42PB_1I",303,334.9,336.2,335.6,-0.922885908756335,-0.0922885908756335,-0.351508540355125,-0.042181024842615,-0.122174686297807,-0.941230628400101,0.696881255804486,-0.122250823954521,-0.941051070229972,0.69654942232093
"Isla Hermite","HER42PB","HER42PB_1I",312,347.6,348.8,348.2,-1.093753177838,-0.1093753177838,0.189590381317154,0.0227508457580585,-0.26164662517878,-1.08121480630471,0.55792155594715,-0.261907775853088,-1.08067769048939,0.556862138783212
"Isla Hermite","HER42PB","HER42PB_1I",317,354.3,355.4,354.9,-0.406112661207046,-0.0406112661207046,0.61152676718365,0.073383212062038,0.299646105857941,-0.52127246907229,1.12056468078817,0.300129524039249,-0.522175650356947,1.12243469843544
"Isla Hermite","HER42PB","HER42PB_1I",320,358.3,359.6,358.9,-0.395901716670245,-0.0395901716670245,0.519155506950904,0.0622986608341085,0.307980880797622,-0.513026038107615,1.12898779970286,0.308475355266488,-0.51395049434379,1.13090120487677
"Isla Hermite","HER42PB","HER42PB_1I",322,361,362.2,361.6,-0.318805572565275,-0.0318805572565275,0.685461758704434,0.0822554110445321,0.370911298989231,-0.450826808035622,1.19264940601408,0.371489252232835,-0.451911600384691,1.19489010485036
"Isla Hermite","HER42PB","HER42PB_1J",335,369.7,370.8,370.2,-0.443656140486569,-0.0443656140486569,0.588006178484437,0.0705607414181324,0.26900090461141,-0.551609960957795,1.08961177018062,0.269443671166284,-0.552434847659662,1.09132218999223
"Isla Hermite","HER42PB","HER42PB_1J",340,376.7,377.9,377.3,-1.0272058573117,-0.10272058573117,0.574673439903393,0.0689608127884071,-0.207326778721234,-1.02662881503014,0.611975257587672,-0.207515872759713,-1.0262307696506,0.611199024131173
"Isla Hermite","HER42PB","HER42PB_1J",342,379.6,380.9,380.3,-1.00893852936012,-0.100893852936012,0.648016540373846,0.0777619848448615,-0.192415908656567,-1.01165975641988,0.626827939106745,-0.192585223052719,-1.01129993270961,0.62612948660417
"Isla Hermite","HER42PB","HER42PB_1J",346,385.3,386.5,385.9,-0.577495009030073,-0.0577495009030073,0.106819861085188,0.0128183833302225,0.159753729340664,-0.65997948802509,0.979486946706418,0.16005157678333,-0.66052450362468,0.98062765719134
"Isla Hermite","HER42PB","HER42PB_1J",349,389.6,390.9,390.2,-0.605104317146187,-0.0605104317146187,0.480814063112883,0.057697687573546,0.137217384288668,-0.68237747117642,0.956812239753757,0.137485336705588,-0.682864637817031,0.957835311228207
"Isla Hermite","HER42PB","HER42PB_1J",352,394,395.2,394.6,-0.384358435385612,-0.0384358435385612,0.418944111853329,0.0502732934223995,0.317403187541735,-0.503705997959782,1.13851237304325,0.317910160936316,-0.50465449463571,1.14047481650834
"Isla Hermite","HER42PB","HER42PB_1J",353,395.4,396.6,396,-0.32231728872836,-0.032231728872836,0.630586898021372,0.0756704277625646,0.368044829215953,-0.453657511522611,1.18974716995452,0.368618980015661,-0.454735012768126,1.19197297279945
"Kerguelen","KER1","CAT1-S1-1A",1,0,1.4,0.7,1.48297682963063,0.148297682963063,0.658397468359123,0.0790076962030948,1.84163232371501,0.971798879435726,2.7114657679943,1.84416122520676,0.967316257681116,2.7210061927324
"Kerguelen","KER1","CAT1-S1-1A",3,3.1,4.7,3.9,-0.392447222475052,-0.0392447222475052,0.337588888335214,0.0405106666002257,0.31080064262706,-0.510236614532607,1.13183789978673,0.311298857580564,-0.511168266400165,1.13376598156129
"Kerguelen","KER1","CAT1-S1-1A",5,6.4,7.8,7.1,-0.652083932220009,-0.0652083932220009,0.190981720905166,0.0229178065086199,0.0988698526786427,-0.720523171307948,0.918262876665234,0.0990869361351294,-0.720911839422935,0.919085711693194
"Kerguelen","KER1","CAT1-S1-1A",7,9.3,10.6,9.9,-0.856696505337632,-0.0856696505337632,0.0664568120619329,0.00797481744743195,-0.0681469928852706,-0.887155209002499,0.750861223231958,-0.0681514614544807,-0.887114481576773,0.750811558667812
"Kerguelen","KER1","CAT1-S1-1A",8,10.7,12,11.4,-0.795990810488326,-0.0795990810488326,0.152019132751393,0.0182422959301672,-0.0185954257112038,-0.837633889882245,0.800443038459838,-0.0185341628863932,-0.837720563960478,0.800652238187691
"Kerguelen","KER1","CAT1-S1-1A",9,12.1,13.6,12.8,-0.920713795567908,-0.0920713795567908,-0.0329384521102281,-0.00395261425322737,-0.120401679451691,-0.939454719285275,0.698651360381892,-0.120475465170449,-0.939279715111989,0.698328784771091
"Kerguelen","KER1","CAT1-S1-1A",11,15.1,16.5,15.8,-1.1006586802873,-0.11006586802873,-0.0301917601707071,-0.00362301122048485,-0.267283303407021,-1.08688396751344,0.552317360699395,-0.267551931276072,-1.08633243759413,0.551228575041989
"Kerguelen","KER1","CAT1-S1-1A",13,18,19.4,18.7,-0.858188652285314,-0.0858188652285314,-0.433083900458279,-0.0519700680549935,-0.0693649711967815,-0.888373335612908,0.749643393219345,-0.0693710554447052,-0.888329477307902,0.749587366418492
"Kerguelen","KER1","CAT1-S1-1A",17,24,25.5,24.7,-0.738607018809533,-0.0738607018809533,-0.01316940190046,-0.0015803282280552,0.0282446082449664,-0.790887556219496,0.847376772709428,0.0283680055471207,-0.791094677536521,0.847830688630762
"Kerguelen","KER1","CAT1-S1-1A",20,28.6,30,29.3,-0.888665074580677,-0.0888665074580677,-0.566756602278753,-0.0680107922734503,-0.0942416238789177,-0.913262379225501,0.724779131467665,-0.0942807076292309,-0.913154584350756,0.724593169092294
"Kerguelen","KER1","CAT1-S1-1A",23,33,34.4,33.7,-0.858294375179337,-0.0858294375179337,-0.0117825648986587,-0.00141390778783904,-0.0694512684560097,-0.888459645002827,0.749557108090808,-0.0694574671794075,-0.888415564867617,0.749500630508802
"Kerguelen","KER1","CAT1-S1-1A",25,35.9,37.2,36.6,-0.856395267130105,-0.0856395267130105,-0.13063704866819,-0.0156764458401829,-0.0679011045001245,-0.886909295869629,0.75110708686938,-0.0679052468922377,-0.88686920051834,0.751058706733865
"Kerguelen","KER1","CAT1-S1-1A",26,37.3,38.7,38,-0.862777919243126,-0.0862777919243126,0.087058373513698,0.0104470048216438,-0.0731110014580977,-0.892120090168236,0.745898087252041,-0.0731220549089177,-0.892066602754974,0.745822492937138
"Kerguelen","KER1","CAT1-S1-1A",27,38.8,40.1,39.4,-0.898206375946542,-0.0898206375946543,0.0511971686447241,0.0061436602373669,-0.102029796582192,-0.921058100038358,0.716998506873974,-0.102079211538517,-0.920930293036557,0.716771869959523
"Kerguelen","KER1","CAT1-S1-1A",28,40.2,41.6,40.9,-0.904219439335799,-0.0904219439335799,0.125316231344375,0.0150379477613249,-0.106938013433911,-0.925971972491342,0.712095945623519,-0.106993939262731,-0.925831554849799,0.711843676324336
"Kerguelen","KER1","CAT1-S1-1B",36,45.1,46.2,45.6,-0.77411208404359,-0.077411208404359,0.122963605286968,0.0147556326344361,-0.000736719278462213,-0.819803445953486,0.818330007396562,-0.000651766432605244,-0.819936043375446,0.818632510510235
"Kerguelen","KER1","CAT1-S1-1B",40,50.7,52.1,51.4,-0.832796971884591,-0.0832796971884591,0.11345650182208,0.0136147802186496,-0.0486387846312181,-0.867650456769872,0.770372887507436,-0.0486173750739326,-0.8676598813468,0.770425131198935
"Kerguelen","KER1","CAT1-S1-1B",41,52.3,53.6,53,-0.742564798591987,-0.0742564798591987,0.0722134494494169,0.00866561393393002,0.0250140350468952,-0.794109635667175,0.844137705760966,0.0251331469128483,-0.794308450056609,0.844574743882306
"Kerguelen","KER1","CAT1-S1-1B",46,59.9,61.2,60.5,-0.817382273133,-0.0817382273133,-0.151634070824993,-0.0181960884989991,-0.0360563987026238,-0.855076123150554,0.782963325745306,-0.0360182982954952,-0.855117898884253,0.783081302293263
"Kerguelen","KER1","CAT1-S1-1B",49,64.4,65.8,65.1,-0.5811582034215,-0.05811582034215,0.67732286250661,0.0812787435007931,0.15676361410668,-0.662950404606442,0.976477632819802,0.157057495086652,-0.66348774664447,0.977602736817774
"Kerguelen","KER1","CAT1-S1-1B",51,67.6,68.9,68.3,-0.454187027903526,-0.0454187027903526,-0.0827382038187467,-0.00992858445824961,0.260404973430007,-0.560124415204973,1.08093436206499,0.260836337267032,-0.560927321388404,1.08259999592247
"Kerguelen","KER1","CAT1-S1-1B",57,76.5,77.9,77.2,-0.473803771550866,-0.0473803771550866,0.225607438325439,0.0270728925990527,0.244392630716682,-0.575990635943359,1.06477589737672,0.244802753780345,-0.57675257646387,1.06635808402456
"Kerguelen","KER1","CAT1-S1-1C",69,86.1,87.5,86.8,-0.536741671211066,-0.0536741671211066,0.256559457418257,0.0307871348901909,0.193019006371408,-0.626945140922486,1.0129831536653,0.19336098103661,-0.627575483405944,1.01429744547916
"Kerguelen","KER1","CAT1-S1-1C",73,92.4,93.7,93.1,-0.67007505236687,-0.067007505236687,0.193343403445533,0.023201208413464,0.0841844397086258,-0.735142506381923,0.903511385799175,0.084382042597265,-0.735493436713627,0.904257521908157
"Kerguelen","KER1","CAT1-S1-1C",80,103.1,104.5,103.8,-1.0861103852632,-0.108611038526321,0.16632080440219,0.0199584965282629,-0.25540812728155,-1.07494142352208,0.564125168958981,-0.255661002432262,-1.07442026475206,0.56309825988754
"Kerguelen","KER1","CAT1-S1-1C",86,112.2,113.6,112.9,-0.885461938927147,-0.0885461938927147,0.17874887240483,0.0214498646885796,-0.0916270357105827,-0.910645649307545,0.727391577886379,-0.0916626511442533,-0.910544573290073,0.727219271001566
"Kerguelen","KER1","CAT1-S1-1C",93,122.9,124.1,123.5,-0.719986772804726,-0.0719986772804726,0.323850832050275,0.038862099846033,0.0434435508317408,-0.775732612123451,0.862619713786933,0.0435871099116318,-0.775978813303302,0.863153033126566
"Kerguelen","KER1","CAT1-S1-1D",105,130.3,131.4,130.8,-0.753935433045468,-0.0753935433045468,0.141070853509505,0.0169285024211406,0.0157326528251435,-0.803368289627151,0.834833595277438,0.0158394527052873,-0.803543237784119,0.835222143194694
"Kerguelen","KER1","CAT1-S1-1D",108,134.6,135.8,135.2,-0.960741088358957,-0.0960741088358957,0.159442361341955,0.0191330833610346,-0.153074315725031,-0.97219539468357,0.666046763233508,-0.153191442513528,-0.97193649756296,0.665553612535904
"Kerguelen","KER1","CAT1-S1-1D",110,137.6,138.8,138.2,-1.02203417003899,-0.102203417003899,0.280050613816934,0.0336060736580321,-0.203105342661019,-1.02239025497805,0.616179569656009,-0.203288836858911,-1.02200302872691,0.61542535500909
"Kerguelen","KER1","CAT1-S1-1D",114,143.4,144.6,144,-1.08008534774938,-0.108008534774938,0.065002796429313,0.00780033557151755,-0.250490136443397,-1.06999672168495,0.569016448798157,-0.250736487756177,-1.06948814519855,0.568015169686198
"Kerguelen","KER1","CAT1-S1-1D",117,147.8,148.9,148.4,-0.736426113192832,-0.0736426113192832,-0.165008572429151,-0.0198010286914982,0.0300247919894159,-0.789112181482712,0.849161765461544,0.0301505507498613,-0.789323880218955,0.849624981718678
"Kerguelen","KER1","CAT1-S1-1D",119,150.7,151.8,151.3,-1.01847910600879,-0.101847910600879,-0.234508073406894,-0.0281409688088273,-0.200203489802939,-1.01947692874716,0.619069949141279,-0.200383134620388,-1.01909714052399,0.618330871283212
"Kerguelen","KER1","CAT1-S1-1D",123,156.5,157.7,157.1,-0.595920292709617,-0.0595920292709617,0.0135219972592227,0.00162263967110672,0.144713926498202,-0.674925331791343,0.964353184787748,0.144991823265985,-0.675431744863535,0.965415391395504
"Kerguelen","KER1","CAT1-S1-1D",124,158,159.2,158.6,-0.4767119954359,-0.04767119954359,-0.114017673301347,-0.0136821207961616,0.242018766920967,-0.57834346306579,1.06238099690772,0.242425740994892,-0.57909932811925,1.06395081010903
"Kerguelen","KER1","CAT1-S1-1E",132,161.5,162.7,162.1,-0.8264210194451,-0.08264210194451,0.121479898671742,0.0145775878406091,-0.0434343563417738,-0.862448805373758,0.77558009269021,-0.0434060429801073,-0.862471610967044,0.775659525006829
"Kerguelen","KER1","CAT1-S1-1E",137,168.8,170,169.4,-0.400861850775873,-0.0400861850775873,0.150973331054773,0.0181167997265728,0.303932126904969,-0.517031628978201,1.12489588278814,0.304421230600465,-0.517945751630001,1.12678821283093
"Kerguelen","KER1","CAT1-S1-1E",144,179,180.2,179.6,-0.352247069047976,-0.0352247069047976,0.162726084317992,0.019527130118159,0.343614377942905,-0.477792659157454,1.16502141504326,0.34415612113756,-0.478807970794348,1.16712021306947
"Kerguelen","KER1","CAT1-S1-1E",145,180.4,181.6,181,-0.729009238313391,-0.0729009238313391,0.148763420438446,0.0178516104526136,0.0360788825442244,-0.783075129214468,0.855232894302917,0.036212672207311,-0.78330239463003,0.855727739044652
"Kerguelen","KER1","CAT1-S1-1E",146,181.9,183,182.4,-0.584158998002732,-0.0584158998002732,0.76389278573087,0.0916671342877044,0.154314188651019,-0.665384294680013,0.974012671982051,0.15460482040682,-0.665915350303468,0.975124991117108
"Kerguelen","KER1","CAT1-S1-1E",147,183.3,184.4,183.8,-0.484695798234744,-0.0484695798234744,-0.0653942583506515,-0.00784731100207818,0.235501916373857,-0.584803394193615,1.05580722694133,0.235900245682429,-0.585542577717409,1.05734306908227
"Kerguelen","KER1","CAT1-S1-1E",151,189,190.3,189.7,-0.660607140373146,-0.0660607140373146,0.00462527181447303,0.000555032617736764,0.0919127076795266,-0.72744823778403,0.911273653143084,0.0921205623090504,-0.727819028823534,0.912060153441634
"Kerguelen","KER1","CAT1-S1-1E",157,198.4,199.7,199,-0.743134530697248,-0.0743134530697248,0.21876704542561,0.0262520454510732,0.0245489861127687,-0.794573486680932,0.84367145890647,0.0246674810796715,-0.794771105258298,0.844106067417641
"Kerguelen","KER1","CAT1-S1-1E",161,204.5,205.8,205.2,-0.896862916783198,-0.0896862916783198,0.332584376177596,0.0399101251413115,-0.100933186006474,-0.919960320830522,0.718093948817574,-0.100981146281424,-0.919835331479894,0.717873038917046
"Kerguelen","KER1","CAT1-S1-1F",170,210.3,211.7,211,-0.639815403126005,-0.0639815403126005,0.634646930876706,0.0761576317052047,0.108884149443347,-0.710557496856159,0.928325795742853,0.109114517115127,-0.710971894188302,0.929200928418557
"Kerguelen","KER1","CAT1-S1-1F",177,220.9,222.2,221.6,-0.518823964775601,-0.0518823964775601,0.456058519746429,0.0547270223695714,0.207644494741916,-0.612431251705973,1.0277202411898,0.208005870483485,-0.613099082336929,1.0291108233039
"Kerguelen","KER1","CAT1-S1-1F",179,224,225.4,224.7,-0.322122763899531,-0.0322122763899531,0.251683618505066,0.0302020342206079,0.368203611849884,-0.453500703954504,1.18990792765427,0.36877797327873,-0.454578609108921,1.19213455566638
"Kerguelen","KER1","CAT1-S1-1F",180,225.6,226.8,226.2,-0.221924445683588,-0.0221924445683588,0.746860285603057,0.0896232342723668,0.44999138659047,-0.372825859565484,1.27280863274642,0.450674241549474,-0.374111280347815,1.27545976344676
"Kerguelen","KER1","CAT1-S1-1F",185,233.2,234.5,233.8,-0.199866055154001,-0.0199866055154001,0.66402615167252,0.0796831382007025,0.46799674544176,-0.355091093046602,1.29108458393012,0.468703484959914,-0.356422042854738,1.29382901277457
"Kerguelen","KER1","CAT1-S1-1F",186,234.7,235.9,235.3,-0.340185052810246,-0.0340185052810246,0.522133532028964,0.0626560238434757,0.353460106738897,-0.468063888968373,1.17498410244617,0.354014910539217,-0.469104274000755,1.17713409507919
"Kerguelen","KER1","CAT1-S1-1F",188,237.8,239.1,238.4,-0.471111753895447,-0.0471111753895447,0.344772084061046,0.0413726500873255,0.24659001424087,-0.573812869302269,1.06699289778401,0.247003052188773,-0.574580433119319,1.06858653749687
"Kerguelen","KER1","CAT1-S1-1F",191,242.3,243.6,242.9,-0.516072031644076,-0.0516072031644076,0.630405373161586,0.0756486447793903,0.209890784810151,-0.610202646371409,1.02998421599171,0.210255140311715,-0.610876233125954,1.03138651374938
"Kerguelen","KER3","CAT2-S3-1A",6,7.9,9.1,8.5,-0.869494270363765,-0.0869494270363765,-0.370433183170102,-0.0444519819804123,-0.0785932832200497,-0.897604161572578,0.740417595132479,-0.0786116090548361,-0.897536582804518,0.740313364694846
"Kerguelen","KER3","CAT2-S3-1A",9,12.3,13.5,12.9,-0.797811413890124,-0.0797811413890124,-0.406644146270116,-0.0487972975524139,-0.0200815095454382,-0.839118036446346,0.79895501735547,-0.020022218048027,-0.839200889159267,0.799156453063213
"Kerguelen","KER3","CAT2-S3-1A",13,18.1,19.3,18.7,-0.687354924979363,-0.0687354924979363,-0.354872274802584,-0.04258467297631,0.0700795889093258,-0.749189741272208,0.88934891909086,0.0702584813603669,-0.749504418611495,0.890021381332229
"Kerguelen","KER3","CAT2-S3-1A",15,21,22.1,21.6,-0.862801586178436,-0.0862801586178436,-0.453406835374126,-0.0544088202448951,-0.0731303198060343,-0.892139413300438,0.74587877368837,-0.0731413988831263,-0.892085876230749,0.745803078464496
"Kerguelen","KER3","CAT2-S3-1A",20,28.2,29.4,28.8,-0.829183343043834,-0.0829183343043834,-0.665783777233886,-0.0798940532680663,-0.0456891277219379,-0.864702277773014,0.773324022329138,-0.045663805370939,-0.864719286100541,0.773391675358664
"Kerguelen","KER3","CAT2-S3-1A",21,29.6,30.7,30.2,-0.933046267738939,-0.0933046267738939,-0.511873309256416,-0.06142479711077,-0.13046817032577,-0.949538892013302,0.688602551361762,-0.130555309496614,-0.94933803401873,0.688227415025502
"Kerguelen","KER3","CAT2-S3-1A",22,31,32.1,31.6,-0.613940947381312,-0.0613940947381312,-0.0565466809096202,-0.00678560170915443,0.130004405707744,-0.689549253403833,0.94955806481932,0.130262789928051,-0.690017898623245,0.950543478479347
"Kerguelen","KER3","CAT2-S3-1A",27,38.2,39.3,38.7,-0.543392804791203,-0.0543392804791203,-0.257996635896202,-0.0309595963075442,0.187589959011057,-0.632334326793521,1.00751424481564,0.187924731909059,-0.632950749126496,1.00880021294461
"Kerguelen","KER3","CAT2-S3-1A",28,39.5,40.7,40.1,-0.581323838901561,-0.0581323838901561,0.203240917033531,0.0243889100440237,0.15662841266245,-0.663084744040036,0.976341569364935,0.156922114294322,-0.663621739095578,0.977465967684222
"Kerguelen","KER3","CAT2-S3-1A",32,45.1,47,46.1,-0.694997119063187,-0.0694997119063187,-0.258736547661451,-0.0310483857193741,0.06384157953571,-0.755404097775305,0.883087256846725,0.0640121971111936,-0.755702739953837,0.883727134176224
"Kerguelen","KER3","CAT2-S3-1B",38,46.4,47.6,47,-0.691834781429588,-0.0691834781429588,-0.36447298958042,-0.0437367587496504,0.0664228659548399,-0.752832462899569,0.885678194809249,0.0665969076713624,-0.753137740554004,0.886331555896728
"Kerguelen","KER3","CAT2-S3-1B",42,51.6,52.7,52.2,-0.646716331515806,-0.0646716331515806,-0.37973078860656,-0.0455676946327872,0.103251204832146,-0.716162736483058,0.922665146147349,0.103474100261919,-0.716562661909875,0.923510862433714
"Kerguelen","KER3","CAT2-S3-1B",45,55.3,56.5,55.9,-0.641487891235319,-0.0641487891235319,-0.140881590607179,-0.0169057908728615,0.107518966043301,-0.71191588186248,0.926953813949083,0.107747522765134,-0.712326771955851,0.92782181748612
"Kerguelen","KER3","CAT2-S3-1B",47,58.1,59.3,58.7,-0.64975952431229,-0.064975952431229,-0.746142198776243,-0.0895370638531492,0.100767171453515,-0.718634842785812,0.920169185692843,0.100986771750843,-0.71902838591193,0.921001929413616
"Kerguelen","KER3","CAT2-S3-1B",52,64.6,65.7,65.1,-0.714110620498993,-0.0714110620498993,-0.648529911879133,-0.077823589425496,0.0482400127851928,-0.770951417542894,0.867431443113279,0.0483899344919097,-0.771209950688348,0.867989819672167
"Kerguelen","KER3","CAT2-S3-1B",55,68.3,69.4,68.9,-0.540020035988113,-0.0540020035988113,0.815841812494491,0.0979010174993389,0.190343011757159,-0.629601381795968,1.01028740531029,0.190681436648531,-0.630224863281062,1.01158773657813
"Kerguelen","KER3","CAT2-S3-1B",56,69.5,70.7,70.1,-0.725063745635459,-0.0725063745635459,-1.11765793244457,-0.134118951893348,0.0392994262831708,-0.779864079743974,0.858462932310316,0.03943748807813,-0.780099625814212,0.858974601970472
"Kerguelen","KER3","CAT2-S3-1B",62,77.2,78.2,77.7,-0.633099971097101,-0.0633099971097102,-0.900700593452239,-0.108084071214269,0.114365680988437,-0.705103802853836,0.93383516483071,0.114603320049003,-0.705532281716853,0.934738921814858
"Kerguelen","KER3","CAT2-S3-1B",65,80.8,81.9,81.4,-1.27704197729826,-0.127704197729826,-0.738012037525289,-0.0885614445030346,-0.41125774949347,-1.23199773033717,0.409482231350234,-0.411717363068612,-1.23107941074738,0.407644684610151
"Kerguelen","KER3","CAT2-S3-1B",68,84.5,85.6,85.1,-0.975662222165568,-0.0975662222165568,-0.601107887682641,-0.072132946521917,-0.165253824846324,-0.984408142691839,0.653900492999191,-0.165387108058496,-0.984117988821197,0.653343772704205
"Kerguelen","KER3","CAT2-S3-1C",78,89.2,90.2,89.7,-0.777600091123533,-0.0777600091123533,-0.69667536953609,-0.0836010443443308,-0.00358383630025811,-0.822645440944217,0.8154777683437,-0.00350266022638749,-0.822770716996121,0.815765396543346
"Kerguelen","KER3","CAT2-S3-1C",83,95.7,96.8,96.2,-1.38974952655006,-0.138974952655006,-0.782604806085662,-0.0939125767302795,-0.50325629611482,-1.32503556019955,0.318522967969906,-0.503837948064572,-1.32388460961556,0.316208713486412
"Kerguelen","KER3","CAT2-S3-1C",85,98.3,99.3,98.8,-0.873892706404113,-0.0873892706404113,-0.750022204204474,-0.0900026645045368,-0.082183546035675,-0.901196066162987,0.736828974091637,-0.0822066344439426,-0.901119259698644,0.736705990810759
"Kerguelen","KER3","CAT2-S3-1C",89,103.5,104.7,104.1,-0.944598198229922,-0.0944598198229922,-1.05569332806954,-0.126683199368345,-0.139897537062039,-0.958987472157971,0.679192398033894,-0.139997184523854,-0.958762401571555,0.678768032523847
"Kerguelen","KER3","CAT2-S3-1C",91,106.1,107.2,106.7,-1.06476606011646,-0.106476606011646,-0.45427996460935,-0.054513595753122,-0.237985630695036,-1.05742743685471,0.581456175464642,-0.23821539446798,-1.05695086321136,0.5805200742754
"Kerguelen","KER3","CAT2-S3-1C",96,112.8,113.9,113.3,-0.54177125391559,-0.054177125391559,-0.343106402785634,-0.0411727683342761,0.18891356443784,-0.631020361522291,1.00884749039797,0.189250093131567,-0.631640177809171,1.0101403640723
"Kerguelen","KER3","CAT2-S3-1C",101,118.9,119.9,119.4,-0.713998374072057,-0.0713998374072057,-0.299292495110658,-0.035915099413279,0.0483316349365937,-0.770860093484116,0.867523363357303,0.0484816781823876,-0.771118862190749,0.868082218555524
"Kerguelen","KER3","CAT2-S3-1D",110,122.4,123.5,123,-0.867282778858933,-0.0867282778858933,-0.36350708964623,-0.0436208507575476,-0.0767881334704495,-0.895798326817585,0.742222059876687,-0.0768040647289142,-0.895735387803961,0.742127258346132
"Kerguelen","KER3","CAT2-S3-1D",115,128.9,130,129.5,-0.814199463945961,-0.0814199463945961,-0.396909198617807,-0.0476291038341368,-0.0334584021946302,-0.852480358043521,0.785563553654261,-0.0334168554801117,-0.852528813919544,0.78569510295932
"Kerguelen","KER3","CAT2-S3-1D",117,131.4,132.4,131.9,-0.815207725852489,-0.0815207725852489,-0.279260865989587,-0.0335113039187504,-0.0342814050070418,-0.853302632917371,0.784739822903288,-0.0342409500263519,-0.853348972623389,0.784867072570685
"Kerguelen","KER3","CAT2-S3-1D",121,136.5,137.6,137.1,-0.762173856334797,-0.0762173856334797,-0.26044052153916,-0.0312528625846992,0.00900796602198693,-0.810078060806225,0.828093992850199,0.00910584543678252,-0.810235716654818,0.828447407528383
"Kerguelen","KER3","CAT2-S3-1D",124,140.5,141.6,141,-0.724043823139495,-0.0724043823139495,-0.304370760539999,-0.0365244912647998,0.040131947156156,-0.779034061806582,0.859297956118894,0.0402711133108894,-0.77927174842527,0.859813975047049
"Kerguelen","KER3","CAT2-S3-1D",130,148.3,149.4,148.9,-0.314666979107925,-0.0314666979107925,-0.142744177405683,-0.0171293012886819,0.37428946296902,-0.447491096206588,1.19607002214463,0.374871897431691,-0.448584479612129,1.19832827447551
"Kerguelen","KER3","CAT2-S3-1D",133,152.3,153.4,152.8,-0.532859139569037,-0.0532859139569037,-0.1860721052412,-0.022328652628944,0.196188157600844,-0.623799650055996,1.01617596525768,0.196534336224469,-0.624438117210495,1.01750678965943
"Kerguelen","KER3","CAT2-S3-1D",134,153.6,154.8,154.2,-0.650577601712511,-0.0650577601712511,-0.2770424450615,-0.03324509340738,0.100099408447898,-0.719299429839671,0.919498246735467,0.100318122940886,-0.719691257218326,0.920327503100098
"Kerguelen","KER3","CAT2-S3-1D",136,156.4,157.6,157,-0.553760744943049,-0.0553760744943049,-0.318618569917411,-0.0382342283900893,0.179127034994353,-0.640736803733129,0.998990873721835,0.179450581611839,-0.64133152251068,1.00023268573436
"Kerguelen","KER3","CAT2-S3-1D",139,160.4,161.5,160.9,-0.566126168997184,-0.0566126168997184,-0.362795279448297,-0.0435354335337957,0.169033646850534,-0.650760791881767,0.988828085582835,0.169343804336032,-0.651329618831457,0.99001722750352
"Kerguelen","KER3","CAT2-S3-1D",141,163,164.1,163.5,-0.532975496555997,-0.0532975496555997,-0.33178905406738,-0.0398146864880855,0.196093180168004,-0.623893914206926,1.01608027454293,0.196439232801687,-0.624532137881927,1.0174106034853
"Kerguelen","KER3","CAT2-S3-1D",142,164.3,165.5,164.9,-0.529745418130615,-0.0529745418130615,-0.350607222576052,-0.0420728667091263,0.198729760615195,-0.621277230814066,1.01873675204446,0.199079310738829,-0.621922213226783,1.02008083470444
"Kerguelen","KER3","CAT2-S3-1E",150,166.5,167.5,167,-0.601762078603315,-0.0601762078603315,-0.267579348457581,-0.0321095218149098,0.139945516436401,-0.679665310849249,0.95955634372205,0.140217087788894,-0.680159482003924,0.960593657581712
"Kerguelen","KER3","CAT2-S3-1E",152,169.1,170.2,169.6,-0.616295345151854,-0.0616295345151854,-0.305705915669886,-0.0366847098803864,0.128082607438716,-0.691460328143853,0.947625543021286,0.128338442345522,-0.691924038109882,0.948600922800925
"Kerguelen","KER3","CAT2-S3-1E",156,174.6,175.7,175.1,-0.540729145293632,-0.0540729145293632,-0.306099015325323,-0.0367318818390388,0.189764194934893,-0.630175952967061,1.00970434283685,0.190101852011264,-0.630797950346412,1.01100165436894
"Kerguelen","KER3","CAT2-S3-1E",158,177.2,178.3,177.8,-1.05816479130694,-0.105816479130694,-0.456120528183495,-0.0547344633820194,-0.232597285900352,-1.05201256617064,0.586817994369933,-0.232819901899068,-1.05154978769447,0.585909983896331
"Kerguelen","KER3","CAT2-S3-1E",159,178.6,179.6,179.1,-0.64118206232004,-0.064118206232004,-0.39960634915112,-0.0479527618981343,0.10776860163477,-0.711667485406127,0.927204688675668,0.107997489504463,-0.712079016834662,0.928073995843588
"Kerguelen","KER3","CAT2-S3-1E",163,183.8,184.9,184.3,-0.553668148244368,-0.0553668148244368,0.722094666526448,0.0866513599831738,0.179202617879059,-0.640661751591422,0.999066987349541,0.179526264759133,-0.641256664228433,1.0003091937467
"Kerguelen","KER3","CAT2-S3-1E",165,186.4,187.5,187,-0.459728696300676,-0.0459728696300676,-0.986131100929645,-0.118335732111557,0.255881536962976,-0.564605827153467,1.07636890107942,0.256306900348316,-0.565397163358071,1.0780109640547
"Kerguelen","KER3","CAT2-S3-1E",168,190.4,191.5,190.9,-0.633315320753901,-0.0633315320753901,0.0986678986112066,0.0118401478333448,0.114189899902143,-0.705278677820614,0.933658477624901,0.114427305784699,-0.705706705140494,0.934561316709891
"Kerguelen","KER3","CAT2-S3-1E",171,194,195,194.5,-0.686729841089408,-0.0686729841089408,-0.585416748336261,-0.0702500098003513,0.0705898192335056,-0.748681495217078,0.889861133684089,0.0707693885178417,-0.748997484083842,0.890536261119526
"Kerguelen","KER3","CAT2-S3-1E",174,197.7,198.6,198.1,-0.451351605168507,-0.0451351605168507,0.319093624228188,0.0382912349073825,0.262719412634927,-0.557831705039133,1.08327053030899,0.263153846633482,-0.558640530221724,1.08494822348869
"Kerguelen","KER3","CAT2-S3-1E",177,201.6,202.7,202.1,-1.15824688981275,-0.115824688981275,-0.33363756646175,-0.04003650797541,-0.314290195261536,-1.13419735081363,0.50561696029056,-0.314621178949109,-1.13352575743378,0.504283399535558
"Kerguelen","KER3","CAT2-S3-1E",181,207,208.1,207.5,-1.09170235923797,-0.109170235923797,-0.939168433179337,-0.11270021198152,-0.259972626126906,-1.07953133648414,0.559586084230324,-0.260231556199576,-1.07899850207581,0.558535389676662
"Marion Island","PB1","PB1_1A",4,5,6.3,5.7,-0.173554917977173,-0.0173554917977173,0.479856125104227,0.0575827350125073,0.489473446836581,-0.333949200231801,1.31289609390496,0.490208675736649,-0.335334377117205,1.3157517285905
"Marion Island","PB1","PB1_1A",7,9.8,11.1,10.4,-1.33392115977027,-0.133392115977027,-0.0130516680684183,-0.00156620016821019,-0.457685891664715,-1.27892009297493,0.363548309645501,-0.45820709333244,-1.27788417654663,0.361469989881752
"Marion Island","PB1","PB1_1A",9,12.6,13.8,13.2,-0.979786794007898,-0.0979786794007898,-0.281161123022898,-0.0337393347627477,-0.168620543557259,-0.987784803926471,0.650543716811953,-0.168758292806063,-0.987486011654562,0.649969426042437
"Marion Island","PB1","PB1_1A",14,19.4,20.7,20.1,-1.70657684505309,-0.170657684505309,-0.361771069137399,-0.0434125282964879,-0.761869432729986,-1.58786082463913,0.0641219591791565,-0.762794141477964,-1.58606616240561,0.0604778794496829
"Marion Island","PB1","PB1_1A",16,22.3,23.5,22.9,-1.33567165348293,-0.133567165348293,-0.307344289925445,-0.0368813147910534,-0.459114747837206,-1.28036513789015,0.362135642215736,-0.459637844918405,-1.27932560850691,0.360049918670097
"Marion Island","PB1","PB1_1A",17,23.7,24.9,24.3,-1.56149970404205,-0.156149970404205,-0.297628964964382,-0.0357154757957258,-0.643448916894107,-1.46727622542998,0.180378391641765,-0.64421653786403,-1.46577420298535,0.177341127257289
"Marion Island","PB1","PB1_1A",22,30.4,31.6,31,-0.777290635586593,-0.0777290635586593,-0.21747485607179,-0.0260969827286148,-0.00333124044637372,-0.822393290066413,0.815730809173666,-0.00324972929778102,-0.822519215669094,0.816019757073532
"Marion Island","PB1","PB1_1A",28,38.5,39.8,39.2,-0.722971926065001,-0.0722971926065001,0.0585159388811318,0.00702191266573582,0.0410068927444129,-0.778161768235217,0.860175553724043,0.041147219536367,-0.778401704470701,0.860696143543435
"Marion Island","PB1","PB1_1A",32,44,45.3,44.7,-0.82199483474383,-0.082199483474383,0.125751738102716,0.0150902085723259,-0.0398214434331209,-0.858838279609317,0.779195392743075,-0.0397883374520579,-0.858870374583813,0.779293699679698
"Marion Island","PB1","PB1_1B",39,46.4,47.6,47,-0.777296114664458,-0.0777296114664458,0.127380143983682,0.0152856172780419,-0.00333571279275877,-0.822397754518255,0.815726328932738,-0.00325420757684548,-0.822523668620287,0.816015253466596
"Marion Island","PB1","PB1_1B",41,49.3,50.5,49.9,-0.524130712655267,-0.0524130712655267,0.409275109095797,0.0491130130914957,0.203312814251513,-0.616729238814671,1.0233548673177,0.203668443910499,-0.61738596829517,1.02472285611617
"Marion Island","PB1","PB1_1B",42,50.6,51.8,51.2,-0.555630056710875,-0.0555630056710875,0.32139559972685,0.038567471967222,0.177601192520058,-0.642251966872936,0.997454351913051,0.177922715069313,-0.64284277198964,0.998688202128266
"Marion Island","PB1","PB1_1B",44,53.3,54.5,53.9,-0.482784935584831,-0.0482784935584831,0.206964206457598,0.0248357047749117,0.237061675127836,-0.583257147698582,1.05738049795425,0.237462073495432,-0.58400032419669,1.05892447118755
"Marion Island","PB1","PB1_1B",45,54.7,55.8,55.2,-0.486858553064671,-0.0486858553064671,0.163293598947901,0.0195952318737482,0.233736548371691,-0.586553552993014,1.0540266497364,0.234132535875425,-0.587288216901147,1.055553288652
"Marion Island","PB1","PB1_1B",46,56,57.7,56.8,-0.297275782485652,-0.0297275782485652,0.32680406015173,0.0392164872182076,0.388485182988455,-0.43347732966513,1.21044769564204,0.389086448429018,-0.434606795345364,1.2127796922034
"Marion Island","PB1","PB1_1B",52,64.3,65.4,64.9,-0.617726004571678,-0.0617726004571678,0.168688758886903,0.0202426510664284,0.126914818872575,-0.692621652446571,0.946451290191722,0.127169104678621,-0.693082363390186,0.947420572747428
"Marion Island","PB1","PB1_1B",54,66.9,68.1,67.5,-0.652809394684428,-0.0652809394684428,0.128272581292969,0.0153927097551563,0.0982776874439452,-0.721112551858495,0.917667926746386,0.0984939853784275,-0.721499698421258,0.918487669178113
"Marion Island","PB1","PB1_1B",57,70.8,72,71.4,-0.484379353744843,-0.0484379353744843,0.209631784678859,0.025155814161463,0.235760217023196,-0.584547326389008,1.0560677604354,0.236158888974044,-0.585287171177361,1.05760494912545
"Marion Island","PB1","PB1_1B",62,77.7,78.9,78.3,-0.742845120335832,-0.0742845120335832,0.0859110310872886,0.0103093237304746,0.0247852199125826,-0.794337860616936,0.843908300442101,0.0249040282495333,-0.794536086638681,0.844344143137748
"Marion Island","PB1","PB1_1B",64,80.4,81.5,81,-0.7751882669297,-0.07751882669297,0.0394241206341217,0.0047308944760946,-0.00161516319883902,-0.820680284596363,0.817449958198685,-0.00153137563082791,-0.82081062309672,0.817747871835064
"Marion Island","PB1","PB1_1B",65,81.7,82.8,82.3,-0.685506516647239,-0.0685506516647239,0.101547750815056,0.0121857300978068,0.0715883687669937,-0.747686850717361,0.890863588251348,0.0717692626522774,-0.748005406295238,0.891543931599793
"Marion Island","PB1","PB1_1B",66,83,84.1,83.6,-0.851010566883511,-0.0851010566883511,0.0766158671540893,0.00919390405849072,-0.0635057946919815,-0.882513837894851,0.755502248510888,-0.0635041065956295,-0.882485041291184,0.755476828099924
"Marion Island","PB1","PB1_1B",67,84.3,85.4,84.9,-0.710298757131944,-0.0710298757131944,0.30300338949392,0.0363604067392704,0.0513514804021862,-0.767850208504107,0.87055316930848,0.0515055295485702,-0.768116741157226,0.871127800254366
"Marion Island","PB1","PB1_1B",68,85.6,86.6,86.1,-0.854542680208744,-0.0854542680208744,0.0669048849952727,0.00802858619943272,-0.0663889138315639,-0.885396991346851,0.752619163683723,-0.0663910502649085,-0.885360783230963,0.752578682701146
"Marion Island","PB1","PB1_1C",77,89.2,90.3,89.7,-1.02873346961961,-0.102873346961961,-0.138640144488707,-0.0166368173386448,-0.208573705950699,-1.02788089857726,0.610733486675857,-0.208764454069356,-1.02747965773338,0.609950749594673
"Marion Island","PB1","PB1_1C",79,91.8,92.9,92.4,-0.881874856495041,-0.0881874856495041,-0.201028538308898,-0.0241234245970677,-0.0886990475451453,-0.907715496711824,0.730317401621534,-0.0887307789292335,-0.907621945216678,0.73016038735821
"Marion Island","PB1","PB1_1C",81,94.5,95.6,95.1,-0.887839043683848,-0.0887839043683848,-0.225152724530584,-0.0270183269436701,-0.0935673687604533,-0.912587552921073,0.725452815400167,-0.0936055580944768,-0.912481490693532,0.725270374504578
"Marion Island","PB1","PB1_1C",84,98.5,99.6,99.1,-0.948089905694633,-0.0948089905694633,-0.229243036969435,-0.0275091644363322,-0.142747674556047,-0.961843921738821,0.676348572626726,-0.142851102796581,-0.961611533597044,0.675909328003882
"Marion Island","PB1","PB1_1C",86,101.2,102.3,101.8,-1.05900610593408,-0.105900610593408,-0.0720295684702581,-0.00864354821643097,-0.233284016500579,-1.05270263093252,0.586134597931366,-0.233507543464623,-1.05223809414272,0.585223007213471
"Marion Island","PB1","PB1_1C",87,102.6,103.7,103.1,-0.907552576285058,-0.0907552576285058,-0.246016145542093,-0.0295219374650512,-0.109658716324333,-0.928696109690565,0.709378677041899,-0.10971825123363,-0.928548702220721,0.709112199753461
"Marion Island","PB1","PB1_1C",88,103.9,105,104.4,-1.12209844070148,-0.112209844070148,-0.305115475865382,-0.0366138571038459,-0.284783699885415,-1.10449104153966,0.534923641768827,-0.28507554246839,-1.10389478213868,0.5337436972019
