"Location","Site","Section","sample","min_depth","max_depth","midpoint","SH20_age","Ca","Ca_sd","Ca_ICP","Ca_ICP_sd","fit","lwr","upr"
"Bird Island","BI10","BI10.1",1,0,1.1,0.6,-55.4909090909091,42,15.8113883008419,1557.061769,23.70865277,5556.71197671623,-5375.65109114409,16489.0750445765
"Bird Island","BI10","BI10.1",4,3.9,5,4.5,5.21666666666667,43.0833333333333,12.12404322998,1397.543318,16.95048652,5582.14788114475,-5350.12419631361,16514.4199586031
"Bird Island","BI10","BI10.1",10,11.7,12.8,12.3,132.083333333333,56.5,15.8200103436353,2547.021617,33.02866289,5897.16177445179,-5034.00786072587,16828.3314096295
"Bird Island","BI10","BI10.1",22,26.7,27.8,27.2,382.866666666667,125.083333333333,20.7822403785423,6361.863436,96.22229039,7507.45018558033,-3418.79088360391,18433.6912547646
"Bird Island","BI10","BI10.1",30,36.3,37.2,36.7,541.72,217.7,27.9087799805008,8442.247188,102.4072847,9682.02435341541,-1239.43969668698,20603.4884035178
"Bird Island","BI10","BI10.1",34,40.9,41.9,41.4,618.7,171.727272727273,21.74898116736,8467.75867,27.42631931,8602.617063667,-2320.94819182171,19526.1823191557
"Bird Island","BI10","BI10.2",45,44,45,44.5,670.06,248,30.2397824801113,10818.31417,94.24288942,10393.4470342008,-526.923278135384,21313.8173465369
"Bird Island","BI10","BI10.2",51,51.9,52.9,52.4,800.245454545455,201.454545454545,15.5843744588202,6975.196896,67.76762951,9300.59251106214,-1621.55321825121,20222.7382403755
"Bird Island","BI10","BI10.2",54,55.3,56.3,55.8,856.145454545455,175,17.3723918905832,7326.374157,349.9533771,8679.45839732517,-2243.93967718436,19602.8564718347
"Bird Island","BI10","BI10.2",62,64.4,65.4,64.9,1005.71818181818,270.909090909091,43.279220292086,5816.665099,70.73844961,10931.336369808,11.6393925484754,21851.0333470676
"Bird Island","BI10","BI10.2",67,70.1,71.2,70.6,1100.56666666667,387.833333333333,65.1513389708682,9084.977882,46.04204392,13676.6353135127,2758.31376412172,24594.9568629036
"Bird Island","BI10","BI10.2",71,74.7,75.8,75.2,1174.81666666667,238.5,43.0591559263638,6626.492173,12.55357407,10170.393718443,-750.294616125193,21091.0820530111
"Bird Island","BI10","BI10.2",81,86.5,87.5,87,1349.67272727273,217.363636363636,28.0081157069615,9905.624178,61.39912548,9674.12677190054,-1247.35071830293,20595.604262104
"Bird Island","BI10","BI10.3",88,84.8,85.8,85.3,1324,223.545454545455,26.1241789779646,7180.738417,69.86799065,9819.2715132549,-1101.96352228426,20740.5065487941
"Bird Island","BI10","BI10.3",95,93,94,93.5,1444.54545454545,242,36.428011200174,6732.62029,14.01324671,10252.5712558274,-667.997266315391,21173.1397779702
"Bird Island","BI10","BI10.3",98,96.3,97.3,96.8,1492.28181818182,210.363636363636,43.6469305387509,6605.365982,65.89419971,9509.77169713164,-1411.99196215217,20431.5353564155
"Bird Island","BI10","BI10.3",104,103.2,104.2,103.7,1595.6,254.272727272727,55.9608629474044,7089.603048,60.94161611,10540.7262570456,-379.446537570931,21460.8990516621
"Bird Island","BI10","BI10.3",114,114.9,115.9,115.4,1769.91818181818,203.545454545455,31.0237445720649,5586.311354,64.02588147,9349.68558534378,-1572.36867867436,20271.7398493619
"Bird Island","BI10","BI10.3",120,121.8,122.7,122.3,1872.71,187.9,22.8057010416255,5350.125775,88.24884284,8982.34132082785,-1940.42405304464,19905.1066947003
"Bird Island","BI10","BI10.4",135,129.4,130.4,129.9,1986.59090909091,225.272727272727,29.2612060896024,5647.265231,93.13022455,9859.82666157448,-1061.34235045044,20780.9956735994
"Bird Island","BI10","BI10.4",145,141,142,141.5,2162.97272727273,202.545454545455,29.2758044684126,5488.24581,18.21293292,9326.20628894822,-1595.89158192817,20248.3041598246
"Bird Island","BI10","BI10.4",155,152.7,153.8,153.2,2335.40833333333,163.666666666667,21.9351661756075,6436.237221,74.4489504,8413.35970484221,-2510.62881340833,19337.3482230928
"Bird Island","BI10","BI10.4",165,164.8,165.8,165.3,2517.27272727273,298.727272727273,40.172355940599,5642.915643,47.45052762,11584.4877059026,665.430480590829,22503.5449312144
"Bird Island","BI10","BI10.4",168,168.4,170,169.2,2576.01176470588,221.529411764706,30.4817930227596,6500.001765,157.0216455,9771.93624725957,-1149.37680060277,20693.2492951219
"Bird Island","BI10","BI10.5",181,174.6,175.6,175.1,2667,234.454545454545,45.6100068764819,6176.904031,61.73924486,10075.4092921155,-845.421373399588,20996.2399576306
"Bird Island","BI10","BI10.5",191,186.6,187.6,187.1,2847.45454545455,223.363636363636,49.106563160687,6093.055388,99.46457719,9815.00255027387,-1106.23947884195,20736.2445793897
"Bird Island","BI10","BI10.5",194,190.3,191.3,190.8,2903.10909090909,184,38.3431871393081,9697.311696,71.12002695,8890.77206488518,-2032.1801704373,19813.7243002077
"Bird Island","BI10","BI10.5",197,194,195,194.5,2954.41818181818,212.727272727273,48.779280251129,7288.66125,112.260405,9565.26821588479,-1356.39743432253,20486.9338660921
"Bird Island","BI10","BI10.5",202,199.9,200.8,200.3,3041.91111111111,262.666666666667,48.163783074007,5866.599826,19.40433341,10737.8100480023,-182.113951111889,21657.7340471164
"Bird Island","BI10","BI10.6",218,209.5,210.5,210,3183,277.636363636364,68.2924193849841,6764.508083,155.9717551,11089.2880001054,169.763619360736,22008.8123808501
"Bird Island","BI10","BI10.6",228,221.4,222.4,221.9,3362.6,240.272727272727,23.6224084677702,8457.047616,112.1937561,10212.0161075078,-708.611156994648,21132.6433720103
"Bird Island","BI10","BI10.6",239,234.2,235.2,234.7,3550.09090909091,285.545454545455,48.5208483775039,7198.222186,31.09232618,11274.9878897794,355.651834774673,22194.3239447841
"Bird Island","BI10","BI10.6",247,243.9,245,244.5,3699.925,135.083333333333,30.7525559420627,6524.805309,142.7736565,7742.24314953589,-3183.37813216401,18667.8644312358
"Bird Island","BI10","BI10.7",259,250.7,251.7,251.2,3790.45,216.5,30.8949834115508,6240.983611,108.9028532,9653.84919774074,-1267.6629313951,20575.3613268766
"Bird Island","BI10","BI10.7",271,265,266,265.5,3978.94545454545,229.181818181818,36.3615681230009,7771.356271,103.9511198,9951.6093656662,-969.413000785009,20872.6317321174
"Bird Island","BI10","BI10.7",280,275.9,276.9,276.4,4128.55454545455,210.090909090909,31.998295409145,6196.60628,108.1773992,9503.36825266014,-1418.40680594025,20425.1433112605
"Bird Island","BI10","BI10.8",300,289.7,290.8,290.3,4314.73333333333,215.916666666667,22.8053356329902,6725.623999,76.79365852,9640.15294151001,-1281.38269043537,20561.6885734554
"Bird Island","BI10","BI10.8",303,293.4,294.4,293.9,4365.28181818182,237.090909090909,33.4707470650254,5960.306307,73.5430348,10137.3092553401,-783.428187068448,21058.0466977487
"Bird Island","BI10","BI10.8",311,303.1,304,303.6,4492.98,371.1,50.7355890869516,6654.679504,148.2965685,13283.7484204937,2365.44141683331,24202.0554241541
"Bird Island","BI10","BI10.8",318,311.7,312.8,312.2,4610.66666666667,244.083333333333,29.6753902734031,6154.781584,212.2812892,10301.4864566515,-619.012214367111,21221.9851276701
"Bird Island","BI10","BI10.8",326,321.7,322.8,322.2,4729.33333333333,180.25,30.2778797144054,4314.171561,119.5885434,8802.72470340184,-2120.41081908954,19725.8602258932
"Bird Island","BI10","BI10.9",342,332.1,333.1,332.6,4891.35454545455,195.363636363636,32.6566156460608,3366.405358,43.51758987,9157.5822511983,-1764.8361976069,20080.0007000035
"Bird Island","BI10","BI10.9",348,339.5,340.5,340,5008.74545454545,188,38.7788602204861,6376.14109,151.4025643,8984.6892504674,-1938.07138246071,19907.4498833955
"Bird Island","BI10","BI10.9",361,355.7,356.7,356.2,5262.19090909091,257.818181818182,36.5234669269449,6975.754499,274.4419208,10623.9710351753,-296.094506013249,21544.0365763639
"Bird Island","BI10","BI10.9",365,360.7,361.7,361.2,5341.56,355.9,78.9408357921016,6849.57438,146.3509218,12926.8631152812,2008.50812042756,23845.2181101349
"Bird Island","BI10","BI10.9",372,369.1,371,370.1,5483.135,244.55,24.8161131864805,7954.492393,112.904805,10312.4434616361,-608.039712690947,21232.9266359631
"Bird Island","BI10","BI10.10",379,367.3,368.4,367.9,5447.30909090909,249.090909090909,39.6294197420415,6910.359074,99.46866164,10419.0608120868,-501.274436936914,21339.3960611106
"Bird Island","BI10","BI10.10",386,375.7,376.6,376.1,5581.52,245.3,23.7161454615955,6023.226846,96.77731334,10330.0529339328,-590.405449988812,21250.5113178543
"Bird Island","BI10","BI10.10",390,380.5,381.5,381,5660.04545454545,219.909090909091,41.8125687932577,8005.462824,147.2086058,9733.89225363469,-1187.48423612763,20655.268743397
"Bird Island","BI10","BI10.10",392,382.9,384,383.4,5698.00833333333,277.25,34.3143887127146,8103.945816,176.7489113,11080.2164537708,160.682469196188,21999.7504383454
"Bird Island","BI10","BI10.10",396,387.7,388.8,388.2,5774.45833333333,247.333333333333,38.2273898315505,7585.017065,119.0582216,10377.794169937,-542.597717641334,21298.1860575154
"Bird Island","BI10","BI10.10",403,396.3,397.4,396.8,5914.69166666667,217.166666666667,30.328004859995,7317.516566,219.0972257,9669.50206200446,-1251.98331176314,20590.9874357721
"Bird Island","BI10","BI10.10",410,404.6,405.6,405.1,6045.02727272727,348.363636363636,59.321619545108,7179.414733,219.243921,12749.9145997184,1831.5142043503,23668.3149950864
"Bird Island","BI10","BI10.11",422,409.9,410.9,410.4,6127.60909090909,375.818181818182,39.5267458357457,9461.06745,314.1395737,13394.5280098509,2476.22405303526,24312.8319666666
"Bird Island","BI10","BI10.11",424,412.2,413.2,412.7,6161.61818181818,374,40.2243707222375,8311.822141,243.7283369,13351.8383800408,2433.53391396118,24270.1428461204
"Bird Island","BI10","BI10.11",427,415.8,416.8,416.3,6233.21818181818,305.545454545455,27.0494496667257,4039.228505,118.4041127,11744.5738176905,825.643623810753,22663.5040115702
"Bird Island","BI10","BI10.11",439,430.3,431.3,430.8,6633.50909090909,307.545454545455,38.5885051183993,5046.388886,101.3494984,11791.5324104816,872.637255722209,22710.427565241
"Bird Island","BI10","BI10.11",443,435.2,436.3,435.7,6779.31666666667,361.416666666667,32.1543389786124,5399.551536,155.4784276,13056.3905670634,2138.0597259111,23974.7214082157
"Bird Island","BI10","BI10.11",449,442.8,443.8,443.3,6996.89090909091,418.545454545455,52.4640136405206,7612.230803,168.9409106,14397.7343103883,3479.20232887208,25316.2662919046
"Bird Island","BI10","BI10.12",461,447.5,448.7,448.1,7135.69230769231,356.846153846154,30.9834529866243,11154.85179,310.394632,12949.0781418709,2030.72783485059,23867.4284488912
"Bird Island","BI10","BI10.12",465,452.8,453.9,453.4,7290.50833333333,477.166666666667,163.548065402712,11483.54156,242.7777321,15774.119124849,4854.5252232529,26693.7130264451
"Bird Island","BI10","BI10.12",469,458.3,459.3,458.8,7450.61818181818,315.727272727273,58.4261771966828,10269.18303,319.7998586,11983.6357446271,1064.87342899939,22902.3980602547
"Bird Island","BI10","BI10.12",475,466.1,467.2,466.6,7672.18333333333,318.083333333333,48.1578056230165,12229.13292,864.7429197,12038.9543899226,1120.22719682724,22957.681583018
"Bird Island","BI10","BI10.12",479,471.4,472.4,471.9,7821.06363636364,309.272727272727,41.8045234612019,9855.628818,190.0778574,11832.0875588012,913.221853439449,22750.9532641629
"Bird Island","BI10","BI10.12",484,478.2,479.2,478.7,8011.50909090909,289.818181818182,47.4569661521218,10048.24434,653.9557626,11375.3085198331,456.067642811073,22294.5493968551
"Bird Island","BI10","BI10.13",506,473.4,474.5,474,7881.69166666667,334.5,42.0681265654566,6960.861032,157.416355,12424.4061724163,1505.88485129589,23342.9274935368
"Bird Island","BI10","BI10.13",519,491,492,491.5,8384.23636363636,305.909090909091,40.4164682906722,7012.381581,44.90787058,11753.1117436525,834.187995540229,22672.0354917648
"Bird Island","BI10","BI10.13",522,494.8,495.8,495.3,8490.03636363636,346.727272727273,46.9128786349568,9040.006112,121.9027865,12711.4939328893,1793.08178713789,23629.9060786407
"Bird Island","BI10","BI10.13",525,498.7,499.7,499.2,8597.97,495.9,91.0792695037314,11396.20863,173.5311002,16213.9646106591,5293.84868292225,27134.0805383959
"Bird Island","BI10","BI10.13",529,503.9,505.1,504.5,8738.44,555.3,77.0310904043873,7680.69076,235.9017829,17608.6348165551,6686.27878931112,28530.9908437991
"Isla Hermite","HER42PB","HER42PB_1A",3,2.5,3.7,3.1,-30.6269230769231,458.153846153846,40.4863066436175,15948.18938,296.6363225,15327.711476713,4408.55692920592,26246.86602422
"Isla Hermite","HER42PB","HER42PB_1A",5,5.3,6.5,5.9,-1.38846153846154,484.307692307692,90.9105646733688,16588.68048,111.1441592,15941.7853824429,5022.00292164758,26861.5678432382
"Isla Hermite","HER42PB","HER42PB_1A",7,8.1,9.3,8.7,27.85,558.692307692308,81.928204967708,15380.19155,46.14057465,17688.2838143277,6765.77302085872,28610.7946077967
"Isla Hermite","HER42PB","HER42PB_1A",9,10.9,12.1,11.5,56.4453846153846,541,123.003387487229,15558.14641,281.60245,17272.8808780987,6351.14538780751,28194.6163683898
"Isla Hermite","HER42PB","HER42PB_1A",13,16.3,17.5,16.9,110.519230769231,330,60.0874362907921,17669.83951,81.28126176,12318.7493386363,1400.17834682265,23237.32033045
"Isla Hermite","HER42PB","HER42PB_1A",16,20.5,21.6,21.1,152.406666666667,371.916666666667,58.1556818662917,21182.64262,288.0839396,13302.9231792167,2384.61710469668,24221.2292537368
"Isla Hermite","HER42PB","HER42PB_1A",20,26.1,27.3,26.7,210.763076923077,485,121.194746860855,16828.03623,129.575879,15958.0402799475,5038.23885517843,26877.8417047166
"Isla Hermite","HER42PB","HER42PB_1A",25,33.1,34.1,33.6,281.104545454545,474.818181818182,70.0054543329563,23025.53265,198.0195808,15718.978353011,4799.44365420268,26638.5130518192
"Isla Hermite","HER42PB","HER42PB_1A",28,37.1,38.2,37.7,321.895,778.666666666667,189.861831739597,19806.58483,186.1818974,22853.1269881091,11914.3992632283,33791.85471299
"Isla Hermite","HER42PB","HER42PB_1A",31,41.2,42.3,41.7,363.2825,426.166666666667,69.2227410522574,23961.57686,191.6926149,14576.6750086757,3658.05397225254,25495.2960450988
"Isla Hermite","HER42PB","HER42PB_1B",40,43.1,44.2,43.7,382.52,452.833333333333,90.9333755442895,19881.77207,65.60984782,15202.7895792238,4283.74165920743,26121.8374992402
"Isla Hermite","HER42PB","HER42PB_1B",48,54,55.1,54.5,493.1425,402.166666666667,33.6042024788928,16479.65741,75.80642407,14013.1718951823,3094.78173851128,24931.5620518533
"Isla Hermite","HER42PB","HER42PB_1B",50,56.7,57.8,57.2,520.634166666667,349.166666666667,49.5834160936411,10723.74092,15.01323728,12768.7691862178,1850.37431024251,23687.1640621932
"Isla Hermite","HER42PB","HER42PB_1B",56,64.7,65.8,65.2,601.545833333333,377.083333333333,36.6294921746084,16718.31854,180.5578402,13424.2328772604,2505.92878293094,24342.5369715899
"Isla Hermite","HER42PB","HER42PB_1B",60,69.9,70.9,70.4,653.46,317.363636363636,77.9695744855296,20223.29166,202.2329166,12022.0564114561,1103.31863809378,22940.7941848185
"Isla Hermite","HER42PB","HER42PB_1B",63,73.7,74.8,74.3,692.363333333333,320.583333333333,51.4789601034572,17750.4328,209.455107,12097.6526309115,1178.96117547964,23016.3440863434
"Isla Hermite","HER42PB","HER42PB_1B",69,81.5,82.5,82,770.521818181818,760.272727272727,95.7685657291482,26370.11281,58.01424818,22421.2502331969,11484.3443557561,33358.1561106377
"Isla Hermite","HER42PB","HER42PB_1C",80,86.5,87.8,87.2,822.286923076923,644.846153846154,105.845678666196,26667.54291,424.0139323,19711.115503791,8783.70286150465,30638.5281460774
"Isla Hermite","HER42PB","HER42PB_1C",86,94.8,96,95.4,906.45,440.846153846154,56.603660296613,19173.11646,243.4985791,14921.3390390976,4002.50519645334,25840.1728817419
"Isla Hermite","HER42PB","HER42PB_1C",90,100.2,101.4,100.8,961.955384615385,283.846153846154,55.7551883293477,20274.4736,85.15278913,11235.0895049953,315.714317604708,22154.4646923859
"Isla Hermite","HER42PB","HER42PB_1C",91,101.6,103.1,102.3,977.5775,326.75,77.8421479662528,15679.13954,25.08662327,12242.4416253508,1323.83158450377,23161.0516661978
"Isla Hermite","HER42PB","HER42PB_1C",97,109.8,111,110.4,1058.64692307692,678.923076923077,216.812308052557,23770.8588,204.4293857,20511.2176809626,9581.35070588304,31441.0846560423
"Isla Hermite","HER42PB","HER42PB_1C",104,119.2,120.3,119.8,1151.60416666667,303.5,39.8189082540626,19931.45628,131.5476115,11696.5479841541,777.580911591052,22615.5150567172
"Isla Hermite","HER42PB","HER42PB_1D",118,127.3,128.4,127.8,1233.23666666667,259.083333333333,43.0654012854726,21097.44306,554.8627524,10653.6759025848,-266.352133595363,21573.703938765
"Isla Hermite","HER42PB","HER42PB_1D",121,130.9,132.2,131.6,1270.93,317.785714285714,47.4149904426999,15108.07419,273.4561428,12031.9665040906,1113.23495153469,22950.6980566466
"Isla Hermite","HER42PB","HER42PB_1D",131,143.2,144.4,143.8,1396.85230769231,233.769230769231,44.6358485340984,16222.83208,115.1821078,10059.3185854948,-861.536599924055,20980.1737709136
"Isla Hermite","HER42PB","HER42PB_1D",137,150.7,151.9,151.3,1480.03461538462,243.153846153846,29.5235672919284,14715.29986,269.2899875,10279.6627516684,-640.866948547064,21200.192451884
"Isla Hermite","HER42PB","HER42PB_1D",144,159.2,160.3,159.8,1611.23,377.416666666667,55.3360943086277,19331.44723,143.0527095,13432.0593093923,2513.75511164535,24350.3635071393
"Isla Hermite","HER42PB","HER42PB_1D",147,162.9,164.1,163.5,1669.44846153846,460.307692307692,68.8069577579,16304.49768,211.9584699,15378.2822689496,4459.08252710744,26297.4820107917
"Isla Hermite","HER42PB","HER42PB_1E",158,169.3,170.5,169.9,1768.77461538462,202.076923076923,27.7262256671114,5436.594439,51.10398773,9315.20549972792,-1606.91288900276,20237.3238884586
"Isla Hermite","HER42PB","HER42PB_1E",162,175.6,176.8,176.2,1865.00538461538,261.153846153846,20.4240305924425,14110.24974,173.5560718,10702.2900867885,-217.677440167188,21622.2576137441
"Isla Hermite","HER42PB","HER42PB_1E",166,181.9,183.1,182.5,1961.41923076923,272.692307692308,39.0542029649917,13479.76097,118.6218965,10973.2050451987,53.5549298542373,21892.8551605432
"Isla Hermite","HER42PB","HER42PB_1E",174,194.9,196.1,195.5,2158.50153846154,244.153846153846,34.3943942957913,14253.70812,42.76112437,10303.142048064,-617.35427790136,21223.6383740294
"Isla Hermite","HER42PB","HER42PB_1E",179,202.5,203.6,203,2273.88416666667,307,44.7965096042903,11992.59067,135.5162746,11778.7255215386,859.820910680031,22697.6301323971
"Isla Hermite","HER42PB","HER42PB_1F",184,201.4,202.5,202,2256.42833333333,372.416666666667,48.5713314870433,19005.72883,266.0802036,13314.6628274145,2396.35723874427,24232.9684160848
"Isla Hermite","HER42PB","HER42PB_1F",189,208.1,209.3,208.7,2363.54384615385,298.538461538462,37.2639579768785,10921.53411,245.7345174,11580.0545520377,660.993642143289,22499.1154619321
"Isla Hermite","HER42PB","HER42PB_1F",191,210.9,212.2,211.5,2407.86357142857,261.928571428571,54.4800094398985,13096.11662,299.9010705,10720.4800911389,-199.465072854102,21640.4252551318
"Isla Hermite","HER42PB","HER42PB_1F",197,219.3,220.5,219.9,2535.41461538462,340.846153846154,66.2682002092584,13147.58443,67.05268057,12573.409399542,1654.94944814171,23491.8693509423
"Isla Hermite","HER42PB","HER42PB_1F",200,223.4,224.6,224,2595.94769230769,274.538461538462,54.9266410536444,11323.61093,135.8833311,11016.5514385444,96.9489945022451,21936.1538825865
"Isla Hermite","HER42PB","HER42PB_1F",205,230.3,231.5,230.9,2697.92846153846,328.538461538462,47.7835665346281,11871.90515,118.7190515,12284.4334439044,1365.84522114968,23203.0216666591
"Isla Hermite","HER42PB","HER42PB_1F",209,235.8,236.9,236.4,2780.0925,293.166666666667,66.3130774615704,21435.85886,171.4868709,11453.9285880667,534.759083867873,22373.0980922656
"Isla Hermite","HER42PB","HER42PB_1F",211,238.4,239.5,239,2819.29,326.916666666667,65.2428447255236,18063.59942,160.7660348,12246.3548414167,1327.74686787716,23164.9628149563
"Isla Hermite","HER42PB","HER42PB_1F",213,241.1,242.3,241.7,2859.43,422.833333333333,152.979400475021,16570.75403,175.6499928,14498.4106873571,3579.83040350287,25416.9909712114
"Isla Hermite","HER42PB","HER42PB_1G",224,246.9,248.1,247.5,2943.97461538462,236.846153846154,58.5432121796173,9282.261886,275.683178,10131.5625744042,-789.183448909471,21052.3085977178
"Isla Hermite","HER42PB","HER42PB_1G",231,256.4,257.6,257,3049.39,231.769230769231,25.3020218103674,16688.31951,120.1559005,10012.3599927037,-908.567427526503,20933.2874129338
"Isla Hermite","HER42PB","HER42PB_1G",232,257.7,258.9,258.3,3062.22846153846,217.153846153846,32.8096686812647,11281.74843,143.2782051,9669.20104538399,-1252.28484185385,20590.6869326218
"Isla Hermite","HER42PB","HER42PB_1G",236,263.2,264.4,263.8,3116.22307692308,313.076923076923,36.5933999933994,10268.05232,158.1280057,11921.4073996346,1002.60390152367,22840.2108977456
"Isla Hermite","HER42PB","HER42PB_1G",240,268.6,269.8,269.2,3169.09230769231,231.538461538462,22.2733599643737,13752.84253,276.4321349,10006.9416935355,-913.994126346357,20927.8775134173
"Isla Hermite","HER42PB","HER42PB_1G",245,275.2,276.4,275.8,3233.34153846154,267.538461538462,31.8240354255904,12789.28681,182.8868014,10852.1963637755,-67.5913813072821,21771.9841088582
"Isla Hermite","HER42PB","HER42PB_1G",253,285.8,286.9,286.3,3335.24833333333,331,59.2314412821741,13600.89319,92.48607368,12342.2286350319,1423.66912244797,23260.7881476158
"Isla Hermite","HER42PB","HER42PB_1H",260,285,286.2,285.6,3328.03692307692,300.384615384615,37.8319495962924,15125.15668,72.60075205,11623.4009453833,704.375676788144,22542.4262139785
"Isla Hermite","HER42PB","HER42PB_1H",264,290.3,291.5,290.9,3378.91846153846,292.076923076923,44.1823145961925,11805.42446,195.970046,11428.342175328,509.149753583861,22347.534597072
"Isla Hermite","HER42PB","HER42PB_1H",269,297,298.2,297.6,3442.75846153846,313.846153846154,46.1552563887115,14687.33659,261.4345912,11939.468396862,1020.67703388588,22858.2597598381
"Isla Hermite","HER42PB","HER42PB_1H",273,302.3,303.5,302.9,3494.21153846154,280.307692307692,40.1006745898882,11153.06418,113.7612546,11152.0089177495,232.549908539648,22071.4679269593
"Isla Hermite","HER42PB","HER42PB_1H",278,309.3,310.6,309.9,3563.64071428571,323.285714285714,35.1511649252823,13037.74795,88.65668607,12161.1026342662,1242.44803700768,23079.7572315247
"Isla Hermite","HER42PB","HER42PB_1H",281,313.5,314.8,314.2,3603.44,402.857142857143,57.4293641626988,17576.4553,31.63761954,14029.3837903126,3110.98902061838,24947.7785600068
"Isla Hermite","HER42PB","HER42PB_1H",286,320.5,321.8,321.1,3669.60384615385,286.923076923077,38.1629434977211,14146.65191,185.32114,11307.3334939047,388.028629170478,22226.6383586389
"Isla Hermite","HER42PB","HER42PB_1I",301,332.1,333.3,332.7,3782.35692307692,293.769230769231,30.9385246528064,15132.67009,145.2736329,11468.0763692281,548.919408533717,22387.2333299226
"Isla Hermite","HER42PB","HER42PB_1I",303,334.9,336.2,335.6,3810.93642857143,279.214285714286,40.5921147542202,11158.13864,189.6883569,11126.336500262,206.850951185423,22045.8220493387
"Isla Hermite","HER42PB","HER42PB_1I",312,347.6,348.8,348.2,4016.98,306.769230769231,32.2209917242208,11213.62735,155.8694202,11773.3072223704,854.398588271244,22692.2158564695
"Isla Hermite","HER42PB","HER42PB_1I",317,354.3,355.4,354.9,4144.90083333333,571.916666666667,52.1474453890702,21625.13237,80.01298978,17998.7824583279,7075.64065869266,28921.9242579632
"Isla Hermite","HER42PB","HER42PB_1I",320,358.3,359.6,358.9,4223.08571428571,550.785714285714,136.634368112311,17533.72021,187.6108062,17502.6425642552,6580.48799527279,28424.7971332375
"Isla Hermite","HER42PB","HER42PB_1I",322,361,362.2,361.6,4273.55307692308,657.461538461538,58.985330640501,25617.84304,222.8752345,20007.3158583196,9079.02865807682,30935.6030585623
"Isla Hermite","HER42PB","HER42PB_1J",335,369.7,370.8,370.2,4438.2275,477.583333333333,46.7147209294367,23158.71471,264.0093477,15783.9021650138,4864.29761446974,26703.5067155579
"Isla Hermite","HER42PB","HER42PB_1J",340,376.7,377.9,377.3,4574.44,302.461538461538,43.9879062633799,20268.84804,222.9573285,11672.1656378972,753.179438564679,22591.1518372297
"Isla Hermite","HER42PB","HER42PB_1J",342,379.6,380.9,380.3,4631.57428571429,312.5,55.5043310853376,24808.64122,322.5123358,11907.8616517141,989.048954337681,22826.6743490906
"Isla Hermite","HER42PB","HER42PB_1J",346,385.3,386.5,385.9,4743.01769230769,298.692307692308,51.8159959462079,10578.61869,76.16605456,11583.6667514832,664.608844519433,22502.7246584469
"Isla Hermite","HER42PB","HER42PB_1J",349,389.6,390.9,390.2,4828.70428571429,467.214285714286,85.1615465511812,15306.70025,192.8644231,15540.4442226266,4621.09167063642,26459.7967746167
"Isla Hermite","HER42PB","HER42PB_1J",352,394,395.2,394.6,4912.70923076923,405.846153846154,65.3730909904146,14483.51439,260.703259,14099.5636652531,3181.14753944061,25017.9797910657
"Isla Hermite","HER42PB","HER42PB_1J",353,395.4,396.6,396,4939.73076923077,477.769230769231,48.1354925291685,20434.06435,433.2021643,15788.2669060104,4868.65759027792,26707.8762217429
"Kerguelen","KER1","CAT1-S1-1A",1,0,1.4,0.7,-43.6,153,48.5455112926691,20764.4876,191.5470843,8162.91387662294,-2761.65989726822,19087.4876505141
"Kerguelen","KER1","CAT1-S1-1A",3,3.1,4.7,3.9,3.97058823529412,371.058823529412,168.25073201484,24349.44729,711.6515767,13282.7816259362,2364.47457097445,24201.088680898
"Kerguelen","KER1","CAT1-S1-1A",5,6.4,7.8,7.1,59.76,543.266666666667,257.69208277285,18719.29689,285.4615205,17326.1006165953,6404.27020194662,28247.9310312439
"Kerguelen","KER1","CAT1-S1-1A",7,9.3,10.6,9.9,108.485714285714,244.428571428571,100.190368250196,7892.84278,163.3355729,10309.5924042166,-610.894797129919,21230.0796055632
"Kerguelen","KER1","CAT1-S1-1A",8,10.7,12,11.4,130.207142857143,485,249.88181821998,23057.20465,434.2114875,15958.0402799475,5038.23885517843,26877.8417047166
"Kerguelen","KER1","CAT1-S1-1A",9,12.1,13.6,12.8,153.175,320.6875,347.554258354001,8068.846686,203.0553031,12100.0983909527,1181.40839038881,23018.7883915167
"Kerguelen","KER1","CAT1-S1-1A",11,15.1,16.5,15.8,212.526666666667,153.2,39.8787447860923,7023.833905,194.9295095,8167.60973590205,-2756.95280092945,19092.1722727336
"Kerguelen","KER1","CAT1-S1-1A",13,18,19.4,18.7,308.48,162.333333333333,78.8440292754052,1842.298409,30.56479527,8382.05397631479,-2542.00613226701,19306.1140848966
"Kerguelen","KER1","CAT1-S1-1A",17,24,25.5,24.7,466.2125,220.25,74.4217710082204,15295.91562,236.5896523,9741.89655922408,-1179.46652766235,20663.2596461105
"Kerguelen","KER1","CAT1-S1-1A",20,28.6,30,29.3,587.28,118.2,28.5236743776113,5707.668952,140.4932862,7345.83436205759,-3580.84794965645,18272.5166737716
"Kerguelen","KER1","CAT1-S1-1A",23,33,34.4,33.7,665.746666666667,637.4,313.138673069023,27130.75859,382.1862963,19536.2850506303,8609.36982248929,30463.2002787712
"Kerguelen","KER1","CAT1-S1-1A",25,35.9,37.2,36.6,716.192857142857,645.857142857143,209.719173820926,10116.20827,157.5389463,19734.8528144327,8807.37156111809,30662.3340677473
"Kerguelen","KER1","CAT1-S1-1A",26,37.3,38.7,38,744.413333333333,449.666666666667,106.986425485177,21714.33708,194.8718454,15128.4384739712,4209.45062838614,26047.4263195563
"Kerguelen","KER1","CAT1-S1-1A",27,38.8,40.1,39.4,772.55,459.071428571429,148.319024292344,20341.20911,405.8746354,15349.2556662628,4430.08200804971,26268.4293244758
"Kerguelen","KER1","CAT1-S1-1A",28,40.2,41.6,40.9,799.733333333333,415,154.279431088991,12514.93162,348.3525975,14314.4895322586,3395.99398803559,25232.9850764816
"Kerguelen","KER1","CAT1-S1-1B",36,45.1,46.2,45.6,888.225,524.666666666667,226.431339516312,26333.16952,223.1480952,16889.3857036379,5968.29595394437,27810.4754533315
"Kerguelen","KER1","CAT1-S1-1B",40,50.7,52.1,51.4,1089.45333333333,416.133333333333,118.317289321472,20694.032,39.14844249,14341.0994015069,3422.59255449455,25259.6062485192
"Kerguelen","KER1","CAT1-S1-1B",41,52.3,53.6,53,1213.32142857143,590.785714285714,163.743316280005,27857.81305,654.0277488,18441.8144200774,7517.6960201404,29365.9328200144
"Kerguelen","KER1","CAT1-S1-1B",46,59.9,61.2,60.5,1808.84285714286,227.571428571429,31.845092088262,7587.711479,189.2791492,9913.79855069155,-1007.28376147287,20834.880862856
"Kerguelen","KER1","CAT1-S1-1B",49,64.4,65.8,65.1,2110.62666666667,217.866666666667,47.0787587326761,4034.917626,33.47703592,9685.93756948135,-1235.51983167381,20607.3949706365
"Kerguelen","KER1","CAT1-S1-1B",51,67.6,68.9,68.3,2364.32142857143,181,25.2769277587898,3370.327372,73.61854793,8820.33417569851,-2102.76440601895,19743.432757416
"Kerguelen","KER1","CAT1-S1-1B",57,76.5,77.9,77.2,3056.76,157.666666666667,30.9300285590988,5249.86072,175.8882384,8272.48392646888,-2651.8302732582,19196.798126196
"Kerguelen","KER1","CAT1-S1-1C",69,86.1,87.5,86.8,3452.74666666667,162.466666666667,28.1776676178308,3883.986282,72.63749019,8385.18454916755,-2538.86838023787,19309.237478573
"Kerguelen","KER1","CAT1-S1-1C",73,92.4,93.7,93.1,3631.13571428571,142.857142857143,29.811864295063,3407.375544,62.86312354,7924.76672746802,-3000.39013042863,18849.9235853647
"Kerguelen","KER1","CAT1-S1-1C",80,103.1,104.5,103.8,3940.82666666667,156.6,33.8985882554759,2189.505993,32.85207386,8247.43934364694,-2676.93370393078,19171.8123912247
"Kerguelen","KER1","CAT1-S1-1C",86,112.2,113.6,112.9,4208.64,130.8,23.3550239318469,3711.15207,106.3870844,7641.6734966416,-3284.21017956604,18567.5571728492
"Kerguelen","KER1","CAT1-S1-1C",93,122.9,124.1,123.5,4497.10769230769,167,31.1474985619498,4217.700826,50.2785658,8491.62402616073,-2432.18747467719,19415.4355269986
"Kerguelen","KER1","CAT1-S1-1D",105,130.3,131.4,130.8,4654.675,128.75,15.7371881512896,4013.123051,37.50970772,7593.54093903071,-3332.46995271578,18519.5518307772
"Kerguelen","KER1","CAT1-S1-1D",108,134.6,135.8,135.2,4745.8,162.461538461538,32.4155708073949,3486.528107,93.38353963,8385.06414251934,-2538.98906292547,19309.1173479642
"Kerguelen","KER1","CAT1-S1-1D",110,137.6,138.8,138.2,4810.63076923077,140.461538461538,13.2011071796736,2595.371312,19.60075045,7868.51962181711,-3056.77873309437,18793.8179767286
"Kerguelen","KER1","CAT1-S1-1D",114,143.4,144.6,144,4936.93076923077,146.615384615385,20.918645835468,3949.674648,42.83076251,8013.00759963594,-2911.93018749107,18937.945386763
"Kerguelen","KER1","CAT1-S1-1D",117,147.8,148.9,148.4,5072.725,199.5,32.0071014847416,5683.67778,65.29379887,9254.7011590163,-1667.5310664388,20176.9333844714
"Kerguelen","KER1","CAT1-S1-1D",119,150.7,151.8,151.3,5184.44166666667,161.833333333333,47.6632759972275,3599.827864,77.24643191,8370.31432811701,-2553.77274224271,19294.4013984767
"Kerguelen","KER1","CAT1-S1-1D",123,156.5,157.7,157.1,5436.62307692308,140.846153846154,28.576931704454,4640.523522,108.2639191,7877.5501204308,-3047.72541972771,18802.8256605893
"Kerguelen","KER1","CAT1-S1-1D",124,158,159.2,158.6,5499.66923076923,131.615384615385,29.5678272833228,3761.690452,131.9789472,7660.8181537026,-3265.01521669273,18586.6515240979
"Kerguelen","KER1","CAT1-S1-1E",132,161.5,162.7,162.1,5646.26923076923,141.076923076923,18.9625136276002,15500.47502,273.6253169,7882.968419599,-3042.29344958025,18808.2302887782
"Kerguelen","KER1","CAT1-S1-1E",137,168.8,170,169.4,5947.94615384615,158.230769230769,20.837281677136,3865.367321,43.25747431,8285.72865776892,-2638.55453630326,19210.0118518411
"Kerguelen","KER1","CAT1-S1-1E",144,179,180.2,179.6,6370.75384615385,177.384615384615,33.5845660523264,3481.392137,66.26631024,8735.44748872995,-2187.83047097983,19658.7254484397
"Kerguelen","KER1","CAT1-S1-1E",145,180.4,181.6,181,6433.53846153846,203.307692307692,81.225390750455,3903.380519,120.8006655,9344.10309529167,-1577.96151396219,20266.1677045455
"Kerguelen","KER1","CAT1-S1-1E",146,181.9,183,182.4,6500.14166666667,364.333333333333,69.9003619880513,4312.186563,55.81052408,13124.8718482171,2206.55067562096,24043.1930208132
"Kerguelen","KER1","CAT1-S1-1E",147,183.3,184.4,183.8,6564.375,195.25,51.6176942882609,4541.333436,88.34590622,9154.91414933518,-1767.50947632585,20077.3377749962
"Kerguelen","KER1","CAT1-S1-1E",151,189,190.3,189.7,6812.30714285714,143.785714285714,32.1371545612972,4164.183528,78.30250154,7946.56893126388,-2978.53346879542,18871.6713313232
"Kerguelen","KER1","CAT1-S1-1E",157,198.4,199.7,199,7055.1,226.214285714286,26.4638463726489,4449.195182,60.75841345,9881.93379129758,-1039.19954707142,20803.0671296666
"Kerguelen","KER1","CAT1-S1-1E",161,204.5,205.8,205.2,7160.46428571429,169.285714285714,43.1391818534961,4530.875865,137.6782876,8545.29098935056,-2378.40074515074,19468.9827238519
"Kerguelen","KER1","CAT1-S1-1F",170,210.3,211.7,211,7263.93333333333,225.6,51.0025209460978,3609.129673,68.84527076,9867.5107949403,-1053.64579208397,20788.6673819646
"Kerguelen","KER1","CAT1-S1-1F",177,220.9,222.2,221.6,7451.67142857143,163.642857142857,29.0294469669815,4843.721178,64.8922943,8412.80067397564,-2511.18911874835,19336.7904666996
"Kerguelen","KER1","CAT1-S1-1F",179,224,225.4,224.7,7505.43333333333,192.733333333333,43.1946866220945,4217.330448,112.2200733,9095.82458673969,-1826.71452275825,20018.3636962376
"Kerguelen","KER1","CAT1-S1-1F",180,225.6,226.8,226.2,7531.69230769231,204.846153846154,24.643613621133,5766.308811,143.9960058,9380.22508974639,-1541.77283181113,20302.2230113039
"Kerguelen","KER1","CAT1-S1-1F",185,233.2,234.5,233.8,7669.85,197.785714285714,33.2431104983333,4269.933331,36.71694754,9214.4509366239,-1707.85794475878,20136.7598180066
"Kerguelen","KER1","CAT1-S1-1F",186,234.7,235.9,235.3,7695.93846153846,198.230769230769,23.1378256186482,4367.99759,102.4569811,9224.90051359116,-1697.38839558363,20147.189422766
"Kerguelen","KER1","CAT1-S1-1F",188,237.8,239.1,238.4,7751.90714285714,194.642857142857,27.8722556920433,3298.121333,18.56201881,9140.65886223788,-1781.79247774234,20063.1102022181
"Kerguelen","KER1","CAT1-S1-1F",191,242.3,243.6,242.9,7831.4,222.307692307692,29.0039785069354,3835.783216,92.74365171,9790.20972680724,-1131.07308352183,20711.4925371363
"Kerguelen","KER3","CAT2-S3-1A",6,7.9,9.1,8.5,386.276923076923,94.4615384615385,20.201548557043,8525.391032,292.4467919,6788.47198762155,-4139.82347062469,17716.7674458678
"Kerguelen","KER3","CAT2-S3-1A",9,12.3,13.5,12.9,621.707692307692,83.7692307692308,17.239266448788,7727.272205,259.4424886,6537.42412616138,-4391.64422484533,17466.4924771681
"Kerguelen","KER3","CAT2-S3-1A",13,18.1,19.3,18.7,928.807692307692,65.1538461538462,14.0821764052185,8370.564722,304.4626424,6100.34799325949,-4830.13455618532,17030.8305427043
"Kerguelen","KER3","CAT2-S3-1A",15,21,22.1,21.6,1082.7,70.0833333333333,23.294393915249,8528.540345,342.5386702,6216.08888382476,-4714.01069589962,17146.1884635491
"Kerguelen","KER3","CAT2-S3-1A",20,28.2,29.4,28.8,1469.79230769231,94.0769230769231,20.8385121768227,7489.032735,268.7118611,6779.44148900788,-4148.88127264437,17707.7642506601
"Kerguelen","KER3","CAT2-S3-1A",21,29.6,30.7,30.2,1540.33333333333,74.8333333333333,15.654411712377,7060.636584,247.1543807,6327.61554170365,-4602.12079130303,17257.3518747103
"Kerguelen","KER3","CAT2-S3-1A",22,31,32.1,31.6,1613.25833333333,92.6666666666667,21.6431107381597,7896.234296,137.2228992,6746.32966075773,-4182.09353167601,17674.7528531915
"Kerguelen","KER3","CAT2-S3-1A",27,38.2,39.3,38.7,1994.20833333333,209.083333333333,53.2668382824254,7653.796312,229.6193045,9479.71108280703,-1442.10625244072,20401.5284180548
"Kerguelen","KER3","CAT2-S3-1A",28,39.5,40.7,40.1,2065.98461538462,208,60.3669335536158,9775.180899,399.0790513,9454.27517837852,-1467.58789755749,20376.1382543145
"Kerguelen","KER3","CAT2-S3-1A",32,45.1,47,46.1,2386.005,132.65,22.6257305784924,10152.65951,356.7867935,7685.11019497338,-3240.65958484007,18610.8799747868
"Kerguelen","KER3","CAT2-S3-1B",38,46.4,47.6,47,2436.8,150.076923076923,32.9025367270811,8677.270529,199.5974938,8094.28208715901,-2830.45706979241,19019.0212441104
"Kerguelen","KER3","CAT2-S3-1B",42,51.6,52.7,52.2,2712.45833333333,174.916666666667,24.6113733255521,9459.400389,451.5596368,8677.50178929222,-2245.90050867425,19600.9040872587
"Kerguelen","KER3","CAT2-S3-1B",45,55.3,56.5,55.9,2912.56153846154,502,194.402074748874,17303.92837,370.717596,16357.188318672,5436.88331511607,27277.4933222279
"Kerguelen","KER3","CAT2-S3-1B",47,58.1,59.3,58.7,3063.31538461538,156.230769230769,35.3816191596565,9172.659013,276.1605867,8238.77006497781,-2685.62341975065,19163.1635497063
"Kerguelen","KER3","CAT2-S3-1B",52,64.6,65.7,65.1,3406.90833333333,119.333333333333,19.1041800915322,9132.722834,326.9525272,7372.44423130588,-3554.16461044603,18299.0530730578
"Kerguelen","KER3","CAT2-S3-1B",55,68.3,69.4,68.9,3606.60833333333,118.583333333333,19.5562514224217,8158.141307,257.6654267,7354.83475900922,-3571.82266640166,18281.4921844201
"Kerguelen","KER3","CAT2-S3-1B",56,69.5,70.7,70.1,3672.84615384615,99,14.3585050289599,9008.025253,299.4838558,6895.03187126292,-4032.94421648274,17823.0079590086
"Kerguelen","KER3","CAT2-S3-1B",62,77.2,78.2,77.7,4072.19090909091,136.545454545455,16.9018557345851,9066.503042,143.5601088,7776.57272684153,-3148.96004327632,18702.1054969594
"Kerguelen","KER3","CAT2-S3-1B",65,80.8,81.9,81.4,4264.50833333333,137.416666666667,15.5765460830952,10908.71895,321.9344168,7797.02817445887,-3128.4521114146,18722.5084603323
"Kerguelen","KER3","CAT2-S3-1B",68,84.5,85.6,85.1,4460.44166666667,183,25.7081522266594,9373.127177,356.9183823,8867.29276848962,-2055.70799710351,19790.2935340827
"Kerguelen","KER3","CAT2-S3-1C",78,89.2,90.2,89.7,4699.99090909091,210.090909090909,40.8030747504512,9886.937315,252.1941624,9503.36825266014,-1418.40680594025,20425.1433112605
"Kerguelen","KER3","CAT2-S3-1C",83,95.7,96.8,96.2,5048.06666666667,152.25,23.6417388992819,10946.62033,300.2437318,8145.30440432627,-2779.31159822551,19069.9204068781
"Kerguelen","KER3","CAT2-S3-1C",85,98.3,99.3,98.8,5181.87272727273,165.636363636364,16.8301677191449,11092.71634,396.7955532,8459.60680380316,-2464.27677508741,19383.4903826937
"Kerguelen","KER3","CAT2-S3-1C",89,103.5,104.7,104.1,5467.83076923077,153.384615384615,26.8748285623632,10339.94536,190.3421155,8171.94437523661,-2752.60779786244,19096.4965483357
"Kerguelen","KER3","CAT2-S3-1C",91,106.1,107.2,106.7,5603.63333333333,240.916666666667,20.2415339579217,9977.828112,352.2160104,10227.1353513989,-693.469925632065,21147.7406284299
"Kerguelen","KER3","CAT2-S3-1C",96,112.8,113.9,113.3,5955.025,262.083333333333,54.8128358114864,10347.70994,134.8910982,10724.1137917715,-195.826923045937,21644.0545065889
"Kerguelen","KER3","CAT2-S3-1C",101,118.9,119.9,119.4,6277.73636363636,234.090909090909,14.6250097125065,9801.974577,304.0166672,10066.8713661535,-853.972295183388,20987.7150274903
"Kerguelen","KER3","CAT2-S3-1D",110,122.4,123.5,123,6466.25,152.416666666667,17.3071626440581,8923.834015,136.4572322,8149.21762039221,-2775.38898577485,19073.8242265593
"Kerguelen","KER3","CAT2-S3-1D",115,128.9,130,129.5,6808.05,178.583333333333,22.4315456985078,11078.42102,374.2156329,8763.59254274257,-2159.62557755902,19686.8106630442
"Kerguelen","KER3","CAT2-S3-1D",117,131.4,132.4,131.9,6937.85454545455,221.818181818182,47.9558509085558,13215.71252,413.0460408,9778.7163649353,-1142.58544590601,20700.0181757766
"Kerguelen","KER3","CAT2-S3-1D",121,136.5,137.6,137.1,7212.99166666667,298.75,32.6527877133721,10983.42711,391.9755997,11585.0213262752,665.964543871934,22504.0781086785
"Kerguelen","KER3","CAT2-S3-1D",124,140.5,141.6,141,7429.425,253.416666666667,43.8021550597546,10474.5502,283.4497406,10520.6265563434,-399.5726098102,21440.8257224969
"Kerguelen","KER3","CAT2-S3-1D",130,148.3,149.4,148.9,7841.69166666667,270.75,35.23460334284,10175.81245,258.3386776,10927.6010271997,7.89983017355189,21847.3022242258
"Kerguelen","KER3","CAT2-S3-1D",133,152.3,153.4,152.8,8051.725,317,22.8672055771817,10563.03941,324.5288855,12013.5184854941,1094.77531664531,22932.2616543429
"Kerguelen","KER3","CAT2-S3-1D",134,153.6,154.8,154.2,8122.73846153846,324.692307692308,42.0681681230687,14186.97308,440.558875,12194.1284577676,1275.49231653799,23112.7645989973
"Kerguelen","KER3","CAT2-S3-1D",136,156.4,157.6,157,8271.9,313.461538461538,32.3022583952871,12437.46462,388.6722303,11930.4378982483,1011.64048635514,22849.2353101414
"Kerguelen","KER3","CAT2-S3-1D",139,160.4,161.5,160.9,8483.125,320.5,30.0227186704275,10755.33611,404.7262148,12095.6960228786,1177.0034015823,23014.3886441748
"Kerguelen","KER3","CAT2-S3-1D",141,163,164.1,163.5,8623.30833333333,295.75,30.337870123599,10528.61814,269.3048462,11514.5834370886,595.467064758781,22433.6998094183
"Kerguelen","KER3","CAT2-S3-1D",142,164.3,165.5,164.9,8696.08461538462,295.230769230769,41.0916736216188,11573.18648,421.5003593,11502.3922639601,583.265347629525,22421.5191802907
"Kerguelen","KER3","CAT2-S3-1E",150,166.5,167.5,167,8805.21818181818,209.909090909091,29.5785548851006,12213.0194,138.0166837,9499.09928967913,-1422.68337887666,20420.8819582349
"Kerguelen","KER3","CAT2-S3-1E",152,169.1,170.2,169.6,8943.06666666667,231,32.246211898736,16966.12573,164.8168222,9994.29899547631,-926.656475783044,20915.2544667357
"Kerguelen","KER3","CAT2-S3-1E",156,174.6,175.7,175.1,9234.5,215.083333333333,30.3148878315989,11679.15184,83.17636523,9620.58686118037,-1300.98249493554,20542.1562172963
"Kerguelen","KER3","CAT2-S3-1E",158,177.2,178.3,177.8,9367.74166666667,219.166666666667,25.5586076350498,10593.10427,314.4218665,9716.46065479557,-1204.94512478252,20637.8664343737
"Kerguelen","KER3","CAT2-S3-1E",159,178.6,179.6,179.1,9437.28181818182,193.636363636364,60.1036982676985,9607.16883,284.8134894,9117.02710287872,-1805.4703851823,20039.5245909397
"Kerguelen","KER3","CAT2-S3-1E",163,183.8,184.9,184.3,9717.925,210.666666666667,31.1487146483193,9637.612103,234.7397243,9516.88663543334,-1404.86437992209,20438.6376507888
"Kerguelen","KER3","CAT2-S3-1E",165,186.4,187.5,187,9857.625,149.5,20.3358170365848,9116.045845,183.475466,8080.7363392385,-2844.03571327201,19005.508391749
"Kerguelen","KER3","CAT2-S3-1E",168,190.4,191.5,190.9,10071.1416666667,241.833333333333,47.6861583372963,11081.24965,251.2334361,10248.6580397615,-671.916117727251,21169.2321972502
"Kerguelen","KER3","CAT2-S3-1E",171,194,195,194.5,10256.1727272727,274.272727272727,40.6573262994283,15402.38837,256.9448329,11010.3121849567,90.7029320728361,21929.9214378406
"Kerguelen","KER3","CAT2-S3-1E",174,197.7,198.6,198.1,10446.9,414.5,114.964004028314,11835.48443,548.8419939,14302.7498840608,3384.25922339151,25221.2405447301
"Kerguelen","KER3","CAT2-S3-1E",177,201.6,202.7,202.1,10658.8916666667,169.666666666667,34.9033297013684,8912.586825,249.4202862,8554.23548321555,-2369.43641813418,19477.9073845653
"Kerguelen","KER3","CAT2-S3-1E",181,207,208.1,207.5,10924.02,193.6,15.241391012634,9632.985674,295.2253161,9116.17331028251,-1806.32584984026,20038.6724704053
"Marion Island","PB1","PB1_1A",4,5,6.3,5.7,154.78,115.6153846,33.38547204,3780.755735,6.049209176,7285.14941101247,-3641.7016610067,18212.0004830316
"Marion Island","PB1","PB1_1A",7,9.8,11.1,10.4,333.91,138.5714286,27.69258242,6525.57179,142.9100222,7824.1411721579,-3101.26984205873,18749.5521863745
"Marion Island","PB1","PB1_1A",9,12.6,13.8,13.2,440.63,115.6923077,20.15516731,4940.432966,75.09458109,7286.95551127704,-3639.89051384577,18213.8015363999
"Marion Island","PB1","PB1_1A",14,19.4,20.7,20.1,704.72,126,30.63683052,6131.18343,113.4268935,7528.97287394293,-3397.2103337046,18455.1560815905
"Marion Island","PB1","PB1_1A",16,22.3,23.5,22.9,810.69,103.6923077,23.41076894,6943.504909,49.29888485,7005.20395453037,-3922.44738368263,17932.8552927434
"Marion Island","PB1","PB1_1A",17,23.7,24.9,24.3,862.94,100.6153846,13.02266269,6534.507184,106.5124671,6932.95996507914,-3994.90369854823,17860.8236287065
"Marion Island","PB1","PB1_1A",22,30.4,31.6,31,1116.79,153.3846154,24.60534651,8345.148352,186.9313231,8171.94437559784,-2752.60779750035,19096.496548696
"Marion Island","PB1","PB1_1A",28,38.5,39.8,39.2,1426.52,370.2142857,50.09403246,23434.69076,243.720784,13262.9524719222,2344.64427043767,24181.2606734068
"Marion Island","PB1","PB1_1A",32,44,45.3,44.7,1634.77,599.7272727,103.0903399,37810.7568,552.0370493,18651.7559203246,7727.14342733603,29576.3684133132
"Marion Island","PB1","PB1_1B",39,46.4,47.6,47,1723.12,509.3846154,125.7467948,35780.25835,347.068506,16530.5738924158,5610.02744576498,27451.1203390665
"Marion Island","PB1","PB1_1B",41,49.3,50.5,49.9,1830.5,1364.181818,531.0280253,60397.75166,597.9377414,36600.6107703533,25559.8673959064,47641.3541448001
"Marion Island","PB1","PB1_1B",42,50.6,51.8,51.2,1878.53,1542.923077,382.7491479,51827.23723,279.867081,40797.3297685291,29708.6579047791,51886.0016322791
"Marion Island","PB1","PB1_1B",44,53.3,54.5,53.9,1980.2,2186.923077,612.4742799,50668.12079,400.2781543,55917.9966472671,44593.7319828266,67242.2613117077
"Marion Island","PB1","PB1_1B",45,54.7,55.8,55.2,2030.05,2209.916667,364.0642946,52137.26958,1053.172846,56457.869962075,45123.4211735897,67792.3187505603
"Marion Island","PB1","PB1_1B",46,56,57.7,56.8,2091.11,2910,607.7093926,59688.22795,376.0358361,72895.3340391707,61195.356810117,84595.3112682245
"Marion Island","PB1","PB1_1B",52,64.3,65.4,64.9,2400.08,2369.583333,212.3986211,53503.31048,508.2814496,60206.7309375793,48798.2947377945,71615.1671373641
"Marion Island","PB1","PB1_1B",54,66.9,68.1,67.5,2499.09,1443.076923,253.8557535,48214.4705,626.7881165,38453.0123248068,27392.0684931274,49513.9561564862
"Marion Island","PB1","PB1_1B",57,70.8,72,71.4,2647.86,1812.615385,452.9627539,47830.07389,411.3386354,47129.5154036627,35954.0079636742,58305.0228436511
"Marion Island","PB1","PB1_1B",62,77.7,78.9,78.3,2906.71,1079.538462,370.5342124,38970.60587,315.6619075,29917.3850478035,18936.8498322422,40897.9202633648
"Marion Island","PB1","PB1_1B",64,80.4,81.5,81,3009.64,787.5833333,160.1428103,32020.30072,467.4963905,23062.4840468535,12122.8426239343,34002.1254697728
"Marion Island","PB1","PB1_1B",65,81.7,82.8,82.3,3058.43,1073.75,204.5985537,36077.95721,349.956185,29781.4760328311,18801.9578232569,40760.9942424053
"Marion Island","PB1","PB1_1B",66,83,84.1,83.6,3107.49,949.6666667,274.2511567,33623.07526,537.9692041,26868.0866725318,15908.3675307946,37827.8058142691
"Marion Island","PB1","PB1_1B",67,84.3,85.4,84.9,3155.81,1129.818182,278.5450837,61232.19139,949.0989665,31097.9174963691,20108.1991606463,42087.6358320919
"Marion Island","PB1","PB1_1B",68,85.6,86.6,86.1,3200.37,1158.666667,154.824632,34472.38333,337.8293567,31775.2596262468,20779.9900210732,42770.5292314205
"Marion Island","PB1","PB1_1C",77,89.2,90.3,89.7,3335.04,1300,186.756526,32998.88575,108.896323,35093.6668423256,24068.237290861,46119.0963937903
"Marion Island","PB1","PB1_1C",79,91.8,92.9,92.4,3436.21,1306.833333,147.1343439,32868.11347,177.4878127,35254.1086932022,24227.0966189973,46281.1207674071
"Marion Island","PB1","PB1_1C",81,94.5,95.6,95.1,3538.8,1635.4,354.8897168,35958.92568,320.0344385,42968.6228533951,31852.1282873018,54085.1174194884
"Marion Island","PB1","PB1_1C",84,98.5,99.6,99.1,3690.04,1523,256.3734256,32164.29416,340.9415181,40329.5499385346,29246.6031201033,51412.4967569659
"Marion Island","PB1","PB1_1C",86,101.2,102.3,101.8,3791.98,1652.6,333.3987269,40201.01523,112.5628426,43372.4667513987,32250.5715356362,54494.3619671611
"Marion Island","PB1","PB1_1C",87,102.6,103.7,103.1,3841.55,2065.416667,489.1360581,33421.16392,608.2651833,53065.1116329172,41792.6717875166,64337.5514783178
"Marion Island","PB1","PB1_1C",88,103.9,105,104.4,3891.1,1686.444444,385.0785995,32805.93815,482.2472908,44167.1104834175,33034.3824156969,55299.838551138
