"rowname","vars","n","mean","sd","median","trimmed","mad","min","max","range","skew","kurtosis","se","Q0.25","Q0.75"
"accrate",1,268,0.0633849253731343,0.0485810651566504,0.05553,0.0585769444444444,0.044811585,0.00533,0.4116,0.40627,3.36238353063447,20.0439404644275,0.00296756086821272,0.0342525,0.0895075
"accrate_err",2,268,-0.00239660447761194,0.203637488765574,0.005595,0.00757560185185185,0.00570801,-3.17392,0.26736,3.44128,-14.2363459498869,217.121489179291,0.0124391394263018,0.0019975,0.0113125
"kcps",3,268,20900.927617332,2509.07671958699,21540,21128.1956347303,2410.88385314685,13682.1,24876.8181818182,11194.7181818182,-0.731337096549381,-0.4739494324665,153.266254339642,19068.2142857143,22922.4090909091
"cps",4,268,57118.0265790602,8119.80897806393,55517.4775641026,56277.9524315972,4903.45443653846,38366.3,112065,73698.7,1.80357891910254,7.53670035487337,495.996275564704,52395.7678571429,59376.8958333333
"MSE",5,268,1.34820921986103,0.0591111814369035,1.34087121212121,1.3440373157928,0.053316576923077,1.23857142857143,1.725,0.486428571428571,1.50233325891151,6.1209397769701,0.00361079009569562,1.30833333333333,1.38035714285714
"K",6,268,43.8903151230979,58.1566262458556,26.6969696969697,34.0491058479314,24.524675,2,612.2,610.2,5.50478903377566,43.5202195063142,3.55248135704675,13.1153846153846,54.4
"Ca",7,268,376.11502065611,402.296625062683,256.859090909091,284.179319781227,121.982038181818,42,2910,2868,3.33551679050141,12.4729850544591,24.5741775751624,191.55,371.72268907563
"Ti",8,268,397.77896811928,919.851939704838,89.7761904761905,139.056965008711,75.1857909090909,12.5,5080.33333333333,5067.83333333333,3.34573017942088,10.5244774960131,56.1889001819048,51.9583333333333,203.567307692308
"Mn",9,268,80.3404659854872,75.9473883808017,51.3714285714286,66.6628324149883,30.6840436363636,9,719.5,710.5,3.42373272119859,19.8867389008595,4.63922511939753,35.8095238095238,104.875
"Fe",10,268,10700.3649807526,11948.2709191322,5456.85606060606,8506.07420427255,5309.75515314685,600.833333333333,85965,85364.1666666667,2.01487963642483,5.87306959242301,729.856809604492,2587.25641025641,16783.608974359
"Co",11,268,123.078725425758,78.188047866985,93.9642857142857,112.33492407088,58.6393479020979,23.4545454545455,411.818181818182,388.363636363636,1.20543941472205,0.887562250342998,4.77609518160687,63.801282051282,167.145833333333
"Ni",12,268,199.996641582897,27.4477092820606,203.282051282051,201.70551187969,28.2047,122.692307692308,273.2,150.507692307692,-0.472059824935959,-0.138267191330991,1.67663569592138,183.107142857143,220.480769230769
"Cu",13,268,123.668387516897,42.725480722661,118.928571428571,118.528394903166,25.0790454545454,62,549.8,487.8,4.92752823325498,40.3872592732615,2.60987411987176,100.510989010989,133.657738095238
"Zn",14,268,37.7548864065001,72.4169034781859,5.36538461538461,20.0171278559356,7.68515559440559,0.181818181818182,464.916666666667,464.734848484848,2.99923793539711,10.4379410039911,4.42356642996708,0.375,37.0681818181818
"Rb",15,268,69.4250122665099,59.3909057345236,51.0170454545455,60.5894414569015,36.6414,2.2,446.8,444.6,2.70758992477873,11.8284558388436,3.62787697670223,31.9318181818182,86.4348739495798
"Sr",16,268,581.842856684326,548.692383316457,389.212121212121,480.53784263212,348.981230769231,2.08333333333333,2773.88888888889,2771.80555555556,1.86861945163198,3.55974994119422,33.5167217961542,219.3625,779.290909090909
"Zr",17,268,858.39576232094,192.054014553812,855.684615384615,848.088352883985,182.1833,330,1665.25,1335.25,0.695682145763495,1.46005761250412,11.7315661222185,718.25,964.605769230769
"Mo_inc",18,268,35237.7360742174,7899.37408873055,37245.4405594406,36152.1215980626,7614.9912902098,12691.5555555556,45226.25,32534.6944444444,-0.873911477061355,-0.198458291439952,482.531071591403,30689.9214285714,41877.7083333333
"Mo_coh",19,268,5728.05087480834,687.984418738068,5918.07142857143,5798.75755808316,608.30372,3692.27777777778,6783.23076923077,3090.95299145299,-0.868535202164924,0.0325170063356266,42.0253370815127,5319.07142857143,6251.79707792208
"inc_coh",20,268,6.06709083435009,0.779012944593208,6.27345564026299,6.18409369325682,0.651326376687026,3.43058057877778,6.94940689116667,3.51882631238889,-1.231219062927,0.842657460966349,0.0475857892936607,5.69246116167857,6.69538780740303
"Ln_inc_coh",21,268,1.79273340782373,0.143295211371192,1.83553956848825,1.81769347928598,0.102825512317598,1.22778065162871,1.93845295221793,0.710672300589218,-1.54451898875852,1.98413110882152,0.00875314817606894,1.73874097305484,1.90130554512626
"coh_inc",22,268,0.16848560910691,0.0272213383979921,0.159584046090909,0.163146600850268,0.0158822028392318,0.143955505083333,0.294419521944444,0.150464016861111,1.91836736270965,3.69111383559788,0.00166280789335882,0.149403107459091,0.176114687519048
"Ln_coh_inc",23,268,-1.7927334077666,0.143295211322269,-1.83553956812255,-1.81769347923211,0.102825512512013,-1.93845295198189,-1.22778065172797,0.710672300253925,1.54451898919484,1.98413110871528,0.00875314817308048,-1.90130554528922,-1.73874097267619
"Total_scatter",24,268,40965.7869490257,8573.77760087615,43295.7412587413,41948.8469066823,8045.50219090909,16383.8333333333,51828.6666666667,35444.8333333333,-0.875030330683139,-0.186134234484248,523.726822766787,35989.8506493507,48132.5833333333
"kcps_sd",25,268,607.084345922972,423.952434979753,453.917011465064,541.461240066849,282.172053172529,95.3733334180615,2655.66276676261,2560.28943334455,1.65306756487271,3.25188182532661,25.8970167074895,318.772485278582,820.861664433493
"cps_sd",26,268,2322.8074231622,1965.92991194082,1566.28261380613,1975.02207797738,1104.39067140707,338.45679192476,10509.7214256347,10171.2646337099,1.67166445427915,2.5943514897434,120.088282492625,1002.18921131525,3082.18626497748
"MSE_sd",27,268,0.0814892082477474,0.0225351770812354,0.0818104437257246,0.080463135509596,0.0202285553770002,0.0222539456105675,0.233345237791561,0.211091292180993,1.38105752664043,7.46884633216081,0.00137655503124273,0.0668384398800557,0.0931633358082484
"K_sd",28,268,19.8101777130708,19.5491028749311,12.4514775997432,15.4481415531441,6.2926955299588,0.707106781186548,116.034347057109,115.327240275923,2.663410543625,7.7160517510132,1.19415151794729,9.02293895298609,20.1990032792524
"Ca_sd",29,268,73.1068346626143,97.3411468874921,38.2951926721259,49.0128508795098,19.526410228297,12.12404322998,612.474279941406,600.350236711426,3.1112290912892,10.5594117273569,5.9460569141252,27.7608802872301,61.1227187365278
"Ti_sd",30,268,85.2465270055023,150.195437830485,28.5953012043532,48.2100250326355,17.0909140932961,6.06630035524124,1151.22445682847,1145.15815647323,3.65283486075285,16.1712518806281,9.17464659230118,19.5173457298145,63.6370170761192
"Mn_sd",31,268,26.3800117780705,27.4061432278527,20.1802590671011,22.551352360742,7.56694026723674,4.58257569495584,410.872648558326,406.29007286337,10.5139411628868,141.968950951474,1.67409664504804,16.53078260779,29.3236068634156
"Fe_sd",32,268,1871.64994032916,2101.49478167525,943.866489264109,1495.9801090118,1032.39636998118,55.0056195476261,11069.3534614514,11014.3478419037,1.68774851575007,2.81369167056224,128.36922489747,391.77333234228,3070.77572719458
"Co_sd",33,268,52.322070109155,19.1363864904821,49.3236690585649,50.4430521627701,18.051838932361,15.1657508881031,127.537605862314,112.371854974211,1.02829289956314,1.30577700282521,1.16894085226485,38.6204535493779,63.1763252038602
"Ni_sd",34,268,32.6360890449535,7.78804109657814,32.2875243085716,32.4609603163596,8.19873605808071,14.4063826010947,55.0311206720728,40.6247380709782,0.194827509277168,-0.222464555034659,0.475730326696511,26.7072092212694,37.7763661567513
"Cu_sd",35,268,43.8998580329042,11.5549185749616,43.0301366593874,43.4390528050723,10.8803752457091,12.7279220613579,120.083119361364,107.355197300006,1.15668960215604,6.08154756125529,0.705828990942702,36.1193157431895,50.8635829474043
"Zn_sd",36,268,22.2014693514535,25.7835413418148,12.6787014632758,18.025610236533,17.7694446507982,0.603022689155527,186.552551699125,185.949529009969,1.96593468795024,6.4897329729843,1.57498045963367,1.06066017177982,34.509764003617
"Rb_sd",37,268,55.9006426979288,25.0341064329292,52.4411010589793,53.758581964251,18.819373165889,4.95112475743001,166.844420362386,161.893295604956,1.2915694344088,3.34998095142362,1.52920143643378,41.2308242754757,67.0242007102481
"Sr_sd",38,268,118.034931876159,63.9112908934181,99.0874139992353,107.335350285599,41.341743558994,7.21687836487032,447.814267505869,440.597389140999,1.92550540553677,4.61916495929154,3.90400344827154,76.7883637261429,136.063556033708
"Zr_sd",39,268,102.78869346695,32.8693106539886,97.5736936833842,99.3921248485234,24.1306435217555,41.2570118360628,299.893352255886,258.636340419823,2.26077777188002,9.40907063801717,2.00781270948629,82.9869532828842,115.596152421686
"Mo_inc_sd",40,268,1220.61221455465,942.343618621067,928.217369840212,1066.43978855706,618.926869427858,77.4928568136629,6265.93823985212,6188.44538303845,1.87833554609227,4.5506290867349,57.5627981398229,558.197812774876,1565.96934198559
"Mo_coh_sd",41,268,188.784272476562,79.4861641441413,170.107233729394,177.33588656814,53.6319024934207,65.2730163748135,572.728724884384,507.45570850957,1.63117370889477,3.31150014067703,4.85539025375191,136.800456114013,212.795779957047
"inc_coh_sd",42,268,0.193781824672511,0.100921603306433,0.167565064842186,0.175174697022076,0.0527574052063842,0.0677701828209796,0.644468041153738,0.576697858332758,2.14095143069702,5.19072389731215,0.00616476809974719,0.134950399544454,0.216417124187533
"Ln_inc_coh_sd",43,268,0.0335778547879941,0.021348765724059,0.0268043671012648,0.0292168948490207,0.00934856448142123,0.0111297242460826,0.133356934355372,0.122227210109289,2.20450146790832,4.94868949387064,0.00130408342310061,0.0211640368599124,0.0385457075136399
"coh_inc_sd",44,268,0.0059969409209864,0.0048599833096405,0.00417215847279167,0.00492204021218641,0.00173773821090723,0.00177103585273451,0.0306184158547591,0.0288473800020246,2.42824080282148,6.19605513715366,0.000296870730259848,0.00322605011295874,0.0063686843429177
"Ln_coh_inc_sd",45,268,0.0335778548150395,0.0213487657612861,0.0268043670885964,0.0292168948761834,0.00934856476770477,0.0111297234808784,0.133356934516788,0.122227211035909,2.20450146478508,4.94868948000795,0.00130408342537462,0.0211640369179917,0.0385457072544444
"Total_scatter_sd",46,268,1347.77074204574,1015.29005633363,1017.13614753242,1179.7710931472,668.500689670806,95.4219950685226,6807.70284310354,6712.28084803502,1.8608177655045,4.46673651992322,62.0187110213807,634.480369276685,1708.11569711105
"Water_Content",47,268,77.0066791044776,11.8136960991092,80.92,78.8837037037037,7.813302,29.61,94.3,64.69,-1.41366542841759,1.58204231070169,0.721636344111212,72.2325,85.3175
"Dry_mass",48,268,22.9933208955224,11.8136960991092,19.08,21.1162962962963,7.813302,5.7,70.39,64.69,1.4136654284176,1.58204231070169,0.721636344111212,14.6825,27.7675
"Dry_mass_err",49,268,1.14962686567164,0.590721525064399,0.955,1.05564814814815,0.392889,0.29,3.52,3.23,1.41530282260819,1.58490993221075,0.0360840602432134,0.73,1.39
"LOI550",50,268,58.6855223880597,32.391915648068,69.15,61.2585185185185,34.640949,0,100,100,-0.571017415371624,-1.04948241300466,1.97865116818039,31.6475,87.3275
"LOI550_err",51,268,2.93432835820895,1.61937517323879,3.46,3.06296296296296,1.727229,0,5,5,-0.57103215646779,-1.04939981881835,0.0989190825594892,1.58,4.365
"C_org_pc",52,268,32.4866044776119,18.0548913984139,36.59,33.6283333333333,22.572585,0,57.8,57.8,-0.465354924310201,-0.980357509390435,1.10287802502883,18.005,46.4525
"C_org_pc_err",53,268,2.93600746268657,1.61899171931484,3.46,3.0649537037037,1.727229,0,5,5,-0.572029096414213,-1.04711542192067,0.0988956593830765,1.5875,4.365
"Volume",54,268,4.43528320895522,0.88808219820335,4.36185,4.4187837962963,0.821138010000001,1.5945,9.4433,7.8488,0.578488380672162,3.11542016721784,0.0542482543486147,3.886725,4.97615
"Volume_err",55,268,6.89231940298507,5.63706279737681,5.14895,6.2917,5.20563099,0.1036,24.0897,23.9861,0.845120556377456,-0.291575816294999,0.344338414878562,2.21285,10.504975
"Wet_density",56,268,1.10998097014925,0.246778656475675,1.07315,1.08699259259259,0.18888324,0.3354,2.265,1.9296,1.02835477404761,2.56178388584909,0.0150744056703144,0.9514,1.226575
"Dry_density",57,268,0.350315671641791,0.228213169733086,0.2853,0.312563425925926,0.16026906,0.0663,1.5777,1.5114,1.83810605636715,4.41005729087564,0.0139403380705411,0.187225,0.423175
"Dry_density_err",58,268,0.513656343283582,0.486941870417409,0.3719,0.432562037037037,0.32861829,0.0093,3.6377,3.6284,2.23994076891513,7.65978127261789,0.0297447088713574,0.203175,0.649175
"DMAR",59,268,0.0216138059701493,0.0258357559998167,0.01695,0.0178388888888889,0.01223145,0.0008,0.3263,0.3255,6.92533480911137,72.3189956030085,0.00157816997751134,0.009075,0.026075
"DMAR_err",60,268,0.0335582089552239,0.0564717685571397,0.02575,0.0306430555555556,0.02809527,-0.405,0.3646,0.7696,-1.90199123608664,25.6598424376393,0.00344956229322181,0.009525,0.050125
"DMAR_err_pc",61,268,165.689552238806,272.62970366625,148.45,170.276851851852,86.28732,-3590,545,4135,-10.0096093253454,133.277371040257,16.6535097059649,95.85,242.05
"K_ICP",62,268,4573.67084075657,5406.22862621543,3110.5764005,3517.08663092037,2732.7534774981,-28.65886723,38386.72772,38415.38658723,3.24843013360294,13.3155531215703,330.237973663945,1463.529562,5522.129898
"Ca_ICP",63,268,13400.3536170299,10978.1710074645,9896.2807465,11346.247441963,6303.8196947271,1397.543318,61232.19139,59834.648072,2.09112553056083,4.87621651444271,670.598526015221,6532.2733355,16570.75403
"Ti_ICP",64,268,3392.06646658937,5632.36528770805,1296.371819,1869.65769731528,1268.74144638255,79.78694045,25718.47587,25638.68892955,2.49007877315884,5.14741269931637,344.051468805517,564.120652775,2483.7190805
"Mn_ICP",65,268,197.778804805448,192.273162285049,103.9331692,165.751701673287,97.110259903083,22.55582026,1055.296149,1032.74032874,1.53468822231835,2.44786507207018,11.744952700497,54.9086345475,316.3799778
"Fe_ICP",66,268,21584.5758217235,28219.6563672267,12440.4912,16725.7253552963,13274.9379568197,892.1897853,259743.8529,258851.6631147,4.53030460848674,31.6695564545909,1723.78986915498,5173.78064925,30495.0219175
"Co_ICP",67,268,7.7238590724291,9.53365010012154,4.5610435855,5.83788357301852,4.900887296907,0.442215771,76.74575589,76.303540119,2.74523365784868,11.5241428550653,0.582360367709641,1.57809524625,10.2325664825
"Ni_ICP",68,268,12.7610569462761,13.3516537742245,8.007204242,10.0599088447361,4.0798387714539,2.13136205,110.4083356,108.27697355,3.33358639349912,15.2788763988562,0.815582061417387,5.86155805675,13.2802451175
"Cu_ICP",69,268,29.1148400356418,28.1840594886159,24.693496945,24.895231897213,25.7314276691766,2.622442469,273.7512725,271.128830031,3.18952842591902,20.8686029724297,1.72161544371463,7.04587719075,40.787827265
"Zn_ICP",70,268,56.5858095483284,57.3615043372319,35.421989725,46.3318543318657,33.88849436238,3.679275906,399.0691035,395.389827594,2.3892773678004,7.88400433950695,3.50391155616071,20.1758808125,80.35230888
"Rb_ICP",71,268,11.1118916717836,12.3637962610022,7.0262919735,8.87919840268518,7.4801414261259,0.501927094,83.78057199,83.278644896,2.46341169392943,8.32066255133594,0.7552390596706,2.825927774,15.5479462
"Sr_ICP",72,268,163.852330172351,111.16409107942,132.360725,144.174257480648,79.106557392135,25.05462045,580.8240397,555.76941925,1.76381886122585,3.07532788872979,6.79042761977325,90.5112563675,200.6298572
"Zr_ICP",73,268,65.4747233414888,97.1673277184317,21.44050924,43.168614717213,22.0040980361496,2.113253146,605.8587744,603.745521254,2.29088070965269,5.52862775606593,5.93543921847391,9.80307251225,66.1154189475
"K_ICP_sd",74,268,823.260751344321,973.121152724788,559.9037521,633.07559357037,491.89562597931,-5.158596101,6909.61099,6914.769586101,3.24843013356711,13.3155531215219,59.4428352598773,263.4353212,993.983381675
"Ca_ICP_sd",75,268,1742.04597025075,1427.16223100441,1286.516497,1475.01216748426,819.49656008472,181.6806313,7960.184881,7778.5042497,2.09112553052577,4.87621651430667,87.1778083840571,849.1955336,2154.198024
"Ti_ICP_sd",76,268,474.889305320784,788.531140273955,181.49205465,261.752077624769,177.623802478731,11.17017166,3600.586622,3589.41645034,2.49007877315719,5.14741269935088,48.1672056324564,78.9768913925,347.72067125
"Mn_ICP_sd",77,268,23.7334565765,23.0727794732608,12.471980305,19.8902042009213,11.6532311897043,2.706698431,126.6355379,123.928839469,1.53468822213842,2.4478650712032,1.40939432400192,6.5890361455,37.9655973375
"Fe_ICP_sd",78,268,3885.22364794888,5079.5381459826,2239.288416,3010.63056397083,2389.48883221272,160.5941614,46753.89352,46593.2993586,4.53030460796701,31.6695564484051,310.282176440676,931.280516825,5489.103945
"Co_ICP_sd",79,268,0.540670135100746,0.667355507027618,0.319273051,0.408651850143519,0.3430621105611,0.030955104,5.372202912,5.341247808,2.74523365737778,11.524142850572,0.0407652257408422,0.1104666675,0.716279654
"Ni_ICP_sd",80,268,6.89097075102239,7.20989303802454,4.323890291,5.43235077615741,2.2031129368668,1.150935507,59.62050122,58.469565713,3.33358639325398,15.2788763959601,0.440414313161925,3.165241351,7.17133236325
"Cu_ICP_sd",81,268,4.07607760495895,3.94576832840379,3.4570895725,3.48533246559722,3.6023998733289,0.367141946,38.32517815,37.958036204,3.18952842600199,20.8686029732055,0.241026162119899,0.986422807,5.71029581725
"Zn_ICP_sd",82,268,5.09272285947015,5.16253539061669,3.1879790755,4.16986688990278,3.0499644926142,0.331134832,35.91621932,35.585084488,2.38927736803905,7.88400434125146,0.315352040070701,1.81582927325,7.231707799
"Rb_ICP_sd",83,268,1.77790266746642,1.97820740174977,1.1242067155,1.42067174440278,1.1968226275278,0.080308335,13.40489152,13.324583185,2.46341169397611,8.32066255171809,0.12083824954665,0.45214844375,2.487671392
"Sr_ICP_sd",84,268,3.27704660337687,2.22328182136198,2.6472145,2.88348514961111,1.5821311478427,0.501092409,11.61648079,11.115388381,1.76381886079786,3.0753278865973,0.135808552381634,1.81022512725,4.012597144
"Zr_ICP_sd",85,268,3.27373616746269,4.85836638643141,1.0720254625,2.15843073609259,1.100204902104,0.105662657,30.29293872,30.187276063,2.29088070950594,5.52862775446346,0.296771960954838,0.49015362575,3.30577094775
