"Location","Site","Section","sample","min_depth","max_depth","midpoint","Cu","Cu_sd","Cu_ICP","Cu_ICP_sd","Cu_fit_OLS","Cu_lwr_OLS","Cu_upr_OLS","Cu_fit_WLS","Cu_lwr_WLS","Cu_upr_WLS"
"Bird Island","BI10","BI10.1",1,0,1.1,0.6,0.37254802942947,0.199747654145476,-2.12531618636997,-0.297544266091796,-1.77278020428591,-3.17290892767618,-0.372651480895632,-1.70955260088745,-3.37779093904824,-0.0413142627266556
"Bird Island","BI10","BI10.1",4,3.9,5,4.5,0.744219585159078,0.351775005568067,-2.17090670474982,-0.303926938664975,-1.63809222714285,-3.04264348600776,-0.233540968277939,-1.53620450391449,-3.3883280457197,0.315919037890726
"Bird Island","BI10","BI10.1",10,11.7,12.8,12.3,0.477548835731455,0.360338670399452,-2.09689470641359,-0.293565258897902,-1.73472954912764,-3.13588301375037,-0.333576084504911,-1.66058008826849,-3.3807041393456,0.0595439628086165
"Bird Island","BI10","BI10.1",22,26.7,27.8,27.2,-0.208258084777651,0.113821753801257,-1.86135317033261,-0.260589443846566,-1.98325528484813,-3.38093021318295,-0.585580356513313,-1.98044132792608,-3.3628899565313,-0.597992699320862
"Bird Island","BI10","BI10.1",30,36.3,37.2,36.7,-0.217303929711652,0.0816561468109626,-2.29698600257009,-0.321578040359813,-1.98653335802034,-3.3842132280229,-0.588853488017785,-1.98466032176795,-3.36267816436141,-0.6066424791745
"Bird Island","BI10","BI10.1",34,40.9,41.9,41.4,0.281854028856892,0.101509740890621,-2.10946612672938,-0.295325257742113,-1.80564629610225,-3.20503280279051,-0.406259789413992,-1.75185240070737,-3.37532068824964,-0.12838411316509
"Bird Island","BI10","BI10.2",51,45.9,46.9,46.4,-0.266646323779618,0.0863383592014103,-1.43919851548374,-0.201487792167724,-2.00441427234365,-3.4021444182584,-0.606684126428895,-2.00767367853393,-3.36153639222656,-0.653810964841303
"Bird Island","BI10","BI10.2",54,49.3,50.3,49.8,0.147337836593159,0.05936863583412,-2.87738168075736,-0.40283343530603,-1.85439286696486,-3.25292290446375,-0.455862829465962,-1.81459092772537,-3.37174360461945,-0.257438250831302
"Bird Island","BI10","BI10.2",62,58.4,59.4,58.9,0.41604625621305,0.112567240927084,-0.44052288966772,-0.0616732045534808,-1.75701712507128,-3.15754884286896,-0.356485407273598,-1.68926497134359,-3.37899111417765,0.000461171490475198
"Bird Island","BI10","BI10.2",67,64.1,65.2,64.6,-0.201083894278563,0.0820714846498579,-1.63981914139546,-0.229574679795365,-1.98065547006256,-3.37832742115993,-0.582983518965194,-1.97709527614685,-3.36305845957451,-0.591132092719201
"Bird Island","BI10","BI10.2",71,68.7,69.8,69.2,-0.0714466538310692,0.0232572896843842,-1.10084599198705,-0.154118438878187,-1.93367695527145,-3.33143867572682,-0.535915234816074,-1.9166322986013,-3.36618042834642,-0.467084168856182
"Bird Island","BI10","BI10.3",84,80,81,80.5,-0.0846475940741804,0.0273017895789201,-1.62204439811832,-0.227086215736565,-1.93846077020246,-3.33620090789448,-0.540720632510432,-1.92278923429929,-3.36585611531677,-0.479722353281801
"Bird Island","BI10","BI10.3",88,84.8,85.8,85.3,0.327176862888551,0.0886315453878789,-1.06551795879486,-0.149172514231281,-1.78922200766799,-3.18896285279052,-0.389481162545452,-1.73071377197,-3.37654958368523,-0.0848779602547596
"Bird Island","BI10","BI10.3",95,93,94,93.5,-0.313228524271032,0.216991907860846,-1.57964606443596,-0.221150449021034,-2.02129493554841,-3.41910871138911,-0.623481159707696,-2.02939967742601,-3.36048022246834,-0.698319132383682
"Bird Island","BI10","BI10.3",98,96.3,97.3,96.8,-0.515232028680904,0.224838108100348,-1.67315492911032,-0.234241690075445,-2.09449785615223,-3.49308051849121,-0.695915193813252,-2.12361437460019,-3.35617321988814,-0.89105552931224
"Bird Island","BI10","BI10.3",104,103.2,104.2,103.7,-0.241807094331254,0.0988331582572662,-1.32002689646471,-0.184803765505059,-1.99541292285478,-3.39311283302882,-0.597713012680741,-1.99608862961434,-3.36210828212695,-0.630068977101733
"Bird Island","BI10","BI10.3",114,114.9,115.9,115.4,0.355870508383117,0.121599443129625,-0.695703770737642,-0.0973985279032699,-1.77882387789737,-3.17880617024162,-0.37884158555312,-1.71733101839356,-3.37733337390748,-0.0573286628796368
"Bird Island","BI10","BI10.3",119,120.7,121.7,121.2,0.391027566522287,0.0787404660042959,-0.154838744258428,-0.0216774241961799,-1.76608350815406,-3.16637971599694,-0.365787300311183,-1.70093372075363,-3.378299633607,-0.0235678079002661
"Bird Island","BI10","BI10.3",120,121.8,122.7,122.3,0.585451512524099,0.138722284784816,0.00793031335121253,0.00111024386916975,-1.69562730134601,-3.09801839791693,-0.293236204775088,-1.61025413947864,-3.38375237085751,0.163244091900231
"Bird Island","BI10","BI10.4",145,132,133,132.5,0.0222446932120688,0.00806489569994106,-1.09512188719655,-0.153317064207517,-1.89972467182517,-3.2977206160701,-0.501728727580248,-1.87293453248929,-3.36852084642864,-0.377348218549935
"Bird Island","BI10","BI10.4",155,143.7,144.8,144.2,0.459267593102375,0.126769759167977,-0.847155394083255,-0.118601755171656,-1.74135438643739,-3.14231668856802,-0.340392084306766,-1.66910648360652,-3.38019303489915,0.0419800676861031
"Bird Island","BI10","BI10.5",172,156.1,157.2,156.6,-0.37527569627804,0.138056946435719,-0.840453530858275,-0.117663494320158,-2.04377986331929,-3.4417595760517,-0.645800150586872,-2.05833855914607,-3.35910813942037,-0.757568978871765
"Bird Island","BI10","BI10.5",175,159.9,161,160.5,-0.0667479686888441,0.0234126282737602,-2.09151305849895,-0.292811828189853,-1.93197422503212,-3.32974430825731,-0.534204141806933,-1.91444082574005,-3.3662961973837,-0.462585454096404
"Bird Island","BI10","BI10.5",181,167.1,168.1,167.6,-0.0449790721389398,0.0139321782581336,-1.08319265479248,-0.151646971670947,-1.92408551631674,-3.32189900700439,-0.526272025629085,-1.90428778407745,-3.36683481339808,-0.441740754756821
"Bird Island","BI10","BI10.5",191,179.1,180.1,179.6,-0.291012969541084,0.0839847777580855,-1.80298447800585,-0.252417826920819,-2.01324436487233,-3.41101387568949,-0.615474854055176,-2.01903831380733,-3.36098121776835,-0.677095409846311
"Bird Island","BI10","BI10.5",194,182.8,183.8,183.3,0.187284385411433,0.0384335190705812,-2.16242190382251,-0.302739066535152,-1.83991686047139,-3.2386707372088,-0.44116298373397,-1.7959598054037,-3.37279442581267,-0.219125184994733
"Bird Island","BI10","BI10.5",197,186.5,187.5,187,0.17131202353482,0.0654137238538371,-1.19367513015904,-0.167114518222266,-1.84570499539372,-3.24436627824176,-0.447043712545687,-1.80340933575595,-3.3723730614433,-0.234445610068597
"Bird Island","BI10","BI10.5",202,192.4,193.3,192.8,-0.220981133442918,0.092178207626027,-0.52020035502762,-0.0728280497038668,-1.98786591932204,-3.38554817686588,-0.590183661778201,-1.98637537437064,-3.36259228478315,-0.610158463958122
"Bird Island","BI10","BI10.6",221,205.5,206.6,206,-0.593342092466722,0.135509461636719,-2.06152070582245,-0.288612898815143,-2.12280372547057,-3.52186053585641,-0.723746915084731,-2.16004500993662,-3.35464265234585,-0.965447367527385
"Bird Island","BI10","BI10.6",231,217,218,217.5,-0.284773738267705,0.0506987737695532,-1.05295225548103,-0.147413315767344,-2.01098336473341,-3.40874188053725,-0.613224848929559,-2.01612832822694,-3.36112281463456,-0.671133841819321
"Bird Island","BI10","BI10.6",242,230.4,231.5,230.9,0.145294381194462,0.0280380238649711,-0.47969291655899,-0.0671570083182585,-1.85513338334226,-3.2536526636033,-0.456614103081224,-1.81554399798096,-3.37169012135406,-0.259397874607861
"Bird Island","BI10","BI10.6",250,240.2,242,241.1,0.127440709750049,0.0277183515474878,-0.278331566861718,-0.0389664193606405,-1.86160327552086,-3.26003144033713,-0.463175110704595,-1.82387097356238,-3.37122398228872,-0.276517964836043
"Bird Island","BI10","BI10.7",259,252.7,253.7,253.2,0.474683127088129,0.136247129658906,-0.894622417170145,-0.12524713840382,-1.73576803726132,-3.13689118086702,-0.33464489365562,-1.66191665850676,-3.3806239147887,0.0567905977751768
"Bird Island","BI10","BI10.7",271,267,268,267.5,0.374177112738569,0.0990765474805558,-0.122807639357243,-0.0171930695100141,-1.77218984989339,-3.17233311703902,-0.372046582747753,-1.70879279431336,-3.37783571257232,-0.0397498760544068
"Bird Island","BI10","BI10.7",280,277.9,278.9,278.4,-0.196478027220071,0.060518308998212,-1.00729598009005,-0.141021437212607,-1.97898637564968,-3.37665685455315,-0.581315896746196,-1.97494709376057,-3.36316688575727,-0.586727301763874
"Bird Island","BI10","BI10.8",300,293.7,294.8,294.3,0.129259254096685,0.0296790359358487,-0.596804139959854,-0.0835525795943796,-1.86094426340219,-3.25938147342867,-0.462507053375704,-1.82302280211399,-3.37127136794379,-0.274774236284187
"Bird Island","BI10","BI10.8",303,297.4,298.4,297.9,-0.0519710642629967,0.014506177830448,-0.462628806483747,-0.0647680329077246,-1.92661930525181,-3.32441801766947,-0.528820592834161,-1.90754885829761,-3.36666141156797,-0.448436305027244
"Bird Island","BI10","BI10.8",311,307.1,308,307.6,-0.284393193783147,0.0661034848787383,-1.25713100769456,-0.175998341077239,-2.01084546134519,-3.408603326927,-0.613087595763386,-2.01595084178442,-3.36113146347116,-0.670770220097693
"Bird Island","BI10","BI10.8",318,315.7,316.8,316.2,-0.173730772756246,0.0642047259370746,-0.757900174947881,-0.106106024492703,-1.97074312527966,-3.36841137012039,-0.573074880438936,-1.9643377446945,-3.36370516733573,-0.564970322053276
"Bird Island","BI10","BI10.9",337,326,327.1,326.5,0.105588638765021,0.023335682257725,-1.57782899496413,-0.220896059294978,-1.86952212535478,-3.26784578133256,-0.471198469376998,-1.8340628078897,-3.37065628178306,-0.297469333996337
"Bird Island","BI10","BI10.9",342,332.1,333.1,332.6,-0.185560103980571,0.0596086424159653,-0.705229190540346,-0.0987320866756485,-1.97502989048673,-3.37269825163634,-0.577361529337125,-1.96985496016227,-3.36342466677142,-0.57628525355312
"Bird Island","BI10","BI10.9",348,339.5,340.5,340,0.102253260740147,0.0244313674364601,-0.400683947362404,-0.0560957526307365,-1.87073081434981,-3.26903919773973,-0.472422430959897,-1.83561843253836,-3.37056990916372,-0.300666955912987
"Bird Island","BI10","BI10.9",353,345.7,346.7,346.2,0.164337705023406,0.0217883073050035,-0.694125733036492,-0.0971776026251088,-1.84823237968712,-3.24685452418298,-0.449610235191263,-1.80666216698018,-3.37218957209036,-0.241134761870003
"Bird Island","BI10","BI10.9",361,355.7,356.7,356.2,-0.00400989873604285,0.00103299297931133,-0.882016866915706,-0.123482361368199,-1.90923892661733,-3.30715490989625,-0.51132294333841,-1.88517970831953,-3.3678583517604,-0.402501064878646
"Bird Island","BI10","BI10.9",365,360.7,361.7,361.2,-0.572628266625438,0.171780219488289,-0.898240145166787,-0.12575362032335,-2.11529735793061,-3.51421883033993,-0.716375885521285,-2.1503840546247,-3.3550404446034,-0.945727664645986
"Bird Island","BI10","BI10.9",370,366.8,367.8,367.3,-0.416290497339396,0.157023178169442,-0.60329200886533,-0.0844608812411463,-2.05864298777075,-3.45676658555316,-0.660519389988341,-2.07746791570324,-3.35822417934749,-0.796711652058996
"Bird Island","BI10","BI10.10",382,370,370.9,370.4,0.140402754498654,0.031573269320202,-1.17119051239138,-0.163966671734793,-1.85690603259249,-3.25539983627506,-0.458412228909926,-1.81782545903373,-3.37156220185497,-0.26408871621249
"Bird Island","BI10","BI10.10",386,374.7,375.6,375.1,-0.273219531369529,0.0555908930650165,-0.871518254409114,-0.122012555617276,-2.00679630029273,-3.40453611875323,-0.609056481832219,-2.01073943110271,-3.36138605130781,-0.660092810897608
"Bird Island","BI10","BI10.10",390,379.5,380.5,380,0.0449808352994436,0.0118416523221334,-1.18103017657962,-0.165344224721147,-1.89148544840714,-3.28955964820975,-0.493411248604529,-1.86233036625005,-3.36909858467733,-0.355562147822769
"Bird Island","BI10","BI10.10",392,381.9,383,382.4,-0.255432617058764,0.0615938763678625,-0.773078610781154,-0.108231005509362,-2.00035059985856,-3.39806585907534,-0.602635340641783,-2.00244359113524,-3.36179383872394,-0.643093343546542
"Bird Island","BI10","BI10.10",396,386.7,387.8,387.2,-0.254428545191943,0.0640091373678679,-2.1000229039025,-0.294003206546351,-1.9999867398683,-3.39770076542896,-0.602272714307632,-2.0019752907107,-3.36181694960742,-0.64213363181399
"Bird Island","BI10","BI10.10",403,395.3,396.4,395.8,0.400117102811498,0.135059631271462,-0.894515340057921,-0.125232147608109,-1.76278960191591,-3.16317020763627,-0.362408996195545,-1.69669434920687,-3.37855048846202,-0.0148382099517246
"Bird Island","BI10","BI10.10",410,403.6,404.6,404.1,0.0413236963767352,0.00736839500297928,-0.52768383986991,-0.0738757375817874,-1.89281073853504,-3.29087178645784,-0.494749690612238,-1.86403606059992,-3.36900540622548,-0.359066714974367
"Bird Island","BI10","BI10.11",422,412.9,413.9,413.4,-0.18829775071462,0.0369501754664068,-1.44208610796723,-0.201892055115413,-1.97602197098108,-3.37369068186902,-0.578353260093132,-1.9711318021595,-3.36335992829191,-0.578903676027091
"Bird Island","BI10","BI10.11",424,415.2,416.2,415.7,-0.168464965650721,0.0415013482180799,-0.749379949961513,-0.104913192994612,-1.96883487888272,-3.36650380065523,-0.571165957110205,-1.961881765412,-3.36383042936742,-0.559933101456571
"Bird Island","BI10","BI10.11",427,418.8,419.8,419.3,-0.0710680483881792,0.0204645735175151,-1.12905214306352,-0.158067300028892,-1.9335397545617,-3.33130213562564,-0.535777373497764,-1.91645571653034,-3.36618975018096,-0.466721682879725
"Bird Island","BI10","BI10.11",439,433.3,434.3,433.8,-0.326452816869061,0.112339339060354,-1.27289201492281,-0.178204882089193,-2.02608721300876,-3.42393113127516,-0.628243294742355,-2.0355675046927,-3.36018438641478,-0.710950622970629
"Bird Island","BI10","BI10.11",443,438.2,439.3,438.7,-0.0655455217355483,0.0192574458447867,-0.605499562537624,-0.0847699387552674,-1.93153847700334,-3.32931075778436,-0.533766196222324,-1.91388000291718,-3.36632585203329,-0.461434153801082
"Bird Island","BI10","BI10.11",449,445.8,446.8,446.3,-0.0757645965061311,0.0180816400857368,-0.892467186928336,-0.124945406169967,-1.93524171037675,-3.332996060812,-0.537487359941497,-1.91864619268069,-3.36607419463641,-0.471218190724965
"Bird Island","BI10","BI10.12",461,452.4,453.6,453,-0.839852029880881,0.229434509626458,-2.17100655416143,-0.3039409175826,-2.21213508350468,-3.61333351260231,-0.810936654407041,-2.27501756534722,-3.35042283454232,-1.19961229615212
"Bird Island","BI10","BI10.12",465,457.6,458.7,458.1,-0.324553255905634,0.107738715989264,-1.77353917071899,-0.248295483900658,-2.02539884173127,-3.42323825620811,-0.627559427254428,-2.03468154698887,-3.36022676966679,-0.709136324310946
"Bird Island","BI10","BI10.12",469,462.9,463.9,463.4,-0.473633105630693,0.172380087914415,-1.95593354012219,-0.273830695617107,-2.07942305499893,-3.47779342701421,-0.68105268298364,-2.10421258278773,-3.35702095653073,-0.851404209044727
"Bird Island","BI10","BI10.12",477,473.1,474.2,473.6,-0.419083465208527,0.141667332693714,-1.37773631263946,-0.192883083769525,-2.05965511578195,-3.45778950122576,-0.661520730338141,-2.07877055954982,-3.35816467799619,-0.799376441103454
"Bird Island","BI10","BI10.12",480,476.9,478,477.5,0.521147420878961,0.0749203507458181,-0.946896538456261,-0.132565515383877,-1.71893010160659,-3.1205611383788,-0.317299064834382,-1.64024565145317,-3.38192941880249,0.101438115896142
"Bird Island","BI10","BI10.13",519,491,492,491.5,0.111856478490039,0.0199859900748429,-0.44213008246959,-0.0618982115457426,-1.86725075795901,-3.26560360072974,-0.468897915188269,-1.83113947929026,-3.37081879332522,-0.291460165255292
"Bird Island","BI10","BI10.13",522,494.8,495.8,495.3,-0.0379048866373672,0.00936395093410857,-0.6273838064526,-0.087833732903364,-1.92152194178311,-3.3193511897171,-0.523692693849122,-1.90098837475912,-3.36701063777262,-0.43496611174563
"Bird Island","BI10","BI10.13",525,498.7,499.7,499.2,0.0440310068590746,0.00823036350549574,-1.24884095456733,-0.174837733639426,-1.89182965142535,-3.28990041463681,-0.493758888213897,-1.86277336746995,-3.36907437537121,-0.356472359568679
"Bird Island","BI10","BI10.13",529,503.9,505.1,504.5,0.715034791209707,0.156172441215648,0.254515885157149,0.0356322239220009,-1.64866834145609,-3.05279229497786,-0.244544387934332,-1.54981632976901,-3.38747937680366,0.287846717265638
"Isla Hermite","HER42PB","HER42PB1A",3,2.5,3.1,2.8,-0.631649995301827,0.191770697107235,-1.99780682187059,-0.279692955061883,-2.13668591220753,-3.53601126170497,-0.73736056271008,-2.17791186564059,-3.3539231157798,-1.00190061550137
"Isla Hermite","HER42PB","HER42PB1A",5,5.3,5.9,5.6,-0.528542787063958,0.113522703394792,-1.84787194547315,-0.258702072366241,-2.099321467465,-3.49797796368492,-0.700664971245088,-2.12982252962147,-3.35590662497744,-0.903738434265497
"Isla Hermite","HER42PB","HER42PB1A",7,8.1,8.7,8.4,-0.887586974605779,0.389583029427212,-1.79230064766584,-0.250922090673218,-2.22943348324746,-3.63115961926002,-0.827707347234902,-2.29728120564901,-3.34973119862671,-1.24483121267131
"Isla Hermite","HER42PB","HER42PB1A",9,10.9,11.5,11.2,-0.693999443103142,0.292586036062374,-1.61520340809858,-0.226128477133802,-2.15928038001355,-3.55909341667454,-0.759467343352555,-2.20699172918423,-3.352799096904,-1.06118436146447
"Isla Hermite","HER42PB","HER42PB1A",13,16.3,16.9,16.6,-0.152684632679088,0.0645513369490689,-1.67870094251917,-0.235018131952684,-1.96311633224166,-3.36078997106433,-0.565442693418992,-1.95452179759078,-3.3642072593522,-0.544836335829352
"Isla Hermite","HER42PB","HER42PB1A",16,20.5,21.1,20.8,-0.300902754195847,0.115708725661254,-1.93160454566303,-0.270424636392825,-2.01682826864166,-3.41461649857889,-0.619040038704428,-2.02365092223256,-3.36075757132727,-0.686544273137847
"Isla Hermite","HER42PB","HER42PB1A",20,26.1,26.7,26.4,-0.750599066169918,0.376062140040175,-1.57299054382438,-0.220218676135413,-2.17979120098008,-3.58010120093295,-0.77948120102721,-2.23338986699371,-3.35183268959678,-1.11494704439064
"Isla Hermite","HER42PB","HER42PB1A",25,33.1,33.6,33.4,-0.833964200350536,0.27613897195808,-1.59015688193847,-0.222621963471385,-2.2100014258788,-3.61113730104423,-0.808865550713368,-2.2722714739968,-3.35051126848268,-1.19403167951092
"Isla Hermite","HER42PB","HER42PB1A",28,37.1,37.7,37.4,-0.672297302885334,0.178584877281406,-1.76700445637164,-0.24738062389203,-2.15141586275213,-3.55105203732337,-0.751779688180902,-2.19686982276174,-3.35318349932178,-1.04055614620171
"Isla Hermite","HER42PB","HER42PB1A",31,41.2,41.7,41.5,-0.66989251904762,0.233565134467144,-2.01355570591665,-0.281897798828331,-2.15054440658183,-3.55016145056425,-0.750927362599406,-2.19574822845227,-3.35322655097757,-1.03826990592697
"Isla Hermite","HER42PB","HER42PB1B",48,54,54.5,54.3,-0.696037138400166,0.312569290166597,-1.84512762915814,-0.258317868082139,-2.16001880901991,-3.55984884176371,-0.760188776276104,-2.20794211292091,-3.35276338910827,-1.06312083673355
"Isla Hermite","HER42PB","HER42PB1B",50,56.7,57.2,57,-0.510593183704641,0.0702876438896248,-1.98884329984377,-0.278438061978128,-2.09281681105609,-3.49137441472082,-0.694259207391368,-2.12145081127017,-3.35626666803805,-0.886634954502291
"Isla Hermite","HER42PB","HER42PB1B",56,64.7,65.2,65,-0.462249622355854,0.190770005850339,-1.63029924331478,-0.228241894064069,-2.07529785813763,-3.47361501162121,-0.67698070465405,-2.09890331138346,-3.35725668722027,-0.840549935546641
"Isla Hermite","HER42PB","HER42PB1B",60,69.9,70.4,70.2,-0.254073383972435,0.0883787363470306,-1.84739946390685,-0.25863592494696,-1.99985803497959,-3.39757162807772,-0.60214444188146,-2.00180964305602,-3.36182512672945,-0.641794159382579
"Isla Hermite","HER42PB","HER42PB1B",63,73.7,74.3,74,-0.0364105146170468,0.0132025467362602,-1.70255501827266,-0.238357702558173,-1.92098040466139,-3.31881308482107,-0.523147724501716,-1.90029139770533,-3.36704782861162,-0.433534966799041
"Isla Hermite","HER42PB","HER42PB1B",69,81.5,82,81.8,-0.88069858873842,0.309435383121327,-1.85335439299391,-0.259469615019147,-2.22693723960451,-3.62858496600855,-0.825289513200465,-2.29406845352172,-3.34982816114254,-1.23830874590091
"Isla Hermite","HER42PB","HER42PB1C",80,86.5,87.2,86.9,-0.574925605517855,0.261942625598042,-1.9083035102178,-0.267162491430492,-2.11612987772789,-3.51506601873285,-0.717193736722935,-2.15145553647194,-3.35499603103907,-0.947915041904813
"Isla Hermite","HER42PB","HER42PB1C",86,94.8,95.4,95.1,-0.198046442169722,0.0532617794519055,-1.71501356582656,-0.240101899215719,-1.9795547447746,-3.3772256864335,-0.581883803115697,-1.9756786045329,-3.36312994232891,-0.588227266736902
"Isla Hermite","HER42PB","HER42PB1C",90,100.2,100.8,100.5,0.00308997736538696,0.0006960221265543,-1.72275211231341,-0.241185295723878,-1.90666604221085,-3.30460254864586,-0.508729535775842,-1.88186831687201,-3.36803700792507,-0.395699625818955
"Isla Hermite","HER42PB","HER42PB1C",91,101.6,102.3,102,-0.0478989776557208,0.0111821512951178,-1.43146924666088,-0.200405694532524,-1.92514364455239,-3.32295086750816,-0.527336421596611,-1.90564963180799,-3.36676235350787,-0.444536910108106
"Isla Hermite","HER42PB","HER42PB1C",97,109.8,110.4,110.1,-0.962018184977719,0.340297881594948,-2.04341759145365,-0.286078462803511,-2.25640619344484,-3.65902811511028,-0.85378427177941,-2.33199601896864,-3.34874819637871,-1.31524384155857
"Isla Hermite","HER42PB","HER42PB1C",104,119.2,119.8,119.5,-0.233645614283403,0.102475919521322,-1.90574355623658,-0.266804097873121,-1.99245532972936,-3.39014748535686,-0.594763174101865,-1.99228210470554,-3.36229747310004,-0.622266736311036
"Isla Hermite","HER42PB","HER42PB1D",118,127.3,127.8,127.6,0.125623078567897,0.056779689006999,-1.97875035941952,-0.277025050318733,-1.86226195672297,-3.26068113428527,-0.463842779160662,-1.82471871910967,-3.3711766419737,-0.278260796245643
"Isla Hermite","HER42PB","HER42PB1D",121,130.9,131.6,131.3,-0.162517619428211,0.0431770327881235,-1.58499920663119,-0.221899888928366,-1.96667965333551,-3.36434987949355,-0.569009427177466,-1.95910791539895,-3.36397219595934,-0.55424363483855
"Isla Hermite","HER42PB","HER42PB1D",131,143.2,143.8,143.5,0.592325172679953,0.175509603850261,-1.90680738442633,-0.266953033819687,-1.69313639407132,-3.09561265828516,-0.290660129857486,-1.60704825544235,-3.38394830834445,0.169851797459756
"Isla Hermite","HER42PB","HER42PB1D",137,150.7,151.3,151,0.136927417634535,0.0673484941064584,-1.70254313202683,-0.238356038483757,-1.8581654404888,-3.25664137888371,-0.459689502093891,-1.81944636066704,-3.37147141292471,-0.267421308409367
"Isla Hermite","HER42PB","HER42PB1D",144,159.2,159.8,159.5,-0.595749726668142,0.245764116843967,-1.85858128281646,-0.260201379594304,-2.12367621456825,-3.52274920504897,-0.72460322408752,-2.16116793365943,-3.35459680715606,-0.967739060162795
"Isla Hermite","HER42PB","HER42PB1D",147,162.9,163.5,163.2,-0.623181394338152,0.111152627957098,-1.62961389461787,-0.228145945246501,-2.13361702325047,-3.53288096889361,-0.734353077607342,-2.17396209913721,-3.35408034046909,-0.993843857805336
"Isla Hermite","HER42PB","HER42PB1E",158,169.3,169.9,169.6,0.0291960873158077,0.0122934578202213,-1.77365084150291,-0.248311117810408,-1.89720559497971,-3.29522457769671,-0.499186612262709,-1.86969239323861,-3.3686970929805,-0.370687693496719
"Isla Hermite","HER42PB","HER42PB1E",162,175.6,176.2,175.9,-0.241397380013494,0.0682832072257428,-1.39104666139333,-0.194746532595067,-1.99526444877379,-3.39296394395388,-0.597564953593707,-1.99589753832368,-3.36211776469735,-0.629677311950005
"Isla Hermite","HER42PB","HER42PB1E",166,181.9,182.5,182.2,0.267723012465464,0.0890889283009308,-1.67990097705875,-0.235186136788225,-1.81076715612879,-3.21004995987608,-0.411484352381495,-1.75844312513055,-3.37493988534603,-0.141946364915064
"Isla Hermite","HER42PB","HER42PB1E",174,194.9,195.5,195.2,-0.0515344417570489,0.0111287358120119,-1.92129907903311,-0.268981871064636,-1.92646108006295,-3.3242606921628,-0.528661467963097,-1.90734521699298,-3.36667222873244,-0.448018205253514
"Isla Hermite","HER42PB","HER42PB1E",179,202.5,203,202.8,0.137326685955601,0.0423911954140188,-1.94013285273413,-0.271618599382778,-1.85802075187416,-3.25649873281977,-0.45954277092854,-1.81926014140282,-3.37148183935899,-0.267038443446655
"Isla Hermite","HER42PB","HER42PB1F",189,208.1,208.7,208.4,0.0145956902723121,0.00644536954780508,-1.17759245639859,-0.164862943895802,-1.90249655123654,-3.3004680483772,-0.504525054095882,-1.87650203740837,-3.3683273159014,-0.384676758915338
"Isla Hermite","HER42PB","HER42PB1F",191,210.9,211.5,211.2,0.346616058522301,0.146281576875853,-1.83383363584155,-0.256736709017817,-1.78217754624274,-3.18208051615163,-0.382274576333846,-1.7216473058446,-3.37708010069654,-0.0662145109926564
"Isla Hermite","HER42PB","HER42PB1F",197,219.3,219.9,219.6,-0.0228654821187089,0.00504671750560026,-1.89161218460165,-0.264825705844231,-1.91607189606176,-3.31393733442099,-0.518206457702519,-1.89397397693199,-3.36738570403203,-0.420562249831957
"Isla Hermite","HER42PB","HER42PB1F",200,223.4,224,223.7,0.0116964626389855,0.0022256978417427,-1.65886427272274,-0.232240998181184,-1.90354718612961,-3.30150966439534,-0.505584707863874,-1.87785424094717,-3.36825407243996,-0.387454409454376
"Isla Hermite","HER42PB","HER42PB1F",205,230.3,230.9,230.6,-0.418783489133175,0.187115734263046,-1.55925003155006,-0.218295004417008,-2.0595464091291,-3.45767962988661,-0.6614131883716,-2.07863065031814,-3.35817106437474,-0.799090236261542
"Isla Hermite","HER42PB","HER42PB1F",209,235.8,236.4,236.1,-0.368553220692622,0.199517910808692,-1.94841106976102,-0.272777549766543,-2.04134374297584,-3.43930246825152,-0.64338501770016,-2.05520318779006,-3.35925480775391,-0.751151567826208
"Isla Hermite","HER42PB","HER42PB1F",211,238.4,239,238.7,-0.100666932128678,0.0557976939707753,-1.83017315090731,-0.256224241127023,-1.94426592855926,-3.34198366416608,-0.546548192952444,-1.93026067440199,-3.36546444464247,-0.495056904161521
"Isla Hermite","HER42PB","HER42PB1F",213,241.1,241.7,241.4,-0.196007085587289,0.063870915897182,-1.69261411639032,-0.236965976294645,-1.97881571374431,-3.37648606147259,-0.581145366016022,-1.97472744597056,-3.36317798294899,-0.586276908992124
"Isla Hermite","HER42PB","HER42PB1G",220,241.3,242,241.7,0.00297261180697816,0.00081669081929215,-1.69261411639032,-0.236965976294645,-1.9067085736594,-3.30464473420316,-0.50877241311563,-1.8819230563211,-3.36803405160026,-0.395812061041935
"Isla Hermite","HER42PB","HER42PB1G",230,255,255.6,255.3,0.562263176574158,0.183758682006828,-2.0397872175596,-0.285570210458345,-1.70403039276978,-3.10613976263612,-0.301921022903448,-1.62106920952348,-3.38309289072817,0.140954471681205
"Isla Hermite","HER42PB","HER42PB1G",235,261.8,262.4,262.1,0.230212396554406,0.0836150230257799,-1.48897294625782,-0.208456212476095,-1.8243604185148,-3.22338357248758,-0.425337264542025,-1.77593812517622,-3.37393462734103,-0.177941623011411
"Isla Hermite","HER42PB","HER42PB1G",239,267.2,267.8,267.5,0.280769504763205,0.112651251047795,-2.06663389908663,-0.289328745872128,-1.80603931072521,-3.20541774431793,-0.406660877132497,-1.75235822415515,-3.37529142235029,-0.129425025960009
"Isla Hermite","HER42PB","HER42PB1H",259,283.7,284.3,284,-0.0895767420037403,0.035918082605999,-2.027416368145,-0.2838382915403,-1.94024701656282,-3.33797981868234,-0.542514214443297,-1.92508819530428,-3.36573537703311,-0.484441013575454
"Isla Hermite","HER42PB","HER42PB1H",260,285,285.6,285.3,0.0672901327296342,0.016734261214758,-2.0682092282474,-0.289549291954637,-1.88340090683802,-3.2815600208452,-0.48524179283084,-1.85192528091406,-3.36966902519672,-0.334181536631393
"Isla Hermite","HER42PB","HER42PB1H",264,290.3,290.9,290.6,0.225238291988924,0.0694844582283478,-1.92418472860901,-0.269385862005261,-1.82616295645911,-3.22515338493095,-0.427172527987265,-1.77825805401468,-3.37380194410736,-0.182714163921993
"Isla Hermite","HER42PB","HER42PB1H",269,297,297.6,297.3,-0.0505759173425613,0.0275397927058422,-1.72485567331321,-0.241479794263849,-1.92611372575929,-3.32391532376815,-0.528312127750432,-1.90689815995945,-3.36669598102372,-0.447100338895175
"Isla Hermite","HER42PB","HER42PB1H",273,302.3,302.9,302.6,-0.0335601771945715,0.024816222847486,-1.57677942538642,-0.220749119554098,-1.9199474868185,-3.31778681375321,-0.522108159883783,-1.89896199662445,-3.36711881310368,-0.430805180145229
"Isla Hermite","HER42PB","HER42PB1H",278,309.3,309.9,309.6,0.0111337195437748,0.00676324811230683,-1.15148901765915,-0.161208462472282,-1.9037511154537,-3.30171185890702,-0.505790372000383,-1.87811670505865,-3.36823986290985,-0.387993547207457
"Isla Hermite","HER42PB","HER42PB1H",281,313.5,314.2,313.9,-0.142021650244527,0.0429648661234521,-2.11016921425228,-0.29542368999532,-1.9592522336517,-3.35693134231813,-0.56157312498527,-1.94954856871546,-3.36446310626337,-0.534634031167555
"Isla Hermite","HER42PB","HER42PB1I",293,321,321.6,321.3,-0.0555788854287256,0.020453128185769,-1.63866120826319,-0.229412569156846,-1.92792672339349,-3.32571811980398,-0.530135326982997,-1.90923155078149,-3.36657208589632,-0.45189101566665
"Isla Hermite","HER42PB","HER42PB1I",301,332.1,332.7,332.4,0.366709592665194,0.203397575346691,-1.48129407207,-0.2073811700898,-1.77489596274344,-3.17497291416207,-0.3748190113248,-1.71227565538753,-3.37763058973346,-0.0469207210416127
"Isla Hermite","HER42PB","HER42PB1I",303,334.9,335.6,335.3,0.166674928880603,0.0701261001192378,-0.803665934256153,-0.112513230795861,-1.84738540620044,-3.24602057913608,-0.448750233264803,-1.80557208273349,-3.37225102877028,-0.238893136696693
"Isla Hermite","HER42PB","HER42PB1I",312,347.6,348.2,347.9,0.427526133094041,0.182733530367015,-1.49340773450956,-0.209077082831338,-1.75285699666996,-3.15350015002186,-0.352213843318061,-1.68391074183604,-3.37930945456974,0.011487970897659
"Isla Hermite","HER42PB","HER42PB1I",317,354.3,354.9,354.6,-0.0675785040745964,0.0201120101774019,-2.01692449666566,-0.282369429533192,-1.93227519810721,-3.33004377713601,-0.534506619078417,-1.91482818852413,-3.3662757214498,-0.463380655598459
"Isla Hermite","HER42PB","HER42PB1I",320,358.3,358.9,358.6,-0.293632333008294,0.0657073376679532,-1.87207060455042,-0.262089884637059,-2.0141935813549,-3.41196789590976,-0.616419266800046,-2.02025998833508,-3.3609218881744,-0.679598088495755
"Isla Hermite","HER42PB","HER42PB1J",329,361.3,361.9,361.6,-1.02880584899966,0.50440759432246,-1.93424580275697,-0.270794412385975,-2.28060900161392,-3.68411026541735,-0.877107737810489,-2.36314587232975,-3.34797424207686,-1.37831750258264
"Isla Hermite","HER42PB","HER42PB1J",335,369.7,370.2,370,-0.690383220358798,0.43263854865449,-1.82353009821283,-0.255294213749796,-2.15796991727077,-3.55775295636019,-0.758186878181347,-2.20530511819316,-3.3528626302574,-1.05774760612892
"Isla Hermite","HER42PB","HER42PB1J",340,376.7,377.3,377,0.107665602216121,0.0318660108960778,-1.88346933580061,-0.263685707012085,-1.8687694661816,-3.2671027233776,-0.470436208985602,-1.83309410943489,-3.37071010405939,-0.295478114810398
"Isla Hermite","HER42PB","HER42PB1J",342,379.6,380.3,380,-0.0351474214494312,0.0121052224272472,-1.82695101685855,-0.255773142360196,-1.92052267939007,-3.31835828876589,-0.522687070014248,-1.89970228940923,-3.3670792768832,-0.432325301935247
"Isla Hermite","HER42PB","HER42PB1J",346,385.3,385.9,385.6,-0.178768730821178,0.0616165025547314,-1.26480808520215,-0.1770731319283,-1.97256880273665,-3.37023682014525,-0.574900785328042,-1.96668745488815,-3.36358555410593,-0.569789355670367
"Isla Hermite","HER42PB","HER42PB1J",349,389.6,390.2,389.9,-0.839685513098792,0.339413439118239,-1.65431542622622,-0.231604159671671,-2.21207474041898,-3.61327139274195,-0.810878088096008,-2.27493990170349,-3.35042532636217,-1.19945447704481
"Isla Hermite","HER42PB","HER42PB1J",352,394,394.6,394.3,-0.114708235338298,0.0275832326709572,-1.71427225007869,-0.239998115011016,-1.94935427792741,-3.34705579404988,-0.551652761804944,-1.9368095564805,-3.36512285996339,-0.508496252997611
"Isla Hermite","HER42PB","HER42PB1J",353,395.4,396,395.7,-0.363978511403209,0.0885084781900091,-2.11874496203396,-0.296624294684754,-2.03968593965269,-3.43763080085813,-0.641741078447253,-2.0530695374278,-3.35935489866157,-0.746784176194021
"Kerguelen","KER1","CAT1.1A",1,0,1.4,0.7,-0.968445311651705,0.910621075771468,-2.55513425267696,-0.357718795374775,-2.25873528394751,-3.66143872152553,-0.856031846369495,-2.33499363920824,-3.34866910080296,-1.32131817761352
"Kerguelen","KER1","CAT1.1A",3,3.1,4.7,3.9,-0.975177076629905,0.397402315161309,-2.69253338059978,-0.376954673283969,-2.26117477062207,-3.66396429724821,-0.858385243995933,-2.33813334314913,-3.34858728349153,-1.32767940280673
"Kerguelen","KER1","CAT1.1A",5,6.4,7.8,7.1,-1.21548521363491,0.580609411535969,-2.60414993998564,-0.36458099159799,-2.34825869287887,-3.75459562489099,-0.941921760866754,-2.4502133707831,-3.34644798890446,-1.55397875266174
"Kerguelen","KER1","CAT1.1A",7,9.3,10.6,9.9,-0.539558621595238,0.27582158818764,-2.37051628637278,-0.331872280092189,-2.10331343415357,-3.50203319916097,-0.704593669146175,-2.1349603291736,-3.35568774843275,-0.914232909914442
"Kerguelen","KER1","CAT1.1A",8,10.7,12,11.4,-0.654661446496031,0.275491704336112,-2.51796971580554,-0.352515760212776,-2.14502490335359,-3.54452294627482,-0.745526860432363,-2.1886444364053,-3.35350130621502,-1.02378756659559
"Kerguelen","KER1","CAT1.1A",9,12.1,13.6,12.8,-0.404213924267701,0.145946831975784,-2.00352617009061,-0.280493663812685,-2.05426662597289,-3.45234503101194,-0.656188220933838,-2.07183538631631,-3.35848248721007,-0.78518828542255
"Kerguelen","KER1","CAT1.1A",11,15.1,16.5,15.8,-0.264804047122439,0.13352217110619,-2.40995790397159,-0.337394106556022,-2.00374666000563,-3.40147422047467,-0.606019099536591,-2.00681443830504,-3.36157860394675,-0.652050272663325
"Kerguelen","KER1","CAT1.1A",13,18,19.4,18.7,0.0612534931696418,0.0219454660860138,-2.35569346780063,-0.329797085492088,-1.88558849089858,-3.28372383368611,-0.487453148111041,-1.85474077745584,-3.36951432806129,-0.339967226850395
"Kerguelen","KER1","CAT1.1A",17,24,25.5,24.7,-0.287116088306086,0.128926499430646,-2.28158728452907,-0.31942221983407,-2.01183219586823,-3.40959476557679,-0.614069626159668,-2.01722080333121,-3.36106961048323,-0.67337199617918
"Kerguelen","KER1","CAT1.1A",20,28.6,30,29.3,0.232986004318251,0.081424940440463,-1.8767742588832,-0.262748396243648,-1.82335530630392,-3.22239688177616,-0.424313730831686,-1.77464451090792,-3.37400867641276,-0.175280345403081
"Kerguelen","KER1","CAT1.1A",23,33,34.4,33.7,-1.00301715682528,0.442627826164425,-2.41013124840174,-0.337418374776243,-2.27126358163602,-3.67441684533959,-0.868110317932449,-2.35111799275991,-3.34826029907227,-1.35397568644755
"Kerguelen","KER1","CAT1.1A",25,35.9,37.2,36.6,-1.12907169896401,0.405147343485869,-2.15420720085252,-0.301589008119353,-2.31694378241714,-3.72189902864914,-0.911988536185146,-2.40990999515474,-3.34702794892291,-1.47279204138657
"Kerguelen","KER1","CAT1.1A",26,37.3,38.7,38,-0.783858807193416,0.39997014055423,-2.30116536261147,-0.322163150765606,-2.19184401258134,-3.59247010427921,-0.791217920883481,-2.24890225346331,-3.35129034916775,-1.14651415775888
"Kerguelen","KER1","CAT1.1A",27,38.8,40.1,39.4,-0.788784351949539,0.270935194812276,-2.40878477289655,-0.337229868205516,-2.19362895320783,-3.59430336917248,-0.792954537243177,-2.25119953394353,-3.35121170707747,-1.1511873608096
"Kerguelen","KER1","CAT1.1A",28,40.2,41.6,40.9,-0.655539524687287,0.169439703191727,-2.35378865378249,-0.329530411529549,-2.14534310520017,-3.5448479069736,-0.745838303426736,-2.1890539732157,-3.35348536949982,-1.02462257693157
"Kerguelen","KER1","CAT1.1B",36,45.1,46.2,45.6,-0.941323463241096,0.239074718189277,-2.41098513409386,-0.337537918773141,-2.24890674893456,-3.65127069344201,-0.846542804427113,-2.32234397383598,-3.34900928287987,-1.29567866479209
"Kerguelen","KER1","CAT1.1B",40,50.7,52.1,51.4,-0.694764739986669,0.291560209891043,-2.3621151976264,-0.330696127667696,-2.15955771167255,-3.55937712370327,-0.759738299641836,-2.20734866464602,-3.35278567830578,-1.06191165098627
"Kerguelen","KER1","CAT1.1B",41,52.3,53.6,53,-0.964619618170998,0.332589422845488,-2.55418602314753,-0.357586043240654,-2.25734891227569,-3.66000374848112,-0.854694076070258,-2.3332093307933,-3.34871606694044,-1.31770259464617
"Kerguelen","KER1","CAT1.1B",46,59.9,61.2,60.5,-0.211082090504206,0.0360931336315029,-2.44154497946278,-0.341816297124789,-1.98427866049495,-3.38195498932994,-0.586602331659972,-1.98175844786973,-3.36282375686468,-0.600693138874785
"Kerguelen","KER1","CAT1.1B",49,64.4,65.8,65.1,-0.942348485306443,0.327406046227305,-3.73627901215626,-0.523079061701876,-2.24927820095014,-3.6516547616773,-0.846901640222981,-2.32282204546036,-3.34899612378283,-1.29664796713789
"Kerguelen","KER1","CAT1.1B",51,67.6,68.9,68.3,-0.355948588320115,0.13892489311862,-3.09360065047122,-0.43310409106597,-2.03677602072023,-3.43469736536293,-0.638854676077517,-2.04932437085846,-3.35953113453683,-0.739117607180077
"Kerguelen","KER1","CAT1.1B",57,76.5,77.9,77.2,0.420255904181301,0.180686563572321,-2.40362134581016,-0.336506988413423,-1.75549161427932,-3.15606394906848,-0.354919279490168,-1.6873015860563,-3.37910777269808,0.00450460058547497
"Kerguelen","KER1","CAT1.1B",63,86,87.4,86.7,0.302907688730392,0.128965196551287,-2.35984648457432,-0.330378507840404,-1.79801677800729,-3.19756376485882,-0.398469791155762,-1.74203294636085,-3.37589012923508,-0.10817576348661
"Kerguelen","KER1","CAT1.1C",73,92.4,93.7,93.1,0.148185334815893,0.0496743175141378,-2.34270523229832,-0.327978732521765,-1.8540857468221,-3.25262026555105,-0.455551228093163,-1.81419565345207,-3.37176579399223,-0.256625512911912
"Kerguelen","KER1","CAT1.1C",80,103.1,104.5,103.8,0.0936751934487265,0.027401642544199,-2.26194554681281,-0.316672376553794,-1.87383937219737,-3.27210930303322,-0.475569441361529,-1.83961925427935,-3.3703481142473,-0.308890394311413
"Kerguelen","KER1","CAT1.1C",86,112.2,113.6,112.9,0.645396821801702,0.229856687042257,-1.97975746035172,-0.277166044449241,-1.67390405585856,-3.07706337963001,-0.270744732087121,-1.58229556926917,-3.38546790696132,0.220876768422978
"Kerguelen","KER1","CAT1.1C",93,122.9,124.1,123.5,0.724174409161443,0.335360406045744,-2.12574235832273,-0.297603930165182,-1.64535628640425,-3.04961259434824,-0.241099978460266,-1.54555360006971,-3.38774479620158,0.296637596062154
"Kerguelen","KER1","CAT1.1D",105,130.3,131.4,130.8,0.646210207002169,0.187978005769808,-2.42728242677802,-0.339819539748922,-1.67360929774323,-3.07677944102113,-0.270439154465336,-1.58191620535382,-3.38549128819372,0.221658877486082
"Kerguelen","KER1","CAT1.1D",108,134.6,135.8,135.2,0.725914144044044,0.237232078271216,-2.38060054653019,-0.333284076514226,-1.64472583360664,-3.04900748641971,-0.24044418079357,-1.54474218545784,-3.38779535567156,0.29831098475588
"Kerguelen","KER1","CAT1.1D",110,137.6,138.8,138.2,0.113559824839558,0.055360393043086,-1.97145802223305,-0.276004123112626,-1.86663349179846,-3.26499437611506,-0.468272607481855,-1.83034503633754,-3.37086300240946,-0.28982707026562
"Kerguelen","KER1","CAT1.1D",114,143.4,144.6,144,0.364131661103213,0.214342818493274,-1.86578093055761,-0.261209330278066,-1.77583016494951,-3.17588443144828,-0.375775898450732,-1.71347800602079,-3.37755984500361,-0.0493961670379777
"Kerguelen","KER1","CAT1.1D",117,147.8,148.9,148.4,-0.436272595866629,0.20161483699038,-2.80199916897796,-0.392279883656915,-2.06588418874031,-3.4640877436364,-0.667680633844221,-2.08678759244424,-3.35780047282104,-0.815774712067428
"Kerguelen","KER1","CAT1.1D",119,150.7,151.8,151.3,0.126909247457049,0.0492912907222186,-1.96715662413516,-0.275401927378923,-1.86179586916993,-3.26022140065339,-0.463370337686468,-1.82411884826703,-3.37121013809087,-0.277027558443202
"Kerguelen","KER1","CAT1.1D",123,156.5,157.7,157.1,0.23012804159346,0.100006764969716,-1.88561606471324,-0.263986249059854,-1.82439098743749,-3.22341358309492,-0.425368391780059,-1.77597746843971,-3.37393237596677,-0.178022560912652
"Kerguelen","KER1","CAT1.1D",124,158,159.2,158.6,0.337118966788706,0.225227112822159,-2.29897200739982,-0.321856081035974,-1.78561914421983,-3.18544214664499,-0.385796141794668,-1.72607676178067,-3.37682066107181,-0.0753328624895389
"Kerguelen","KER1","CAT1.1D",126,161,162.3,161.7,0.485214675953406,0.233228279166786,-2.54874076805444,-0.356823707527622,-1.73195156814771,-3.13318679087139,-0.330716345424033,-1.6570047304191,-3.38091893330138,0.0669094724631842
"Kerguelen","KER1","CAT1.1E",137,168.8,170,169.4,0.0544241638748035,0.0246297985390297,-2.08476930702686,-0.291867702983761,-1.88806333336038,-3.28617249401683,-0.489954172703941,-1.8579259855209,-3.36933962257014,-0.346512348471663
"Kerguelen","KER1","CAT1.1E",144,179,180.2,179.6,0.255940651505925,0.144556668625617,-2.65368920664157,-0.37151648892982,-1.8150369000442,-3.21423569985473,-0.415838100233675,-1.76393843360573,-3.37462324643827,-0.153253620773184
"Kerguelen","KER1","CAT1.1E",145,180.4,181.6,181,-0.454300056157713,0.175910451750174,-3.32832183976675,-0.465965057567345,-2.07241705928744,-3.47069829039163,-0.674135828183251,-2.09519562336977,-3.35742224072116,-0.832969006018373
"Kerguelen","KER1","CAT1.1E",146,181.9,183,182.4,-1.53581687371418,1.27247612011379,-3.42606423798083,-0.479648993317317,-2.4643418922678,-3.8768329198782,-1.05185086465741,-2.59961647365419,-3.34681005360584,-1.85242289370254
"Kerguelen","KER1","CAT1.1E",147,183.3,184.4,183.8,-0.758697766782444,0.222202677974643,-2.32215037222415,-0.325101052111381,-2.18272604381692,-3.58311137191642,-0.782340715717416,-2.23716711149223,-3.35169883950135,-1.12263538348311
"Kerguelen","KER1","CAT1.1E",151,189,190.3,189.7,0.627531908714673,0.301394562694967,-1.9278565323059,-0.269899914522827,-1.68037802183319,-3.08330237970128,-0.277453663965091,-1.59062778796733,-3.38495506023604,0.203699484301382
"Kerguelen","KER1","CAT1.1E",157,198.4,199.7,199,0.328311401430171,0.137996123455657,-2.27009819395176,-0.317813747153247,-1.78881086858885,-3.18856100852849,-0.389060728649218,-1.73018462171865,-3.37658049057375,-0.0837887528635533
"Kerguelen","KER1","CAT1.1F",166,204.4,205.7,205,-0.121481892924538,0.0595647292062365,-2.27448806556058,-0.318428329178481,-1.95180894582999,-3.34950377876842,-0.554114112891565,-1.93996879918826,-3.36495865922957,-0.514978939146954
"Kerguelen","KER1","CAT1.1F",170,210.3,211.7,211,0.490299403766905,0.134911352793726,-1.7747663061843,-0.248467282865802,-1.73010894206303,-3.13139891551379,-0.328818968612259,-1.65463320675389,-3.38106155841105,0.0717951449032623
"Kerguelen","KER1","CAT1.1F",177,220.9,222.2,221.6,0.523252886820029,0.21213917742072,-1.75290041011922,-0.245406057416691,-1.71816711357542,-3.11982198592664,-0.31651224122421,-1.63926365939998,-3.38198881268454,0.103461493884579
"Kerguelen","KER1","CAT1.1F",179,224,225.4,224.7,0.382733773690019,0.192490750497712,-2.069819476631,-0.28977472672834,-1.76908904936969,-3.16930940846388,-0.368868690275496,-1.70480195651717,-3.37807110871939,-0.0315328043149441
"Kerguelen","KER1","CAT1.1F",180,225.6,226.8,226.2,-0.677304918235699,0.306803257486901,-3.14262074459843,-0.43996690424378,-2.15323054448242,-3.55290685494691,-0.753554234017939,-2.19920538107385,-3.35309414074093,-1.04531662140677
"Kerguelen","KER1","CAT1.1F",185,233.2,234.5,233.8,-1.44953696215559,0.712151326314996,-3.59418907334939,-0.503186470268915,-2.433075397491,-3.84374953513242,-1.02240125984957,-2.55937541069118,-3.34624917642043,-1.77250164496193
"Kerguelen","KER1","CAT1.1F",186,234.7,235.9,235.3,-0.845234866347846,0.366004926581442,-3.7519473055504,-0.525272622777056,-2.21408573951763,-3.61534184476717,-0.81282963426809,-2.27752812727611,-3.35034257450846,-1.20471368004375
"Kerguelen","KER1","CAT1.1F",188,237.8,239.1,238.4,-0.111087346460556,0.0446812271709556,-2.00494955395275,-0.280692937553385,-1.94804212425064,-3.34574751755214,-0.550336730949136,-1.93512076919874,-3.36521079036982,-0.505030748027664
"Kerguelen","KER1","CAT1.1G",218,241.9,243.3,242.6,0.0624867930377642,0.0271303241970377,-2.0854908958521,-0.291968725419294,-1.88514156225449,-3.28328171365371,-0.48700141085527,-1.85416556479337,-3.36954591251883,-0.338785217067916
"Kerguelen","KER3","CAT2.3A",6,7.9,9.1,8.5,0.54302328585523,0.19062600432175,-2.49470923898656,-0.349259293458118,-1.71100262920122,-3.11288478921652,-0.309120469185914,-1.6300427195774,-3.38254750530237,0.122462066147581
"Kerguelen","KER3","CAT2.3A",9,12.3,13.5,12.9,0.68969284916128,0.199729311270754,-2.33170404744802,-0.326438566642723,-1.65785186615354,-3.06161581064325,-0.254087921663821,-1.56163584449908,-3.38674514135833,0.263473452360171
"Kerguelen","KER3","CAT2.3A",13,18.1,19.3,18.7,0.429039769556282,0.174225405478109,-2.66838618431587,-0.373574065804221,-1.75230847841483,-3.15296648289327,-0.351650473936395,-1.68320477982148,-3.37935147704309,0.0129419174001333
"Kerguelen","KER3","CAT2.3A",15,21,22.1,21.6,0.231385916509317,0.101357670540358,-2.61247623833998,-0.365746673367597,-1.82393515317924,-3.22296608617588,-0.424904220182607,-1.77539079394302,-3.37396595212625,-0.176815635759787
"Kerguelen","KER3","CAT2.3A",20,28.2,29.4,28.8,0.778365994702397,0.277515534021644,-2.43658892271571,-0.3411224491802,-1.62571810069387,-3.03078655832576,-0.220649643061974,-1.52027857409407,-3.38932509989054,0.348767951702392
"Kerguelen","KER3","CAT2.3A",21,29.6,30.7,30.2,0.472856564769327,0.172463689452831,-2.62383922575658,-0.367337491605921,-1.7364299549681,-3.13753384125191,-0.33532606868429,-1.6627685695478,-3.38057280116902,0.05503566207342
"Kerguelen","KER3","CAT2.3A",22,31,32.1,31.6,0.267258464681573,0.10809230313517,-3.03841322695563,-0.425377851773789,-1.810935501003,-3.21021495027788,-0.411656051728123,-1.75865979082112,-3.37492738600967,-0.142392195632577
"Kerguelen","KER3","CAT2.3A",27,38.2,39.3,38.7,-0.594552638315953,0.254338701467082,-2.76566454367385,-0.387193036114339,-2.12324240841297,-3.52230734237009,-0.724177474455841,-2.16060961009508,-3.35461959134325,-0.966599628846921
"Kerguelen","KER3","CAT2.3A",28,39.5,40.7,40.1,-0.781829081021175,0.397361140146045,-3.25421248508823,-0.455589747912352,-2.19110847146156,-3.59171476317438,-0.790502179748741,-2.2479555865368,-3.35132288355544,-1.14458828951817
"Kerguelen","KER3","CAT2.3B",37,45,46.3,45.6,0.136253767872594,0.0511029043229443,-2.74848209777689,-0.384787493688764,-1.8584095606598,-3.25688205868209,-0.4599370626375,-1.81976055179213,-3.37145382366898,-0.26806727991527
"Kerguelen","KER3","CAT2.3B",38,46.4,47.6,47,-0.278434780988767,0.148722747752284,-2.49288506333664,-0.34900390886713,-2.00868622544487,-3.40643421580206,-0.61093823508769,-2.01317183030786,-3.36126707051114,-0.665076590104578
"Kerguelen","KER3","CAT2.3B",42,51.6,52.7,52.2,-0.297356007395612,0.169002834907991,-2.59797926646183,-0.363717097304656,-2.01554298289784,-3.41332431757738,-0.6177616482183,-2.02199671491218,-3.36083766394312,-0.68315576588124
"Kerguelen","KER3","CAT2.3B",45,55.3,56.5,55.9,-1.04549845363249,0.485355116312969,-2.9315209976046,-0.410412939664643,-2.28665814128196,-3.69039032949063,-0.882925953073286,-2.37093132484021,-3.34779800997013,-1.3940646397103
"Kerguelen","KER3","CAT2.3B",47,58.1,59.3,58.7,0.873070969933877,0.345473456412773,-2.2460351120949,-0.314444915693286,-1.59139849419541,-2.99799856399964,-0.184798424391173,-1.47610805047673,-3.39211264768617,0.439896546732699
"Kerguelen","KER3","CAT2.3B",52,64.6,65.7,65.1,0.350509128822202,0.157660477953168,-3.03479422762848,-0.424871191867988,-1.7807667582621,-3.18070292860877,-0.380830587915433,-1.71983157279356,-3.37718658981275,-0.0624765557743736
"Kerguelen","KER3","CAT2.3B",55,68.3,69.4,68.9,-0.275124689993683,0.116026150572848,-4.00067473361721,-0.560094462706409,-2.00748670007519,-3.40522945273271,-0.609743947417672,-2.01162799956278,-3.36134255599358,-0.661913443131987
"Kerguelen","KER3","CAT2.3B",56,69.5,70.7,70.1,0.27252292266821,0.134061909257669,-3.09714917183568,-0.433600884056995,-1.80902774350571,-3.20834541096348,-0.409710076047932,-1.75620444076942,-3.37506910609313,-0.13733977544571
"Kerguelen","KER3","CAT2.3B",62,77.2,78.2,77.7,0.755372249322801,0.160106355357254,-3.13107387419374,-0.438350342387124,-1.63405067552877,-3.0387688137531,-0.229332537304435,-1.53100288684383,-3.38865321502703,0.326647441339361
"Kerguelen","KER3","CAT2.3B",65,80.8,81.9,81.4,0.925938011608584,0.17531855274923,-2.75249535106763,-0.385349349149469,-1.57224030253146,-2.97975735138577,-0.164723253677158,-1.45145079348296,-3.39368228442788,0.49078069746196
"Kerguelen","KER3","CAT2.3B",68,84.5,85.6,85.1,0.534004536523583,0.247126739835958,-2.7837491582409,-0.389724882153726,-1.71427088334957,-3.11604858249016,-0.312493184208988,-1.63424907599509,-3.38229242468719,0.113794272697006
"Kerguelen","KER3","CAT2.3C",78,89.2,90.2,89.7,-0.0256398834455043,0.0105726238993725,-2.54514247194762,-0.356319946072667,-1.91707729584748,-3.31493578261281,-0.51921880908214,-1.89526796131908,-3.36731638425482,-0.423219538383347
"Kerguelen","KER3","CAT2.3C",83,95.7,96.8,96.2,0.13666752730965,0.0747471076134451,-2.53171521408999,-0.354440129972598,-1.85825962069064,-3.25673423094,-0.459785010441284,-1.81956757385257,-3.37146462674035,-0.26767052096478
"Kerguelen","KER3","CAT2.3C",85,98.3,99.3,98.8,0.441037168507807,0.169918750163974,-2.73234709098021,-0.382528592737229,-1.74796080808374,-3.14873782938595,-0.347183786781518,-1.67760917734717,-3.37968495593292,0.0244666012385941
"Kerguelen","KER3","CAT2.3C",89,103.5,104.7,104.1,-0.00903272569804248,0.00327662129929405,-2.76451127702979,-0.387031578784171,-1.91105912079851,-3.30896107755424,-0.51315716404279,-1.88752236134708,-3.36773218643357,-0.407312536260592
"Kerguelen","KER3","CAT2.3C",91,106.1,107.2,106.7,-0.109107545451288,0.0376530210068672,-2.54149891211784,-0.355809847696497,-1.94732467523154,-3.34503227821834,-0.549617072244749,-1.93419738743317,-3.36525891407664,-0.503135860789701
"Kerguelen","KER3","CAT2.3C",96,112.8,113.9,113.3,0.0834573264653669,0.0427164862119934,-2.54888471777638,-0.356843860488693,-1.87754216788752,-3.27576784818079,-0.479316487594251,-1.84438488072933,-3.37008456764896,-0.318685193809697
"Kerguelen","KER3","CAT2.3C",101,118.9,119.9,119.4,0.268572389517893,0.142874351582245,-2.51601872604477,-0.352242621646267,-1.81045935512745,-3.20974830117969,-0.4111704090752,-1.75804697456863,-3.37496274226632,-0.141131206870935
"Kerguelen","KER3","CAT2.3D",110,122.4,123.5,123,0.336690025467002,0.1706943276451,-2.61091469289315,-0.365528057005042,-1.78577458586728,-3.18559401082252,-0.385955160912042,-1.72627682057098,-3.37680895474071,-0.075744686401245
"Kerguelen","KER3","CAT2.3D",115,128.9,130,129.5,-0.082105773575817,0.0446856875937691,-2.53521060783259,-0.354929485096562,-1.93753965408284,-3.33528372821859,-0.539795579947093,-1.92160372591306,-3.36591845297662,-0.47728899884951
"Kerguelen","KER3","CAT2.3D",117,131.4,132.4,131.9,0.106554295472254,0.0571600276368767,-2.13154184178346,-0.298415857849684,-1.86917218641943,-3.26750029768199,-0.47084407515687,-1.83361242434555,-3.3706813021702,-0.296543546520905
"Kerguelen","KER3","CAT2.3D",121,136.5,137.6,137.1,0.0343971388036426,0.0169532264800165,-2.9011220515552,-0.406157087217727,-1.89532081500902,-3.29335754643531,-0.497284083582728,-1.86726661606041,-3.36882918788324,-0.365704044237584
"Kerguelen","KER3","CAT2.3D",124,140.5,141.6,141,0.392312910827687,0.228786860206284,-2.78524210825782,-0.389933895156094,-1.76561771941732,-3.16592578115951,-0.365309657675128,-1.70033423449793,-3.37833508120541,-0.0223333877904466
"Kerguelen","KER3","CAT2.3D",130,148.3,149.4,148.9,-0.0182206086625571,0.00954550186474716,-2.76186797442867,-0.386661516420014,-1.9143886663385,-3.31226602182939,-0.516511310847606,-1.89180760191111,-3.36750188851115,-0.41611331531108
"Kerguelen","KER3","CAT2.3D",133,152.3,153.4,152.8,-0.142869988946322,0.0488529975317066,-2.63080525800097,-0.368312736120136,-1.95955965837096,-3.35723826446225,-0.561881052279677,-1.9499442349893,-3.36444271563682,-0.53544575434177
"Kerguelen","KER3","CAT2.3D",134,153.6,154.8,154.2,-0.192270012229968,0.08392546622803,-2.5323257421325,-0.35452560389855,-1.97746145662354,-3.37513089073266,-0.579792022514427,-1.97298447009642,-3.36326611361097,-0.582702826581861
"Kerguelen","KER3","CAT2.3D",136,156.4,157.6,157,0.100585581816903,0.0377938176052052,-2.34889834682888,-0.328845768556043,-1.87133515519116,-3.26963596978055,-0.473034340601778,-1.83639624015707,-3.37052675096449,-0.302265729349651
"Kerguelen","KER3","CAT2.3D",139,160.4,161.5,160.9,0.350918995202455,0.161577216757015,-2.02562404549883,-0.283587366369836,-1.78061822907604,-3.18055790900593,-0.380678549146142,-1.71964041058075,-3.37719780577838,-0.062083015383132
"Kerguelen","KER3","CAT2.3D",141,163,164.1,163.5,0.507554021404623,0.0999766682629366,-1.91585459600492,-0.268219643440689,-1.72385613764425,-3.12533499915001,-0.32237727613848,-1.64658563064702,-3.38154644690286,0.0883751856088228
"Kerguelen","KER3","CAT2.3D",142,164.3,165.5,164.9,0.568253937634456,0.265197426597826,-1.9573869071111,-0.274034166995553,-1.70185943436223,-3.10404076309512,-0.299678105629337,-1.61827511077362,-3.38326304336541,0.146712821818168
"Kerguelen","KER3","CAT2.3E",150,166.5,167.5,167,0.474871303346018,0.170656639215008,-1.91241465423907,-0.26773805159347,-1.73569984511928,-3.13682497570082,-0.334574714537729,-1.66182889285535,-3.38062918152267,0.0569713958119831
"Kerguelen","KER3","CAT2.3E",152,169.1,170.2,169.6,0.651066422764666,0.304116624359291,-2.01809163802837,-0.282532829323971,-1.67184948086315,-3.07508444092367,-0.268614520802623,-1.5796512600064,-3.38563093956755,0.226328419554755
"Kerguelen","KER3","CAT2.3E",156,174.6,175.7,175.1,0.498077474514023,0.197473893897183,-2.26890445507378,-0.317646623710329,-1.72729029049054,-3.12866481932895,-0.32591576165213,-1.6510055044416,-3.38127996563601,0.0792689567528091
"Kerguelen","KER3","CAT2.3E",158,177.2,178.3,177.8,0.0926823773033822,0.0391255577488901,-2.09447450407416,-0.293226430570383,-1.87419915328966,-3.27246471048716,-0.475933596092158,-1.84008230502076,-3.37032247586471,-0.309842134176807
"Kerguelen","KER3","CAT2.3E",159,178.6,179.6,179.1,0.479010692671102,0.140363325300736,-2.40761369190764,-0.33706591686707,-1.73419979496422,-3.13536877779195,-0.333030812136481,-1.65989827629061,-3.3807450785611,0.0609485259798828
"Kerguelen","KER3","CAT2.3E",163,183.8,184.9,184.3,-0.427020990435952,0.252348680504649,-3.7774632926066,-0.528844860964924,-2.06253155117207,-3.46069728358179,-0.664365818762361,-2.08247263163911,-3.35799606924374,-0.806949194034482
"Kerguelen","KER3","CAT2.3E",165,186.4,187.5,187,0.298218477486186,0.1565100251165,-2.40052828869507,-0.336073960417309,-1.79971607505368,-3.19922669992758,-0.400205450179788,-1.74422000058374,-3.37576308539557,-0.112676915771905
"Kerguelen","KER3","CAT2.3E",168,190.4,191.5,190.9,-0.857136608454607,0.462135745435765,-3.82927915581248,-0.536099081813748,-2.21839874529955,-3.61978402806233,-0.817013462536772,-2.28307911527361,-3.35016713338756,-1.21599109715967
"Kerguelen","KER3","CAT2.3E",171,194,195,194.5,-0.575680837614366,0.230272805525439,-3.07941850039932,-0.431118590055904,-2.116403562065,-3.515344543867,-0.717462580263006,-2.15180777770398,-3.35498144639055,-0.948634109017408
"Kerguelen","KER3","CAT2.3E",174,197.7,198.6,198.1,-1.19390350542813,0.570461997914435,-3.56864316509025,-0.499610043112635,-2.34043781830063,-3.74641854325188,-0.934457093349374,-2.44014763400718,-3.34657063465637,-1.53372463335799
"Kerguelen","KER3","CAT2.3E",177,201.6,202.7,202.1,-0.00871938509255088,0.00405479018498947,-2.5985467580379,-0.363796546125306,-1.91094557104831,-3.30884839088567,-0.513042751210956,-1.88737621888116,-3.36774005155943,-0.407012386202899
"Kerguelen","KER3","CAT2.3E",181,207,208.1,207.5,0.255839015584686,0.13262887094358,-3.21251096489536,-0.44975153508535,-1.81507373131748,-3.21427181624575,-0.415875646389197,-1.76398583673158,-3.37462051855539,-0.153351154907756
"Marion Island","PB1","PB1.1A",4,5,6.3,5.7,0.376793588771575,0.134038150015569,-1.7446652119935,-0.24425312967909,-1.77124167977195,-3.17140839513622,-0.371074964407686,-1.70757246648869,-3.37790765232299,-0.0372372806543915
"Marion Island","PB1","PB1.1A",7,9.8,11.1,10.4,0.367042394003841,0.163843331747181,-1.87746937268144,-0.262845712175402,-1.77477536072695,-3.1748552484853,-0.374695472968595,-1.71212043641036,-3.37763972514868,-0.0466011476720476
"Marion Island","PB1","PB1.1A",9,12.6,13.8,13.2,0.405742748847262,0.180381166802541,-1.8199924791226,-0.254798947077164,-1.76075095550081,-3.16118446254323,-0.360317448458398,-1.69407054057931,-3.37870595655127,-0.00943512460734652
"Marion Island","PB1","PB1.1A",14,19.4,20.7,20.1,0.0891119024762039,0.0393562226688798,-2.08386971858489,-0.291741760601885,-1.8754930377005,-3.27374299766215,-0.477243077738855,-1.84174757912377,-3.37023032725042,-0.313264830997114
"Marion Island","PB1","PB1.1A",16,22.3,23.5,22.9,0.0785965598312952,0.0424750504632747,-2.12588339642015,-0.297623675498821,-1.87930363393251,-3.27750885628239,-0.481098411582632,-1.84665194860917,-3.36995944407241,-0.323344453145932
"Marion Island","PB1","PB1.1A",17,23.7,24.9,24.3,0.184208463076915,0.0728767412898923,-2.0486341568832,-0.286808781963648,-1.84103152676936,-3.23976725158595,-0.442295801952765,-1.79739441958094,-3.37271315745875,-0.222075681703124
"Marion Island","PB1","PB1.1A",22,30.4,31.6,31,0.43939066448632,0.174196532797894,-2.03257418298954,-0.284560385618536,-1.74855747547082,-3.14931802603512,-0.347796924906522,-1.67837710896416,-3.37963914790949,0.0228849299811615
"Marion Island","PB1","PB1.1A",28,38.5,39.8,39.2,-0.329355297801391,0.150245408552207,-2.2198255427414,-0.310775575983796,-2.02713902684666,-3.42498993957276,-0.629288114120564,-2.03692122557439,-3.36011969833615,-0.713722752812631
"Marion Island","PB1","PB1.1A",32,44,45.3,44.7,-0.78139385889643,0.198112165650761,-2.31168662473235,-0.323636127462529,-2.19095075374901,-3.59155280849831,-0.790348698999706,-2.24775259837179,-3.35132986936345,-1.14417532738013
"Marion Island","PB1","PB1.1B",39,46.4,47.6,47,-0.798255916703265,0.20248234898989,-2.3317164589862,-0.326440304258068,-2.1970613006054,-3.59782973833338,-0.79629286287741,-2.25561708406299,-3.35106172226412,-1.16017244586186
"Marion Island","PB1","PB1.1B",41,49.3,50.5,49.9,-1.43168776468016,0.709823775056666,-2.63398629450109,-0.368758081230152,-2.426607126609,-3.83692001273681,-1.01629424048118,-2.55105052177471,-3.34618116931532,-1.7559198742341
"Marion Island","PB1","PB1.1B",42,50.6,51.8,51.2,-1.28184562279831,0.344302660471498,-2.51322041488411,-0.351850858083775,-2.37230667054845,-3.77978523203174,-0.964828109065169,-2.48116395192252,-3.34617118144519,-1.61615672239984
"Marion Island","PB1","PB1.1B",44,53.3,54.5,53.9,-1.36012714561884,0.331445469032891,-2.47211671437256,-0.346096340012159,-2.40067467394779,-3.8095896890384,-0.991759658857188,-2.51767455597572,-3.34605762642196,-1.68929148552949
"Marion Island","PB1","PB1.1B",45,54.7,55.8,55.2,-1.63027546834549,0.531166068426231,-2.52049011079102,-0.352868615510743,-2.49857221427803,-3.91318623403762,-1.08395819451845,-2.64367208503918,-3.34792231334474,-1.93942185673362
"Marion Island","PB1","PB1.1B",46,56,57.7,56.8,-1.49856984283579,0.476366289949766,-2.41148955757,-0.3376085380598,-2.45084414898813,-3.86253647505348,-1.03915182292278,-2.58224441001056,-3.34651883056228,-1.81796998945885
"Marion Island","PB1","PB1.1B",52,64.3,65.4,64.9,-1.39482787818327,0.351208965640097,-2.47516921047004,-0.346523689465805,-2.41324967841729,-3.82283244716715,-1.00366690966743,-2.53385902277411,-3.3460886573758,-1.72162938817243
"Marion Island","PB1","PB1.1B",54,66.9,68.1,67.5,-1.17056164651595,0.435763963967738,-2.5001434366869,-0.350020081136166,-2.33197909254888,-3.73758289794264,-0.926375287155132,-2.42926096065308,-3.34672027555575,-1.51180164575041
"Marion Island","PB1","PB1.1B",57,70.8,72,71.4,-1.46677710490098,0.419649411611533,-2.55562305809078,-0.357787228132709,-2.43932295643447,-3.85035078172429,-1.02829513114466,-2.56741623568944,-3.34632985532203,-1.78850261605686
"Marion Island","PB1","PB1.1B",62,77.7,78.9,78.3,-1.12837091746347,0.423545532934411,-2.59275885313261,-0.362986239438565,-2.31668983012708,-3.72163435746934,-0.911745302784829,-2.40958314975148,-3.34703358870093,-1.47213271080204
"Marion Island","PB1","PB1.1B",64,80.4,81.5,81,-0.996393564639715,0.357129413182286,-2.30056126429409,-0.322078577001172,-2.26886329509501,-3.67192889538126,-0.865797694808762,-2.34802874075019,-3.34833640980097,-1.34772107169942
"Marion Island","PB1","PB1.1B",65,81.7,82.8,82.3,-1.35586191279463,0.656399683750633,-2.44681717350234,-0.342554404290328,-2.39912902007065,-3.80796327123927,-0.990294768902028,-2.51568524583933,-3.34605740506312,-1.68531308661553
"Marion Island","PB1","PB1.1B",66,83,84.1,83.6,-1.00787419121786,0.337247534239359,-2.3765720195815,-0.33272008274141,-2.27302369517489,-3.67624168798119,-0.869805702368579,-2.35338331991747,-3.34820516630598,-1.35856147352896
"Marion Island","PB1","PB1.1B",67,84.3,85.4,84.9,-1.22696174053797,0.519717684619494,-2.74026667875561,-0.383637335025786,-2.35241760730042,-3.7589469749979,-0.945888239602935,-2.45556603785658,-3.34638910128495,-1.56474297442821
"Marion Island","PB1","PB1.1B",68,85.6,86.6,86.1,-1.10006670433289,0.423609819801665,-2.38589224276112,-0.334024913986557,-2.30643282457362,-3.71095096624097,-0.901914682906267,-2.39638202793609,-3.34727324603178,-1.4454908098404
"Marion Island","PB1","PB1.1C",77,89.2,90.3,89.7,-1.2099572768493,0.375968517252333,-2.22556726055053,-0.311579416477074,-2.34625545477267,-3.75250044253603,-0.940010467009311,-2.44763513387688,-3.3464779355133,-1.54879233224047
"Marion Island","PB1","PB1.1C",79,91.8,92.9,92.4,-1.24464196314946,0.252918234527284,-2.21153148401927,-0.309614407762698,-2.35882464432617,-3.76565456406721,-0.951994724585139,-2.46381211667675,-3.34630721824181,-1.58131701511168
"Marion Island","PB1","PB1.1C",81,94.5,95.6,95.1,-1.24444776026403,0.322854432483513,-2.30359309811311,-0.322503033735836,-2.35875426822827,-3.76558085968776,-0.951927676768782,-2.46372154019841,-3.34630805854969,-1.58113502184713
"Marion Island","PB1","PB1.1C",84,98.5,99.6,99.1,-1.19056810897321,0.316051958006892,-2.3008642241904,-0.322120991386656,-2.33922912262683,-3.74515545746708,-0.933302787786579,-2.43859200076272,-3.34659095002087,-1.53059305150458
"Marion Island","PB1","PB1.1C",86,101.2,102.3,101.8,-1.75328643109119,0.552386347400811,-2.45755485750954,-0.344057680051335,-2.54314946933893,-3.9607369622853,-1.12556197639256,-2.70104455804675,-3.35031731465808,-2.05177180143542
"Marion Island","PB1","PB1.1C",87,102.6,103.7,103.1,-1.69294949055451,0.496915029915854,-2.45981867364012,-0.344374614309617,-2.52128430278903,-3.93738387290717,-1.1051847326709,-2.67290333050871,-3.34899477905898,-1.99681188195844
"Marion Island","PB1","PB1.1C",88,103.9,105,104.4,-1.55824383740179,0.837421116924587,-2.39712904171212,-0.335598065839696,-2.4724690742541,-3.88545150976625,-1.05948663874196,-2.61007643868568,-3.34702381268036,-1.87312906469099
