"Location","Site","Section","sample","min_depth","max_depth","midpoint","Rb","Rb_sd","Rb_ICP","Rb_ICP_sd","Rb_fit_OLS","Rb_lwr_OLS","Rb_upr_OLS","Rb_fit_WLS","Rb_lwr_WLS","Rb_upr_WLS"
"Bird Island","BI10","BI10.1",1,0,1.1,0.6,-0.839723577711161,-0.0419861788855581,-2.77198839105349,-0.138599419552675,-2.920713875669,-4.36365113207953,-1.47777661925848,-2.91910059708478,-4.35418741280493,-1.48401378136462
"Bird Island","BI10","BI10.1",4,3.9,5,4.5,0.275733502545482,0.0137866751272741,-2.92921135759837,-0.146460567879918,-2.28237999333432,-3.7337187714013,-0.831041215267332,-2.27178462665849,-3.67834629550839,-0.865222957808599
"Bird Island","BI10","BI10.1",10,11.7,12.8,12.3,-0.435822186039367,-0.0217911093019683,-2.37826768433896,-0.118913384216948,-2.6895763913232,-4.13414320915918,-1.24500957348722,-2.68471074387196,-4.10793665702409,-1.26148483071983
"Bird Island","BI10","BI10.1",22,26.7,27.8,27.2,-0.370384560593939,-0.0185192280296969,-1.85048611823537,-0.0925243059117683,-2.65212891419415,-4.09711116599925,-1.20714666238905,-2.64673633789315,-4.06820239398599,-1.22527028180032
"Bird Island","BI10","BI10.1",30,36.3,37.2,36.7,-1.29078024510822,-0.064539012255411,-1.76646475756258,-0.088323237878129,-3.17883654013429,-4.62185903015243,-1.73581405011615,-3.18085534277719,-4.63117992986969,-1.73053075568469
"Bird Island","BI10","BI10.1",34,40.9,41.9,41.4,-2.95175148915629,-0.147587574457815,-2.28394595510923,-0.114197297755461,-4.12934753820473,-5.58991527229182,-2.66877980411764,-4.1447411181436,-5.66819124134289,-2.62129099494432
"Bird Island","BI10","BI10.2",45,44,45,44.5,-1.28783272785235,-0.0643916363926175,-0.8774587514868,-0.04387293757434,-3.17714978753171,-4.62016519259485,-1.73413438246856,-3.17914485563554,-4.62936317671277,-1.72892653455832
"Bird Island","BI10","BI10.2",51,51.9,52.9,52.4,-0.909532992853513,-0.0454766496426756,-3.19879095169139,-0.159939547584569,-2.96066316262954,-4.40348205785871,-1.51784426740036,-2.95961201622191,-4.39692111337346,-1.52230291907037
"Bird Island","BI10","BI10.2",54,55.3,56.3,55.8,-0.903410489278668,-0.0451705244639334,-1.31385196862518,-0.0656925984312589,-2.95715948548614,-4.39998683432934,-1.51433213664293,-2.95605903833228,-4.39317122356387,-1.51894685310069
"Bird Island","BI10","BI10.2",62,64.4,65.4,64.9,-0.373035286857576,-0.0186517643428788,-2.9686961989637,-0.148434809948185,-2.65364582454133,-4.09861042893864,-1.20868122014402,-2.64827459290453,-4.06981105201995,-1.22673813378911
"Bird Island","BI10","BI10.2",67,70.1,71.2,70.6,-1.20419256755336,-0.0602096283776682,-1.82641050004624,-0.0913205250023122,-3.12928568842136,-4.57213583156889,-1.68643554527382,-3.13060725388569,-4.57784649146313,-1.68336801630825
"Bird Island","BI10","BI10.2",71,74.7,75.8,75.2,-1.16733665744633,-0.0583668328723167,-2.57554472711918,-0.128777236355959,-3.10819444555598,-4.55099371303851,-1.66539517807345,-3.10921923310108,-4.55516811324697,-1.66327035295519
"Bird Island","BI10","BI10.2",81,86.5,87.5,87,-0.879365445856536,-0.0439682722928268,-1.38478940475059,-0.0692394702375293,-2.94339941690956,-4.38626355085985,-1.50053528295928,-2.94210534984688,-4.37844793616503,-1.50576276352872
"Bird Island","BI10","BI10.3",88,84.8,85.8,85.3,-0.651304420037677,-0.0325652210018838,-2.08879233356822,-0.104439616678411,-2.81288872080399,-4.25638580643129,-1.36939163517669,-2.80975821891972,-4.2390992942828,-1.38041714355664
"Bird Island","BI10","BI10.3",95,93,94,93.5,-0.234739598956851,-0.0117369799478426,-2.47601023557822,-0.123800511778911,-2.57450443494389,-4.02048199433396,-1.12852687555382,-2.56801959340367,-3.98598302408805,-1.15005616271929
"Bird Island","BI10","BI10.3",98,96.3,97.3,96.8,0.127892344258752,0.00639461721293759,-2.33622473123766,-0.116811236561883,-2.36698389446901,-3.81650825800934,-0.917459530928676,-2.35757900148402,-3.76715116034096,-0.948006842627069
"Bird Island","BI10","BI10.3",104,103.2,104.2,103.7,-0.793320352446538,-0.0396660176223269,-2.44978119481115,-0.122489059740557,-2.89415906557339,-4.33720164533347,-1.45111648581332,-2.89217213042771,-4.32580964529703,-1.4585346155584
"Bird Island","BI10","BI10.3",114,114.9,115.9,115.4,-1.0775893211792,-0.0538794660589601,-2.63776827740641,-0.131888413870321,-3.0568354407116,-4.49956698359073,-1.61410389783247,-3.05713754829473,-4.50000182495392,-1.61427327163554
"Bird Island","BI10","BI10.3",120,121.8,122.7,122.3,-0.667015641740448,-0.0333507820870224,-3.18034618618153,-0.159017309309077,-2.82187965853101,-4.26531666434753,-1.37844265271449,-2.81887566942779,-4.2486817056098,-1.38906963324578
"Bird Island","BI10","BI10.4",135,129.4,130.4,129.9,-2.19486920826397,-0.109743460413198,-2.56346956839811,-0.128173478419905,-3.69621244642588,-5.14544769806346,-2.24697719478829,-3.70551132004007,-5.19244461135913,-2.21857802872102
"Bird Island","BI10","BI10.4",145,141,142,141.5,-1.68201744144488,-0.0841008720722439,-2.51902115262141,-0.125951057631071,-3.40272678465527,-4.84745090366143,-1.9580026656491,-3.40789597920871,-4.87309095224794,-1.94270100616949
"Bird Island","BI10","BI10.4",155,152.7,153.8,153.2,-1.79295526689297,-0.0896477633446483,-2.02501836325217,-0.101250918162609,-3.46621230468958,-4.91169346727538,-2.02073114210377,-3.4722748131486,-4.94195917102446,-2.00259045527274
"Bird Island","BI10","BI10.4",165,164.8,165.8,165.3,-2.15410916697438,-0.107705458348719,-3.45533706865026,-0.172766853432513,-3.67288701700234,-5.12166952711557,-2.22410450688912,-3.68185767513612,-5.16697231298098,-2.19674303729127
"Bird Island","BI10","BI10.4",168,168.4,170,169.2,-1.12725291599286,-0.056362645799643,-1.8531102017329,-0.0926555100866448,-3.08525603694001,-4.52801521643385,-1.64249685744618,-3.08595805483028,-4.53051916461005,-1.64139694505051
"Bird Island","BI10","BI10.5",181,174.6,175.6,175.1,-1.68781052309889,-0.0843905261549445,-3.58810117966018,-0.179405058983009,-3.40604194609746,-4.8508026002556,-1.96128129193932,-3.41125778876553,-4.87668424290861,-1.94583133462245
"Bird Island","BI10","BI10.5",191,186.6,187.6,187.1,-2.00870306559046,-0.100435153279523,-1.98971295858181,-0.0994856479290906,-3.58967660679974,-5.03697626722605,-2.14237694637344,-3.59747639925451,-5.07622996045589,-2.11872283805313
"Bird Island","BI10","BI10.5",194,190.3,191.3,190.8,-2.06916363708632,-0.103458181854316,-1.37972746288172,-0.0689863731440859,-3.62427590426643,-5.07216702741023,-2.17638478112264,-3.63256254842429,-5.11393694248272,-2.15118815436586
"Bird Island","BI10","BI10.5",197,194,195,194.5,-1.26537740271361,-0.0632688701356803,-2.49852551485568,-0.124926275742784,-3.16429945457976,-4.60726370198622,-1.7213352071733,-3.16611370379591,-4.61552530979774,-1.71670209779407
"Bird Island","BI10","BI10.5",202,199.9,200.8,200.3,-0.98068483925721,-0.0490342419628605,-3.80357548260856,-0.190178774130428,-3.00138067220839,-4.44412850111064,-1.55863284330615,-3.0009024677486,-4.440528216016,-1.56127671948119
"Bird Island","BI10","BI10.6",218,209.5,210.5,210,-1.31239353937518,-0.0656196769687588,-2.3546936862884,-0.11773468431442,-3.19120501067759,-4.63428207509637,-1.7481279462588,-3.19339785185275,-4.64450431584731,-1.74229138785819
"Bird Island","BI10","BI10.6",228,221.4,222.4,221.9,-1.51556218976259,-0.0757781094881293,-3.33432295630276,-0.166716147815138,-3.30747074215751,-4.75128632108542,-1.8636551632296,-3.31129957520321,-4.76998324869133,-1.85261590171509
"Bird Island","BI10","BI10.6",239,234.2,235.2,234.7,-1.2245786274711,-0.061228931373555,-3.26107321584368,-0.163053660792184,-3.14095185918052,-4.58383591039471,-1.69806780796633,-3.14243758101561,-4.59039643971739,-1.69447872231383
"Bird Island","BI10","BI10.6",247,243.9,245,244.5,-0.896618923703189,-0.0448309461851595,-3.92871160445238,-0.196435580222619,-2.95327292947456,-4.39611008921585,-1.51043576973327,-2.95211779403071,-4.38901200072123,-1.5152235873402
"Bird Island","BI10","BI10.7",259,250.7,251.7,251.2,-0.623676380057762,-0.0311838190028881,-2.77561219298976,-0.138780609649488,-2.7970782388645,-4.24068688376974,-1.35346959395926,-2.79372526540934,-4.22225498127577,-1.36519554954292
"Bird Island","BI10","BI10.7",271,265,266,265.5,-2.38808345928098,-0.119404172964049,-4.11019770852193,-0.205509885426096,-3.80678165178311,-5.25838323499889,-2.35518006856733,-3.81763636062746,-5.31339983287968,-2.32187288837524
"Bird Island","BI10","BI10.7",280,275.9,276.9,276.4,-1.66252914803107,-0.0831264574015537,-3.99246467502808,-0.199623233751404,-3.3915743716982,-4.83617800977339,-1.946970733623,-3.396586639041,-4.86100529039043,-1.93216798769157
"Bird Island","BI10","BI10.8",300,289.7,290.8,290.3,-1.82419213496153,-0.0912096067480767,-3.77460014570102,-0.188730007285051,-3.48408798239974,-4.92980414388963,-2.03837182090985,-3.49040202209709,-4.96137189442378,-2.01943214977039
"Bird Island","BI10","BI10.8",303,293.4,294.4,293.9,-1.87264072751345,-0.0936320363756727,-3.68804297474531,-0.184402148737266,-3.51181327880487,-4.95791289004732,-2.06571366756242,-3.51851744514529,-4.99149969288769,-2.0455351974029
"Bird Island","BI10","BI10.8",311,303.1,304,303.6,-1.60064585171877,-0.0800322925859387,-2.98432564755135,-0.149216282377567,-3.35616090264961,-4.80040676473296,-1.91191504056625,-3.36067486196361,-4.82265291475404,-1.89869680917318
"Bird Island","BI10","BI10.8",318,311.7,312.8,312.2,-1.92453567886851,-0.0962267839434256,-3.80516655208257,-0.190258327604129,-3.5415107959558,-4.98804669507792,-2.09497489683367,-3.54863284034176,-5.02379551862206,-2.07347016206146
"Bird Island","BI10","BI10.8",326,321.7,322.8,322.2,-0.886250844850686,-0.0443125422425343,-2.5552210113299,-0.127761050566495,-2.94733967023634,-4.39019268669397,-1.50448665377872,-2.94610104704631,-4.3826634021352,-1.50953869195742
"Bird Island","BI10","BI10.9",342,332.1,333.1,332.6,-1.80152214249162,-0.0900761071245808,-3.99438339535503,-0.199719169767752,-3.47111480345637,-4.91665946133654,-2.02557014557619,-3.47724629568236,-4.94728227845429,-2.00721031291044
"Bird Island","BI10","BI10.9",348,339.5,340.5,340,-1.01907319876221,-0.0509536599381107,-3.82433674638688,-0.191216837319344,-3.02334887788212,-4.46607915063386,-1.58061860513038,-3.02317979121167,-4.46407699716574,-1.5822825852576
"Bird Island","BI10","BI10.9",361,355.7,356.7,356.2,-1.40057246188313,-0.0700286230941567,-2.49487317102256,-0.124743658551128,-3.24166647167046,-4.68501400912163,-1.79831893421929,-3.24456936333865,-4.69891411984328,-1.79022460683403
"Bird Island","BI10","BI10.9",365,360.7,361.7,361.2,-2.17668775656678,-0.108834387828339,-3.72281679099047,-0.186140839549524,-3.68580788953725,-5.13483918795887,-2.23677659111564,-3.69496035913137,-5.18108050838104,-2.2088402098817
"Bird Island","BI10","BI10.9",372,369.1,371,370.1,-1.97567142864191,-0.0987835714320957,-3.19576178248908,-0.159788089124454,-3.57077385076687,-5.01776549451943,-2.12378220701431,-3.57830765981615,-5.05564396023421,-2.10097135939809
"Bird Island","BI10","BI10.10",379,367.3,368.4,367.9,-0.678060336217256,-0.0339030168108628,-3.14830952255078,-0.157415476127539,-2.82820011929043,-4.27159634878672,-1.38480388979415,-2.82528506630182,-4.25541950687879,-1.39515062572485
"Bird Island","BI10","BI10.10",386,375.7,376.6,376.1,-0.405038866613732,-0.0202519433306866,-3.22891941786982,-0.161445970893491,-2.67196026234081,-4.11671725837194,-1.22720326630969,-2.66684673579882,-4.08923910565731,-1.24445436594032
"Bird Island","BI10","BI10.10",390,380.5,381.5,381,-1.62596999324138,-0.0812984996620688,-2.52668218138099,-0.126334109069049,-3.37065295067282,-4.81504066256455,-1.92626523878109,-3.37537082968398,-4.83834311568305,-1.91239854368492
"Bird Island","BI10","BI10.10",392,382.9,384,383.4,-1.56891224959462,-0.0784456124797311,-3.09479925274576,-0.154739962637288,-3.33800096283398,-4.78207799615,-1.89392392951796,-3.34225939101659,-4.80300043287553,-1.88151834915764
"Bird Island","BI10","BI10.10",396,387.7,388.8,388.2,-1.50581255023945,-0.0752906275119725,-2.07101424958192,-0.103550712479096,-3.30189139234807,-4.74566222477376,-1.85812055992237,-3.30564171755818,-4.76395243685654,-1.84733099825983
"Bird Island","BI10","BI10.10",403,396.3,397.4,396.8,-1.45296006743331,-0.0726480033716657,-2.7972535031149,-0.139862675155745,-3.27164591617707,-4.71519050212185,-1.8281013302323,-3.27497065293128,-4.73127592708131,-1.81866537878125
"Bird Island","BI10","BI10.10",410,404.6,405.6,405.1,-1.81957952062978,-0.0909789760314888,-3.41117955798579,-0.17055897789929,-3.48144835774163,-4.92712921450714,-2.03576750097613,-3.48772525489984,-4.95850471037927,-2.01694579942041
"Bird Island","BI10","BI10.11",422,409.9,410.9,410.4,-0.860844636452492,-0.0430422318226246,-3.0301632190058,-0.15150816095029,-2.93280065844533,-4.37569702237325,-1.4899042945174,-2.93135745472419,-4.3671113203105,-1.49560358913787
"Bird Island","BI10","BI10.11",424,412.2,413.2,412.7,-1.46305529774314,-0.0731527648871568,-3.09687083481431,-0.154843541740715,-3.27742303451788,-4.72100870549026,-1.8338373635455,-3.28082906193719,-4.73751525854006,-1.82414286533431
"Bird Island","BI10","BI10.11",427,415.8,416.8,416.3,-1.53036258491851,-0.0765181292459253,-2.37295537612894,-0.118647768806447,-3.31594044831401,-4.75982574656498,-1.87205515006304,-3.31988845981618,-4.7791400841039,-1.86063683552845
"Bird Island","BI10","BI10.11",439,430.3,431.3,430.8,-1.27311429758525,-0.0636557148792625,-2.44708386415426,-0.122354193207713,-3.16872698677983,-4.61170829773023,-1.72574567582944,-3.17060353643991,-4.62029252169185,-1.72091455118798
"Bird Island","BI10","BI10.11",443,435.2,436.3,435.7,-1.04671086181767,-0.0523355430908836,-3.06136673497652,-0.153068336748826,-3.03916486674364,-4.48189152063645,-1.59643821285083,-3.03921832913277,-4.48104024706251,-1.59739641120304
"Bird Island","BI10","BI10.11",449,442.8,443.8,443.3,-2.03034168744015,-0.101517084372007,-2.87765149687048,-0.143882574843524,-3.60205957136034,-5.04956680292564,-2.15455233979504,-3.61003360629478,-5.08972119226352,-2.13034602032605
"Bird Island","BI10","BI10.12",461,447.5,448.7,448.1,-0.953254992026939,-0.047662749601347,-2.30871851996975,-0.115435925998487,-2.98568360848065,-4.42845290627922,-1.54291431068209,-2.98498452837398,-4.42371102273715,-1.54625803401082
"Bird Island","BI10","BI10.12",465,452.8,453.9,453.4,-0.607531810445478,-0.0303765905222739,-2.36212035102483,-0.118106017551241,-2.78783931252512,-4.23151663477593,-1.34416199027431,-2.7843563368054,-4.21241563607703,-1.35629703753377
"Bird Island","BI10","BI10.12",469,458.3,459.3,458.8,-0.868051190484932,-0.0434025595242466,-2.45468687143679,-0.122734343571839,-2.93692469664922,-4.3798081167652,-1.49404127653323,-2.93553952286424,-4.37152204217684,-1.49955700355164
"Bird Island","BI10","BI10.12",475,466.1,467.2,466.6,-1.20830749820948,-0.0604153749104742,-2.37901885227534,-0.118950942613767,-3.13164050754237,-4.57449716415002,-1.68878385093473,-3.13299520800607,-4.58037936380091,-1.68561105221123
"Bird Island","BI10","BI10.12",479,471.4,472.4,471.9,-0.834560857841891,-0.0417280428920946,-2.02901747675901,-0.101450873837951,-2.9177594464257,-4.36070736890078,-1.47481152395062,-2.91610459564163,-4.35102906284933,-1.48118012843394
"Bird Island","BI10","BI10.12",484,478.2,479.2,478.7,-0.670277111579542,-0.0335138555789771,-2.10425922085807,-0.105212961042903,-2.82374607431819,-4.26717091368538,-1.38032123495099,-2.8207683478206,-4.25067122825373,-1.39086546738746
"Bird Island","BI10","BI10.13",506,473.4,474.5,474,-0.527440167464404,-0.0263720083732202,-2.84778967617713,-0.142389483808857,-2.74200589561327,-4.18606193912706,-1.29794985209949,-2.73787799127605,-4.16364411073,-1.31211187182209
"Bird Island","BI10","BI10.13",519,491,492,491.5,-1.07207557495245,-0.0536037787476226,-3.56277980322316,-0.178138990161158,-3.05368013236543,-4.49641011089601,-1.61095015383485,-3.0539378411499,-4.49661527888793,-1.61126040341186
"Bird Island","BI10","BI10.13",522,494.8,495.8,495.3,-1.46877887939034,-0.0734389439695172,-2.56468518270184,-0.128234259135092,-3.2806984237358,-4.72430783501981,-1.83708901245178,-3.28415053962902,-4.74105315148093,-1.82724792777712
"Bird Island","BI10","BI10.13",525,498.7,499.7,499.2,-1.40541911710754,-0.0702709558553772,-2.38845826048118,-0.119422913024059,-3.2444400290762,-4.68780465912539,-1.80107539902702,-3.24738194787054,-4.70190693885985,-1.79285695688123
"Bird Island","BI10","BI10.13",529,503.9,505.1,504.5,-4.11291524359722,-0.205645762179861,-3.87397823310782,-0.193698911655391,-4.79383762080662,-6.28233187592166,-3.30534336569158,-4.81858133650218,-6.40754886555293,-3.22961380745142
"Isla Hermite","HER42PB","HER42PB_1A",3,2.5,3.7,3.1,-0.626207759755678,-0.0313103879877839,-2.2979295368455,-0.114896476842275,-2.79852685168774,-4.24212496163042,-1.35492874174506,-2.79519426187248,-4.22379798445512,-1.36659053928983
"Isla Hermite","HER42PB","HER42PB_1A",5,5.3,6.5,5.9,-0.21970779946337,-0.0109853899731685,-2.11160077712181,-0.10558003885609,-2.56590230484047,-4.01200128979904,-1.11980331988189,-2.55929642148733,-3.97688381944755,-1.14170902352711
"Isla Hermite","HER42PB","HER42PB_1A",7,8.1,9.3,8.7,-0.733745666067533,-0.0366872833033767,-2.11003070265951,-0.105501535132975,-2.86006672664052,-4.30327571499275,-1.41685773828829,-2.85760007327837,-4.28940967106236,-1.42579047549439
"Isla Hermite","HER42PB","HER42PB_1A",9,10.9,12.1,11.5,-0.420657112497225,-0.0210328556248612,-2.17892104734001,-0.108946052367001,-2.68089799352431,-4.12555733445422,-1.23623865259441,-2.67591023108642,-4.09872425095611,-1.25309621121674
"Isla Hermite","HER42PB","HER42PB_1A",13,16.3,17.5,16.9,-0.383654786354765,-0.0191827393177383,-2.18382458304818,-0.109191229152409,-2.65972296230169,-4.10461756002504,-1.21482836457835,-2.65443724294651,-4.07625650474311,-1.2326179811499
"Isla Hermite","HER42PB","HER42PB_1A",16,20.5,21.6,21.1,-0.420039877870349,-0.0210019938935175,-2.18306141406654,-0.109153070703327,-2.68054477350119,-4.12520792818518,-1.23588161881719,-2.67555204085342,-4.09834934791555,-1.25275473379129
"Isla Hermite","HER42PB","HER42PB_1A",20,26.1,27.3,26.7,-0.360844096814211,-0.0180422048407105,-2.19047612308321,-0.10952380615416,-2.64666926774824,-4.09171560816319,-1.20162292733329,-2.64119986797495,-4.06241314945136,-1.21998658649854
"Isla Hermite","HER42PB","HER42PB_1A",25,33.1,34.1,33.6,-0.34195075477374,-0.017097537738687,-2.16052850504115,-0.108026425252057,-2.63585732295141,-4.08103322323742,-1.1906814226654,-2.63023578674404,-4.05095135040209,-1.209520223086
"Isla Hermite","HER42PB","HER42PB_1A",28,37.1,38.2,37.7,-0.383622150546405,-0.0191811075273202,-2.14387513291522,-0.107193756645761,-2.65970428606338,-4.10459909723074,-1.21480947489602,-2.65441830391215,-4.07623669476257,-1.23259991306174
"Isla Hermite","HER42PB","HER42PB_1A",31,41.2,42.3,41.7,-0.232887104525226,-0.0116443552262613,-2.13975943157624,-0.106987971578812,-2.57344432247208,-4.01943672628287,-1.1274519186613,-2.56694456393643,-3.98486152200997,-1.14902760586289
"Isla Hermite","HER42PB","HER42PB_1B",40,43.1,44.2,43.7,-0.522494547150593,-0.0261247273575297,-2.31904648280026,-0.115952324140013,-2.73917570423133,-4.18325720741049,-1.29509420105217,-2.73500797586312,-4.16063470751268,-1.30938124421356
"Isla Hermite","HER42PB","HER42PB_1B",48,54,55.1,54.5,-0.428984796813928,-0.0214492398406964,-2.3262551008816,-0.11631275504408,-2.68566361217054,-4.13027186498387,-1.24105535935722,-2.68074290743971,-4.10378281057684,-1.25770300430259
"Isla Hermite","HER42PB","HER42PB_1B",50,56.7,57.8,57.2,-0.599001974759042,-0.0299500987379521,-2.22215799719508,-0.111107899859754,-2.78295801029864,-4.22667265600115,-1.33924336459612,-2.77940634907152,-4.20721821264713,-1.3515944854959
"Isla Hermite","HER42PB","HER42PB_1B",56,64.7,65.8,65.2,-0.731469305208316,-0.0365734652604158,-2.43279219082238,-0.121639609541119,-2.85876405144972,-4.30198009370205,-1.41554800919739,-2.85627906795714,-4.28801955302656,-1.42453858288772
"Isla Hermite","HER42PB","HER42PB_1B",60,69.9,70.9,70.4,-0.084912669841162,-0.0042456334920581,-2.16059813179483,-0.108029906589742,-2.48876415229787,-3.93605107115476,-1.04147723344098,-2.48107284687874,-3.89539683841617,-1.06674885534131
"Isla Hermite","HER42PB","HER42PB_1B",63,73.7,74.8,74.3,-0.461947932919541,-0.0230973966459771,-2.27146803561061,-0.11357340178053,-2.70452716776282,-4.14893990334598,-1.26011443217966,-2.69987189484243,-4.12381311952721,-1.27593067015765
"Isla Hermite","HER42PB","HER42PB_1B",69,81.5,82.5,82,-0.40830987945589,-0.0204154939727945,-2.16329107601346,-0.108164553800673,-2.67383213922757,-4.11856848399761,-1.22909579445753,-2.66874495213513,-4.0912254159431,-1.24626448832716
"Isla Hermite","HER42PB","HER42PB_1C",80,86.5,87.8,87.2,-0.395409100192415,-0.0197704550096207,-2.09681156468196,-0.104840578234098,-2.666449511372,-4.11126791563948,-1.22163110710452,-2.6612584422586,-4.08339212611261,-1.23912475840458
"Isla Hermite","HER42PB","HER42PB_1C",86,94.8,96,95.4,-0.309194074920809,-0.0154597037460405,-2.24681998514599,-0.1123409992573,-2.61711191446101,-4.06252076223364,-1.17170306668838,-2.61122660890811,-4.03108826680046,-1.19136495101577
"Isla Hermite","HER42PB","HER42PB_1C",90,100.2,101.4,100.8,-0.562753895461699,-0.0281376947730849,-2.23577747312469,-0.111788873656235,-2.76221460600761,-4.20609586666954,-1.31833334534569,-2.75837106134798,-4.18513996036472,-1.33160216233125
"Isla Hermite","HER42PB","HER42PB_1C",91,101.6,103.1,102.3,-0.728857045422678,-0.0364428522711339,-2.40033488518447,-0.120016744259224,-2.85726915401247,-4.30049335410062,-1.41404495392432,-2.85476313560253,-4.28642437623016,-1.42310189497489
"Isla Hermite","HER42PB","HER42PB_1C",97,109.8,111,110.4,-0.569289602204072,-0.0284644801102036,-2.19700068700445,-0.109850034350223,-2.76595474368974,-4.20980500505467,-1.32210448232481,-2.76216382704668,-4.18911975646759,-1.33520789762576
"Isla Hermite","HER42PB","HER42PB_1C",104,119.2,120.3,119.8,-0.590663280850775,-0.0295331640425387,-2.35088975737249,-0.117544487868624,-2.77818609127972,-4.22193791798996,-1.33443426456948,-2.77456728369208,-4.20213799499597,-1.34699657238818
"Isla Hermite","HER42PB","HER42PB_1D",118,127.3,128.4,127.8,-0.841219832778666,-0.0420609916389333,-2.40180999705014,-0.120090499852507,-2.92157012583148,-4.36450434024435,-1.4786359114186,-2.91996889566674,-4.35510281463384,-1.48483497669964
"Isla Hermite","HER42PB","HER42PB_1D",121,130.9,132.2,131.6,-0.719684519992177,-0.0359842259996088,-2.45599072744756,-0.122799536372378,-2.85202006476242,-4.29527344356951,-1.40876668595534,-2.84944018566084,-4.28082373553716,-1.41805663578453
"Isla Hermite","HER42PB","HER42PB_1D",131,143.2,144.4,143.8,-0.87226815948547,-0.0436134079742735,-2.25317822234387,-0.112658911117194,-2.939337908454,-4.38221399246076,-1.49646182444724,-2.93798669132025,-4.37410325779031,-1.5018701248502
"Isla Hermite","HER42PB","HER42PB_1D",137,150.7,151.9,151.3,-0.703682527470352,-0.0351841263735176,-2.47886052214155,-0.123943026107078,-2.84286272989733,-4.28616900184905,-1.39955645794561,-2.84015399661658,-4.27105519935954,-1.40925279387363
"Isla Hermite","HER42PB","HER42PB_1D",144,159.2,160.3,159.8,-0.556827914894161,-0.0278413957447081,-2.19114657093565,-0.109557328546783,-2.75882339154561,-4.20273312371823,-1.31491365937299,-2.75493212861834,-4.18153183427154,-1.32833242296515
"Isla Hermite","HER42PB","HER42PB_1D",147,162.9,164.1,163.5,-0.586039235536156,-0.0293019617768078,-2.30769421714245,-0.115384710857123,-2.77553992510263,-4.21931266543247,-1.33176718477279,-2.77188388292919,-4.19932118330577,-1.34444658255262
"Isla Hermite","HER42PB","HER42PB_1E",158,169.3,170.5,169.9,-0.681010744034633,-0.0340505372017316,-2.4402230316909,-0.122011151584545,-2.82988852605199,-4.27327406665936,-1.38650298544463,-2.82699723087835,-4.25721961510663,-1.39677484665007
"Isla Hermite","HER42PB","HER42PB_1E",162,175.6,176.8,176.2,-0.403857085306365,-0.0201928542653183,-2.6312225143778,-0.13156112571889,-2.67128397361276,-4.11604845662368,-1.22651949060184,-2.66616093091457,-4.08852150134133,-1.24380036048781
"Isla Hermite","HER42PB","HER42PB_1E",166,181.9,183.1,182.5,-1.78590054621315,-0.0892950273106575,-2.70943675051457,-0.135471837525728,-3.46217515496859,-4.90760457161271,-2.01674573832446,-3.46818085611182,-4.93757618573813,-1.99878552648551
"Isla Hermite","HER42PB","HER42PB_1E",174,194.9,196.1,195.5,-0.494411507778096,-0.0247205753889048,-2.61551103322411,-0.130775551661206,-2.72310484335493,-4.16733548778589,-1.27887419892397,-2.71871097958627,-4.14355111236481,-1.29387084680773
"Isla Hermite","HER42PB","HER42PB_1E",179,202.5,203.6,203,-0.709410411270939,-0.035470520563547,-2.66924816049325,-0.133462408024663,-2.84614058107485,-4.28942762944354,-1.40285353270616,-2.84347797091061,-4.27455152199382,-1.41240441982741
"Isla Hermite","HER42PB","HER42PB_1F",184,201.4,202.5,202,-0.554200967265471,-0.0277100483632735,-2.26308036122329,-0.113154018061165,-2.75732008881151,-4.20124255301245,-1.31339762461058,-2.75340767269474,-4.17993249435215,-1.32688285103733
"Isla Hermite","HER42PB","HER42PB_1F",189,208.1,209.3,208.7,-0.251406379404902,-0.0125703189702451,-2.64482250615135,-0.132241125307568,-2.58404220278608,-4.02988772349556,-1.13819668207661,-2.57769156855231,-3.9960747651114,-1.15930837199321
"Isla Hermite","HER42PB","HER42PB_1F",191,210.9,212.2,211.5,-0.58019354226506,-0.029009677113253,-2.69172161033646,-0.134586080516823,-2.7721946560226,-4.21599413713137,-1.32839517491384,-2.76849154208563,-4.1957605067748,-1.34122257739646
"Isla Hermite","HER42PB","HER42PB_1F",197,219.3,220.5,219.9,-0.126190216072221,-0.00630951080361104,-2.65732205164694,-0.132866102582347,-2.51238573021897,-3.95928995117775,-1.06548150926019,-2.50502680742846,-3.92032933647562,-1.0897242783813
"Isla Hermite","HER42PB","HER42PB_1F",200,223.4,224.6,224,-0.683772831623417,-0.0341886415811708,-2.93311034433828,-0.146655517216914,-2.83146916427206,-4.27484477613923,-1.38809355240489,-2.82860011048671,-4.25890490749958,-1.39829531347384
"Isla Hermite","HER42PB","HER42PB_1F",205,230.3,231.5,230.9,-0.354058564350097,-0.0177029282175048,-2.80378105901276,-0.140189052950638,-2.64278616425803,-4.08787863188343,-1.19769369663263,-2.63726212477567,-4.05829621346615,-1.21622803608519
"Isla Hermite","HER42PB","HER42PB_1F",209,235.8,236.9,236.4,-0.120025595606077,-0.00600127978030387,-2.21446725086582,-0.110723362543291,-2.50885795117222,-3.9558182659017,-1.06189763644275,-2.50144938849412,-3.91660460910357,-1.08629416788468
"Isla Hermite","HER42PB","HER42PB_1F",211,238.4,239.5,239,-0.850332617084451,-0.0425166308542225,-2.22286060813199,-0.111143030406599,-2.92678502749623,-4.36970119266031,-1.48386886233215,-2.92525717696469,-4.36067847323375,-1.48983588069563
"Isla Hermite","HER42PB","HER42PB_1F",213,241.1,242.3,241.7,-0.436837576418279,-0.0218418788209139,-2.32429228011926,-0.116214614005963,-2.6901574608185,-4.13471816459523,-1.24559675704177,-2.68529998967991,-4.10855356864257,-1.26204641071724
"Isla Hermite","HER42PB","HER42PB_1G",224,246.9,248.1,247.5,-0.855438328168466,-0.0427719164084233,-3.30261839400558,-0.165130919700279,-2.92970683276873,-4.37261324402602,-1.48680042151144,-2.92822009538043,-4.36380277867789,-1.49263741208298
"Isla Hermite","HER42PB","HER42PB_1G",231,256.4,257.6,257,-0.881138711139517,-0.0440569355569758,-2.46924393048244,-0.123462196524122,-2.94441418953733,-4.38727541548858,-1.50155296358608,-2.9431344014866,-4.37953354028513,-1.50673526268806
"Isla Hermite","HER42PB","HER42PB_1G",232,257.7,258.9,258.3,-0.925021916951086,-0.0462510958475543,-2.85784800597014,-0.142892400298507,-2.96952688784801,-4.41232605127447,-1.52672772442155,-2.96860046419588,-4.40640943904315,-1.53079148934861
"Isla Hermite","HER42PB","HER42PB_1G",236,263.2,264.4,263.8,-1.06445375861536,-0.053222687930768,-3.13949924464127,-0.156974962232063,-3.04931845525655,-4.49204676625776,-1.60659014425534,-3.04951479025356,-4.49193446470164,-1.60709511580548
"Isla Hermite","HER42PB","HER42PB_1G",240,268.6,269.8,269.2,-1.77768628822322,-0.088884314411161,-2.62034186718763,-0.131017093359382,-3.45747444591755,-4.90284422803752,-2.01210466379757,-3.46341400270599,-4.93247340281138,-1.99435460260059
"Isla Hermite","HER42PB","HER42PB_1G",245,275.2,276.4,275.8,-1.28234742337362,-0.0641173711686811,-2.85669643513977,-0.142834821756989,-3.1740107553218,-4.61701320387365,-1.73100830676995,-3.17596165365084,-4.6259824464411,-1.72594086086057
"Isla Hermite","HER42PB","HER42PB_1G",253,285.8,286.9,286.3,-0.567240162485052,-0.0283620081242526,-2.48759105181799,-0.124379552590899,-2.76478192688163,-4.20864186353293,-1.32092199023032,-2.76097450736416,-4.18787174018657,-1.33407727454176
"Isla Hermite","HER42PB","HER42PB_1H",260,285,286.2,285.6,-0.308820089310494,-0.0154410044655247,-2.5505235386891,-0.127526176934455,-2.61689789664644,-4.06230946491937,-1.1714863283735,-2.61100957961801,-4.03086155453337,-1.19115760470265
"Isla Hermite","HER42PB","HER42PB_1H",264,290.3,291.5,290.9,-0.567162582757124,-0.0283581291378562,-2.81592658778265,-0.140796329389133,-2.76473753093866,-4.20859783465319,-1.32087722722413,-2.76092948671948,-4.18782449850233,-1.33403447493663
"Isla Hermite","HER42PB","HER42PB_1H",269,297,298.2,297.6,-0.725825577632005,-0.0362912788816003,-2.59047527836926,-0.129523763918463,-2.8555343596952,-4.29876811125378,-1.41230060813661,-2.8530039307443,-4.28457329913912,-1.42143456234947
"Isla Hermite","HER42PB","HER42PB_1H",273,302.3,303.5,302.9,-0.362598197827554,-0.0181299098913777,-3.02737230446038,-0.151368615223019,-2.6476730733896,-4.09270756333441,-1.20263858344479,-2.64221779831021,-4.06347748197929,-1.22095811464113
"Isla Hermite","HER42PB","HER42PB_1H",278,309.3,310.6,309.9,-1.13468272845043,-0.0567341364225215,-2.69583659099787,-0.134791829549893,-3.08950783749335,-4.53227324836766,-1.64674242661904,-3.09026968308222,-4.53508679720721,-1.64545256895723
"Isla Hermite","HER42PB","HER42PB_1H",281,313.5,314.8,314.2,-0.419065823120466,-0.0209532911560233,-2.44163298015493,-0.122081649007746,-2.67998735882239,-4.12465653960338,-1.23531817804141,-2.67498678271232,-4.09775772360675,-1.25221584181789
"Isla Hermite","HER42PB","HER42PB_1H",286,320.5,321.8,321.1,-0.682955934813507,-0.0341477967406753,-2.63411637489687,-0.131705818744843,-2.83100168513605,-4.27438022561741,-1.38762314465469,-2.82812605338437,-4.25840646823317,-1.39784563853557
"Isla Hermite","HER42PB","HER42PB_1I",301,332.1,333.3,332.7,-1.22493568247937,-0.0612467841239686,-2.75642304857421,-0.13782115242871,-3.14115618825214,-4.58404086995676,-1.69827150654752,-3.14264478523105,-4.59061628517042,-1.69467328529169
"Isla Hermite","HER42PB","HER42PB_1I",303,334.9,336.2,335.6,-0.237835938429007,-0.0118917969214503,-3.36836263878996,-0.168418131939498,-2.57627635286997,-4.0222291758921,-1.13032352984785,-2.56981644424237,-3.98785763342503,-1.1517752550597
"Isla Hermite","HER42PB","HER42PB_1I",312,347.6,348.8,348.2,-1.5140333717313,-0.0757016685865652,-2.91775016307538,-0.145887508153769,-3.30659585744292,-4.75040435778574,-1.8627873571001,-3.31041237985967,-4.7690375093571,-1.85178725036223
"Isla Hermite","HER42PB","HER42PB_1I",317,354.3,355.4,354.9,-0.281206743528679,-0.0140603371764339,-2.34028931716696,-0.117014465858348,-2.60109582364054,-4.04671205953163,-1.15547958774945,-2.59498515336455,-4.01412631207843,-1.17584399465067
"Isla Hermite","HER42PB","HER42PB_1I",320,358.3,359.6,358.9,-0.437980137720222,-0.0218990068860111,-2.45661290726915,-0.122830645363458,-2.69081130542138,-4.13536514153551,-1.24625746930725,-2.68596303462447,-4.10924775743105,-1.26267831181789
"Isla Hermite","HER42PB","HER42PB_1I",322,361,362.2,361.6,-0.176185758336801,-0.00880928791684005,-2.3706731366696,-0.11853365683348,-2.5409962874139,-3.98745934739366,-1.09453322743415,-2.53403994789868,-3.95055228880305,-1.11752760699431
"Isla Hermite","HER42PB","HER42PB_1J",335,369.7,370.8,370.2,-0.714126084057227,-0.0357063042028613,-2.33982081379574,-0.116991040689787,-2.84883918218714,-4.29211064726672,-1.40556771710756,-2.84621454442823,-4.2774302439606,-1.41499884489586
"Isla Hermite","HER42PB","HER42PB_1J",340,376.7,377.9,377.3,-1.20735586059215,-0.0603677930296075,-2.27474446952592,-0.113737223476296,-3.13109592134035,-4.57395105673825,-1.68824078594246,-3.13244295885309,-4.5797935850216,-1.68509233268458
"Isla Hermite","HER42PB","HER42PB_1J",342,379.6,380.9,380.3,-0.600939850096865,-0.0300469925048432,-2.23857123925707,-0.111928561962854,-2.78406698303257,-4.22777308627732,-1.34036087978782,-2.78053092632067,-4.2083989372137,-1.35266291542764
"Isla Hermite","HER42PB","HER42PB_1J",346,385.3,386.5,385.9,-0.0968340853103475,-0.00484170426551738,-2.93302844769589,-0.146651422384794,-2.49558632730941,-3.94276100442694,-1.04841165019188,-2.48799101769847,-3.90259573238531,-1.07338630301163
"Isla Hermite","HER42PB","HER42PB_1J",349,389.6,390.9,390.2,-0.261131058382578,-0.0130565529191289,-2.39147121283915,-0.119573560641958,-2.58960726861977,-4.03537700830918,-1.14383752893036,-2.58333494122969,-4.00196443653405,-1.16470544592533
"Isla Hermite","HER42PB","HER42PB_1J",352,394,395.2,394.6,-0.40734795361031,-0.0203673976805155,-2.35462812833505,-0.117731406416753,-2.6732816654618,-4.11802407233454,-1.22853925858905,-2.66818673257363,-4.0906412782816,-1.24573218686567
"Isla Hermite","HER42PB","HER42PB_1J",353,395.4,396.6,396,-0.368693450518513,-0.0184346725259256,-2.21818807912842,-0.110909403956421,-2.65116115588322,-4.0961547025074,-1.20616760925905,-2.6457549621155,-4.06717614157514,-1.22433378265587
"Kerguelen","KER1","CAT1-S1-1A",1,0,1.4,0.7,-0.346309166734949,-0.0173154583367475,-4.23298129337994,-0.211649064668997,-2.63835147721091,-4.08349717836188,-1.19320577605994,-2.63276503660773,-4.05359507876906,-1.21193499444639
"Kerguelen","KER1","CAT1-S1-1A",3,3.1,4.7,3.9,-1.03920421959218,-0.051960210979609,-4.04320549475842,-0.202160274737921,-3.03486909942107,-4.47759598919847,-1.59214220964367,-3.03486211544886,-4.47643210177964,-1.59329212911807
"Kerguelen","KER1","CAT1-S1-1A",5,6.4,7.8,7.1,-1.21401137401661,-0.0607005687008307,-3.74609388900974,-0.187304694450487,-3.13490461985361,-4.57777058182028,-1.69203865788693,-3.13630525011225,-4.58389056540025,-1.68871993482425
"Kerguelen","KER1","CAT1-S1-1A",7,9.3,10.6,9.9,-1.15569274406152,-0.0577846372030758,-3.96006710124648,-0.198003355062324,-3.10153107448769,-4.54431705998782,-1.65874508898756,-3.10246210077778,-4.54800617133075,-1.65691803022481
"Kerguelen","KER1","CAT1-S1-1A",8,10.7,12,11.4,-1.28039304296227,-0.0640196521481137,-4.25277857596899,-0.21263892879845,-3.17289233735878,-4.61589024142056,-1.72989443329701,-3.17482749826741,-4.62477798583852,-1.7248770106963
"Kerguelen","KER1","CAT1-S1-1A",9,12.1,13.6,12.8,-1.08495707578239,-0.0542478537891195,-3.51628593290205,-0.175814296645103,-3.06105172790291,-4.50378583030988,-1.61831762549594,-3.061413163471,-4.50452758700334,-1.61829873993866
"Kerguelen","KER1","CAT1-S1-1A",11,15.1,16.5,15.8,-0.482527530967309,-0.0241263765483654,-3.70715179135536,-0.185357589567768,-2.71630409307105,-4.16060019078992,-1.27200799535219,-2.71181453496464,-4.1363243098523,-1.28730476007697
"Kerguelen","KER1","CAT1-S1-1A",13,18,19.4,18.7,-0.986609127109626,-0.0493304563554813,-3.75841398538625,-0.187920699269312,-3.00477091799358,-4.44751508681587,-1.5620267491713,-3.00434041817103,-4.4441613998765,-1.56451943646556
"Kerguelen","KER1","CAT1-S1-1A",17,24,25.5,24.7,-0.907969430960983,-0.0453984715480492,-3.99555104808437,-0.199777552404219,-2.95976839531774,-4.40258941419601,-1.51694737643947,-2.95870465851027,-4.39596343168898,-1.52144588533156
"Kerguelen","KER1","CAT1-S1-1A",20,28.6,30,29.3,-1.25819817346278,-0.062909908673139,-3.51272455965653,-0.175636227982826,-3.16019105331452,-4.60313999620635,-1.7172421104227,-3.16194749262412,-4.6111022501479,-1.71279273510035
"Kerguelen","KER1","CAT1-S1-1A",23,33,34.4,33.7,-1.08254093536817,-0.0541270467684087,-4.07137724590554,-0.203568862295277,-3.05966906216151,-4.50240226606987,-1.61693585825315,-3.06001104204061,-4.5030433729317,-1.61697871114951
"Kerguelen","KER1","CAT1-S1-1A",25,35.9,37.2,36.6,-1.11289125450805,-0.0556445627254027,-4.33798298463478,-0.216899149231739,-3.07703740146346,-4.51978608284074,-1.63428872008618,-3.077623773749,-4.52169162023517,-1.63355592726283
"Kerguelen","KER1","CAT1-S1-1A",26,37.3,38.7,38,-1.28573081770286,-0.0642865408851431,-4.45300569962765,-0.222650284981383,-3.17594694388152,-4.61895734901286,-1.73293653875019,-3.17792508659893,-4.62806768129283,-1.72778249190504
"Kerguelen","KER1","CAT1-S1-1A",27,38.8,40.1,39.4,-0.940429006368892,-0.0470214503184446,-4.34548617638229,-0.217274308819114,-2.97834378217556,-4.42112567085064,-1.53556189350049,-2.97754142231472,-4.41585008199147,-1.53923276263797
"Kerguelen","KER1","CAT1-S1-1A",28,40.2,41.6,40.9,-0.884381097116133,-0.0442190548558067,-4.69498797071745,-0.234749398535873,-2.94626968435207,-4.38912567344652,-1.50341369525762,-2.94501600523639,-4.38151863318566,-1.50851337728712
"Kerguelen","KER1","CAT1-S1-1B",36,45.1,46.2,45.6,-0.821346365800443,-0.0410673182900222,-4.2946716293321,-0.214733581466605,-2.91019729261701,-4.35317371586024,-1.46722086937377,-2.9084360336764,-4.34294621055605,-1.47392585679676
"Kerguelen","KER1","CAT1-S1-1B",40,50.7,52.1,51.4,-1.28209592776864,-0.0641047963884319,-4.95490007374778,-0.247745003687389,-3.17386683390272,-4.61686869553988,-1.73086497226555,-3.17581570709271,-4.62582745064637,-1.72580396353905
"Kerguelen","KER1","CAT1-S1-1B",41,52.3,53.6,53,-0.979418463203215,-0.0489709231601608,-3.37633038054105,-0.168816519027052,-3.00065597310759,-4.44340462940202,-1.55790731681317,-3.00016757130226,-4.43975163311196,-1.56058350949257
"Kerguelen","KER1","CAT1-S1-1B",46,59.9,61.2,60.5,-1.52326847947037,-0.0761634239735187,-3.09348440361174,-0.154674220180587,-3.31188076018028,-4.755732371037,-1.86802914932357,-3.31577164722541,-4.77475077299157,-1.85679252145925
"Kerguelen","KER1","CAT1-S1-1B",49,64.4,65.8,65.1,0.0234968039504159,0.0011748401975208,-1.57125708071313,-0.0785628540356563,-2.42672551225328,-3.87509695882112,-0.978354065685432,-2.41816125218551,-3.83000304003129,-1.00631946433973
"Kerguelen","KER1","CAT1-S1-1B",51,67.6,68.9,68.3,-1.7791738884673,-0.0889586944233648,-3.14074641693503,-0.157037320846751,-3.45832574325204,-4.90370627597725,-2.01294521052682,-3.46427727876801,-4.93339746739614,-1.99515709013988
"Kerguelen","KER1","CAT1-S1-1B",57,76.5,77.9,77.2,-1.03735024169559,-0.0518675120847796,-3.90920358302952,-0.195460179151476,-3.0338081380184,-4.47653517184417,-1.59108110419263,-3.03378622510532,-4.47529407833935,-1.59227837187128
"Kerguelen","KER1","CAT1-S1-1C",69,86.1,87.5,86.8,-0.535250246624397,-0.0267625123312199,-3.82732045579994,-0.191366022789997,-2.74647530841255,-4.19049163737616,-1.30245897944893,-2.74241029382721,-4.16839705868268,-1.31642352897173
"Kerguelen","KER1","CAT1-S1-1C",73,92.4,93.7,93.1,-1.04956467407177,-0.0524782337035887,-3.65064483831643,-0.182532241915821,-3.04079799551915,-4.48352470589643,-1.59807128514188,-3.04087443789875,-4.48279228388459,-1.59895659191291
"Kerguelen","KER1","CAT1-S1-1C",80,103.1,104.5,103.8,-1.36646641762291,-0.0683233208811457,-3.58144247918955,-0.179072123959478,-3.22214887298464,-4.66538268878853,-1.77891505718075,-3.22477712970773,-4.67786017846865,-1.77169408094681
"Kerguelen","KER1","CAT1-S1-1C",86,112.2,113.6,112.9,-0.453097161181348,-0.0226548580590674,-3.59845664171166,-0.179922832085583,-2.69946220597693,-4.14392638782082,-1.25499802413305,-2.694735663249,-4.11843374756399,-1.27103757893401
"Kerguelen","KER1","CAT1-S1-1C",93,122.9,124.1,123.5,-1.09864062346223,-0.0549320311731117,-3.8575141328936,-0.19287570664468,-3.06888230450616,-4.5116225844814,-1.62614202453093,-3.06935392524663,-4.51293439177615,-1.62577345871711
"Kerguelen","KER1","CAT1-S1-1D",105,130.3,131.4,130.8,-1.57390918915812,-0.0786954594579058,-3.62392069223668,-0.181196034611834,-3.34086052228079,-4.78496348175122,-1.89675756281036,-3.34515918773665,-4.8060943612025,-1.88422401427081
"Kerguelen","KER1","CAT1-S1-1D",108,134.6,135.8,135.2,-2.96360613034174,-0.148180306517087,-3.49736150939512,-0.174868075469756,-4.13613150082017,-5.5969205237504,-2.67534247788994,-4.1516205388751,-5.67568299320995,-2.62755808454025
"Kerguelen","KER1","CAT1-S1-1D",110,137.6,138.8,138.2,-1.05703774361232,-0.052851887180616,-3.63567923168013,-0.181783961584007,-3.04507455046439,-4.48780179025442,-1.60234731067436,-3.0452111688652,-4.48738060812354,-1.60304172960686
"Kerguelen","KER1","CAT1-S1-1D",114,143.4,144.6,144,-1.29789148646887,-0.0648945743234436,-3.9183197632609,-0.195915988163045,-3.18290603450239,-4.62594597121438,-1.7398660977904,-3.18498209958727,-4.63556342468278,-1.73440077449176
"Kerguelen","KER1","CAT1-S1-1D",117,147.8,148.9,148.4,-0.492625532417761,-0.024631276620888,-2.42750369401663,-0.121375184700831,-2.72208279723079,-4.16632318939387,-1.27784240506771,-2.71767455210377,-4.14246494193593,-1.2928841622716
"Kerguelen","KER1","CAT1-S1-1D",119,150.7,151.8,151.3,-1.21384309321593,-0.0606921546607964,-4.09318148506269,-0.204659074253135,-3.13480831911849,-4.57767400194654,-1.69194263629043,-3.1362075943156,-4.58378697012268,-1.68862821850852
"Kerguelen","KER1","CAT1-S1-1D",123,156.5,157.7,157.1,-1.98221465382951,-0.0991107326914754,-4.00036806267563,-0.200018403133782,-3.57451829097072,-5.02157010061299,-2.12746648132846,-3.58210478857798,-5.05972101287625,-2.1044885642797
"Kerguelen","KER1","CAT1-S1-1D",124,158,159.2,158.6,-0.241718404204192,-0.0120859202102096,-3.20386797167399,-0.1601933985837,-2.57849814113522,-4.0244200805474,-1.13257620172305,-2.57206949561063,-3.99020833057234,-1.15393066064891
"Kerguelen","KER1","CAT1-S1-1E",132,161.5,162.7,162.1,-0.398057947243681,-0.0199028973621841,-3.59030379265238,-0.179515189632619,-2.66796534631704,-4.11276676808334,-1.22316392455073,-2.6627956067357,-4.08500034874556,-1.24059086472583
"Kerguelen","KER1","CAT1-S1-1E",137,168.8,170,169.4,-0.689447673854011,-0.0344723836927005,-3.71779187425978,-0.185889593712989,-2.83471666176597,-4.27807211092223,-1.3913612126097,-2.83189330398606,-4.26236767216443,-1.4014189358077
"Kerguelen","KER1","CAT1-S1-1E",144,179,180.2,179.6,-0.788756798838099,-0.0394378399419049,-2.22109369514835,-0.111054684757418,-2.89154751651097,-4.33460160347319,-1.44849342954875,-2.88952383388191,-4.32302002197779,-1.45602764578602
"Kerguelen","KER1","CAT1-S1-1E",145,180.4,181.6,181,0.0336494859443078,0.00168247429721539,-1.85584411852327,-0.0927922059261635,-2.42091551648743,-3.86939441573401,-0.972436617240857,-2.41226950313158,-3.82388535801848,-1.00065364824468
"Kerguelen","KER1","CAT1-S1-1E",146,181.9,183,182.4,0.234463563836751,0.0117231781918376,-1.23747837389761,-0.0618739186948806,-2.30599721775822,-3.75680810855718,-0.855186326959265,-2.29573417245234,-3.70311212442123,-0.888356220483448
"Kerguelen","KER1","CAT1-S1-1E",147,183.3,184.4,183.8,-0.846697774599014,-0.0423348887299507,-3.37925767808109,-0.168962883904055,-2.92470494467057,-4.3676282108002,-1.48178167854094,-2.92314782499369,-4.35845439130472,-1.48784125868266
"Kerguelen","KER1","CAT1-S1-1E",151,189,190.3,189.7,-1.13842151458903,-0.0569210757294516,-3.75573425569047,-0.187786712784524,-3.09164740333888,-4.53441615633775,-1.64887865034002,-3.09243935506724,-4.53738550584832,-1.64749320428616
"Kerguelen","KER1","CAT1-S1-1E",157,198.4,199.7,199,-0.986583348172202,-0.0493291674086101,-3.45396205368932,-0.172698102684466,-3.00475616568307,-4.44750034968017,-1.56201198168598,-3.00432545827863,-4.44414558966673,-1.56450532689053
"Kerguelen","KER1","CAT1-S1-1E",161,204.5,205.8,205.2,-1.14894157895686,-0.0574470789478431,-3.16676068580142,-0.158338034290071,-3.09766763813697,-4.54044653655269,-1.65488873972124,-3.09854430145715,-4.54385429100781,-1.65323431190648
"Kerguelen","KER1","CAT1-S1-1F",170,210.3,211.7,211,-0.620397317268905,-0.0310198658634453,-3.87351568845969,-0.193675784422984,-2.79520175529783,-4.23882414084701,-1.35157936974865,-2.79182237757186,-4.22025632757988,-1.36338842756384
"Kerguelen","KER1","CAT1-S1-1F",177,220.9,222.2,221.6,-0.317379215555472,-0.0158689607777736,-3.76972611471866,-0.188486305735933,-2.62179596075133,-4.06714561140168,-1.17644631010097,-2.61597656508911,-4.03605052108243,-1.1959026090958
"Kerguelen","KER1","CAT1-S1-1F",179,224,225.4,224.7,-1.05281480723451,-0.0526407403617253,-3.52192770109451,-0.176096385054726,-3.04265792375538,-4.48538479653207,-1.59993105097869,-3.04276053745335,-4.48478773458896,-1.60073334031773
"Kerguelen","KER1","CAT1-S1-1F",180,225.6,226.8,226.2,-0.225390653660078,-0.0112695326830039,-1.6429558246298,-0.08214779123149,-2.56915438727943,-4.01520720580158,-1.12310156875729,-2.56259426444718,-3.98032353863764,-1.14486499025671
"Kerguelen","KER1","CAT1-S1-1F",185,233.2,234.5,233.8,0.288928107959727,0.0144464053979863,-1.57888420929289,-0.0789442104646447,-2.27482921988994,-3.72634026180182,-0.823318177978052,-2.26412760519233,-3.67043224264911,-0.857822967735541
"Kerguelen","KER1","CAT1-S1-1F",186,234.7,235.9,235.3,-0.510884050625818,-0.0255442025312909,-1.59147463603803,-0.0795737318019016,-2.73253145636768,-4.17667367702498,-1.28838923571037,-2.72827023582983,-4.15357075053194,-1.30296972112771
"Kerguelen","KER1","CAT1-S1-1F",188,237.8,239.1,238.4,-1.59139234204269,-0.0795696171021343,-3.70493491938577,-0.185246745969288,-3.35086546917995,-4.79506107559663,-1.90666986276326,-3.35530491568612,-4.81692123763722,-1.89368859373501
"Kerguelen","KER1","CAT1-S1-1F",191,242.3,243.6,242.9,-2.52477027529946,-0.126238513764973,-3.80689731721659,-0.190344865860829,-3.885002344876,-5.33849691013777,-2.43150777961422,-3.89695770837051,-5.39917432359471,-2.3947410931463
"Kerguelen","KER3","CAT2-S3-1A",6,7.9,9.1,8.5,-0.248969729341347,-0.0124484864670674,-2.83298619075807,-0.141649309537903,-2.58264780014838,-4.0285124543668,-1.13678314592996,-2.57627754507404,-3.99459918687773,-1.15795590327035
"Kerguelen","KER3","CAT2-S3-1A",9,12.3,13.5,12.9,-0.278735890651992,-0.0139367945325996,-3.09032398951363,-0.154516199475682,-2.59968184802698,-4.04531676296665,-1.15404693308732,-2.59355128149627,-4.01262923351084,-1.17447332948171
"Kerguelen","KER3","CAT2-S3-1A",13,18.1,19.3,18.7,-0.125717709228065,-0.00628588546140326,-2.71198862899682,-0.135599431449841,-2.51211533242994,-3.95902383969302,-1.06520682516685,-2.50475260483316,-3.9200438284542,-1.08946138121212
"Kerguelen","KER3","CAT2-S3-1A",15,21,22.1,21.6,-0.614803910523525,-0.0307401955261762,-2.83337474430325,-0.141668737215163,-2.7920008602509,-4.23564692938348,-1.34835479111831,-2.78857644226923,-4.21684729572653,-1.36030558881193
"Kerguelen","KER3","CAT2-S3-1A",20,28.2,29.4,28.8,-1.02671431850132,-0.0513357159250659,-3.22388335036616,-0.161194167518308,-3.0277216015976,-4.47045011849296,-1.58499308470225,-3.02761404415301,-4.46876612958199,-1.58646195872402
"Kerguelen","KER3","CAT2-S3-1A",21,29.6,30.7,30.2,-0.353359794401828,-0.0176679897200914,-2.84558317369374,-0.142279158684687,-2.64238628465546,-4.08748352815964,-1.19728904115128,-2.63685661840956,-4.05787228179548,-1.21584095502363
"Kerguelen","KER3","CAT2-S3-1A",22,31,32.1,31.6,-0.138206643426591,-0.00691033217132953,-1.99508819667721,-0.0997544098338605,-2.51926227693751,-3.96605822744822,-1.0724663264268,-2.51200011502732,-3.92759096398491,-1.09640926606972
"Kerguelen","KER3","CAT2-S3-1A",27,38.2,39.3,38.7,-0.437609724157728,-0.0218804862078864,-2.1809452213646,-0.10904726106823,-2.69059933175462,-4.13515539292752,-1.24604327058172,-2.68574807824568,-4.10902270283268,-1.26247345365868
"Kerguelen","KER3","CAT2-S3-1A",28,39.5,40.7,40.1,-0.524165425061613,-0.0262082712530807,-1.72593547849894,-0.0862967739249469,-2.74013188444008,-4.18420475909737,-1.29605900978278,-2.73597761062144,-4.16165140557797,-1.31030381566492
"Kerguelen","KER3","CAT2-S3-1A",32,45.1,47,46.1,-0.837121195724646,-0.0418560597862323,-2.36471237450044,-0.118235618725022,-2.91922463092246,-4.36216723087324,-1.47628203097168,-2.91759039696069,-4.35259534288905,-1.48258545103233
"Kerguelen","KER3","CAT2-S3-1B",38,46.4,47.6,47,-0.595953009726306,-0.0297976504863153,-2.3260405708291,-0.116302028541455,-2.78121320297176,-4.22494136399808,-1.33748504194544,-2.77763699030918,-4.20536059410094,-1.34991338651742
"Kerguelen","KER3","CAT2-S3-1B",42,51.6,52.7,52.2,-0.202582082248487,-0.0101291041124244,-2.50103062619184,-0.125051531309592,-2.55610190485105,-4.00234193327165,-1.10986187643044,-2.54935811865667,-3.96652005829224,-1.1321961790211
"Kerguelen","KER3","CAT2-S3-1B",45,55.3,56.5,55.9,-0.596424540096891,-0.0298212270048446,-2.74802091536271,-0.137401045768135,-2.78148304196191,-4.22520910681276,-1.33775697711106,-2.77791062624267,-4.20564787325597,-1.35017337922936
"Kerguelen","KER3","CAT2-S3-1B",47,58.1,59.3,58.7,-0.77591080963919,-0.0387955404819595,-3.315485988443,-0.16577429942215,-2.8841962429363,-4.32728382641983,-1.44110865945277,-2.88206911947688,-4.31516864636739,-1.44896959258637
"Kerguelen","KER3","CAT2-S3-1B",52,64.6,65.7,65.1,-1.45868997469121,-0.0729344987345604,-3.22547395894711,-0.161273697947356,-3.27492492530265,-4.71849270708335,-1.83135714352194,-3.27829580146702,-4.73481715795931,-1.82177444497473
"Kerguelen","KER3","CAT2-S3-1B",55,68.3,69.4,68.9,-0.0539160950024715,-0.00269580475012357,-1.01494258039862,-0.0507471290199311,-2.47102598531138,-3.91861125460996,-1.0234407160128,-2.46308508358714,-3.87668636456305,-1.04948380261123
"Kerguelen","KER3","CAT2-S3-1B",56,69.5,70.7,70.1,-0.568926967836573,-0.0284463483918286,-3.58237692338365,-0.179118846169183,-2.76574722176194,-4.20959919208596,-1.32189525143792,-2.76195338504791,-4.18889892528794,-1.33500784480788
"Kerguelen","KER3","CAT2-S3-1B",62,77.2,78.2,77.7,-0.69299811267817,-0.0346499056339085,-3.4534241770955,-0.172671208854775,-2.83674844356979,-4.28009143972256,-1.39340544741703,-2.83395367528459,-4.26453430594696,-1.40337304462222
"Kerguelen","KER3","CAT2-S3-1B",65,80.8,81.9,81.4,-1.67926559148225,-0.0839632795741124,-3.67283264100029,-0.183641632050015,-3.40115200504129,-4.84585888474986,-1.95644512533273,-3.40629904064375,-4.8713841689889,-1.94121391229859
"Kerguelen","KER3","CAT2-S3-1B",68,84.5,85.6,85.1,-0.718102909168896,-0.0359051454584448,-3.29656682730472,-0.164828341365236,-2.85111496873046,-4.29437346279077,-1.40785647467014,-2.84852235389212,-4.27985811043357,-1.41718659735067
"Kerguelen","KER3","CAT2-S3-1C",78,89.2,90.2,89.7,-0.851412249046435,-0.0425706124523218,-3.36917738243537,-0.168458869121768,-2.92740286001887,-4.37031694118408,-1.48448877885365,-2.92588370309783,-4.36133910311782,-1.49042830307784
"Kerguelen","KER3","CAT2-S3-1C",83,95.7,96.8,96.2,-0.799200428952032,-0.0399600214476016,-3.96377186829455,-0.198188593414728,-2.89752401087753,-4.34055206713836,-1.45449595461671,-2.89558442436237,-4.32940435543878,-1.46176449328596
"Kerguelen","KER3","CAT2-S3-1C",85,98.3,99.3,98.8,-1.115054763221,-0.05575273816105,-3.59962188734711,-0.179981094367356,-3.07827549564085,-4.52102562805027,-1.63552536323144,-3.07887928932807,-4.5230213094128,-1.63473726924334
"Kerguelen","KER3","CAT2-S3-1C",89,103.5,104.7,104.1,-0.938406227982002,-0.0469203113991001,-3.79949147008565,-0.189974573504283,-2.97718622263906,-4.41997024547708,-1.53440219980105,-2.97636757459108,-4.41461049209176,-1.53812465709041
"Kerguelen","KER3","CAT2-S3-1C",91,106.1,107.2,106.7,-1.78308397902296,-0.0891541989511479,-3.08566222320398,-0.154283111160199,-3.46056334013394,-4.90597223410135,-2.01515444616652,-3.46654636119825,-4.9358264314802,-1.9972662909163
"Kerguelen","KER3","CAT2-S3-1C",96,112.8,113.9,113.3,-1.17776002063559,-0.0588880010317793,-2.96970093682269,-0.148485046841135,-3.11415934192837,-4.55697163602714,-1.6713470478296,-3.11526806239033,-4.56158048191984,-1.66895564286082
"Kerguelen","KER3","CAT2-S3-1C",101,118.9,119.9,119.4,-0.604661710034589,-0.0302330855017295,-3.35722257599669,-0.167861128799834,-2.78619686265376,-4.22988666327809,-1.34250706202943,-2.7826907757851,-4.21066673314927,-1.35471481842092
"Kerguelen","KER3","CAT2-S3-1D",110,122.4,123.5,123,-0.642199362726897,-0.0321099681363449,-3.27262369114929,-0.163631184557464,-2.80767824100612,-4.25121125964593,-1.36414522236631,-2.80447442170938,-4.23354722302603,-1.37540162039273
"Kerguelen","KER3","CAT2-S3-1D",115,128.9,130,129.5,-0.642456405389991,-0.0321228202694995,-3.67632580836202,-0.183816290418101,-2.80782533679668,-4.25135732979597,-1.36429334379739,-2.80462358730602,-4.23370395029161,-1.37554322432042
"Kerguelen","KER3","CAT2-S3-1D",117,131.4,132.4,131.9,-0.189095946628704,-0.00945479733143518,-3.69140387275676,-0.184570193637838,-2.54838429970044,-3.99473742285189,-1.102031176549,-2.54153191797128,-3.95836103555454,-1.12470280038803
"Kerguelen","KER3","CAT2-S3-1D",121,136.5,137.6,137.1,-0.68574097758315,-0.0342870488791575,-2.77810313078548,-0.138905156539274,-2.83259545973758,-4.27596404276749,-1.38922687670767,-2.82974225421811,-4.26010582371021,-1.39937868472601
"Kerguelen","KER3","CAT2-S3-1D",124,140.5,141.6,141,-1.5510878266222,-0.07755439133111,-3.42070544971113,-0.171035272485557,-3.32780071997592,-4.77178727826565,-1.88381416168619,-3.33191561907062,-4.79196617607633,-1.87186506206492
"Kerguelen","KER3","CAT2-S3-1D",130,148.3,149.4,148.9,-0.856484356182252,-0.0428242178091126,-2.79372862131021,-0.139686431065511,-2.93030543502326,-4.37320987975589,-1.48740099029062,-2.92882712065359,-4.36444290122722,-1.49321134007996
"Kerguelen","KER3","CAT2-S3-1D",133,152.3,153.4,152.8,-0.346705728655606,-0.0173352864327803,-2.70140964149279,-0.135070482074639,-2.63857841459369,-4.08372137726915,-1.19343545191823,-2.63299516725914,-4.05383563560786,-1.21215469891043
"Kerguelen","KER3","CAT2-S3-1D",134,153.6,154.8,154.2,-0.824298377733867,-0.0412149188866934,-2.65216435115686,-0.132608217557843,-2.91188661735349,-4.35485652406618,-1.4689167106408,-2.91014912914482,-4.34475169834178,-1.47554655994785
"Kerguelen","KER3","CAT2-S3-1D",136,156.4,157.6,157,-0.60629807847093,-0.0303149039235465,-2.80077318801882,-0.140038659400941,-2.78713329439586,-4.23081597059934,-1.34345061819237,-2.78364038419325,-4.21166384778708,-1.35561692059941
"Kerguelen","KER3","CAT2-S3-1D",139,160.4,161.5,160.9,-0.975371999945256,-0.0487685999972628,-3.88377638790206,-0.194188819395103,-2.998340335288,-4.44109174162612,-1.55558892894988,-2.99781934980905,-4.4372703206559,-1.55836837896219
"Kerguelen","KER3","CAT2-S3-1D",141,163,164.1,163.5,-1.12495943939345,-0.0562479719696727,-4.16748681391593,-0.208374340695796,-3.0839435670587,-4.52670093324588,-1.64118620087151,-3.08462711699603,-4.52910931498117,-1.64014491901089
"Kerguelen","KER3","CAT2-S3-1D",142,164.3,165.5,164.9,-1.06350356220171,-0.0531751781100857,-4.02947228824835,-0.201473614412418,-3.04877469380087,-4.49150283717903,-1.60604655042271,-3.04896337745205,-4.49135095855658,-1.60657579634751
"Kerguelen","KER3","CAT2-S3-1E",150,166.5,167.5,167,-0.871490347438504,-0.0435745173719252,-4.06414535223582,-0.203207267611791,-2.938892796049,-4.38177021996783,-1.49601537213016,-2.93753531567443,-4.37362714358887,-1.50144348775999
"Kerguelen","KER3","CAT2-S3-1E",152,169.1,170.2,169.6,-1.93621463732687,-0.0968107318663436,-3.91406502809719,-0.19570325140486,-3.5481942219937,-4.99483195002035,-2.10155649396704,-3.55541030983104,-5.03106723388147,-2.07975338578061
"Kerguelen","KER3","CAT2-S3-1E",156,174.6,175.7,175.1,-0.632860861171238,-0.0316430430585619,-3.82904664119452,-0.191452332059726,-2.80233416989956,-4.24590489284151,-1.3587634469576,-2.79905515340778,-4.22785370457894,-1.37025660223662
"Kerguelen","KER3","CAT2-S3-1E",158,177.2,178.3,177.8,-1.58358921449408,-0.0791794607247042,-3.9576736928672,-0.19788368464336,-3.34640003452485,-4.79055391821349,-1.90224615083621,-3.35077664725617,-4.81208858713948,-1.88946470737286
"Kerguelen","KER3","CAT2-S3-1E",159,178.6,179.6,179.1,-1.36085599721341,-0.0680427998606706,-4.22236760272454,-0.211118380136227,-3.21893824166147,-4.6621544506255,-1.77572203269744,-3.22152132112831,-4.67439792929885,-1.76864471295777
"Kerguelen","KER3","CAT2-S3-1E",163,183.8,184.9,184.3,-0.308593417212943,-0.0154296708606472,-0.924095354094237,-0.0462047677047119,-2.61676818078143,-4.06218139861469,-1.17135496294816,-2.61087803850236,-4.03072414530756,-1.19103193169717
"Kerguelen","KER3","CAT2-S3-1E",165,186.4,187.5,187,-0.513447303309097,-0.0256723651654548,-4.70263552352828,-0.235131776176414,-2.73399830889449,-4.17812701062766,-1.28986960716131,-2.72975772865003,-4.15513013995848,-1.30438531734158
"Kerguelen","KER3","CAT2-S3-1E",168,190.4,191.5,190.9,-0.248845963354782,-0.0124422981677391,-1.39621825700962,-0.069810912850481,-2.5825769735571,-4.0284426011898,-1.13671134592441,-2.57620572187159,-3.99452423879161,-1.15788720495157
"Kerguelen","KER3","CAT2-S3-1E",171,194,195,194.5,-0.383027453057941,-0.019151372652897,-3.31968465259768,-0.165984232629884,-2.65936396319185,-4.10426266562298,-1.21446526076071,-2.65407319230843,-4.07587571455377,-1.23227067006309
"Kerguelen","KER3","CAT2-S3-1E",174,197.7,198.6,198.1,0.296061762042394,0.0148030881021197,-1.33747889697543,-0.0668739448487714,-2.27074689956904,-3.72235177977763,-0.81914201936044,-2.25998784195361,-3.66615431258178,-0.85382137132545
"Kerguelen","KER3","CAT2-S3-1E",177,201.6,202.7,202.1,-2.5466052351535,-0.127330261757675,-2.4130900707643,-0.120654503538215,-3.89749766624779,-5.35131137691254,-2.44368395558305,-3.90962885321087,-5.41289198799858,-2.40636571842315
"Kerguelen","KER3","CAT2-S3-1E",181,207,208.1,207.5,-3.34299415784447,-0.167149707892223,-4.11654800462333,-0.205827400231167,-4.35324091434543,-5.82181532780288,-2.88466650088797,-4.37178493026032,-5.91607699575233,-2.82749286476831
"Marion Island","PB1","PB1_1A",4,5,6.3,5.7,-0.640212197206885,-0.0320106098603443,-4.16736588070513,-0.208368294035257,-2.80654106136588,-4.25008203111635,-1.36300009161541,-2.80332124065046,-4.23233560698572,-1.37430687431521
"Marion Island","PB1","PB1_1A",7,9.8,11.1,10.4,-1.47979593026756,-0.0739897965133782,-4.18093031458192,-0.209046515729096,-3.2870030651091,-4.73065908303451,-1.84334704718369,-3.29054389452008,-4.7478639854404,-1.83322380359976
"Marion Island","PB1","PB1_1A",9,12.6,13.8,13.2,-2.55023925953202,-0.127511962976601,-4.28922131697049,-0.214461065848525,-3.89957728090182,-5.35344455463567,-2.44571000716797,-3.91173773042253,-5.41517545574405,-2.408300005101
"Marion Island","PB1","PB1_1A",14,19.4,20.7,20.1,-1.16856508087144,-0.0584282540435718,-4.13452297799287,-0.206726148899643,-3.10889742580325,-4.55169817268175,-1.66609667892475,-3.10993210508476,-4.5559237722949,-1.66394043787462
"Marion Island","PB1","PB1_1A",16,22.3,23.5,22.9,-1.70972056545752,-0.0854860282728759,-4.02916442011359,-0.20145822100568,-3.41858023434579,-4.86348205595305,-1.97367841273854,-3.42397250507554,-4.89027739227371,-1.95766761787737
"Marion Island","PB1","PB1_1A",17,23.7,24.9,24.3,-0.891832790919158,-0.0445916395459579,-4.14413146491425,-0.207206573245712,-2.9505340067715,-4.39337835428544,-1.50768965925757,-2.94934033155141,-4.3860812105468,-1.51259945255602
"Marion Island","PB1","PB1_1A",22,30.4,31.6,31,-0.529287047018859,-0.0264643523509429,-3.97371430612338,-0.198685715306169,-2.74306279490332,-4.18710939266912,-1.29901619713751,-2.73894976234838,-4.16476800059304,-1.31313152410373
"Marion Island","PB1","PB1_1A",28,38.5,39.8,39.2,-2.49721781314818,-0.124860890657409,-3.89969326225238,-0.194984663112619,-3.86923511326825,-5.32233354334792,-2.41613668318859,-3.88096861377354,-5.38187081483472,-2.38006641271235
"Marion Island","PB1","PB1_1A",32,44,45.3,44.7,-1.49734551522391,-0.0748672757611956,-3.98430343872148,-0.199215171936074,-3.2970460285694,-4.74077876189916,-1.85331329523964,-3.3007281739672,-4.75871576296924,-1.84274058496516
"Marion Island","PB1","PB1_1B",39,46.4,47.6,47,-1.9489049691664,-0.0974452484583199,-3.96798361310727,-0.198399180655364,-3.55545641875108,-5.00220631025145,-2.10870652725072,-3.56277469400604,-5.03897013568586,-2.08657925232622
"Marion Island","PB1","PB1_1B",41,49.3,50.5,49.9,-1.8021215247311,-0.0901060762365552,-3.75197219096196,-0.187598609548098,-3.47145780723366,-4.91700693457013,-2.02590867989719,-3.47759412591526,-4.94765473659993,-2.00753351523059
"Marion Island","PB1","PB1_1B",42,50.6,51.8,51.2,-1.98428943060834,-0.0992144715304168,-3.99495753182339,-0.19974787659117,-3.57570560721951,-5.02277658233322,-2.12863463210579,-3.58330881172488,-5.06101388120387,-2.10560374224589
"Marion Island","PB1","PB1_1B",44,53.3,54.5,53.9,-2.20086043099497,-0.110043021549748,-3.97020648630883,-0.198510324315441,-3.69964099650952,-5.1489441619944,-2.25033783102463,-3.70898811374626,-5.19619002848329,-2.22178619900923
"Marion Island","PB1","PB1_1B",45,54.7,55.8,55.2,-2.1646814666829,-0.108234073334145,-4.03738235264406,-0.201869117632203,-3.67893714410952,-5.12783552847492,-2.23003875974411,-3.68799293445411,-5.17357780562668,-2.20240806328155
"Marion Island","PB1","PB1_1B",46,56,57.7,56.8,-1.92723186739025,-0.0963615933695127,-3.84450154311541,-0.19222507715577,-3.54305372263317,-4.9896130110659,-2.09649443420043,-3.55019747776286,-5.02547414166247,-2.07492081386326
"Marion Island","PB1","PB1_1B",52,64.3,65.4,64.9,-2.18558086510364,-0.109279043255182,-4.02460375675212,-0.201230187837606,-3.69089707907116,-5.14002773435165,-2.24176642379067,-3.70012115938495,-5.18663865707069,-2.21360366169921
"Marion Island","PB1","PB1_1B",54,66.9,68.1,67.5,-2.11903513593529,-0.105951756796765,-3.99723088270641,-0.199861544135321,-3.65281547610795,-5.10122138573103,-2.20440956648488,-3.66150370469595,-5.14506580200393,-2.17794160738797
"Marion Island","PB1","PB1_1B",57,70.8,72,71.4,-1.82260263154986,-0.0911301315774929,-3.97857018165928,-0.198928509082964,-3.48317836973806,-4.92888234163855,-2.03747439783757,-3.4894796101445,-4.96038384188578,-2.01857537840322
"Marion Island","PB1","PB1_1B",62,77.7,78.9,78.3,-2.08890635118645,-0.104445317559323,-4.02429393925475,-0.201214696962738,-3.63557391255597,-5.08366591740445,-2.18748190770749,-3.64401953261739,-5.12625718499649,-2.16178188023828
"Marion Island","PB1","PB1_1B",64,80.4,81.5,81,-2.26413678178966,-0.113206839089483,-4.19167244896631,-0.209583622448316,-3.73585165793044,-5.18589345976572,-2.28580985609517,-3.7457083006048,-5.23576761855353,-2.25564898265607
"Marion Island","PB1","PB1_1B",65,81.7,82.8,82.3,-2.46989867166798,-0.123494933583399,-4.09541648887705,-0.204770824443852,-3.85360140225259,-5.30631430455108,-2.4008884999541,-3.86511491855614,-5.3647206139072,-2.36550922320508
"Marion Island","PB1","PB1_1B",66,83,84.1,83.6,-2.28789042511006,-0.114394521255503,-4.04021710164731,-0.202010855082365,-3.74944496925428,-5.19977412047212,-2.29911581803644,-3.75949288537212,-5.25063442296739,-2.26835134777684
"Marion Island","PB1","PB1_1B",67,84.3,85.4,84.9,-1.82364865492016,-0.0911824327460079,-4.08662142440856,-0.204331071220428,-3.4837769693353,-4.92948896019058,-2.03806497848001,-3.49008663272298,-4.9610340586125,-2.01913920683345
"Marion Island","PB1","PB1_1B",68,85.6,86.6,86.1,-2.25814954669491,-0.112907477334746,-4.21528064413299,-0.210764032206649,-3.73242538982015,-5.18239563054993,-2.28245514909037,-3.74223382098194,-5.2320211819367,-2.25244646002716
"Marion Island","PB1","PB1_1C",77,89.2,90.3,89.7,-2.03126430627229,-0.101563215313615,-4.4105291107503,-0.220526455537515,-3.60258755120955,-5.05010373500669,-2.15507136741241,-3.61056901542458,-5.09029652424474,-2.13084150660441
"Marion Island","PB1","PB1_1C",79,91.8,92.9,92.4,-2.40766547350581,-0.12038327367529,-4.51792320495307,-0.225896160247653,-3.81798769761429,-5.26984935989103,-2.36612603533755,-3.82900008834519,-5.32567762588934,-2.33232255080103
"Marion Island","PB1","PB1_1C",81,94.5,95.6,95.1,-2.17407202300765,-0.108703601150383,-4.54812328499718,-0.227406164249859,-3.68431100419088,-5.13331322561591,-2.23530878276584,-3.69344241089547,-5.17944582807859,-2.20743899371235
"Marion Island","PB1","PB1_1C",84,98.5,99.6,99.1,-3.97406206467612,-0.198703103233806,-4.48534427198505,-0.224267213599253,-4.71437720019157,-6.19887779452352,-3.22987660585963,-4.73800281685227,-6.31856764049503,-3.15743799320951
"Marion Island","PB1","PB1_1C",86,101.2,102.3,101.8,-2.2855032448385,-0.114275162241925,-4.43224550489328,-0.221612275244664,-3.74807887630678,-5.19837890139601,-2.29777885121755,-3.75810756993379,-5.24914011186655,-2.26707502800103
"Marion Island","PB1","PB1_1C",87,102.6,103.7,103.1,-2.75363472734936,-0.137681736367468,-4.48507387144527,-0.224253693572264,-4.01597281141497,-5.47304098508838,-2.55890463774156,-4.02977107922712,-5.54316880966882,-2.51637334878542
"Marion Island","PB1","PB1_1C",88,103.9,105,104.4,-2.89264207081743,-0.144632103540872,-4.54420501060822,-0.227210250530411,-4.09552145456724,-5.55500579904386,-2.63603711009062,-4.1104390628063,-5.63085415535363,-2.59002397025896
