Section,position,Ca,Ca_SD,Ti,Ti_Sd,Mn,Mn_SD,Fe,Fe_SD,Sr,Sr_SD,Zr,Zr_SD,inc,inc_SD,coh,coh_SD,
MI1A,36,60,200,20,300,0,0,4080,800,100,2000,250,700,70300,5000,10100,1000,
MI1A,37,48,80,20,100,0,0,4420,200,100,400,130,800,70000,4000,9960,700,
MI1A,38,70,300,30,200,0,0,4230,800,30,400,300,1000,69400,5000,10000,2000,
MI1A,39,64,20,20,300,0,0,3900,1000,10,200,290,900,68690,700,10020,600,
MI1A,40,60,100,6,80,0,0,3200,1000,5,70,280,500,68300,1000,10300,1000,
MI1A,41,90,200,12,90,0,0,2442,70,80,300,100,1000,68300,4000,10100,1000,
MI1A,42,80,200,10,100,0,0,2590,600,180,300,180,400,70300,1000,10280,200,
MI1A,43,90,200,19,70,3,40,3890,300,60,800,180,300,69400,3000,10350,600,
MI1A,44,90,100,20,100,0,0,6560,500,70,1000,30,200,69000,6000,10100,1000,
MI1A,45,105,60,30,100,0,0,6600,1000,0,0,106,20,67800,2000,9800,2000,
MI1A,46,92,60,30,400,0,0,9800,1000,140,100,90,500,68000,6000,9860,700,
MI1A,47,100,200,60,200,0,0,13690,500,20,300,180,600,67400,4000,9870,300,
MI1A,48,90,300,40,200,0,0,14200,2000,70,900,0,0,66100,3000,9540,100,
MI1A,49,101,30,48,70,0,0,14360,300,90,700,50,700,66000,7000,9740,500,
MI1A,50,97,60,8,100,0,0,17800,4000,80,600,20,300,65940,100,9460,400,
MI1A,51,90,300,59.5,70,0,0,27300,3000,80,300,130,500,65500,6000,9600,5000,
MI1A,52,70,90,20,100,0,0,34300,7000,30,400,160,100,64900,5000,9510,800,
MI1A,53,140,200,32,90,0,0,46200,7000,20,400,90,1000,65600,1000,9580,700,
MI1A,54,76,80,8,30,0,0,46100,1000,60,900,0,0,66100,2000,9705,80,
MI1A,55,90,100,50,100,0,0,43000,2000,90,700,0,0,66700,200,9700,1000,
MI1A,56,90,100,20,100,0,0,34600,2000,20,300,50,700,66500,3000,9330,100,
MI1A,57,86,40,23,10,0,0,15860,400,20,300,60,100,68700,5000,9600,2000,
MI1A,58,90,100,40,300,3,40,14800,2000,200,900,200,2000,69600,2000,10000,1000,
MI1A,59,60,200,30,200,0,0,8700,1000,40,600,0,0,70400,8000,9900,2000,
MI1A,60,80,100,17,30,0,0,5960,200,100,200,60,300,72500,1000,10200,3000,
MI1A,61,90,100,20,200,0,0,9600,1000,40,500,30,400,68600,2000,9600,4000,
MI1A,62,80,100,34,30,0,0,10776,60,50,700,20,300,69300,2000,9800,1000,
MI1A,63,80,40,50,200,0,0,9364,0,110,600,90,300,68920,900,9640,600,
MI1A,64,77,80,40,200,0,0,7720,400,20,100,20,300,67800,3000,9750,100,
MI1A,65,90,300,60,100,0,0,8200,1000,40,600,90,1000,68600,5000,9700,1000,
MI1A,66,66,60,40,500,0,0,8050,200,20,300,0,0,69300,4000,9800,1000,
MI1A,67,92,40,9.5,70,0,0,6730,300,0,0,30,400,70800,1000,9870,300,
MI1A,68,70,100,38,50,0,0,8800,1000,50,700,50,200,71970,400,10220,800,
MI1A,69,70,100,49,60,0,0,10680,600,0,0,6,80,72100,3000,10200,1000,
MI1A,70,80,300,12,50,0,0,8370,300,40,500,40,500,71540,300,10030,500,
MI1A,71,80,100,30,300,0,0,7650,200,30,400,40,500,71300,8000,9900,2000,
MI1A,72,80,300,60,200,0,0,6580,400,100,900,0,0,72100,4000,9900,3000,
MI1B,579,60,30,70,10,0,0,2540,40,70,60,60,80,67970,20,9780,50,
MI1B,580,120,2,68,8,0,0,4200,60,190,60,10,20,69700,400,10000,200,
MI1B,581,120,30,40,10,0,0,3720,30,100,40,100,100,70100,300,9900,100,
MI1B,582,148,2,57,3,0,0,3900,200,174,6,2,3,71100,500,9790,30,
MI1B,583,102,5,80,10,0,0,3390,10,180,70,0,0,71700,100,9800,200,
MI1B,584,116,4,50,6,0,0,3330,60,100,20,60,20,71900,300,10300,200,
MI1B,585,128,3,50,40,0,0,4300,100,200,200,100,200,71700,600,9900,100,
MI1B,586,120,20,70,20,0,0,3690,40,61,3,0,0,72500,400,9890,30,
MI1B,587,110,20,70,20,8,10,3730,30,190,60,0,0,72400,800,10200,200,
MI1B,588,130,50,90,10,0,0,3849,6,200,100,0,0,72800,200,10000,100,
MI1B,589,108,6,60,20,0,0,3230,5,90,60,4,6,71500,200,9800,200,
MI1B,590,118,9,40,30,0,0,2740,20,200,200,0,0,70800,100,9900,100,
MI1B,591,110,20,50,10,0,0,2770,9,200,100,40,60,71300,100,10200,200,
MI1B,592,109,4,50,40,0,0,2440,40,140,20,0,0,73600,100,10220,40,
MI1B,593,120,20,12,3,0,0,2090,40,100,40,6,8,74200,500,10040,90,
MI1B,594,128,0,63,8,4,5,2590,70,150,70,7,10,74600,800,10341.5,7,
MI1B,595,80,10,30,30,0,0,1800,40,100,20,0,0,68200,300,9100,300,
MI1B,596,110,20,80,10,0,0,2880,10,110,50,0,0,72100,80,9900,200,
MI1B,597,130,10,71,1,6,9,2979,3,50,70,0,0,72600,200,9980,50,
MI1B,598,180,40,119,6,0,0,3860,90,100,70,0,0,73400,200,10300,200,
MI1B,599,200,30,100,20,0,0,4410,70,100,200,180,30,74900,900,10509,1,
MI1B,600,224,3,90,40,0,0,3582,6,32,2,50,70,72578,6,10000,100,
MI1B,601,155,1,100,10,0,0,2460,60,100,100,20,30,72000,400,10100,100,
MI1B,602,150,50,80,10,0,0,3180,30,142,6,0,0,71000,700,9900,100,
MI1B,603,151,3,66,4,0,0,2650,20,130,50,0,0,69800,200,9910,70,
MI1B,604,130,30,63,7,4,6,2300,40,46,5,0,0,69000,700,9500,200,
MI1B,605,130,50,74,3,0,0,1910,70,100,100,60,80,68500,600,9800,100,
MI1B,606,88,3,80,20,0,0,2140,30,200,100,100,100,71300,800,9900,100,
MI1B,607,110,4,80,10,0,0,2102,8,70,90,50,70,72600,100,10100,200,
MI1B,608,107,3,55,7,0,0,2334,7,118,2,0,0,73600,900,10000,300,
MI1B,609,136,2,61,1,4,6,2360,90,90,70,30,40,72500,500,10000,200,
MI1B,610,124,2,80,20,0,0,3190,30,80,30,0,0,73200,400,10100,200,
MI1B,611,120,40,70,10,0,0,2700,40,0,0,0,0,74300,200,10290,40,
MI1B,612,130,10,108,4,0,0,2980,60,30,50,0,0,73800,600,10300,200,
MI1B,613,116,4,50,10,9,10,2650,40,200,100,0,0,72700,600,10100,200,
MI1B,614,172,3,120,20,0,0,3070,2,80,100,30,40,73000,800,9900,200,
MI1B,615,140,20,62,6,3,4,2840,90,70,100,100,200,73930,70,10490,90,
MI1B,616,152,7,70,3,0,0,3225.5,7,60,50,0,0,75000,200,10432,9,
MI1B,617,270,10,110,20,0,0,3960,30,30,50,20,30,75500,200,10500,200,
MI1B,618,180,10,110,20,0,0,3070,40,30,40,10,20,72800,500,9850,40,
MI1B,619,180,30,124.5,7,10,10,3650,70,70,6,40,50,74890,90,10300,200,
MI1C,1124,97,7,60,10,0,0,1130,30,30,30,400,200,70700,500,10000,100,
MI1C,1125,100,10,70,10,0,0,1440,40,20,20,432,6,72700,500,10500,200,
MI1C,1126,92,2,101,8,4,5,1770,10,100,70,310,90,73000,800,10700,300,
MI1C,1127,120,10,70,10,0,0,2070,10,70,60,400,100,73740,70,10500,100,
MI1C,1128,123,6,50,20,0,0,2010,30,30,40,300,100,74090,90,10580,50,
MI1C,1129,121,4,80,2,4,6,2000,40,90,100,400,100,74200,600,10630,30,
MI1C,1130,120,30,100,10,4,5,1960,40,70,90,300,100,74100,400,10600,300,
MI1C,1131,107,6,80,20,0,0,1670,30,60,20,230,10,74700,400,10676,2,
MI1C,1132,90,20,90,30,0,0,1950,60,70,90,100,100,75000,400,10600,300,
MI1C,1133,110,20,80,30,3,4,2220,10,40,60,200,200,74200,600,10600,100,
MI1C,1134,120,20,80,60,0,0,2390,30,40,50,200,200,74700,200,10600,200,
MI1C,1135,103,4,80,20,20,20,2100,50,50,60,300,200,74630,80,10600,200,
MI1C,1136,99,4,70,30,0,0,1770,60,0,0,237,1,74400,700,10600,200,
MI1C,1137,105,8,100,20,0,0,1920,20,10,20,100,200,75200,300,10700,100,
MI1C,1138,110,30,70,40,0,0,1740,60,0,0,166,1,74000,10,10200,100,
MI1C,1139,91,1,66,8,6,9,1680,40,30,40,170,10,73300,300,10400,200,
MI1C,1140,112,0,50,10,6,8,1960,20,0,0,110,70,75100,400,10400,200,
MI1C,1141,100.5,7,70,50,12,3,1980,30,70,10,180,40,74200,200,10510,40,
MI1C,1142,100,10,100,30,0,0,2070,60,20,10,178,2,75100,800,10340,60,
MI1C,1143,70,20,80,40,6,8,2012,6,100,200,200,200,73900,900,10360,90,
MI1C,1144,90,30,90,20,0,0,2020,10,110,70,90,100,74000,300,10300,200,
MI1C,1145,110,20,120,10,0,0,2050,20,80,60,70,70,74200,200,10400,100,
MI1C,1146,160,20,149,4,0,0,2720,40,60,20,220,90,73600,600,10420,80,
MI1C,1147,140,30,100,20,5,7,2720,40,70,90,210,10,74300,500,10400,300,
MI1C,1148,120,10,85,6,0,0,2430,20,90,100,70,10,73600,800,10200,400,
MI1C,1149,108,2,80,20,2,4,2520,80,50,70,140,30,73700,500,10200,100,
MI1C,1150,100,20,90,3,8,10,2450,30,80,100,0,0,73300,300,10300,100,
MI1C,1151,92,2,110,50,0,0,3690,20,60,80,170,40,72000,400,10318,2,
MI1C,1152,80,10,100,4,0,0,15400,100,0,0,0,0,71800,100,9974,5,
MI1C,1153,100,2,100,20,0,0,3190,60,40,60,200,100,73100,300,10200,200,
MI1C,1154,90,50,60,10,2,4,2950,10,0,0,100,200,73800,600,10310,80,
MI1C,1155,80,30,80,40,0,0,2700,20,20,30,140,30,74500,300,10400,200,
MI1C,1156,114,6,88,9,0,0,2710,70,90,50,30,50,74500,400,10400,400,
MI1C,1157,90,20,70,40,0,0,2560,20,100,100,30,40,74700,900,10210,80,
MI1C,1158,100,10,110,20,0,0,3000,100,50,80,50,80,73800,600,10300,100,
MI1C,1159,88,4,110,10,0,0,2481,3,120,60,0,0,72250,20,10070,60,
MI1C,1160,110,10,124,4,0,0,2650,10,30,40,70,20,72500,400,10100,100,
MI1C,1161,83,7,70,10,0,0,2260,20,60,40,0,0,73200,800,10300,200,
MI1C,1162,60,20,90,8,0,0,2270,30,58,5,200,200,74000,1000,10400,200,
MI1C,1163,90,10,60,50,0,0,2300,40,30,40,4,5,74200,400,10300,100,
MI1C,1164,90,10,100,30,0,0,2580,40,60,80,0,0,74300,400,10440,80,
MI1C,1165,83,6,84,4,0,0,2600,20,0,0,0,0,74500,700,10300,70,
MI1C,1166,94,3,70,10,0,0,2600,30,20,20,0,0,74400,600,10200,100,
MI1C,1167,80,20,86,7,0,0,2470,40,32,8,30,40,73550,60,9900,300,
MI1C,1168,80,20,100,2,0,0,2800,20,0,0,30,30,73500,200,10220,30,
MI1C,1169,80.5,7,113,1,10,10,2220,20,18,1,100,100,73200,800,10140,20,
MI1D,23,110,30,130,40,0,0,3600,100,200,100,110,10,62000,200,9010,60,
MI1D,24,120,10,160,40,3,4,4280,40,200,10,50,70,64400,400,9400,100,
MI1D,25,120,5,120,30,0,0,3300,60,70,60,0,0,66200,300,9430,50,
MI1D,26,100,20,130,10,20,10,3080,20,130,40,81.5,7,67800,400,9600,100,
MI1D,27,80,10,120,20,0,0,2970,20,40,60,40,60,69100,200,9936,5,
MI1D,28,100,10,210,10,0,0,3614,5,20,20,0,0,68500,300,9900,200,
MI1D,29,100,20,180,30,0,0,3490,40,9,10,140,90,70300,400,9800,100,
MI1D,30,81.5,7,130,10,12,8,3630,50,100,100,50,70,70700,200,9870,50,
MI1D,31,100,20,180,20,0,0,3720,50,80,80,20,30,70800,800,9870,70,
MI1D,32,120,30,140,10,0,0,3660,30,40,50,30,40,71600,200,10100,300,
MI1D,33,124.5,7,130,40,6,8,3970,10,30,50,40,60,71980,70,10100,100,
MI1D,34,110,10,210,10,0,0,4010,80,6,8,10,10,72700,400,9900,100,
MI1D,35,90,1,180,10,6,9,4190,50,30,40,0,0,71600,300,10000,200,
MI1D,36,84,5,150,30,0,0,3420,30,30,30,20,20,71600,300,10000,200,
MI1D,37,96,2,130,10,7,10,3100,50,70,80,40,50,72860,60,10300,400,
MI1D,38,80,10,106,4,4,6,3410,40,80,100,0,0,73220,90,10200,200,
MI1D,39,90,20,158,6,0,0,3370,70,30,40,0,0,72980,90,10100,100,
MI1D,40,90,30,130,30,0,0,2930,9,0,0,8.5,7,72700,600,10000,10,
MI1D,41,86,3,126,8,0,0,2740,80,100,30,100,100,73600,400,10360,70,
MI1D,42,120,20,130,10,2,4,2900,20,40,50,3,4,73200,30,10190,70,
MI1D,43,110,10,120,30,18.5,7,2820,70,70,20,32,2,73700,500,10570,20,
MI1D,44,95,3,98,7,4,6,2900,100,0,0,60,90,74200,300,10400,100,
MI1D,45,94,8,100,10,6,9,2600,100,20,20,110,80,73170,10,10200,300,
MI1D,46,106,8,100,60,0,0,2930,50,40,60,40,60,72900,700,9960,70,
MI1D,47,100,20,108,5,0,0,3010,30,8,10,100,100,74100,500,10400,200,
MI1D,48,87,4,110,10,0,0,2882,5,20,20,60,80,74310,20,10400,200,
MI1D,49,100,10,90,30,0,0,2730,30,20,30,10,20,74500,900,10500,400,
MI1D,50,98,4,90,30,0,0,3230,60,6,8,0,0,74500,500,10400,200,
MI1D,51,150,20,97,6,0,0,3740,10,120,80,120,20,73700,700,10000,100,
MI1D,52,110,10,117,3,0,0,3900,100,60,90,120,20,74900,200,10580,60,
MI1D,53,121,8,90,10,0,0,3240,20,50,60,100,200,74460,70,10400,300,
MI1E,572,92,5,50,30,0,0,2060,50,50,70,40,60,64000,200,9000,200,
MI1E,573,110,30,46,4,0,0,2970,80,0,0,200,300,66500,400,9500,100,
MI1E,574,110,20,90,10,0,0,3168,4,40,50,140,20,67800,500,9500,200,
MI1E,575,88,5,60,40,0,0,2810,40,19,1,90,100,66100,300,9200,200,
MI1E,576,82,6,40,20,0,0,2080,70,50,70,60,60,67000,500,9600,200,
MI1E,577,90,30,46,6,8,10,2540,70,0,0,60,80,68000,400,9440,90,
MI1E,578,110,20,40,5,6,8,2490,90,0,0,50,50,69000,100,9700,100,
MI1E,579,84,2,60,30,4,5,2618,6,120,50,60,80,70000,500,9900,200,
MI1E,580,100,5,61,1,0,0,2690,50,140,20,0,0,70300,200,9600,300,
MI1E,581,90,10,62,1,0,0,2970,70,90,100,8,10,70800,400,10000,500,
MI1E,582,90,20,60,10,0,0,3240,60,90,50,7,10,70700,200,10100,200,
MI1E,583,130,40,72,6,0,0,3330,80,200,200,30,30,72500,600,10200,100,
MI1E,584,130,20,80,20,0,0,3100,100,150,10,40,60,72910,90,10100,70,
MI1E,585,106,8,90,30,0,0,3600,100,0,0,70,100,73100,400,10400,100,
MI1E,586,114,2,52,8,0,0,3300,70,50,70,0,0,73100,800,10200,200,
MI1E,587,132,4,70,30,20,20,3050,6,100,100,10,10,72900,200,10070,70,
MI1E,588,80,10,60,10,0,0,2996,6,0,0,0,0,73500,400,10450,40,
MI1E,589,90,5,80,10,0,0,3270,70,60,80,100,5,72400,600,10100,600,
MI1E,590,120,20,80,40,0,0,3250,80,4,6,0,0,73300,400,10200,200,
MI1E,591,130,20,70,30,0,0,3312,8,80,30,0,0,73490,70,10110,30,
MI1E,592,120,20,69,8,0,0,3350,40,100,30,100,200,72200,300,10200,200,
MI1E,593,110,40,60,6,0,0,2940,70,40,50,20,30,72700,700,10144,4,
MI1E,594,94,6,42,2,8,10,2830,40,30,30,6,8,74300,200,10300,200,
MI1E,595,112,1,70,20,0,0,3920,50,70,80,70,90,73200,400,10200,200,
MI1E,596,130,10,58,7,0,0,3520,50,90,50,10,20,73600,300,10100,200,
MI1E,597,120,1,60,20,0,0,3634,4,70,30,30,40,74000,300,10200,50,
MI1E,598,110,20,60,10,2,4,3720,70,70,20,8,10,74300,400,10300,60,
MI1E,599,100,40,56,4,0,0,3570,10,30,40,50,70,74100,200,10200,300,
MI1E,600,90,40,70,9,0,0,3170,70,40,50,0,0,72740,60,10000,200,
MI1E,601,120,20,60,10,0,0,3470,40,30,50,30,50,72600,100,9960,6,
MI1E,602,77.5,7,53,7,0,0,2982,8,140,90,90,70,72500,100,10300,300,
MI1E,603,80,20,50,9,0,0,2930,60,50,60,100,200,73800,500,10400,300,
MI1E,604,120,20,20,10,0,0,3280,30,100,100,120,30,73800,400,10398,5,
MI1E,605,94.5,7,34,8,0,0,3330,40,40,40,130,90,73600,200,10400,100,
MI1E,606,103,8,52,4,0,0,3300,100,8,10,100,200,74380,50,10580,70,
MI1E,607,120,10,40,20,4,5,2960,30,5,7,130,30,74000,200,10300,300,
MI1E,608,127,3,49,8,0,0,2740,40,0,0,90,70,74100,900,10330,80,
MI1E,609,80,20,31,0,0,0,2940,20,50,70,40,20,73600,200,10400,100,
MI1E,610,120,10,43.5,7,0,0,3440,30,0,0,200,100,74000,800,10500,300,
MI1E,611,110.5,7,60,20,10,10,3200,20,70,60,100,100,74100,400,10200,400,
MI1E,612,120,20,70,20,0,0,3600,100,100,100,200,100,75000,1000,10400,100,
MI1E,613,110,10,58,2,0,0,4000,100,60,30,80,100,75000,500,10500,100,
MI1E,614,110,10,60,30,0,0,3940,40,80,70,70,90,74900,200,10580,10,
MI1F,1121,70,20,31.5,7,7,10,540,20,0,0,0,0,54190,30,7740,40,
MI1F,1122,86,5,72,8,4,6,1320,60,60,80,180,20,63600,400,9400,100,
MI1F,1123,122,6,106,2,0,0,1680,10,40,50,50,60,68224,8,9800,300,
MI1F,1124,110,50,104,6,10,20,1710,30,100,100,140,40,67800,700,9600,200,
MI1F,1125,90,30,90,20,0,0,1670,30,0,0,50,70,69845,8,9900,200,
MI1F,1126,104,7,120,30,0,0,2240,50,5,7,6,8,69800,200,9990,30,
MI1F,1127,98,8,90,40,0,0,2070,30,4,5,0,0,70400,200,9870,50,
MI1F,1128,102.5,7,101,7,0,0,2670,50,10,20,10,10,70600,500,10170,30,
MI1F,1129,116,4,86,5,7,10,2815,4,8,10,100,100,70800,400,10200,100,
MI1F,1130,100,20,180,40,0,0,3600,60,0,0,50,60,71500,200,10200,200,
MI1F,1131,120,50,230,9,8,4,5000,100,40,50,60,90,72400,200,10300,300,
MI1F,1132,110,10,264,2,10,10,4940,50,100,100,87,6,71700,200,10300,200,
MI1F,1133,130,20,255,6,0,0,5300,100,50,50,6,8,71300,100,9980,30,
MI1F,1134,102,8,250,6,0,0,5490,30,50,40,60,80,71800,200,9900,10,
MI1F,1135,80,10,190,30,10,20,5480,20,90,70,40,60,71700,600,10100,200,
MI1F,1136,100,10,190,10,0,0,5440,30,140,80,40,60,71300,700,9970,60,
MI1F,1137,90,20,180,10,0,0,4930,20,10,10,110,60,71700,400,9958,2,
MI1F,1138,100,20,230,40,0,0,4500,50,51,7,80,100,72300,500,10120,30,
MI1F,1139,120,20,162,4,2,4,3874,8,60,20,100,60,72400,100,10300,100,
MI1F,1140,90,20,150,20,0,0,3900,100,70,60,70,100,72000,900,9900,300,
MI1F,1141,100,20,160,10,0,0,3860,40,114,8,110,30,72350,50,9990,30,
MI1F,1142,90,10,218,7,0,0,4105,7,30,40,0,0,71900,300,9900,100,
MI1F,1143,105,7,190,20,0,0,4280,30,70,10,100,200,72200,600,10300,300,
MI1F,1144,90,50,160,30,4,5,4150,40,50,70,100,100,70700,400,10030,6,
MI1F,1145,130,10,169,4,9,10,4420,20,30,30,208,3,70200,500,10200,300,
MI1F,1146,112,8,170,20,0,0,4440,10,60,80,50,70,69700,400,10200,200,
MI1F,1147,112,6,128.5,7,0,0,4300,60,100,100,200,100,68400,500,9820,50,
MI1F,1148,102,2,180,30,3,4,4250,30,100,100,160,50,66900,100,9900,200,
MI1F,1149,130,10,140,20,3,4,3250,50,200,50,200,200,64100,600,9499,4,
MI1F,1150,130,10,220,50,0,0,3430,30,330,30,220,70,63800,700,9700,100,
MI1F,1151,114.5,7,240,30,6,9,3450,40,240,30,250,20,61000,200,9280,90,
MI1F,1152,130,30,260,20,0,0,3900,100,480,20,400,100,60700,300,9500,300,
MI1F,1153,100,20,470,50,0,0,4440,80,400,200,490,80,59800,800,9300,300,
MI1F,1154,130,10,400,30,4,6,4780,30,530,90,450,10,57600,300,9300,300,
MI1F,1155,150,10,600,30,2,4,5760,10,620,10,600,100,57450,30,9200,500,
MI1F,1156,230,40,1320,20,0,0,9290,70,680,30,642,9,56200,700,9200,100,
MI1F,1157,320,20,2050,30,0,0,11700,100,810,20,600,100,56100,400,9200,200,
MI1F,1158,232,5,1698,6,0,0,11530,50,649,3,620,40,56200,100,8900,200,
MI1F,1159,240,70,1880,40,10,20,10660,50,510,60,600,100,55900,300,9010,50,
MI1F,1160,300,50,1600,40,7,10,10270,90,540,70,700,100,55700,300,9140,20,
MI1F,1161,330,20,1890,60,0,0,13100,200,590,70,700,100,55300,100,9300,200,
MI1F,1162,260,20,1900,50,0,0,13230,70,712,5,709,1,54600,200,9259,1,
MI1F,1163,361,6,2080,10,24,8,14380,90,700,100,690,30,54300,700,9180,70,
MI1F,1164,230,20,1690,60,10,20,12860,20,700,100,610,40,54020,4,8900,70,
MI1F,1165,340,9,2034,1,6,8,14040,20,780,50,682,9,52800,200,8950,70,
MI1F,1166,340,6,2280,70,0,0,16910,60,830,60,640,9,52200,500,9000,200,
MI1F,1167,350,20,1940,20,7,0,14040,40,900,100,750,30,52460,60,8750,70,
MI1F,1168,372,1,1900,100,20,30,15000,200,950,50,700,20,52100,500,8900,100,
MI1H,21,68,7,150,30,8,10,2200,20,10,20,150,70,57600,300,8500,400,
MI1H,22,90,10,250,10,4,6,3570,80,100,100,100,200,65200,300,9300,300,
MI1H,23,101,3,270,20,4,5,4810,80,0,0,20,20,68200,500,9680,50,
MI1H,24,100,9,186,9,0,0,4761,1,150,90,50,30,69500,500,10000,300,
MI1H,25,150,20,170,20,0,0,6100,200,150,60,70,70,70650,50,10100,200,
MI1H,26,106,5,250,10,2,4,6100,100,120,60,88,9,70200,500,9900,200,
MI1H,27,106.5,7,298,4,0,0,6220,10,40,50,0,0,71400,200,10200,200,
MI1H,28,130,20,310,7,0,0,6600,100,120,20,80,100,71800,400,10120,80,
MI1H,29,170,20,560,50,7,10,8170,20,0,0,180,30,71500,800,10350,10,
MI1H,30,258,2,1240,30,0,0,10590,30,80,100,30,50,70500,400,9900,200,
MI1H,31,260,30,1840,30,9,10,11700,300,140,90,100,200,70600,300,10180,40,
MI1H,32,400,20,2010,40,10,10,12110,30,180,30,140,10,71100,200,9960,60,
MI1H,33,297,8,2270,10,8,10,12200,20,150,70,300,100,70200,400,10000,300,
MI1H,34,350,2,2530,40,0,0,13430,30,88,8,100,100,70200,400,10300,100,
MI1H,35,360,50,2600,200,7,10,14600,200,100,100,270,60,70500,400,10200,200,
MI1H,36,320,20,2300,200,0,0,14720,90,170,50,10,20,70880,90,10270,60,
MI1H,37,342,5,2233,6,8,10,11880,30,80,50,20,30,70600,400,10100,100,
MI1H,38,260,10,2000,40,6,8,11430,90,100,200,90,100,71800,200,10100,100,
MI1H,39,250,10,1570,50,7,10,11200,300,80,40,20,30,72200,200,10170,50,
MI1H,40,360,20,1600,100,11,0,12100,300,110,50,70,100,72500,400,10220,40,
MI1H,41,430,60,1470,40,14,6,13300,200,130,30,110,30,72500,700,10030,60,
MI1H,42,150,40,650,50,6,9,8740,10,100,40,207,7,72600,100,10100,100,
MI1H,43,151.5,7,540,10,0,0,8610,70,130,40,200,200,72400,300,10200,100,
MI1H,44,120,20,500,10,2,3,8700,200,70,100,80,100,73560,90,10220,80,
MI1H,45,160,20,640,30,0,0,8940,40,80,100,0,0,72600,600,10150,90,
MI1H,46,230,30,860,20,4,6,10210,20,30,30,230,20,72400,700,10400,200,
MI1H,47,170,10,800,80,0,0,9940,70,40,50,150,80,71900,800,10370,20,
MI1H,48,182,4,940,10,4,5,10963,3,190,10,0,0,71200,300,10000,100,
MI1H,49,210,40,1190,90,20,30,11150,30,210,40,9,10,71500,300,10300,300,
MI1H,50,156,4,950,30,0,0,10390,50,140,70,0,0,71300,200,9900,100,
MI1H,51,180,10,876,7,0,0,10750,80,228.5,7,50,10,71400,400,10000,100,
MI1H,52,220,10,920,10,20,9,11030,20,180,60,100,100,72030,20,10200,30,
MI1H,53,170,20,700,50,0,0,9300,200,120,10,23,7,71000,600,9900,300,
MI1H,54,215,3,740,40,0,0,10230,20,100,50,40,50,70700,300,9900,500,
MI1H,55,140,20,715,7,0,0,9780,70,200,200,0,0,70900,200,10000,300,
MI1H,56,183,7,790,30,2,4,11600,40,100,100,30,40,70900,100,9840,90,
MI1H,57,158,7,656,5,0,0,12000,100,123,1,0,0,71100,400,10000,300,
MI1H,58,130,10,540,60,5,7,10920,80,80,50,0,0,71400,200,10080,50,
MI1H,59,150,8,800,30,0,0,11750,60,200,100,200,100,71690,30,10210,40,
MI1H,60,150,30,620,20,20,30,12000,100,100,100,100,200,71000,200,10100,100,
MI1H,61,130,20,450,30,0,0,9760,70,150,60,20,30,70540,10,10100,200,
MI1H,62,163,7,660,70,5,7,11200,30,100,100,170,20,71200,300,10100,100,
MI1H,63,140,30,690,30,0,0,10870,20,90,100,190,40,70800,300,9900,200,
MI1H,64,140,30,631,8,0,0,10490,20,0,0,210,20,71000,300,10100,200,
MI1H,65,178,8,680,10,2,3,10440,70,150,20,70,100,70220,20,9800,300,
MI1H,66,130,10,480,30,0,0,9500,200,180,70,90,100,71000,1000,10030,30,
MI1I,574,140,20,440,10,10,10,3482,8,100,200,186,6,57100,800,8400,100,
MI1I,575,100,10,710,20,20,20,4700,100,290,90,260,40,57380,90,8700,300,
MI1I,576,160,10,840,40,9,0,5390,70,400,100,170,30,59000,400,8560,10,
MI1I,577,108,4,1006,9,5,7,6080,10,254,5,300,100,59000,1000,8830,80,
MI1I,578,166,7,1024,1,20,10,6000,100,180,90,270,20,61100,800,8900,200,
MI1I,579,160,10,1140,10,6,8,7100,100,310,30,180,3,62400,700,9260,90,
MI1I,580,150,20,765,6,0,0,7060,60,420,50,100,100,62400,900,9140,80,
MI1I,581,140,20,740,70,7,10,6800,100,300,40,300,10,65000,1000,9390,40,
MI1I,582,160,20,660,20,10,10,5350,60,340,30,48,6,65200,600,9200,400,
MI1I,583,210,6,890,20,8,10,7100,100,300,200,110,30,65700,100,9800,400,
MI1I,584,161,8,970,30,0,0,8440,30,360,60,210,40,64800,200,9400,200,
MI1I,585,140,10,820,80,0,0,6550,80,300,200,190,40,64870,10,9600,200,
MI1I,586,215,6,730,30,4,5,8380,20,230,20,300,100,64900,400,9500,100,
MI1I,587,137,0,770,40,0,0,7370,30,240,10,270,50,66100,400,9700,200,
MI1I,588,160,10,890,50,6,8,7960,40,300,200,150,10,65850,80,9530,20,
MI1I,589,210,6,1050,10,2,4,9620,60,240,70,20,30,66600,200,9800,200,
MI1I,590,180,10,987,7,0,0,9680,30,287,6,100,100,66100,400,9400,200,
MI1I,591,190,10,930,70,0,0,9220,50,300,50,200,200,66200,400,9600,200,
MI1I,592,200,10,1130,70,2,4,9600,100,300,70,170,20,66200,700,9600,300,
MI1I,593,240,20,1370,30,20,30,10720,40,300,100,200,100,65600,100,9700,80,
MI1I,594,220,40,1350,50,7,10,10000,30,311,1,270,70,65600,600,9600,200,
MI1I,595,220,10,1260,30,0,0,10290,80,300,100,140,90,66700,200,9840,90,
MI1I,596,210,30,1370,40,0,0,9860,30,400,50,90,100,67200,300,9700,100,
MI1I,597,180,10,1280,20,0,0,10050,70,150,40,20,30,66520,60,9600,400,
MI1I,598,260,40,1340,60,10,20,10590,30,300,200,120,30,67300,700,9700,100,
MI1I,599,190,10,1070,30,14,9,8520,60,150,50,30,40,66800,300,9690,40,
MI1I,600,260,10,1090,30,2,4,8298,6,180,40,20,30,66900,500,9600,200,
MI1I,601,210,10,1090,80,0,0,8200,100,200,100,190,50,66700,700,9700,500,
MI1I,602,190,20,980,30,0,0,8100,20,300,100,60,60,66500,200,9600,400,
MI1I,603,190,20,1127,1,6,8,8600,50,220,10,30,40,66800,300,9500,200,
MI1I,604,216,8,1160,20,0,0,9600,100,300,200,90,100,67300,200,9700,400,
MI1I,605,180,30,940,50,6,8,8630,60,200,100,80,100,67420,60,9700,300,
MI1I,606,140,10,890,30,18,2,8220,50,260,20,80,100,68000,1000,9870,40,
MI1I,607,130,30,670,20,0,0,6520,40,90,40,100,200,67500,500,9670,90,
MI1I,608,150,20,630,50,0,0,6120,60,110,9,70,100,68600,400,9510,30,
MI1I,609,140,20,676,0,0,0,6370,20,300,100,66,4,69300,40,9930,70,
MI1I,610,180,20,765,1,0,0,7056,8,130,90,60,9,70000,20,9700,300,
MI1I,611,204,4,870,20,10,20,8100,80,220,50,80,40,68900,500,9800,100,
MI1I,612,129,3,781,8,0,0,7910,10,200,100,140,70,69050,90,9700,100,
MI1J,1124,260,10,1230,40,0,0,4730,80,436,7,390,60,55400,500,8500,200,
MI1J,1125,220,20,990,10,0,0,5300,80,480,50,400,200,56700,100,8720,60,
MI1J,1126,330,50,1646,2,8,10,6700,100,600,300,340,40,58829,6,9100,100,
MI1J,1127,490,20,2410,90,10,20,9000,100,580,30,310,40,64800,500,9900,400,
MI1J,1128,340,30,1640,40,6,8,5520,30,400,100,200,300,67100,200,9900,100,
MI1J,1129,290,30,1170,50,7,10,4200,40,300,10,240,50,67600,200,10000,400,
MI1J,1130,284,9,1330,20,2,4,5010,6,310,20,470,90,68100,300,10020,80,
MI1J,1131,200,20,1150,20,3,4,4580,50,190,30,271,1,68700,900,10000,200,
MI1J,1132,185.5,7,1000,60,0,0,3970,80,202,8,190,30,69380,40,10300,200,
MI1J,1133,160,10,1140.5,7,8,10,3650,70,300,100,200,80,68700,300,9920,60,
MI1J,1134,200,20,900,20,10,10,2970,60,100,100,300,100,68400,700,9800,100,
MI1J,1135,194,1,830,30,10,7,3130,50,100,100,300,10,70100,500,10010,90,
MI1J,1136,184,4,970,40,0,0,3600,50,250,20,190,80,70500,300,10100,200,
MI1J,1137,174,9,1030,30,0,0,5050,90,220,40,300,100,69000,800,10000,300,
MI1J,1138,230,10,1210,40,0,0,5300,200,300,100,250,70,69000,600,9870,20,
MI1J,1139,160,10,1190,20,2,3,5300,200,300,100,300,100,68200,900,10100,100,
MI1J,1140,210,10,1195,4,0,0,5160,90,310,60,200,300,68800,500,9960,70,
MI1J,1141,293,8,1250,20,4,6,6300,100,240,30,240,70,67400,300,9900,200,
MI1J,1142,280,20,1403,4,9,10,6800,100,360,90,220,10,65900,100,9510,60,
MI1J,1143,360,60,1676,2,16,3,7830,30,430,20,300,100,60200,200,8900,200,
MI1J,1144,560,40,1680,40,2,3,7830,50,320,20,400,100,54700,600,8330,90,
MI1J,1147,694,0,2580,30,33,7,11580,40,900,50,750,60,45480,80,7780,60,
MI1J,1148,714,8,2440,10,10,20,9740,30,830,80,740,40,41900,600,7500,200,
MI1J,1149,310,40,2240,20,4,5,8940,60,1214,4,800,30,41980,90,7510,80,
MI1J,1150,558,5,3080,20,20,10,14880,20,1270,20,860,50,40500,200,7786,4,
MI1J,1151,1000,3,4700,200,20,9,16850,60,1460,80,1000,100,38940,90,7880,70,
MI1J,1152,849,4,5390,70,20,10,19600,200,1600,30,960,30,38700,800,7600,200,
MI1J,1153,990,10,5510,30,30,20,22400,200,1470,50,1000,70,39300,400,7700,70,
MI1J,1154,1190,40,6470,60,34,8,24200,200,1570,40,900,20,38700,500,7610,30,
MI1J,1155,1600,100,7000,100,30,30,23700,80,1900,200,980,90,39090,90,7800,200,
MI1J,1156,1780,20,8400,100,50,30,28700,200,1710,10,930,40,36900,200,7700,200,
MI1J,1157,1940,80,9800,100,41,4,31300,300,1980,70,1030,60,37000,300,7840,4,
MI1J,1158,1688,2,9400,100,30,20,30410,30,1640,80,890,80,36500,500,7600,100,
MI1J,1159,1945.5,7,9160,20,40,10,28900,100,2070,30,900,200,34900,200,7200,200,
MI1J,1160,2290,20,9800,300,60,9,28880,70,2080,40,844,8,32350,80,7070,10,
MI1J,1161,2680,20,8760,50,102,2,29240,20,2200,100,990,40,29100,300,6900,100,
MI1J,1162,2510,30,7360,50,70,10,24200,200,2340,40,900,100,26224,9,6600,100,
MI1J,1163,3143,7,8700,100,167.5,7,30210,4,2390,40,1020,60,25300,200,6400,100,
MI1J,1164,2400,20,7100,200,120,10,25220,20,2300,100,940,70,26300,200,6400,100,
MI1J,1165,2900,100,8290,90,110,6,32200,500,2440,10,960,40,27000,100,6700,200,
MI1J,1166,2950,10,8100,100,140,20,33181,8,2580,80,980,60,29000,600,7200,100,
MI1J,1167,2600,100,7810,10,100,30,29600,200,2400,100,860,30,30900,300,7180,30,
MI1J,1168,2010,40,7410,80,80,30,23800,200,2150,20,860,40,32200,700,7200,200,
,Mean cps,238,,812,,6,,7156,,239,,173,,67574,,9776,,
,Mean cps +/- SD,439,,1704,,18,,7148,,447,,236,,9592,,763,,Sample population = 2
,Mean cps +/- SE,310,,1205,,12.6,,5054,,316,,167,,6782,,539,,Sample population = 2
,Mean cps +/- %SE,131,,148,,207,,70.6,,132,,96.6,,10.04,,5.52,,Sample population = 2
,Mean SD,,28,,39,,4,,174,,99,,96,,651,,249,Sample population = 374
,Mean SE,,1.4,,2.0,,0.2,,9.0,,5.1,,5.0,,33.6,,12.9,Sample population = 374
,Mean % SD err,,11.8,,4.8,,64.7,,2.4,,41.6,,55.5,,0.96,,2.54,Sample population = 374
,Mean %SE,,0.6,,0.2,,3.3,,0.1,,2.2,,2.9,,0.05,,0.13,Sample population = 374
,Min,48,0,6,0,0,0,540,0,0,0,0,0,25300,4,6400,1,
,Max,3143,300,9800,500,167.5,40,46200,7000,2580,2000,1030,2000,75500,8000,10700,5000,
,n (repeats),2,2,2,2,2,2,2,2,2,2,2,2,2,2,2,2,
,n (measurements),374,374,374,374,374,374,374,374,374,374,374,374,374,374,374,374,