"Location","Site","Section","sample","min_depth","max_depth","midpoint","Fe","Fe_sd","Fe_ICP","Fe_ICP_sd","Fe_fit_OLS","Fe_lwr_OLS","Fe_upr_OLS","Fe_fit_WLS","Fe_lwr_WLS","Fe_upr_WLS"
"Bird Island","BI10","BI10.1",1,0,1.1,0.6,5450.54545454545,835.921929804018,13959.03161,2512.62569,11529.0298674237,-21111.8856021432,44169.9453369906,12182.9331055095,-4409.2734751277,28775.1396861468
"Bird Island","BI10","BI10.1",4,3.9,5,4.5,5083.58333333333,710.068557296129,9355.988249,1684.077885,10826.1477102533,-21816.4675067188,43468.7629272254,11505.942946936,-4279.65954382582,27291.5454376978
"Bird Island","BI10","BI10.1",10,11.7,12.8,12.3,1170,185.344887366033,3942.206507,709.5971713,3330.03915683292,-29337.8338613274,35997.9121749932,4285.96778254436,-2943.04574058896,11514.9813056777
"Bird Island","BI10","BI10.1",22,26.7,27.8,27.2,1496.25,127.306448454828,4568.280308,822.2904554,3954.9409941653,-28710.3286793346,36620.2106676652,4887.85017439738,-3047.79941956313,12823.4997683579
"Bird Island","BI10","BI10.1",30,36.3,37.2,36.7,7994.7,1003.56288071827,18556.10587,3340.099057,16402.1236602577,-16230.1630518858,49034.4103724012,16876.5172375001,-5314.45032342387,39067.484798424
"Bird Island","BI10","BI10.1",34,40.9,41.9,41.4,10621.2727272727,985.478979066432,34440.81517,6199.346731,21433.0818921653,-11196.085980108,54062.2497644385,21722.1505722642,-6255.73959142079,49700.0407359492
"Bird Island","BI10","BI10.2",51,45.9,46.9,46.4,8172.09090909091,673.613161175679,26327.35852,4738.924534,16741.8996143327,-15889.9912226921,49373.7904513575,17203.7768992828,-5377.86265489471,39785.4164534603
"Bird Island","BI10","BI10.2",54,49.3,50.3,49.8,4413.27272727273,708.461020933275,20544.92897,3698.087215,9542.22945949268,-23103.7867047579,42188.2456237432,10269.320262307,-4043.85539482868,24582.4959194428
"Bird Island","BI10","BI10.2",62,58.4,59.4,58.9,1072.81818181818,146.893034676133,2355.109726,423.9197507,3143.89633158504,-29524.7696444553,35812.5623076254,4106.68188163433,-2912.36839602243,11125.7321592911
"Bird Island","BI10","BI10.2",67,64.1,65.2,64.6,2572.33333333333,329.907792443815,6242.966621,1123.733992,6016.07954473314,-26641.2448728239,38673.4039622902,6873.06277363059,-3406.49632979053,17152.6218770517
"Bird Island","BI10","BI10.2",71,68.7,69.8,69.2,2420,331.695643625297,3694.801697,665.0643055,5724.29906998382,-26934.090266312,38382.6884062797,6592.03058657892,-3354.82501497865,16538.8861881365
"Bird Island","BI10","BI10.3",84,80,81,80.5,2747.5,738.478503410898,6284.597012,1131.227462,6351.59516722936,-26304.5291096245,39007.7194440832,7196.21904123597,-3466.18359316805,17858.62167564
"Bird Island","BI10","BI10.3",88,84.8,85.8,85.3,1101.81818181818,119.633455339063,3753.765384,675.6777691,3199.44316157014,-29468.9853480048,35867.8716711451,4160.18253868793,-2921.49448469148,11241.8595620673
"Bird Island","BI10","BI10.3",95,93,94,93.5,3160.36363636364,725.041553668102,11390.75321,2050.335578,7142.3974505439,-25511.0013968254,39795.7962979132,7957.89062120128,-3607.85106289084,19523.6323052934
"Bird Island","BI10","BI10.3",98,96.3,97.3,96.8,3007.09090909091,344.68694624121,7073.372392,1273.207031,6848.81765319317,-25805.5760639358,39503.2113703221,7675.12539301202,-3555.11009560539,18905.3608816294
"Bird Island","BI10","BI10.3",104,103.2,104.2,103.7,1610.09090909091,562.278837329924,1987.252608,357.7054694,4172.99277425572,-28491.38978618,36837.3753346914,5097.869603223,-3084.90145144474,13280.6406578907
"Bird Island","BI10","BI10.3",114,114.9,115.9,115.4,7030.18181818182,810.668097088052,15892.74003,2860.693205,14554.6778856717,-18080.2307890446,47189.5865603881,15097.1256351753,-4970.22569775138,35164.476968102
"Bird Island","BI10","BI10.3",119,120.7,121.7,121.2,2490.72727272727,443.669942842445,3019.385269,543.4893484,5859.77064906974,-26798.1217983894,38517.6630965289,6722.51181287265,-3378.78686572049,16823.8104914658
"Bird Island","BI10","BI10.3",120,121.8,122.7,122.3,1472,564.739664703028,4238.013215,762.8423787,3908.49235185018,-28756.9677146859,36573.9524183863,4843.11255599911,-3039.92975147802,12726.1548634762
"Bird Island","BI10","BI10.4",145,132,133,132.5,15022,2013.60145013853,36760.73258,6616.931864,29862.269810406,-2774.8584596825,62499.3980804945,29840.8333517337,-7839.64212473028,67521.3088281977
"Bird Island","BI10","BI10.4",155,143.7,144.8,144.2,2365.54545454545,243.056933098549,6074.810846,1093.465952,5619.99640176728,-27038.7783996083,38278.7712031428,6491.57010515224,-3336.41177729407,16319.5519875986
"Bird Island","BI10","BI10.5",172,156.1,157.2,156.6,4047.08333333333,466.441355240707,49049.46764,8828.904175,8840.82739026858,-23807.2083119488,41488.863092486,9593.75566983056,-3915.67625146923,23103.1875911304
"Bird Island","BI10","BI10.5",175,159.9,161,160.5,4480.25,597.697266789194,51904.82693,9342.868847,9670.51825883915,-22975.1408767772,42316.1773944555,10392.8833001887,-4067.35321110432,24853.1198114817
"Bird Island","BI10","BI10.5",181,167.1,168.1,167.6,5498.18181818182,384.61040500273,34127.39087,6142.930357,11620.272936114,-21020.4302968647,44260.9761690927,12270.8150625506,-4426.12226678848,28967.7523918896
"Bird Island","BI10","BI10.5",191,179.1,180.1,179.6,10223.7272727273,3086.62544183479,29114.97389,5240.6953,20671.6201757866,-11957.641904325,53300.8822558981,20988.7387437521,-6112.99942147671,48090.4769089809
"Bird Island","BI10","BI10.5",194,182.8,183.8,183.3,5216.72727272727,598.598712145138,24845.10488,4472.118878,11081.1726676692,-21560.8125746246,43723.1579099631,11751.5735759112,-4326.64897992874,27829.7961317512
"Bird Island","BI10","BI10.5",197,186.5,187.5,187,11936.7272727273,2019.26977350274,27055.53366,4869.996059,23952.7139607686,-8677.10305886721,56582.5309804043,24148.967210401,-6728.5539248469,55026.488345649
"Bird Island","BI10","BI10.5",202,192.4,193.3,192.8,19501.7,1767.56845223412,70333.76898,12660.07842,38442.7227167597,5780.54226572504,71104.9031677943,38105.2089863206,-9456.05344167721,85666.4714143184
"Bird Island","BI10","BI10.6",221,205.5,206.6,206,41775.5833333333,6373.70178522416,107255.388,19305.96984,81106.2954969197,48067.9161296414,114144.674864198,79197.1880714447,-17510.8478289231,175905.223971813
"Bird Island","BI10","BI10.6",231,217,218,217.5,21076.3636363636,3403.5106073796,46161.88967,8309.140141,41458.8459337531,8783.80407779946,74133.8877897068,41010.2275788677,-10024.7763784912,92045.2315362266
"Bird Island","BI10","BI10.6",242,230.4,231.5,230.9,18747,3407.07832714083,28337.51625,5100.752925,36997.1643515957,4340.40086310265,69653.9278400887,36712.9005077567,-9183.55888223017,82609.3598977435
"Bird Island","BI10","BI10.6",250,240.2,242,241.1,21261.3684210526,3202.6923432659,68261.38783,12287.04981,41813.2055655307,9136.51435737978,74489.8967736817,41351.5337008995,-10091.6081752155,92794.6755770145
"Bird Island","BI10","BI10.7",259,252.7,253.7,253.2,6707.54545454545,898.565675244316,23779.92504,4280.386507,13936.6976360883,-18699.2651000939,46572.6603722704,14501.9098612467,-4855.32879422068,33859.148516714
"Bird Island","BI10","BI10.7",271,267,268,267.5,17880.7272727273,1593.27581359343,58747.48129,10574.54663,35337.8986997837,2686.75572752131,67989.0416720462,35114.7570561462,-8870.85478481667,79100.368897109
"Bird Island","BI10","BI10.7",280,277.9,278.9,278.4,12464.5454545455,1350.36886543169,49872.72804,8977.091047,24963.7010920962,-7666.7912451805,57594.1934293728,25122.7127115083,-6918.44877312167,57163.8741961383
"Bird Island","BI10","BI10.8",300,293.7,294.8,294.3,33287.9166666667,6636.72951300472,73040.17367,13147.23126,64848.9514519701,32002.9485671317,97694.9543368085,63538.7141570097,-14439.8151907284,141517.243504748
"Bird Island","BI10","BI10.8",303,297.4,298.4,297.9,40362.3636363636,11069.3534614514,74836.34761,13470.54257,78399.4032817758,45397.1920963568,111401.614467195,76590.0093697561,-16999.4395725079,170179.45831202
"Bird Island","BI10","BI10.8",311,307.1,308,307.6,34432.4,4387.70834136556,65108.07757,11719.45396,67041.1039049855,34172.6525733065,99909.5552366644,65650.1145128796,-14853.8442637499,146154.073289509
"Bird Island","BI10","BI10.8",318,315.7,316.8,316.2,33224.0833333333,5152.0369574185,88890.89611,16000.3613,64726.6845790717,31881.9015294727,97571.4676286707,63420.9512164835,-14416.723613083,141258.62604605
"Bird Island","BI10","BI10.9",337,326,327.1,326.5,18705,1883.42353176337,76198.44633,13715.72034,36916.7172185138,4260.24096049838,69573.1934765293,36635.4167975411,-9168.39594173599,82439.2295368182
"Bird Island","BI10","BI10.9",342,332.1,333.1,332.6,37166,9923.62626261187,244762.4318,44057.23772,72277.0630238569,39350.5754755664,105203.550572147,70693.1971377667,-15842.8537355667,157229.2480111
"Bird Island","BI10","BI10.9",348,339.5,340.5,340,20682.9090909091,4122.54725757135,33059.50476,5950.710857,40705.2199770901,8033.58919271044,73376.8507614698,40284.3628649869,-9882.65233359993,90451.3780635738
"Bird Island","BI10","BI10.9",353,345.7,346.7,346.2,85965,3973.9401102684,259743.8529,46753.89352,165747.054625338,130785.67213541,200708.437115265,160720.044157033,-33507.7752257295,354947.863539795
"Bird Island","BI10","BI10.9",361,355.7,356.7,356.2,17928.1818181818,4783.00840095816,19940.78074,3589.340533,35428.7935124865,2777.35918041053,68080.2278445626,35202.3035858702,-8887.98251308945,79292.5896848298
"Bird Island","BI10","BI10.9",365,360.7,361.7,361.2,39122.5,4414.33992171473,91742.56196,16513.66115,76024.5586399207,43052.7235097191,108996.393770122,74302.6466386416,-16550.7850589825,165156.078336266
"Bird Island","BI10","BI10.9",370,366.8,367.8,367.3,25910.6363636364,3046.22403223162,69886.15056,12579.5071,50718.4502538715,17990.7805721632,83446.1199355797,49928.7367956057,-11771.8408443257,111629.314435537
"Bird Island","BI10","BI10.10",382,370,370.9,370.4,26984.8,5595.2795144161,63330.72521,11399.53054,52775.9118016393,20033.8627257063,85517.9608775723,51910.4078414174,-12160.1962711334,115981.011953968
"Bird Island","BI10","BI10.10",386,374.7,375.6,375.1,26799.9,2862.53028901976,54047.68966,9728.584139,52421.752875286,19682.2484084838,85161.2573420883,51569.2950314446,-12093.3437647066,115231.933827596
"Bird Island","BI10","BI10.10",390,379.5,380.5,380,11408.2727272727,1902.95575833539,40132.04847,7223.768725,22940.5079334851,-9688.87096364924,55569.8868306194,23174.0477136844,-6538.52788854727,52886.623315916
"Bird Island","BI10","BI10.10",392,381.9,383,382.4,32182.9166666667,5005.68257916274,54152.91453,9747.524615,62732.4256887447,29907.0577491539,95557.7936283354,61500.1546382431,-14040.09662118,137040.405897666
"Bird Island","BI10","BI10.10",396,386.7,387.8,387.2,19068,8752.07126653716,20119.39045,3621.490281,37612.0102972928,4953.00198840802,70271.0186061776,37305.0974358328,-9299.45319328424,83909.6480649498
"Bird Island","BI10","BI10.10",403,395.3,396.4,395.8,16247.25,1764.02319738406,51021.42539,9183.85657,32209.1233772765,-433.159238801007,64851.405993354,32101.2361122484,-8281.46573744435,72483.9379619411
"Bird Island","BI10","BI10.10",410,403.6,404.6,404.1,17395.0909090909,6061.01469152724,34088.22199,6135.879958,34407.7069575253,1759.43549782377,67055.9784172269,34218.8306925714,-8695.59048443761,77133.2518695803
"Bird Island","BI10","BI10.11",422,412.9,413.9,413.4,20904.1818181818,4041.78046950058,28823.89617,5188.301311,41129.0475137162,8455.51457597846,73802.580451454,40692.5779097156,-9962.57917731649,91347.7349967477
"Bird Island","BI10","BI10.11",424,415.2,416.2,415.7,16910,3384.10194881892,30935.30845,5568.355521,33478.5599832291,832.956366412483,66124.1636000458,33323.9106109475,-8520.55372883558,75168.3749507306
"Bird Island","BI10","BI10.11",427,418.8,419.8,419.3,8806,4644.07006837752,34349.06054,6182.830897,17956.0941142892,-14674.6013117249,50586.7895403032,18373.2442398307,-5604.68793616248,42351.1764158238
"Bird Island","BI10","BI10.11",439,433.3,434.3,433.8,21753.9090909091,4408.29378455079,29282.54803,5270.858645,42756.6218706778,10075.397898497,75437.8458428587,42260.1974754838,-10269.5478038094,94789.9427547769
"Bird Island","BI10","BI10.11",443,438.2,439.3,438.7,16872.6666666667,3497.04977824382,32219.65007,5799.537013,33407.0514204897,761.644821268768,66052.4580197107,33255.0362018671,-8507.08397313027,75017.1563768644
"Bird Island","BI10","BI10.11",449,445.8,446.8,446.3,20380.3636363636,4768.46076365796,16700.79088,3006.142358,40125.7220141107,7456.62472092301,72794.8193072984,39726.2118095813,-9773.37511563239,89225.7987347949
"Bird Island","BI10","BI10.12",461,452.4,453.6,453,28176.4615384615,2872.32326451906,37075.7818,6673.640724,55058.429762905,22299.2889553513,87817.5705704587,54108.8449204931,-12591.0848606865,120808.774701673
"Bird Island","BI10","BI10.12",465,457.6,458.7,458.1,5935.08333333333,3463.31873046474,29511.5462,5312.078316,12457.1175630917,-20181.7293014968,45095.9644276802,13076.8329290444,-4580.87538077961,30734.5412388683
"Bird Island","BI10","BI10.12",469,462.9,463.9,463.4,12265.9090909091,4493.61378969189,35173.56997,6331.242595,24583.2314258972,-8046.97888587885,57213.4417376733,24756.2583677399,-6846.97396194971,56359.4906974294
"Bird Island","BI10","BI10.12",477,473.1,474.2,473.6,15211.0833333333,2416.93865188376,33521.67785,6033.902013,30224.4415266019,-2413.39870426751,62862.2817574713,30189.6637852239,-7907.80793799647,68287.1355084443
"Bird Island","BI10","BI10.12",480,476.9,478,477.5,9028.25,3417.2215488078,13189.89932,2374.181878,18381.7935268474,-14248.5639117456,51012.1509654404,18783.262206388,-5684.28735055935,43250.8117633354
"Bird Island","BI10","BI10.13",519,491,492,491.5,14940.0909090909,4174.15930348964,19102.04921,3438.368858,29705.380488097,-2931.4488254755,62342.2098016694,29689.7233454475,-7810.11546940968,67189.5621603047
"Bird Island","BI10","BI10.13",522,494.8,495.8,495.3,20218.4545454545,8601.48369019713,17067.4608,3072.142944,39815.60005736,7147.82662990995,72483.3734848101,39427.5137838368,-9714.89790193718,88569.9254696109
"Bird Island","BI10","BI10.13",525,498.7,499.7,499.2,32461.8,6283.97099858928,32079.57549,5774.323588,63266.6010371013,30436.1216026263,96097.0804715763,62014.6526235752,-14140.9761916742,138170.281438825
"Bird Island","BI10","BI10.13",529,503.9,505.1,504.5,31490.9,9764.80708633475,40180.34818,7232.462672,61406.9314773587,28593.965660426,94219.8972942915,60223.4875224255,-13789.7837836712,134236.758828522
"Isla Hermite","HER42PB","HER42PB1A",3,2.5,3.1,2.8,7603.42857142857,1362.89102733159,14682.28264,2642.810875,15652.6792629858,-16980.5754817593,48285.9340077309,16154.680047332,-5174.68880947298,37484.0489041371
"Isla Hermite","HER42PB","HER42PB1A",5,5.3,5.9,5.6,10177.8571428571,1422.47582622359,16189.75967,2914.156741,20583.7601652592,-12045.5214579952,53213.0417885135,20904.1152235042,-6096.53469586661,47904.7651428749
"Isla Hermite","HER42PB","HER42PB1A",7,8.1,8.7,8.4,25766,3105.26193205447,16934.94085,3048.289353,50441.4126159206,17715.604656842,83167.2205749993,49661.9043649715,-11719.5524430743,111043.361173017
"Isla Hermite","HER42PB","HER42PB1A",9,10.9,11.5,11.2,19232.2857142857,3407.73236988498,17138.00234,3084.840421,37926.6844573069,5266.49335938384,70586.87555523,37608.1799757916,-9358.7712342779,84575.131185861
"Isla Hermite","HER42PB","HER42PB1A",13,16.3,16.9,16.6,4260.57142857143,346.241657970681,13667.24784,2460.104611,9249.7441809594,-23397.1002538743,41896.5886157931,9987.60923425678,-3990.34248349704,23965.5609520106
"Isla Hermite","HER42PB","HER42PB1A",16,20.5,21.1,20.8,7323.71428571429,920.738420016911,11986.74089,2157.61336,15116.9123018487,-17517.114478226,47750.9390819235,15638.6490792978,-5074.87388027391,36352.1720388695
"Isla Hermite","HER42PB","HER42PB1A",20,26.1,26.7,26.4,7554.14285714286,613.463236760886,14179.20706,2552.257271,15558.2770149816,-17075.1089217215,48191.6629516847,16063.7552853444,-5157.0951622986,37284.6057329874
"Isla Hermite","HER42PB","HER42PB1A",25,33.1,33.6,33.4,17545.5,1642.9636331946,35487.97724,6387.835903,34695.801723075,2046.66237197295,67344.9410741771,34496.3129405187,-8749.8693683712,77742.4952494085
"Isla Hermite","HER42PB","HER42PB1A",28,37.1,37.7,37.4,13981.4285714286,2050.21664360484,25321.34917,4557.842851,27869.151043847,-4764.60440570032,60502.9064933944,27921.134898638,-7464.63880763637,63306.9086049124
"Isla Hermite","HER42PB","HER42PB1A",31,41.2,41.7,41.5,20058.5,1963.24310771743,30348.25974,5462.686753,39509.2218524736,6842.73443339356,72175.7092715537,39132.4216017497,-9657.12885083632,87921.9720543358
"Isla Hermite","HER42PB","HER42PB1B",48,54,54.5,54.3,6598.16666666667,243.185868558736,13872.977,2497.13586,13727.1926383545,-18909.1475787749,46363.5328554839,14300.1223778246,-4816.40970233882,33416.6544579879
"Isla Hermite","HER42PB","HER42PB1B",50,56.7,57.2,57,5611.66666666667,817.178968566046,10017.06936,1803.072485,11837.6427148958,-20802.5626923712,44477.8481221628,12480.1776128805,-4466.2814554986,29426.6366812596
"Isla Hermite","HER42PB","HER42PB1B",56,64.7,65.2,65,6873.33333333333,807.038702087246,18126.438,3262.75884,14254.2490539028,-18381.1609668715,46889.6590746771,14807.7636697527,-4914.3515148841,34529.8788543895
"Isla Hermite","HER42PB","HER42PB1B",60,69.9,70.4,70.2,6844.83333333333,1084.17220341912,18736.05749,3372.490348,14199.6599278829,-18435.8434407527,46835.1632965186,14755.1854378207,-4904.20244660161,34414.573322243
"Isla Hermite","HER42PB","HER42PB1B",63,73.7,74.3,74,6058.57142857143,1019.21928571871,13972.31801,2515.017242,12693.6476400357,-19944.704012444,45331.9992925153,13304.6499715801,-4624.68299580397,31233.9829389641
"Isla Hermite","HER42PB","HER42PB1B",69,81.5,82,81.8,18107.3333333333,1246.08501582623,29131.62831,5243.693096,35771.9417453725,3119.39018943281,68424.4933013122,35532.811302172,-8952.64593795432,80018.2685422983
"Isla Hermite","HER42PB","HER42PB1C",80,86.5,87.2,86.9,17745,1966.14122924406,22528.01628,4055.04293,35077.9256052139,2427.60538592118,67728.2458245067,34864.3605640426,-8821.86836783643,78550.5894959216
"Isla Hermite","HER42PB","HER42PB1C",86,94.8,95.4,95.1,7931.57142857143,1007.1805295217,16524.5867,2974.425606,16281.206693901,-16351.2273721657,48913.6407599677,16760.0544771455,-5291.8906834079,38811.9996376988
"Isla Hermite","HER42PB","HER42PB1C",90,100.2,100.8,100.5,3677,1043.50307458419,17616.22911,3170.92124,8131.96683864837,-24518.2258668707,40782.1595441675,8911.00734231607,-3786.70545878878,21608.7201434209
"Isla Hermite","HER42PB","HER42PB1C",91,101.6,102.3,102,6511.875,1066.9335817459,15409.2047,2773.656846,13561.9088956833,-19074.7363208729,46198.5541122395,14140.927175586,-4785.71786712799,33067.5722183001
"Isla Hermite","HER42PB","HER42PB1C",97,109.8,110.4,110.1,12676,2521.49030006727,17175.5766,3091.603788,25368.7228054044,-7262.10672940714,57999.5523402159,25512.8146811216,-6994.54948005636,58020.1788422997
"Isla Hermite","HER42PB","HER42PB1C",104,119.2,119.8,119.5,8038,1560.0396362486,29105.71327,5239.028389,16485.0608236493,-16147.1267827017,49117.2484300002,16956.3992530318,-5329.92619627414,39242.7247023378
"Isla Hermite","HER42PB","HER42PB1D",118,127.3,127.8,127.6,5676.83333333333,1368.65443654221,12943.05626,2329.750127,11962.4634650347,-20677.4610339851,44602.3879640546,12600.4003537308,-4489.35455406033,29690.155261522
"Isla Hermite","HER42PB","HER42PB1D",121,130.9,131.6,131.3,2484.875,798.976566346866,7988.703067,1437.966552,5848.56115947636,-26809.3722411924,38506.4945601451,6711.71524610831,-3376.80223287487,16800.2327250915
"Isla Hermite","HER42PB","HER42PB1D",131,143.2,143.8,143.5,2204.14285714286,357.911734263924,12805.9724,2305.075032,5310.84458669571,-27349.0875440934,37970.7767174848,6193.8064840765,-3282.02880026861,15669.6417684216
"Isla Hermite","HER42PB","HER42PB1D",137,150.7,151.3,151,1634.71428571429,295.746915614074,6997.205183,1259.496933,4220.15658511634,-28444.0355451056,36884.3487153383,5143.29604557573,-3092.95930662357,13379.551397775
"Isla Hermite","HER42PB","HER42PB1D",144,159.2,159.8,159.5,5211.14285714286,966.994558511306,14513.69839,2612.46571,11070.4762337715,-21571.5351279636,43712.4875955067,11741.271165462,-4324.67721697541,27807.2195478995
"Isla Hermite","HER42PB","HER42PB1D",147,162.9,163.5,163.2,6882.71428571429,2096.14819087183,10760.96847,1936.974325,14272.2174044891,-18363.1620417006,46907.5968506788,14825.0701220344,-4917.69238287578,34567.8326269446
"Isla Hermite","HER42PB","HER42PB1E",158,169.3,169.9,169.6,2647.85714285714,462.753148223193,3223.639501,580.2551102,6160.73844843818,-26496.0653227941,38817.5422196705,7012.39289200007,-3432.19688905117,17456.9826730513
"Isla Hermite","HER42PB","HER42PB1E",162,175.6,176.2,175.9,2936,391.150013848055,11941.27554,2149.429597,6712.64956213252,-25942.2123810239,39367.5115052889,7543.97331208438,-3530.70488337481,18618.6515075436
"Isla Hermite","HER42PB","HER42PB1E",166,181.9,182.5,182.2,4452.42857142857,1065.80624523454,10687.50441,1923.750794,9617.22887391501,-23028.5781026174,42263.0358504474,10341.5569309217,-4057.59066281268,24740.7045246561
"Isla Hermite","HER42PB","HER42PB1E",174,194.9,195.5,195.2,2014.42857142857,260.228654035163,6996.743289,1259.413792,4947.46433930549,-27713.8564526987,37608.7851313097,5843.81203793273,-3218.51283938359,14906.136915249
"Isla Hermite","HER42PB","HER42PB1E",179,202.5,203,202.8,3135.16666666667,619.814945501209,13791.08364,2482.395055,7094.13497496124,-25559.4260490756,39747.695998998,7911.40598552723,-3599.16970224125,19421.9816732957
"Isla Hermite","HER42PB","HER42PB1F",189,208.1,208.7,208.4,3089.42857142857,273.785108642318,11345.31869,2042.157364,7006.52786461527,-25647.3289264722,39660.3846557027,7827.02604940245,-3583.42210068763,19237.4741994925
"Isla Hermite","HER42PB","HER42PB1F",191,210.9,211.5,211.2,2390.42857142857,409.631483630046,8584.603441,1545.228619,5667.65772118128,-26990.9406282062,38326.2560705687,6537.47572938633,-3344.82182293735,16419.77328171
"Isla Hermite","HER42PB","HER42PB1F",197,219.3,219.9,219.6,4555.14285714286,1064.12443328955,7683.311513,1382.996072,9813.96863134994,-22831.2958047419,42459.2330674417,10531.0494059047,-4093.64614461301,25155.7449564224
"Isla Hermite","HER42PB","HER42PB1F",200,223.4,224,223.7,2363.14285714286,502.836099397351,9567.109814,1722.079767,5615.39444764851,-27043.3974189846,38274.1863142816,6487.13767274969,-3335.60009638694,16309.8754418863
"Isla Hermite","HER42PB","HER42PB1F",205,230.3,230.9,230.6,3231,204.518947777461,5459.728289,982.751092,7277.69490163613,-25375.2521851223,39930.6419883946,8088.20413383654,-3632.21044175586,19808.6187094289
"Isla Hermite","HER42PB","HER42PB1F",209,235.8,236.4,236.1,4167,1041.97696711588,11114.88978,2000.68016,9070.51672460353,-23576.8450637333,41717.8785129404,9814.98396149761,-3957.59420307235,23587.5621260676
"Isla Hermite","HER42PB","HER42PB1F",211,238.4,239,238.7,4686.71428571429,1038.41477170504,13675.84016,2461.651229,10065.9815890656,-22578.6010072854,42710.5641854166,10773.7789879065,-4139.88179251014,25687.4397683232
"Isla Hermite","HER42PB","HER42PB1F",213,241.1,241.7,241.4,4459.14285714286,758.708865677173,12238.61735,2202.951123,9630.08947001995,-23015.6817669785,42275.8607070183,10353.9437825548,-4059.94646473654,24767.8340298462
"Isla Hermite","HER42PB","HER42PB1G",220,241.3,242,241.7,3969.28571428571,504.841134842013,12238.61735,2202.951123,8691.81321376914,-23956.6662472667,41340.292674805,9450.23071340803,-3888.51330053518,22788.9747273512
"Isla Hermite","HER42PB","HER42PB1G",230,255,255.6,255.3,1027.57142857143,203.313269892267,12270.07289,2208.61312,3057.2303415859,-29611.8075647677,35726.2682479395,4023.2083979018,-2898.17984381711,10944.5966396207
"Isla Hermite","HER42PB","HER42PB1G",235,261.8,262.4,262.1,1125,200.858158908221,5669.96572,1020.59383,3243.84579995949,-29424.3933992932,35912.0849992122,4202.94952159912,-2928.80720175468,11334.7062449529
"Isla Hermite","HER42PB","HER42PB1G",239,267.2,267.8,267.5,1212,220.443492381457,6876.421266,1237.755828,3410.48628991479,-29257.0465118296,36078.0190916592,4363.45149275992,-2956.38489233792,11683.2878778578
"Isla Hermite","HER42PB","HER42PB1H",259,283.7,284.3,284,2705.33333333333,407.696782752411,7738.954402,1393.011792,6270.8287994924,-26385.5819935711,38927.2395925559,7118.42785597987,-3451.79056754659,17688.6462795063
"Isla Hermite","HER42PB","HER42PB1H",260,285,285.6,285.3,3536.14285714286,414.286305418297,11631.52569,2093.674624,7862.16795014932,-24788.8763620569,40513.2122623555,8651.14700805572,-3737.79233104323,21040.0863471547
"Isla Hermite","HER42PB","HER42PB1H",264,290.3,290.9,290.6,1202.57142857143,432.350882633869,5101.984158,918.3571484,3392.42672942703,-29275.1823169394,36060.0357757934,4346.05719046664,-2953.38629557809,11645.5006765114
"Isla Hermite","HER42PB","HER42PB1H",269,297,297.6,297.3,3615.42857142857,365.019112350234,9470.00065,1704.600117,8014.03243606917,-24636.5304459184,40664.5953180568,8797.41727734019,-3765.31185103926,21360.1464057196
"Isla Hermite","HER42PB","HER42PB1H",273,302.3,302.9,302.6,2546,348.283888037714,8155.795786,1468.043241,5965.64046922944,-26691.8666259754,38623.1475644343,6824.4817172256,-3397.54774598336,17046.5111804346
"Isla Hermite","HER42PB","HER42PB1H",278,309.3,309.9,309.6,4287.71428571429,764.731698982441,12716.46571,2288.963828,9301.73382478783,-23344.9619329298,41948.4295825054,10037.6837408587,-3999.84822672306,24075.2157084404
"Isla Hermite","HER42PB","HER42PB1H",281,313.5,314.2,313.9,5864.875,665.513644273568,13604.27869,2448.770164,12322.6399646364,-20316.4942432978,44961.7741725706,12947.3090682178,-4555.98148766207,30450.5996240976
"Isla Hermite","HER42PB","HER42PB1I",293,321,321.6,321.3,3091.16666666667,380.161237722452,9836.302432,1770.534438,7009.85702601832,-25643.988493076,39663.7025451126,7830.23257482521,-3584.02026331436,19244.4854129648
"Isla Hermite","HER42PB","HER42PB1I",301,332.1,332.7,332.4,2765.42857142857,422.708669236413,11924.50104,2146.410187,6385.93569512655,-26270.0672180534,39041.9386083065,7229.29457059669,-3472.30786930785,17930.8970105012
"Isla Hermite","HER42PB","HER42PB1I",303,334.9,335.6,335.3,3311.5,528.059520454709,11671.94395,2100.949911,7431.88524004305,-25220.5521791217,40084.3226592078,8236.71457841636,-3660.01019585188,20133.4393526846
"Isla Hermite","HER42PB","HER42PB1I",312,347.6,348.2,347.9,1735.57142857143,406.059871259915,3792.695713,682.6852283,4413.33915639457,-28250.0783526316,37076.7566654207,5329.36237010697,-3126.07854882792,13784.8032890419
"Isla Hermite","HER42PB","HER42PB1I",317,354.3,354.9,354.6,6776.14285714286,583.754351467416,14268.60462,2568.348832,14068.0896450365,-18567.641555014,46703.820845087,14628.4617961133,-4879.74578595054,34136.6693781771
"Isla Hermite","HER42PB","HER42PB1I",320,358.3,358.9,358.6,5390.28571428571,2041.32454665149,10730.82606,1931.548691,11413.6078830391,-21227.5788341475,44054.7946002257,12071.7629090345,-4387.96718612902,28531.493004198
"Isla Hermite","HER42PB","HER42PB1J",329,361.3,361.9,361.6,9278.42857142857,424.136714257269,19294.05726,3472.930307,18860.987546608,-13769.0398257827,51491.0149189988,19244.8042047383,-5773.93091063227,44263.539320109
"Isla Hermite","HER42PB","HER42PB1J",335,369.7,370.2,370,8776.5,987.718330294624,21529.71781,3875.349206,17899.5895803388,-14731.1538743394,50530.333035017,18318.8211576554,-5594.12515990881,42231.7674752197
"Isla Hermite","HER42PB","HER42PB1J",340,376.7,377.3,377,7463.85714285714,606.837547885601,23564.0081,4241.521458,15385.343041826,-17248.2885946737,48018.9746783257,15897.1916633844,-5124.87245857466,36919.2557853435
"Isla Hermite","HER42PB","HER42PB1J",342,379.6,380.3,380,4447,733.49944006211,19367.63702,3486.174664,9606.83094514933,-23039.0049552424,42252.6668455411,10331.5420296014,-4055.6860855463,24718.770144749
"Isla Hermite","HER42PB","HER42PB1J",346,385.3,385.9,385.6,4640.14285714286,601.640099664084,28458.15526,5122.467947,9976.7783054442,-22668.0439514297,42621.6005623181,10687.861676579,-4123.50977140034,25499.2331245584
"Isla Hermite","HER42PB","HER42PB1J",349,389.6,390.2,389.9,4720.71428571429,897.064418773017,22717.61164,4089.170095,10131.1054587033,-22513.3033372521,42775.5142546587,10836.5038961762,-4151.83863212727,25824.8464244798
"Isla Hermite","HER42PB","HER42PB1J",352,394,394.6,394.3,6350,721.740950757264,10907.12191,1963.281944,13251.8522369303,-19385.382247883,45889.0867217435,13842.2920424636,-4728.17366970607,32412.7577546332
"Isla Hermite","HER42PB","HER42PB1J",353,395.4,396,395.7,7525,671.531830965592,13769.49752,2478.509554,15502.4565552921,-17131.0079300481,48135.9210406323,16009.991078256,-5146.69319102447,37166.6753475366
"Kerguelen","KER1","CAT1.1A",1,0,1.4,0.7,2054.5,636.510539320966,32678.58936,5882.146085,5024.2174713785,-27636.8074582005,37685.2424009575,5917.73782267921,-3231.88938173434,15067.3650270928
"Kerguelen","KER1","CAT1.1A",3,3.1,4.7,3.9,20505.0588235294,5465.0915759778,48738.7654,8772.977772,40364.5641645058,7694.43210497275,73034.6962240389,39956.2557559534,-9818.41318669743,89730.9246986042
"Kerguelen","KER1","CAT1.1A",5,6.4,7.8,7.1,31088.1333333333,7546.5754093843,40886.55616,7359.580109,60635.469009876,27829.5366054774,93441.4014142745,59480.4433394614,-13644.1025745416,132604.989253464
"Kerguelen","KER1","CAT1.1A",7,9.3,10.6,9.9,19220.2857142857,7409.84498362271,18707.63044,3367.373479,37903.6995621407,5243.59563630593,70563.8034879754,37586.0417728728,-9354.43834667431,84526.52189242
"Kerguelen","KER1","CAT1.1A",8,10.7,12,11.4,12891.4285714286,3830.01324991252,35630.07615,6413.413707,25781.3563995795,-6849.85587869999,58412.5686778589,25910.2481335199,-7072.0941870865,58892.5904541263
"Kerguelen","KER1","CAT1.1A",9,12.1,13.6,12.8,9088,5483.48634842226,13008.32214,2341.497985,18496.239150696,-14134.0346070029,51126.5129083949,18893.4920084209,-5705.69297885787,43492.6769956996
"Kerguelen","KER1","CAT1.1A",11,15.1,16.5,15.8,4948.33333333333,1018.37781837213,9929.222192,1787.259995,10567.0887876504,-22076.1818289072,43210.3594042079,11256.4269515395,-4231.97437320701,26744.828276286
"Kerguelen","KER1","CAT1.1A",13,18,19.4,18.7,8375.6,3817.86628516879,4020.387316,723.6697169,17131.702540993,-15499.7671805354,49763.1722625215,17579.2206951455,-5450.64609283927,40609.0874831302
"Kerguelen","KER1","CAT1.1A",17,24,25.5,24.7,8722.1875,1065.4582249749,18207.37633,3277.327739,17795.5589871124,-14835.2748340268,50426.3928082516,18218.6227288201,-5574.67973243551,42011.9251900758
"Kerguelen","KER1","CAT1.1A",20,28.6,30,29.3,6654.93333333333,1094.21344657551,11359.78762,2044.761772,13835.923961877,-18800.2190730968,46472.0669968509,14404.8483766318,-4836.60622267834,33646.3029759419
"Kerguelen","KER1","CAT1.1A",23,33,34.4,33.7,17414.8666666667,4863.54937801406,33851.35179,6093.243322,34445.5856004181,1797.20113016153,67093.9700706746,34255.3140037451,-8702.72689455855,77213.3549020487
"Kerguelen","KER1","CAT1.1A",25,35.9,37.2,36.6,18397.8571428571,3910.22432677644,14577.34124,2623.921423,36328.4133541395,3673.99197540522,68982.8347328738,36068.7842228354,-9057.51631215726,81195.0847578281
"Kerguelen","KER1","CAT1.1A",26,37.3,38.7,38,16626.7333333333,2634.83353951486,29657.04588,5338.268258,32935.9887634436,291.850354566581,65580.1271723205,32801.3260320492,-8418.35693649773,74021.009000596
"Kerguelen","KER1","CAT1.1A",27,38.8,40.1,39.4,17408.7857142857,4565.24363118639,27516.05179,4952.889322,34433.9380960024,1785.58841140824,67082.2877805965,34244.0955572659,-8700.53247661809,77188.72359115
"Kerguelen","KER1","CAT1.1A",28,40.2,41.6,40.9,16520.4,2635.31653831999,18335.53114,3300.395605,32732.3170534982,88.7110172631255,65375.9230897334,32605.156956186,-8379.99707196511,73590.3109843371
"Kerguelen","KER1","CAT1.1B",36,45.1,46.2,45.6,19037.3333333333,3587.52906439499,37854.28444,6813.771199,37553.2711207568,4894.48105684981,70212.0611846638,37248.5220283737,-9288.38079445949,83785.4248512069
"Kerguelen","KER1","CAT1.1B",40,50.7,52.1,51.4,17317.9333333333,2596.03170976304,31170.92403,5610.766325,34259.9187250195,1612.08500635446,66907.7524436845,34076.4865201681,-8667.74738213221,76820.7204224684
"Kerguelen","KER1","CAT1.1B",41,52.3,53.6,53,22231.7857142857,3933.3633128087,33869.91213,6096.584183,43671.9505449038,10986.1319545677,76357.76913524,43141.8082803529,-10442.2062563658,96725.8228170716
"Kerguelen","KER1","CAT1.1B",46,59.9,61.2,60.5,12460.3571428571,1835.18360461218,12808.45152,2305.521274,24955.6787666727,-7674.80727676474,57586.1648101102,25114.9859036713,-6916.94157444815,57146.9133817907
"Kerguelen","KER1","CAT1.1B",49,64.4,65.8,65.1,10805.7333333333,1570.15883940205,14380.32761,2588.45897,21786.3991998824,-10842.7707392057,54415.5691389705,22062.452766221,-6321.99653649164,50446.9020689337
"Kerguelen","KER1","CAT1.1B",51,67.6,68.9,68.3,9963,658.305283401133,4883.677754,879.0619957,20172.2210899016,-12457.1759613822,52801.6181411855,20507.735971245,-6019.42825615356,47034.9001986436
"Kerguelen","KER1","CAT1.1B",57,76.5,77.9,77.2,5039.93333333333,412.713229160163,8920.913751,1605.764475,10742.5401540861,-21900.2848808948,43385.3651890669,11425.4152338191,-4264.26447200842,27115.0949396467
"Kerguelen","KER1","CAT1.1B",63,86,87.4,86.7,5047.8,504.705034082851,6816.274673,1226.929441,10757.6080298062,-21885.1790715816,43400.395131194,11439.9280557325,-4267.03862177295,27146.894733238
"Kerguelen","KER1","CAT1.1C",73,92.4,93.7,93.1,4582.57142857143,391.981105173689,5710.94941,1027.970894,9866.50553458707,-22778.6155427253,42511.6266118995,10581.6510125761,-4103.28025499173,25266.5822801439
"Kerguelen","KER1","CAT1.1C",80,103.1,104.5,103.8,4491.66666666667,1303.04679592905,3225.774563,580.6394213,9692.3858327126,-22953.2128263541,42337.9844917793,10413.9453404655,-4071.36008779352,24899.2507687246
"Kerguelen","KER1","CAT1.1C",86,112.2,113.6,112.9,3302.53333333333,287.436419470629,4542.425909,817.6366636,7414.71041559937,-25237.78350107,40067.2043322687,8220.17242123542,-3656.91166611592,20097.2565085867
"Kerguelen","KER1","CAT1.1C",93,122.9,124.1,123.5,3430.07692307692,242.527820238717,4414.084703,794.5352465,7659.00841888133,-24992.688301834,40310.7051395966,8455.471243796,-3701.03107737203,20611.973564964
"Kerguelen","KER1","CAT1.1D",105,130.3,131.4,130.8,3587.41666666667,272.965351891652,3780.979575,680.5763235,7960.37821153923,-24690.3541500938,40611.1105731723,8745.73950802693,-3755.58531335376,21247.0643294076
"Kerguelen","KER1","CAT1.1D",108,134.6,135.8,135.2,3247.53846153846,549.897053302497,3167.607313,570.1693163,7309.37280202551,-25343.4691250928,39962.2147291438,8118.71511862838,-3637.91848808005,19875.3487253368
"Kerguelen","KER1","CAT1.1D",110,137.6,138.8,138.2,3051,207.666399143755,2284.889729,411.2801512,6932.9214741424,-25721.1851927841,39587.0281410689,7756.13109005556,-3570.20235776527,19082.4645378764
"Kerguelen","KER1","CAT1.1D",114,143.4,144.6,144,2559.61538461538,111.784419353756,3412.493629,614.2488532,5991.71948489882,-26665.693085022,38649.1320548196,6849.60006284492,-3402.17369350176,17101.3738191916
"Kerguelen","KER1","CAT1.1D",117,147.8,148.9,148.4,3836.66666666667,763.988735439724,4977.113764,895.8804775,8437.79363822152,-24211.4541620325,41087.0414384755,9205.56843115142,-3842.27061197987,22253.4074742827
"Kerguelen","KER1","CAT1.1D",119,150.7,151.8,151.3,2368.33333333333,233.529571159758,2637.046993,474.6684587,5625.33632690691,-27033.4186787739,38284.0913325877,6496.71332401215,-3337.35369811551,16330.7803461398
"Kerguelen","KER1","CAT1.1D",123,156.5,157.7,157.1,2061.84615384615,214.112838690976,3560.842802,640.9517044,5038.28835271424,-27622.6824855508,37699.2591909793,5931.29037638907,-3234.34401581563,15096.9247685938
"Kerguelen","KER1","CAT1.1D",124,158,159.2,158.6,1867.30769230769,173.208633645182,2748.553456,494.7396221,4665.66784069217,-27996.7509086984,37328.0865900828,5572.39604830271,-3169.59692455275,14314.3890211582
"Kerguelen","KER1","CAT1.1D",126,161,162.3,161.7,1555.57142857143,95.9115893259671,24110.30848,4339.855526,4068.56572890084,-28596.240303709,36733.3717615107,4997.28932632599,-3067.10114392246,13061.6797965744
"Kerguelen","KER1","CAT1.1E",137,168.8,170,169.4,4515.15384615385,253.178081645392,2886.473191,519.5651744,9737.37336256791,-22908.1012288839,42382.8479540197,10457.2756692552,-4079.60470588061,24994.156044391
"Kerguelen","KER1","CAT1.1E",144,179,180.2,179.6,2592.23076923077,243.744454243289,3168.819664,570.3875395,6054.19125124813,-26602.9955265295,38711.3780290258,6909.77056308559,-3413.26223512683,17232.803361298
"Kerguelen","KER1","CAT1.1E",145,180.4,181.6,181,3589.30769230769,837.455609233049,4456.928381,802.2471086,7964.00029704886,-24686.720602343,40614.7211964407,8749.22816714072,-3756.2418022754,21254.6981365568
"Kerguelen","KER1","CAT1.1E",146,181.9,183,182.4,8320,1437.34116909091,13289.58227,2392.124809,17025.2058600561,-15606.3754069835,49656.7871270957,17476.647021622,-5430.75763288193,40384.051676126
"Kerguelen","KER1","CAT1.1E",147,183.3,184.4,183.8,5463.16666666667,1984.07243422271,3562.901422,641.322256,11553.2046372135,-21087.6544122111,44194.0636866381,12206.2173517612,-4413.73705333589,28826.1717568583
"Kerguelen","KER1","CAT1.1E",151,189,190.3,189.7,1883.64285714286,172.476802071314,2793.818462,502.8873232,4696.95634496382,-27965.3395874686,37359.2522773962,5602.53198112204,-3175.01235246109,14380.0763147052
"Kerguelen","KER1","CAT1.1E",157,198.4,199.7,199,2470.35714285714,292.793076616039,3045.373357,548.1672043,5820.75354077076,-26837.2815791663,38478.7886607079,6684.93197382716,-3371.88039762774,16741.7443452821
"Kerguelen","KER1","CAT1.1F",166,204.4,205.7,205,3490.14285714286,1212.31513148273,3136.839356,564.6310841,7774.05918534537,-24877.2668957268,40425.3852664175,8566.28389686725,-3721.84156474094,20854.4093584754
"Kerguelen","KER1","CAT1.1F",170,210.3,211.7,211,2783.46666666667,695.581859891073,2342.824007,421.7083213,6420.4860057971,-26235.3950782776,39076.3670898717,7262.57215498406,-3478.47228324473,18003.6165932129
"Kerguelen","KER1","CAT1.1F",177,220.9,222.2,221.6,2087.92857142857,390.455249929876,3080.073609,554.4132496,5088.24682219876,-27572.5323363154,37749.0259807129,5979.40853080996,-3243.0649639715,15201.8820255914
"Kerguelen","KER1","CAT1.1F",179,224,225.4,224.7,2727,431.958331323752,2688.500619,483.9301114,6312.32930465369,-26343.9340777118,38968.5926870192,7158.3996112498,-3459.18428244034,17775.9835049399
"Kerguelen","KER1","CAT1.1F",180,225.6,226.8,226.2,6905.61538461538,1981.74807255537,9844.625786,1772.032641,14316.0823509419,-18319.2227706056,46951.3874724894,14867.3192199123,-4925.84871690684,34660.4871567314
"Kerguelen","KER1","CAT1.1F",185,233.2,234.5,233.8,11141.7857142857,3108.43272847789,8604.12931,1548.743276,22430.076595429,-10199.1716980478,55059.3248889058,22682.4190829583,-6442.74310959054,51807.5812755071
"Kerguelen","KER1","CAT1.1F",186,234.7,235.9,235.3,6947.92307692308,1287.58044807166,7609.566894,1369.722041,14397.1188403101,-18238.050148996,47032.2878296162,14945.3705763565,-4940.91862812932,34831.6597808424
"Kerguelen","KER1","CAT1.1F",188,237.8,239.1,238.4,3832.78571428571,267.593888216807,2064.749015,371.6548227,8430.36003125306,-24218.9104790979,41079.630541604,9198.40865520745,-3840.91857170433,22237.7358821192
"Kerguelen","KER1","CAT1.1G",218,241.9,243.3,242.6,3141.14285714286,400.845809055505,2497.527268,449.5549082,7105.58181759363,-25547.9406926815,39759.1043278688,7922.4311619808,-3601.2283526532,19446.0906766148
"Kerguelen","KER3","CAT2.3A",6,7.9,9.1,8.5,1533.30769230769,258.667542292993,7043.906744,1267.903214,4025.92159189825,-28639.058097639,36690.9012814355,4956.21606706468,-3059.84879541952,12972.2809295489
"Kerguelen","KER3","CAT2.3A",9,12.3,13.5,12.9,1979.76923076923,152.110241736136,5806.724977,1045.210496,4881.07756333997,-27780.5002328292,37542.6553595091,5779.87074488724,-3206.96084146037,14766.7023312349
"Kerguelen","KER3","CAT2.3A",13,18.1,19.3,18.7,2056.69230769231,303.655337681662,5950.241077,1071.043394,5028.41663491849,-27632.5921474225,37689.4254172595,5921.7823020586,-3232.62184074239,15076.1864448596
"Kerguelen","KER3","CAT2.3A",15,21,22.1,21.6,2116.75,425.297997130996,6187.963748,1113.833475,5143.45161505341,-27517.1164075236,37804.0196376304,6032.57975032013,-3252.71211054517,15317.8716111854
"Kerguelen","KER3","CAT2.3A",20,28.2,29.4,28.8,2376.46153846154,235.018657197188,5072.990401,913.1382722,5640.90515547039,-27017.7921725689,38299.6024835097,6511.70864521993,-3340.10039684259,16363.5176872825
"Kerguelen","KER3","CAT2.3A",21,29.6,30.7,30.2,2253.91666666667,250.280009855628,5217.251998,939.1053596,5406.18173618985,-27253.3911312492,38065.7546036289,6285.63170868287,-3298.76753579482,15870.0309531605
"Kerguelen","KER3","CAT2.3A",22,31,32.1,31.6,3442.5,349.852826199818,6488.988438,1168.017919,7682.80367894126,-24968.8161327328,40334.4234906153,8478.38996027918,-3705.33351144722,20662.1134320056
"Kerguelen","KER3","CAT2.3A",27,38.2,39.3,38.7,5658.58333333333,1353.1126714044,5349.432635,962.8978743,11927.5072703027,-20712.4955326471,44567.5100732526,12566.7318367919,-4482.89201352048,29616.3556871043
"Kerguelen","KER3","CAT2.3A",28,39.5,40.7,40.1,6021.15384615385,2244.88781628221,8197.149421,1475.486896,12621.9777059321,-20016.5226264623,45260.4780383266,13235.620135556,-4611.40610937687,31082.6463804889
"Kerguelen","KER3","CAT2.3B",37,45,46.3,45.6,3844.21428571429,466.450290627387,6337.843662,1140.811859,8452.25040760188,-24196.9532631043,41101.4540783081,9219.49265798721,-3844.90023979328,22283.8855557677
"Kerguelen","KER3","CAT2.3B",38,46.4,47.6,47,4195.23076923077,441.561463038868,4793.106432,862.7591578,9124.59016387285,-23522.614752141,41771.7950798867,9867.0655029795,-3967.47088780783,23701.6018937668
"Kerguelen","KER3","CAT2.3B",42,51.6,52.7,52.2,3994.16666666667,669.185642585392,5197.712813,935.5883063,8739.47038727854,-23908.8665919758,41387.8073665329,9496.13234445977,-3897.19764845613,22889.4623373757
"Kerguelen","KER3","CAT2.3B",45,55.3,56.5,55.9,10666.5384615385,3494.47746726614,12610.90951,2269.963712,21519.7842385588,-11109.3814541345,54148.9499312522,21805.6590731343,-6271.99726823906,49883.3154145078
"Kerguelen","KER3","CAT2.3B",47,58.1,59.3,58.7,1483.38461538462,128.498727919474,3682.282642,662.8108756,3930.29853444381,-28735.0720862766,36595.6691551642,4864.11546646048,-3043.62278982028,12771.8537227412
"Kerguelen","KER3","CAT2.3B",52,64.6,65.7,65.1,1255.58333333333,113.478438747658,2906.84201,523.2315618,3493.96615221998,-29173.2151924405,36161.1474968805,4443.85621586059,-2970.27585661737,11857.9882883385
"Kerguelen","KER3","CAT2.3B",55,68.3,69.4,68.9,4226.83333333333,3552.37144437176,17287.12417,3111.682351,9185.12196577968,-23461.9081465468,41832.1520781061,9925.36750105073,-3978.53088751057,23829.265889612
"Kerguelen","KER3","CAT2.3B",56,69.5,70.7,70.1,2242.69230769231,497.131334862895,5699.532307,1025.915815,5384.68250999535,-27274.9711899718,38044.3362099625,6264.92444729894,-3294.99026251724,15824.8391571151
"Kerguelen","KER3","CAT2.3B",62,77.2,78.2,77.7,1101.54545454545,83.242253256821,8290.436014,1492.278483,3198.92077758908,-29469.509961884,35867.3515170621,4159.6793977125,-2921.40854481005,11240.767340235
"Kerguelen","KER3","CAT2.3B",65,80.8,81.9,81.4,1135.58333333333,121.35781679385,4160.753842,748.9356916,3264.11720055749,-29404.0357235613,35932.2701246763,4222.47418667327,-2932.15081132172,11377.0991846683
"Kerguelen","KER3","CAT2.3B",68,84.5,85.6,85.1,1494.08333333333,154.245057874759,2308.505037,415.5309067,3950.79094364917,-28714.4957205771,36616.0776078754,4883.85299887038,-3047.09579120988,12814.8017889506
"Kerguelen","KER3","CAT2.3C",78,89.2,90.2,89.7,2664.81818181818,563.505247212804,2944.227671,529.9609808,6193.22575697403,-26463.4617553767,38849.9132693248,7043.68346885274,-3437.97586334605,17525.3428010515
"Kerguelen","KER3","CAT2.3C",83,95.7,96.8,96.2,1765.66666666667,364.526176472052,5323.150885,958.1671593,4470.9838141131,-28192.204227273,37134.1718554992,5384.88357742697,-3135.99534760824,13905.7625024622
"Kerguelen","KER3","CAT2.3C",85,98.3,99.3,98.8,1471.09090909091,232.597701856856,8013.424384,1442.416389,3906.75107191334,-28758.7161418517,36572.2182856784,4841.43541941436,-3039.6349699559,12722.5058087846
"Kerguelen","KER3","CAT2.3C",89,103.5,104.7,104.1,3526.23076923077,1379.79842451993,6526.147644,1174.706576,7843.18225835448,-24807.9226172304,40494.2871339393,8632.86069026021,-3734.35427904725,21000.0756595677
"Kerguelen","KER3","CAT2.3C",91,106.1,107.2,106.7,3079,478.593013663251,2614.362638,470.5852748,6986.55289619698,-25667.3715808314,39640.4773732253,7807.78689686594,-3579.83356535465,19195.4073590865
"Kerguelen","KER3","CAT2.3C",96,112.8,113.9,113.3,3184.58333333333,776.838050085477,1688.980811,304.016546,7188.78805019445,-25464.4554198101,39842.031520199,8002.57233504672,-3616.19969769382,19621.3443677873
"Kerguelen","KER3","CAT2.3C",101,118.9,119.9,119.4,2381.90909090909,405.897389630792,894.52222,161.0139996,5651.33944063035,-27007.3192630954,38309.9981443561,6521.75856367779,-3341.94164267121,16385.4587700268
"Kerguelen","KER3","CAT2.3D",110,122.4,123.5,123,925.25,325.006048894758,982.6222745,176.8720094,2861.24306583797,-29808.6423422196,35531.1284738955,3834.4406855144,-2866.33251898311,10535.2138900119
"Kerguelen","KER3","CAT2.3D",115,128.9,130,129.5,1364.66666666667,158.437445834071,1026.542813,184.7777063,3702.90523397429,-28963.403536654,36369.2140046026,4645.09862989268,-3005.24961104849,12295.4468708339
"Kerguelen","KER3","CAT2.3D",117,131.4,132.4,131.9,1324.09090909091,583.422737737475,940.0408553,169.207354,3625.1861061268,-29041.4460548485,36291.8182671021,4570.2424336599,-2992.20705093955,12132.6919182593
"Kerguelen","KER3","CAT2.3D",121,136.5,137.6,137.1,1611.25,312.603764590837,1412.625853,254.2726535,4175.21290617519,-28489.16067862,36839.5864909704,5100.00795236856,-3085.28050330992,13285.296408047
"Kerguelen","KER3","CAT2.3D",124,140.5,141.6,141,1618.41666666667,369.958095497642,1493.608743,268.8495737,4188.93999634393,-28475.3781173688,36853.2581100566,5113.2293791117,-3087.62474272315,13314.0835009465
"Kerguelen","KER3","CAT2.3D",130,148.3,149.4,148.9,1086.58333333333,251.735235491337,1219.508653,219.5115575,3170.26221196198,-29498.2909590502,35838.8153829741,4132.07652475512,-2916.69710746261,11180.8501569728
"Kerguelen","KER3","CAT2.3D",133,152.3,153.4,152.8,1700.66666666667,167.047806621247,1754.957543,315.8923577,4346.48229862926,-28317.2023137127,37010.1669109712,5264.96831161717,-3114.59629236106,13644.5329155954
"Kerguelen","KER3","CAT2.3D",134,153.6,154.8,154.2,2018.53846153846,392.185248614439,2776.371193,499.7468147,4955.33645541554,-27705.953928886,37616.626839717,5851.3941697016,-3219.88378082313,14922.6721202263
"Kerguelen","KER3","CAT2.3D",136,156.4,157.6,157,1843.84615384615,216.3977226289,2063.954537,371.5118167,4620.72942386072,-28041.8661195028,37283.3249672243,5529.11302336544,-3161.82617184904,14220.0522185799
"Kerguelen","KER3","CAT2.3D",139,160.4,161.5,160.9,1139,118.373830031657,922.1577841,165.9884011,3270.66151098678,-29397.4635808539,35938.7866028274,4228.7774250043,-2933.23091819761,11390.7857682062
"Kerguelen","KER3","CAT2.3D",141,163,164.1,163.5,971.5,74.6902695378479,892.1897853,160.5941614,2949.83068262456,-29719.6705469995,35619.3319122486,3919.76500926367,-2880.68540071862,10720.215419246
"Kerguelen","KER3","CAT2.3D",142,164.3,165.5,164.9,942.923076923077,89.712003598981,1079.067648,194.2321766,2895.09421753314,-29774.6441734787,35564.832608545,3867.04486577451,-2871.80858328413,10605.8983148332
"Kerguelen","KER3","CAT2.3E",150,166.5,167.5,167,611.272727272727,55.0056195476261,962.6720227,173.2809641,2259.84850765289,-30412.6930176692,34932.390032975,3255.19963755553,-2771.01597418892,9281.41524929999
"Kerguelen","KER3","CAT2.3E",152,169.1,170.2,169.6,851.25,161.752406192585,2348.961834,422.8131301,2719.50287897944,-29951.0009948683,35390.0067528272,3697.92176751555,-2843.52159903885,10239.3651340699
"Kerguelen","KER3","CAT2.3E",156,174.6,175.7,175.1,1387.91666666667,560.484442786828,1655.247904,297.9446227,3747.4384683589,-28918.6856295021,36413.5625662199,4687.99139804772,-3012.74017489287,12388.7229709883
"Kerguelen","KER3","CAT2.3E",158,177.2,178.3,177.8,12235.6666666667,8387.3054545473,4196.122168,755.3019902,24525.3048466651,-8104.86547798189,57155.4751713122,24700.4656240205,-6836.09302422911,56237.0242722701
"Kerguelen","KER3","CAT2.3E",159,178.6,179.6,179.1,991.545454545454,427.379775758368,2097.411436,377.5340585,2988.22590523181,-29681.1093801852,35657.5611906488,3956.74587095746,-2886.92809699602,10800.419838911
"Kerguelen","KER3","CAT2.3E",163,183.8,184.9,184.3,2632.16666666667,1365.9157323491,11542.31551,2077.616792,6130.68478590931,-26526.2267530821,38787.5963249008,6983.44631318372,-3426.85313586555,17393.745762233
"Kerguelen","KER3","CAT2.3E",165,186.4,187.5,187,600.833333333333,76.8621355336155,2793.517809,502.8332056,2239.85280971154,-30432.778467076,34912.4840864991,3235.94051910729,-2767.91873537373,9239.79977358832
"Kerguelen","KER3","CAT2.3E",168,190.4,191.5,190.9,3035.83333333333,1371.4507801683,4685.263824,843.3474883,6903.8711205295,-25750.3345111278,39558.0767521868,7728.1508613666,-3564.98776765169,19021.2894903849
"Kerguelen","KER3","CAT2.3E",171,194,195,194.5,5596,3065.49248898118,3019.351972,543.483355,11807.6346573176,-20832.6388223471,44447.9081369824,12451.2749590699,-4460.73580128967,29363.2857194295
"Kerguelen","KER3","CAT2.3E",174,197.7,198.6,198.1,8525.9,1312.00113905777,10949.68509,1970.943316,17419.5883529503,-15211.5930281657,50050.7697340663,17856.5016867026,-5504.42224946374,41217.4256228689
"Kerguelen","KER3","CAT2.3E",177,201.6,202.7,202.1,1391.83333333333,290.508592685728,5241.125535,943.4025963,3754.94048275343,-28911.1525505764,36421.0335160832,4695.21706150035,-3014.00323227007,12404.4373552708
"Kerguelen","KER3","CAT2.3E",181,207,208.1,207.5,8821.4,3491.49427895851,9051.448288,1629.260692,17985.5913964192,-14645.0792518144,50616.2620446528,18401.6549335764,-5610.20232198487,42413.5121891376
"Marion Island","PB1","PB1.1A",4,5,6.3,5.7,1038.23076923077,372.12770071714,3050.532794,549.0959029,3077.64732721892,-29591.3028022437,35746.5974566816,4042.87328510983,-2901.5167915422,10987.2633617619
"Marion Island","PB1","PB1.1A",7,9.8,11.1,10.4,3249.71428571429,411.849753891173,7851.216036,1413.218886,7313.54039290731,-25339.2877165806,39966.3685023952,8122.72918838838,-3638.66957635048,19884.1279531272
"Marion Island","PB1","PB1.1A",9,12.6,13.8,13.2,2784.92307692308,460.23625482616,8344.923993,1502.086319,6423.27562555232,-26232.59563402,39079.1468851246,7265.25901379984,-3478.9701213181,18009.4881489178
"Marion Island","PB1","PB1.1A",14,19.4,20.7,20.1,6043.85714285714,2430.9084676355,10691.94331,1924.549796,12665.4637804866,-19972.9461973302,45303.8737583034,13277.5043180012,-4619.46162326212,31174.4702592644
"Marion Island","PB1","PB1.1A",16,22.3,23.5,22.9,1944.07692307692,1525.14466316797,7986.619879,1437.591578,4812.71223412753,-27849.1312933707,37474.5557616258,5714.02378235972,-3195.08237126545,14623.1299359849
"Marion Island","PB1","PB1.1A",17,23.7,24.9,24.3,4082.76923076923,3805.01062534316,8570.237082,1542.642675,8909.18044122505,-23738.6534319752,41557.0143144253,9659.59080639498,-3928.14445744384,23247.3260702338
"Marion Island","PB1","PB1.1A",22,30.4,31.6,31,1401.69230769231,267.877268108421,8371.598901,1506.887802,3773.82444042742,-28892.1904554498,36439.8393363047,4713.40539274449,-3017.18410480694,12443.9948902959
"Marion Island","PB1","PB1.1A",28,38.5,39.8,39.2,7204.21428571429,1196.89805353232,26108.88564,4699.599415,14888.0210541515,-17746.3558901399,47522.3979984429,15418.1894752321,-5032.25796427991,35868.6369147441
"Marion Island","PB1","PB1.1A",32,44,45.3,44.7,15633.6363636364,3507.16353404649,41892.79642,7540.703356,31033.80295191,-1605.73844637865,63673.3443501987,30969.2108459552,-8060.164895372,69998.5865872824
"Marion Island","PB1","PB1.1B",39,46.4,47.6,47,16753.9230769231,2820.62213768341,41782.67485,7520.881473,33179.6090069963,534.821157014652,65824.396856978,33035.9720614469,-8464.24295452401,74536.1870774177
"Marion Island","PB1","PB1.1B",41,49.3,50.5,49.9,37993.9090909091,7981.19848712642,74332.03609,13379.7665,73862.8466623344,40917.5569016552,106808.136423014,72220.5654255007,-16142.413782148,160583.544633149
"Marion Island","PB1","PB1.1B",42,50.6,51.8,51.2,36975.3846153846,6399.86164614077,65826.87683,11848.83783,71911.9568044853,38989.7176927811,104834.195916189,70341.540299096,-15773.885418343,156456.966016535
"Marion Island","PB1","PB1.1B",44,53.3,54.5,53.9,45487.8461538462,4387.67612839557,61529.99604,11075.39929,88216.7931435073,55075.6056655311,121357.980621483,86045.7570387929,-18854.3244785504,190945.838556136
"Marion Island","PB1","PB1.1B",45,54.7,55.8,55.2,48023.5,4493.82480339814,62090.22227,11176.24001,93073.6046294857,59855.7406907284,126291.468568243,90723.6586536108,-19772.0563335039,201219.373640726
"Marion Island","PB1","PB1.1B",46,56,57.7,56.8,50206.1666666667,4694.76468432407,69022.61633,12424.07094,97254.3016725023,63966.2719855042,130542.3313595,94750.3517844958,-20562.0708363635,210062.774405355
"Marion Island","PB1","PB1.1B",52,64.3,65.4,64.9,41813.9166666667,3166.44574069853,55145.10882,9926.119588,81179.7194675897,48140.3361637313,114219.102771448,79267.9073307686,-17524.7200140604,176060.534675598
"Marion Island","PB1","PB1.1B",54,66.9,68.1,67.5,33420.2307692308,3140.15926225211,49708.5435,8947.53783,65102.3869333411,32253.8447182348,97950.9291484474,63782.8138613075,-14487.6798276865,142053.307550301
"Marion Island","PB1","PB1.1B",57,70.8,72,71.4,37935.1538461538,2049.01467564916,57544.1121,10357.94018,73750.3064005704,40806.3697324548,106694.243068686,72112.170797923,-16121.1541903071,160345.495786153
"Marion Island","PB1","PB1.1B",62,77.7,78.9,78.3,30791.8461538462,4733.44618726064,52812.80934,9506.305681,60067.9581965747,27267.1128849685,92868.8035081809,58933.8378643194,-13536.9378482648,131404.613576904
"Marion Island","PB1","PB1.1B",64,80.4,81.5,81,23119.5,2584.99824160306,43148.48701,7766.727662,45372.2855277976,12677.4176916838,78067.1533639113,44779.5081962696,-10762.9803728687,100321.996765408
"Marion Island","PB1","PB1.1B",65,81.7,82.8,82.3,31128.4166666667,5141.19942599767,43519.29717,7833.473491,60712.6280260106,27905.9982889862,93519.2577630349,59554.7600567596,-13658.6729170772,132768.193030596
"Marion Island","PB1","PB1.1B",66,83,84.1,83.6,23379.9166666667,3720.97852375453,43807.25015,7885.305027,45871.0896763707,13173.4404317787,78568.7389209628,45259.9379471102,-10857.0907292508,101376.966623471
"Marion Island","PB1","PB1.1B",67,84.3,85.4,84.9,28673.5454545455,4299.08300370291,56835.40498,10230.3729,56010.5482379066,23243.9240460425,88777.1724297707,55025.8903039852,-12770.8385539984,122822.619161969
"Marion Island","PB1","PB1.1B",68,85.6,86.6,86.1,27310.1666666667,1898.98366677196,40065.30353,7211.754635,53399.1216952998,20652.5248344612,86145.7185561384,52510.6606155556,-12277.8391873574,117299.160418469
"Marion Island","PB1","PB1.1C",77,89.2,90.3,89.7,27577.25,1342.73304224156,37869.32381,6816.478286,53910.6952300763,21160.2984824599,86661.0919776927,53003.3893680176,-12374.4115842627,118381.190320298
"Marion Island","PB1","PB1.1C",79,91.8,92.9,92.4,31285.5833333333,2277.73960752694,37601.26579,6768.227842,61013.6663057573,28204.3028855021,93823.0297260124,59844.7090199867,-13715.5199632645,133404.938003238
"Marion Island","PB1","PB1.1C",81,94.5,95.6,95.1,33752.8,4427.14331771127,37546.25716,6758.326289,65739.3926754036,32884.4032898648,98594.3820609423,64396.3542875821,-14607.9884236263,143400.696998791
"Marion Island","PB1","PB1.1C",84,98.5,99.6,99.1,30468.2857142857,4709.47437669661,36608.93142,6589.607656,59448.2079646378,26652.8338259358,92243.5821033398,58336.9173086974,-13419.9113150834,130093.745932478
"Marion Island","PB1","PB1.1C",86,101.2,102.3,101.8,31669,5584.67353069492,45780.92185,8240.565933,61748.0656297845,28931.9463154086,94564.1849441604,60552.0553507443,-13854.2040999017,134958.31480139
"Marion Island","PB1","PB1.1C",87,102.6,103.7,103.1,35895.3333333333,3578.21114101683,38376.81753,6907.827155,69843.2180134752,36944.4810294195,102741.954997531,68349.0074287054,-15383.1133868866,152081.128244297
"Marion Island","PB1","PB1.1C",88,103.9,105,104.4,33334.7777777778,7099.29096420512,37284.60506,6711.228911,64938.7095958253,32091.8090412067,97785.6101504438,63625.1658892409,-14456.7671580813,141707.098936563
