"Location","Site","Section","sample","top","bottom","mp","depth","depth_err","SH20_min_age_95CI","SH20_max_age_95CI","SH20_median_age","SH20_mean_age","SH20_mean_95CI","accrate","accrate_err","Water_Content","Dry_mass","Dry_mass_err","LOI550","LOI550_err","C_org_pc","C_org_pc_err","Volume","Volume_err","Wet_density","Dry_density","Dry_density_err","DMAR","DMAR_err","DMAR_err_pc","P_ICP","P_ICP_sd","K_ICP","K_ICP_sd","Ca_ICP","Ca_ICP_sd","Ti_ICP","Ti_ICP_sd","Mn_ICP","Mn_ICP_sd","Fe_ICP","Fe_ICP_sd","Co_ICP","Co_ICP_sd","Ni_ICP","Ni_ICP_sd","Cu_ICP","Cu_ICP_sd","Zn_ICP","Zn_ICP_sd","As_ICP","As_ICP_sd","Rb_ICP","Rb_ICP_sd","Sr_ICP","Sr_ICP_sd","Zr_ICP","Zr_ICP_sd","Pb_ICP","Pb_ICP_sd","Th_ICP","Th_ICP_sd"
"Bird Island","BI10","BI10.1",1,0,1.1,0.6,0.6,0.55,-67,-52,-61,-61,7,0.09517,0.07549,87.49,12.51,0.63,90.56,4.53,52.34,4.53,3.9915,0.2116,0.7473,0.1069,0.011,0.0102,0.0091,89.6,3631.01094,41.22201845,1782.206118,320.7971012,1557.061769,202.41803,134.9563972,18.89389561,34.34524027,4.121428832,13959.03161,2512.62569,0.738789575,0.05171527,2.467420581,1.332407114,4.369649931,0.61175099,22.90793616,2.061714254,1.593037056,0.008373058,2.288761162,0.366201786,26.58846642,0.531769328,2.896325963,0.144816298,1.440961807,0.005279507,0.193973613,0.004950768
"Bird Island","BI10","BI10.1",4,3.9,5,4.5,4.5,0.55,-62,41,-24,-20,52,0.09524,-0.2374,89.51,10.49,0.52,90.31,4.52,45.15,4.52,3.7179,0.303,1.4999,0.1757,0.0231,0.0167,-0.0395,-236.1,2187.768178,58.29252023,1331.46149,239.6630682,1397.543318,181.6806313,79.78694045,11.17017166,28.06949723,3.368339668,9355.988249,1684.077885,0.761205508,0.053284386,2.98969441,1.614434981,3.255429522,0.455760133,12.50967591,1.125870832,1.332775979,0.02334512,1.525038372,0.24400614,25.05462045,0.501092409,2.113253146,0.105662657,2.373368867,0.02400569,0.111198299,0.000588647
"Bird Island","BI10","BI10.1",10,11.7,12.8,12.3,12.3,0.55,-33,189,50,60,111,0.10578,0.20089,86.38,13.62,0.68,90.68,4.53,45.34,4.53,4.7687,0.701,0.9214,0.1452,0.0286,0.0154,0.0322,209.6,2538.801945,60.0436628,1545.22611,278.1406998,2547.021617,331.1128102,340.544392,47.67621488,37.1899001,4.462788012,3942.206507,709.5971713,1.745989306,0.122219251,3.556521683,1.920521709,5.828405269,0.815976738,13.94648753,1.255183878,1.743850558,0.029034748,4.398970104,0.703835217,46.4043754,0.928087508,6.431024383,0.321551219,1.816847326,0.011704502,0.392855167,0.002705738
"Bird Island","BI10","BI10.1",22,26.7,27.8,27.2,27.2,0.525,82,372,212,214,145,0.08802,0.06119,80.34,19.66,0.98,72.7,3.63,36.35,3.64,5.6796,1.5477,0.8756,0.2142,0.0691,0.0189,0.0192,101.8,6654.725412,133.8869744,4972.490853,895.0483535,6361.863436,827.0422467,1070.668936,149.893651,59.55046887,7.146056264,4568.280308,822.2904554,1.171208352,0.081984585,7.052448962,3.808322439,18.80830619,2.633162867,83.1136075,7.480224675,4.803888726,0.047934098,19.01381163,3.042209861,121.9608593,2.439217186,35.64216716,1.782108358,5.697875838,0.054057547,2.206277124,0.022103189
"Bird Island","BI10","BI10.1",30,36.3,37.2,36.7,36.7,0.475,182,468,347,340,143,0.07126,0.0308,78.21,21.79,1.09,61.98,3.1,30.99,3.1,4.6609,1.6313,1.0904,0.3038,0.1215,0.0216,0.018,83.2,3726.942347,91.16765458,16457.36219,2962.325194,8442.247188,1097.492134,1962.99309,274.8190326,148.1529747,17.77835696,18556.10587,3340.099057,14.98993637,1.049295546,9.844407416,5.315980005,25.3957986,3.555411804,90.06087679,8.105478911,7.177832466,0.057235004,43.16823811,6.906918098,150.558177,3.01116354,40.9140318,2.04570159,4.940056387,0.065822161,4.042046336,0.032130391
"Bird Island","BI10","BI10.1",34,40.9,41.9,41.4,41.4,0.5,244,520,411,404,138,0.07979,0.02824,80.53,19.47,0.97,46.97,2.35,23.49,2.35,4.9063,1.9134,1.0736,0.2596,0.1142,0.0207,0.0164,79.4,3202.443185,82.71131473,10808.43657,1945.518583,8467.75867,1100.808627,1538.231355,215.3523897,149.1109339,17.89331207,34440.81517,6199.346731,4.788646274,0.335205239,10.02079263,5.41122802,25.1006547,3.514091658,83.32372544,7.49913529,7.880957488,0.074791029,21.08188416,3.373101466,145.2111951,2.904223902,27.74345656,1.387172828,7.408811877,0.095574739,2.195438664,0.011765005
"Bird Island","BI10","BI10.2",51,45.9,46.9,46.4,46.4,0.5,374,544,470,467,85,0.07984,0.01535,84.86,15.14,0.76,86.82,4.34,43.41,4.34,5.8291,3.2905,1.0017,0.1787,0.1098,0.0143,0.0115,80.7,3384.904962,93.00445812,2479.827204,446.3688967,6975.196896,906.7755965,301.0170716,42.14239002,55.70453095,6.684543714,26327.35852,4738.924534,17.04437568,1.193106298,9.672030755,5.222896608,30.70187991,4.298263187,154.2471074,13.88223967,10.64861794,0.177330122,5.28425398,0.845480637,110.8952002,2.217904004,6.355756988,0.317787849,2.861172068,0.011046014,0.732997581,0.006237929
"Bird Island","BI10","BI10.2",54,49.3,50.3,49.8,49.8,0.5,431,612,509,509,91,0.04431,0.00833,77.63,22.37,1.12,49.27,2.46,24.64,2.47,5.7227,3.3993,0.9612,0.2769,0.1783,0.0123,0.0102,83.2,3001.682437,49.99798666,23399.21394,4211.858509,7326.374157,952.4286404,1904.013462,266.5618847,235.7531016,28.29037219,20544.92897,3698.087215,5.701846016,0.399129221,6.289145655,3.396138654,12.23274868,1.712584815,56.72463202,5.105216882,5.236852561,0.016924834,58.41930414,9.347088662,153.965778,3.07931556,31.40903404,1.570451702,6.319566267,0.119404834,4.857814687,0.12796856
"Bird Island","BI10","BI10.2",62,58.4,59.4,58.9,58.9,0.5,517,1000,723,731,242,0.04011,0.0136,87.79,12.21,0.61,89.03,4.45,44.52,4.45,5.7227,3.8571,1.0337,0.1438,0.1041,0.0058,0.0061,106.3,4341.206788,110.6435017,867.9986358,156.2397544,5816.665099,756.1664629,225.6496719,31.59095407,36.54824658,4.38578959,2355.109726,423.9197507,1.54911114,0.10843778,7.635178907,4.12299661,44.61646774,6.246305484,109.0593506,9.815341554,6.931517761,0.104210602,3.560602291,0.569696367,97.81476508,1.956295302,6.255310392,0.31276552,4.714142544,0.009348352,0.621271024,0.00212764
"Bird Island","BI10","BI10.2",67,64.1,65.2,64.6,64.6,0.525,707,1112,883,891,203,0.03456,0.00815,77.02,22.98,1.15,80.57,4.03,40.28,4.03,5.5719,4.0229,1.0497,0.3133,0.2418,0.0108,0.0109,100.8,3712.228887,74.17879973,7766.606331,1397.98914,9084.977882,1181.047125,1442.000824,201.8801154,88.46094721,10.61531367,6242.966621,1123.733992,4.068857773,0.284820044,5.960197779,3.218506801,36.59073739,5.122703235,261.6355831,23.54720248,8.072382999,0.070931291,30.36236272,4.857978035,168.0404108,3.360808216,30.42377281,1.521188641,4.487970407,0.077593013,2.556674805,0.045766663
"Bird Island","BI10","BI10.2",71,68.7,69.8,69.2,69.2,0.55,826,1194,1027,1024,184,0.0397,0.00745,76.84,23.16,1.16,65.27,3.26,32.63,3.26,5.7255,4.36,1.0071,0.3035,0.2463,0.012,0.012,99.9,3558.613952,53.10499408,1973.319538,355.1975168,6626.492173,861.4439825,461.9149499,64.66809299,46.49996193,5.579995432,3694.801697,665.0643055,2.041238975,0.142886728,6.674238754,3.604088927,34.06414422,4.768980191,140.4650062,12.64185056,10.75975255,0.084324463,7.795499709,1.247279953,114.9998151,2.299996302,21.97235957,1.098617979,4.288871292,0.045808063,1.233894651,0.01690507
"Bird Island","BI10","BI10.3",84,80,81,80.5,80.5,0.5,1078,1383,1228,1228,153,0.11538,0.01505,83.75,16.25,0.81,72.37,3.62,36.18,3.62,3.6287,3.2041,0.8837,0.1715,0.16,0.0198,0.021,106.3,3474.148775,97.58287489,14359.67839,2584.74211,9905.624178,1287.731143,2197.326275,307.6256785,125.5077224,15.06092669,6284.597012,1131.227462,2.439569014,0.170769831,6.367819135,3.438622333,39.61078518,5.545509925,67.51751759,6.076576583,5.520887153,0.016892471,50.21714125,8.0347426,209.897137,4.19794274,39.24997232,1.962498616,4.871746851,0.049115691,3.886857404,0.030253524
"Bird Island","BI10","BI10.3",88,84.8,85.8,85.3,85.3,0.525,1140,1414,1267,1270,137,0.11538,0.01316,83.38,16.62,0.83,73.08,3.65,36.54,3.66,4.9476,4.5963,0.9241,0.1842,0.1804,0.0213,0.0232,109.3,3858.056048,77.55997105,3095.570446,557.2026803,7180.738417,933.4959942,574.7925663,80.47095928,57.22472424,6.866966909,3753.765384,675.6777691,2.601276107,0.182089327,5.912256586,3.192618556,37.01157435,5.181620409,65.03458094,5.853112285,8.662126972,0.092756516,13.30255749,2.128409198,130.9618352,2.619236704,13.33706426,0.666853213,3.755055231,0.044804774,1.35530674,0.018758598
"Bird Island","BI10","BI10.3",95,93,94,93.5,93.5,0.5,1233,1487,1332,1342,127,0.11287,0.01132,84.51,15.49,0.77,71.74,3.59,35.87,3.59,5.4091,5.4227,0.926,0.1698,0.1787,0.0192,0.0221,115.3,3318.93706,140.159263,3134.001598,564.1202876,6732.62029,875.2406377,606.0238476,84.84333866,60.2997145,7.23596574,11390.75321,2050.335578,5.745017677,0.402151237,7.120078834,3.84484257,25.20300712,3.528420997,71.97280393,6.477552354,7.32730259,0.127147154,10.28410137,1.645456219,119.867266,2.39734532,13.96054981,0.698027491,4.655602184,0.05117785,1.122462139,0.002027459
"Bird Island","BI10","BI10.3",98,96.3,97.3,96.8,96.8,0.5,1278,1505,1359,1371,114,0.11294,0.00996,72.66,27.34,1.37,78.62,3.93,39.31,3.93,5.6172,5.8053,0.9172,0.3451,0.374,0.039,0.0457,117.2,3046.497536,93.59658386,3044.618396,548.0313113,6605.365982,858.6975777,562.7226914,78.7811768,54.01867077,6.482240492,7073.372392,1273.207031,3.633220643,0.254325445,5.857915852,3.16327456,18.81424853,2.633994794,41.79884834,3.761896351,5.049060535,0.052888463,9.694363956,1.551098233,112.4064678,2.248129356,13.08141258,0.654070629,4.214972855,0.00900571,0.992804532,0.005060371
"Bird Island","BI10","BI10.3",104,103.2,104.2,103.7,103.7,0.475,1358,1649,1477,1487,145,0.04191,0.00429,83.17,16.83,0.84,84.12,4.21,42.06,4.21,5.3363,5.8353,0.944,0.191,0.2184,0.008,0.01,124.6,3335.981766,60.0124919,1424.582603,256.4248685,7089.603048,921.6483962,441.0920959,61.75289343,47.40786167,5.6889434,1987.252608,357.7054694,1.389287804,0.097250146,4.568507031,2.466993797,19.39416739,2.715183435,45.72842227,4.115558004,4.628095976,0.048659815,6.266500548,1.002640088,127.1397723,2.542795446,11.39582517,0.569791259,4.732409551,0.019576414,0.984439937,0.012776705
"Bird Island","BI10","BI10.3",114,114.9,115.9,115.4,115.4,0.5,1478,2098,1763,1768,310,0.04149,0.00745,86.16,13.84,0.69,85,4.25,42.5,4.25,3.9741,4.7093,1.714,0.2754,0.3402,0.0114,0.0162,141.5,4610.248256,169.7864944,1716.680373,309.0024671,5586.311354,726.220476,354.6954517,49.65736324,38.81328375,4.65759405,15892.74003,2860.693205,1.543818014,0.108067261,5.784125479,3.123427759,42.10225675,5.894315945,35.80217711,3.22219594,5.434072792,0.066823231,6.037782671,0.966045227,94.40874214,1.888174843,8.138802933,0.406940147,3.83135941,0.031914034,0.865875823,0.005713133
"Bird Island","BI10","BI10.3",119,120.7,121.7,121.2,121.2,0.475,1584,2220,1920,1912,318,0.03575,0.00609,87.29,12.71,0.64,88.51,4.43,44.26,4.43,5.0413,6.2613,1.2611,0.1836,0.2372,0.0066,0.0096,146.2,2888.301683,68.23238158,1641.390095,295.4502171,5647.265231,734.14448,401.5251511,56.21352115,37.52718028,4.503261634,3019.385269,543.4893484,1.001920559,0.070134439,9.469595678,5.113581666,77.32937965,10.82611315,126.1466188,11.35319569,11.39866575,0.123110885,6.954876946,1.112780311,100.7977844,2.015955688,10.71344504,0.535672252,3.961646879,0.031813072,0.860069661,0.003042513
"Bird Island","BI10","BI10.3",120,121.8,122.7,122.3,122.3,0.45,1650,2226,1946,1943,288,0.03576,0.00543,87.79,12.21,0.61,89.09,4.45,44.55,4.46,4.7759,5.9795,1.0924,0.1519,0.1978,0.0054,0.0079,145.4,4492.936701,91.25578968,683.2265993,122.9807879,5350.125775,695.5163508,192.9637106,27.01491948,32.12024806,3.854429767,4238.013215,762.8423787,0.741821487,0.051927504,6.534750001,3.528765001,62.86286744,8.800801442,87.02811474,7.832530327,13.1076901,0.161700542,2.592646444,0.414823431,91.74775016,1.834955003,5.71655892,0.285827946,5.092746285,0.020391728,0.664291765,0.003592713
"Bird Island","BI10","BI10.4",145,132,133,132.5,132.5,0.5,2052,2331,2181,2196,139,0.06663,0.00448,85.19,14.81,0.74,83.92,4.2,41.96,4.2,4.1527,6.2124,1.5704,0.273,0.422,0.0182,0.0293,161.3,3582.990472,78.58668299,5412.77206,974.2989708,5488.24581,713.4719553,523.0275133,73.22385186,51.81193098,6.217431718,36760.73258,6616.931864,3.769043144,0.26383302,7.155451754,3.863943947,40.6484082,5.690777148,36.99629166,3.329666249,7.711571305,0.048823252,9.787053209,1.565928513,91.25190224,1.825038045,9.674570314,0.483728516,4.402169903,0.038260027,0.858893791,0.005791892
"Bird Island","BI10","BI10.4",155,143.7,144.8,144.2,144.2,0.55,2200,2522,2364,2368,161,0.07115,0.0051,83.67,16.33,0.82,86.15,4.31,43.07,4.31,6.412,10.2881,0.9519,0.1858,0.3074,0.0132,0.0228,172.6,3079.887722,69.393988,5594.694254,1007.044966,6436.237221,836.7108387,1149.476822,160.9267551,82.80022216,9.936026659,6074.810846,1093.465952,1.250579343,0.087540554,6.317256008,3.411318244,67.58862806,9.462407928,145.146567,13.06319103,5.364596712,0.048444676,20.81297886,3.330076618,121.0153008,2.420306016,58.14267286,2.907133643,2.650531649,0.028355943,1.955638501,0.006912781
"Bird Island","BI10","BI10.5",172,156.1,157.2,156.6,156.6,0.525,2362,2681,2501,2501,159,0.12621,0.00845,84.35,15.65,0.78,87.61,4.38,43.8,4.38,5.7883,10.2626,0.8689,0.1612,0.2939,0.0203,0.0385,189,1967.834735,47.21852826,2804.420041,504.7956074,5642.915643,733.5790336,253.7523195,35.52532473,42.83579617,5.14029554,49049.46764,8828.904175,16.76515491,1.173560844,16.20702482,8.751793403,58.21751812,8.150452537,148.0981288,13.32883159,23.90463007,0.06260096,4.260143181,0.681622909,85.39705279,1.707941056,5.057282645,0.252864132,3.146538486,0.012418503,0.570044874,0.002471594
"Bird Island","BI10","BI10.5",175,159.9,161,160.5,160.5,0.55,2377,2740,2532,2532,181,0.15064,0.01131,85.73,14.27,0.71,84.28,4.21,42.14,4.22,5.9501,10.725,0.8793,0.1463,0.271,0.022,0.0425,192.8,1694.735519,33.88377561,21023.43508,3784.218314,6500.001765,845.0002295,1574.554031,220.4375643,219.4284939,26.33141927,51904.82693,9342.868847,14.16367715,0.991457401,12.29132094,6.637313308,34.00992075,4.761388905,148.2023206,13.33820885,15.12156246,0.095879915,43.16608535,6.906573656,121.2110164,2.424220328,16.90685979,0.84534299,2.340809011,0.027559605,2.295847112,0.022916539
"Bird Island","BI10","BI10.5",181,167.1,168.1,167.6,167.6,0.5,2411,2817,2574,2579,203,0.15064,0.01229,85.62,14.38,0.72,87.27,4.36,43.63,4.36,5.6172,10.4676,0.9271,0.1557,0.298,0.0235,0.0468,199.5,2752.727597,75.0445044,1243.638909,223.8550036,6176.904031,802.997524,227.5458294,31.85641612,41.17278862,4.940734634,34127.39087,6142.930357,6.771422937,0.473999606,8.534630865,4.608700667,31.39605337,4.395447472,72.11422012,6.490279811,12.77033613,0.179389774,2.564526013,0.410324162,95.32051892,1.906410378,5.156965844,0.257848292,1.427389453,0.026999745,0.435568334,0.001231962
"Bird Island","BI10","BI10.5",191,179.1,180.1,179.6,179.6,0.5,2468,2973,2645,2658,253,0.11483,0.01123,79.81,20.19,1.01,71.14,3.56,35.57,3.56,4.1527,8.1226,1.1133,0.2816,0.565,0.0323,0.068,210.4,1749.918156,38.72164841,11337.75217,2040.795391,6093.055388,792.0972004,915.5577505,128.1780851,122.3868181,14.68641817,29114.97389,5240.6953,5.562421054,0.389369474,5.623618255,3.036753858,28.97367916,4.056315082,93.7163573,8.434472157,5.880620616,0.031702243,24.03856275,3.84617004,119.1548845,2.38309769,15.8979202,0.79489601,2.455216785,0.026686848,1.603626604,0.009780705
"Bird Island","BI10","BI10.5",194,182.8,183.8,183.3,183.3,0.5,2514,3004,2673,2693,245,0.10213,0.00957,64.5,35.5,1.78,77.78,3.89,38.89,3.89,4.3352,8.614,0.7714,0.4246,0.865,0.0434,0.0924,213.1,2718.898178,69.33850126,21256.47654,3826.165777,9697.311696,1260.65052,2196.956371,307.5738919,243.6402038,29.23682446,24845.10488,4472.118878,3.933228837,0.275326019,4.972003175,2.684881715,26.9304948,3.770269272,75.23867924,6.771481132,6.036863844,0.03305887,58.90663431,9.42506149,121.5336821,2.430673642,34.80855314,1.740427657,3.035214228,0.002861817,3.482291497,0.029947165
"Bird Island","BI10","BI10.5",197,186.5,187.5,187,187,0.5,2550,3047,2708,2729,248,0.10214,0.00957,84.62,15.38,0.77,80.22,4.01,40.11,4.01,4.712,9.5135,0.983,0.1787,0.3698,0.0183,0.0395,216.3,3664.07192,100.1547698,4642.258304,835.6064947,7288.66125,947.5259625,660.9863166,92.53808432,67.78989286,8.134787143,27055.53366,4869.996059,5.752426608,0.402669863,6.761396788,3.651154266,46.72905914,6.54206828,130.7729603,11.76956643,9.314588371,0.068044927,12.67353344,2.02776535,118.8967341,2.377934682,12.27077458,0.613538729,4.000698932,0.018011777,1.094034563,0.005286327
"Bird Island","BI10","BI10.5",202,192.4,193.3,192.8,192.8,0.475,2624,3136,2799,2816,256,0.04843,0.00452,83.14,16.86,0.84,77.46,3.87,38.73,3.87,4.6609,9.6481,0.9287,0.1884,0.3993,0.0091,0.0202,221.3,3848.06892,41.19289408,2367.746797,426.1944235,5866.599826,762.6579774,234.8825033,32.88355046,42.2400533,5.068806396,70333.76898,12660.07842,6.816523388,0.477156637,10.88241106,5.876501972,68.09335946,9.533070324,90.27805952,8.125025357,12.34294185,0.16755276,2.553601126,0.40857618,85.79649547,1.715929909,5.275218799,0.26376094,3.910548282,0.038689543,0.525755101,0.007880519
"Bird Island","BI10","BI10.6",221,205.5,206.6,206,206,0.525,2807,3404,3080,3085,299,0.05,0.00497,85.64,14.36,0.72,79.39,3.97,39.7,3.97,5.049,11.4083,1.0727,0.198,0.4574,0.0099,0.0239,240.9,3024.167109,28.86847469,21467.56946,3864.162503,6764.508083,879.3860508,1293.229498,181.0521297,160.5283798,19.26340558,107255.388,19305.96984,11.84941346,0.829458942,9.702568502,5.239386991,34.46389212,4.824944897,255.5835815,23.00252234,14.42470471,0.069185362,25.70637949,4.113020718,111.2286921,2.224573842,16.62081972,0.831040986,2.773325809,0.03176745,1.704581666,0.021768116
"Bird Island","BI10","BI10.6",231,217,218,217.5,217.5,0.5,2987,3570,3316,3305,291,0.05329,0.00482,83.6,16.4,0.82,83.74,4.19,41.87,4.19,5.0049,11.814,0.946,0.1855,0.4472,0.0099,0.0247,250.1,3706.069884,86.41481399,3810.216932,685.8390478,8457.047616,1099.41619,430.4165299,60.25831419,73.63658302,8.836389962,46161.88967,8309.140141,10.70451145,0.749315802,8.361148745,4.515020322,60.20244341,8.428342077,399.0691035,35.91621932,17.48268627,0.198162364,6.149324503,0.98389192,136.1592518,2.723185036,8.204676276,0.410233814,3.749120605,0.024650014,0.747638528,0.004995818
"Bird Island","BI10","BI10.6",242,230.4,231.5,230.9,230.9,0.525,3307,3734,3577,3561,213,0.07807,0.00486,81.24,18.76,0.94,81.1,4.06,40.55,4.06,4.4556,10.9897,0.9729,0.2246,0.5652,0.0175,0.0452,257.9,7511.379127,223.8801072,2179.747422,392.354536,7198.222186,935.7688842,389.6638198,54.55293477,51.31483509,6.157780211,28337.51625,5100.752925,6.228678054,0.436007464,7.693387104,4.154429036,73.19734621,10.24762847,48.4428199,4.359853791,7.838729242,0.124651229,4.534790413,0.725566466,116.7915838,2.335831676,9.348601732,0.467430087,3.415881262,0.066169411,0.749361277,0.007417022
"Bird Island","BI10","BI10.6",250,240.2,242,241.1,241.1,0.925,3501,3826,3691,3684,163,0.16685,0.008,84.58,15.42,0.77,79.86,3.99,39.93,3.99,9.4433,24.0897,0.8893,0.1621,0.4217,0.0271,0.0717,264.9,3917.962311,74.2155094,2601.638721,468.2949698,6524.805309,848.2246902,301.303437,42.18248118,64.81180749,7.777416899,68261.38783,12287.04981,16.02760991,1.121932694,12.99158529,7.015456057,116.9107903,16.36751064,232.0043335,20.88039002,14.95444042,0.169784194,3.037488827,0.485998212,95.07661499,1.9015323,4.985074292,0.249253715,3.090751455,0.020183412,0.448381306,0.005306797
"Bird Island","BI10","BI10.7",259,252.7,253.7,253.2,253.2,0.5,3586,3905,3760,3756,160,0.17647,0.00785,84.45,15.55,0.78,86.09,4.3,43.05,4.31,4.9063,12.9525,0.9652,0.1777,0.4781,0.0314,0.0858,273.4,4680.104734,586.151653,2160.208858,388.8375944,6240.983611,811.3278694,344.5794406,48.24112168,41.07148346,4.928578015,23779.92504,4280.386507,0.986560337,0.069059224,4.505779401,2.433120877,32.9760233,4.616643262,29.80921049,2.682828944,6.793606115,0.069503372,5.026836978,0.804293916,101.292967,2.02585934,7.527120756,0.376356038,1.7765461,0.019867709,0.69790539,0.001405959
"Bird Island","BI10","BI10.7",271,267,268,267.5,267.5,0.5,3684,3998,3837,3839,157,0.16949,0.00726,85.68,14.32,0.72,83.02,4.15,41.51,4.15,4.3352,11.952,0.89,0.1488,0.4176,0.0252,0.0719,285,4753.263651,653.2476809,2135.960113,384.4728203,7771.356271,1010.276315,232.314161,32.52398254,56.87091915,6.824510298,58747.48129,10574.54663,23.84445704,1.669111993,14.66999494,7.921797268,145.5334854,20.37468796,316.1883316,28.45694984,15.17453377,0.147209444,2.699363842,0.431898215,119.6977813,2.393955626,5.881017729,0.294050886,3.15990626,0.005576577,0.499045891,0.00796755
"Bird Island","BI10","BI10.7",280,277.9,278.9,278.4,278.4,0.5,3766,4076,3903,3910,155,0.14981,0.00622,84.86,15.14,0.76,84.07,4.2,42.03,4.2,4.2434,12.0789,1.1606,0.207,0.5996,0.031,0.0911,293.8,3716.413631,63.81448751,1942.49545,349.649181,6196.60628,805.5588164,227.4128172,31.83779441,39.2756349,4.713076188,49872.72804,8977.091047,36.34308788,2.544016152,15.10269284,8.155454134,49.70613596,6.958859034,205.2689039,18.47420135,12.76796013,0.043601511,2.511699688,0.40187195,99.83622626,1.996724525,5.366567931,0.268328397,1.246594212,0.013360443,0.429107176,0.003204618
"Bird Island","BI10","BI10.8",300,293.7,294.8,294.3,294.3,0.525,3864,4267,4033,4041,202,0.1194,0.00617,81.19,18.81,0.94,77.72,3.89,38.86,3.89,5.3597,16.3524,0.9,0.2086,0.6468,0.0249,0.0785,315.3,4199.690674,81.21750475,643.1526044,115.7674688,6725.623999,874.3311199,263.8954581,36.94536413,55.60667563,6.672801076,73040.17367,13147.23126,35.13097178,2.459168025,14.43173082,7.793134643,80.36054861,11.25047681,206.0678435,18.54610592,16.9214082,0.263096896,3.349219592,0.535875135,110.4667193,2.209334386,6.491956622,0.324597831,3.493072909,0.039826018,0.610606448,0.001338725
"Bird Island","BI10","BI10.8",303,297.4,298.4,297.9,297.9,0.5,3881,4306,4064,4071,212,0.1194,0.00643,80.64,19.36,0.97,76.15,3.81,38.07,3.81,4.6163,14.2113,0.9061,0.2176,0.6807,0.026,0.0827,318.2,3127.488942,35.02606732,661.9708417,119.1547515,5960.306307,774.8398199,277.5603378,38.85844729,54.76131918,6.571358302,74836.34761,13470.54257,16.81953054,1.177367138,12.65956686,6.836166104,78.52750915,10.99385128,100.7202187,9.064819683,15.16180663,0.331171028,3.120629768,0.499300763,95.05242503,1.901048501,6.318871737,0.315943587,3.874266683,0.031053551,0.552785654,0.004543821
"Bird Island","BI10","BI10.8",311,307.1,308,307.6,307.6,0.475,3938,4410,4143,4149,236,0.12543,0.00734,79.31,20.69,1.03,60.59,3.03,30.3,3.03,4.0312,12.7246,1.0991,0.2867,0.9193,0.036,0.1174,326.5,2256.343461,33.09058136,1745.183529,314.1330352,6654.679504,865.1083355,691.4862269,96.80807177,80.6250656,9.675007872,65108.07757,11719.45396,25.16163647,1.761314553,12.05911704,6.511923202,51.06064778,7.148490689,130.9239492,11.78315543,14.08609213,0.26063734,9.077687309,1.452429969,109.9097917,2.198195834,13.10956878,0.655478439,4.086498841,0.00643734,0.973432922,0.009359448
"Bird Island","BI10","BI10.8",318,315.7,316.8,316.2,316.2,0.55,3995,4491,4215,4222,248,0.11586,0.00701,85.16,14.84,0.74,76.31,3.82,38.15,3.82,4.1793,13.4742,1.0128,0.1765,0.578,0.0205,0.0682,333.4,1913.800621,31.98948586,543.4726901,97.82508422,6154.781584,800.1216059,244.2716404,34.19802966,70.96066682,8.515280018,88890.89611,16000.3613,11.55396277,0.808777394,9.165262456,4.949241726,50.54112884,7.075758038,83.34916521,7.501424869,17.61827763,0.432720307,2.400125578,0.384020092,92.99111859,1.859822372,4.823094008,0.2411547,4.499188133,0.02272668,0.436569956,0.006324564
"Bird Island","BI10","BI10.9",337,326,327.1,326.5,326.5,0.525,4086,4617,4320,4329,265,0.08832,0.00555,81.83,18.17,0.91,79.06,3.95,39.53,3.95,4.4556,15.2225,0.7735,0.1718,0.5954,0.0152,0.0535,352.9,1062.510848,14.90439106,2704.115972,486.740875,4314.171561,560.8423029,390.264881,54.63708334,272.5348429,32.70418115,76198.44633,13715.72034,13.36853596,0.935797517,9.036215502,4.879556371,35.29243706,4.940941188,141.7452321,12.75707089,16.48089604,0.082550766,13.28023284,2.124837254,54.97448254,1.099489651,14.95585253,0.747792627,3.349093001,0.037822983,0.815362521,0.010288198
"Bird Island","BI10","BI10.9",342,332.1,333.1,332.6,332.6,0.5,4137,4707,4387,4397,285,0.08975,0.00596,54.16,45.84,2.29,68.98,3.45,34.49,3.45,4.4279,15.3537,0.3354,0.2839,0.9985,0.0255,0.0913,358.4,1907.808331,19.06490942,473.7956247,85.28321245,3366.405358,437.6326965,159.3219544,22.30507362,48.26462876,5.791755451,244762.4318,44057.23772,24.67115714,1.726981,18.49534977,9.987488876,54.25753022,7.596054231,108.9295808,9.803662272,29.81581511,0.773136298,2.02301219,0.32368195,53.58134359,1.071626872,3.512118591,0.17560593,3.936977584,0.019326058,0.365718702,0.003108463
"Bird Island","BI10","BI10.9",348,339.5,340.5,340,340,0.5,4191,4812,4471,4480,310,0.0916,0.00648,79.93,20.07,1,78.64,3.93,39.32,3.93,4.8086,16.972,0.9304,0.2337,0.8364,0.0214,0.0781,365,3740.72618,50.17060239,519.5682507,93.52228513,6376.14109,828.8983417,247.3342292,34.62679209,71.25145017,8.55017402,33059.50476,5950.710857,30.22335953,2.115635167,15.52691154,8.384532232,93.06939632,13.02971548,242.3611357,21.81250221,13.38786455,0.172694261,3.033425815,0.48534813,126.2966844,2.525933688,6.610934788,0.330546739,3.489982864,0.053218462,0.532835757,0.004931813
"Bird Island","BI10","BI10.9",353,345.7,346.7,346.2,346.2,0.525,4263,4871,4541,4547,304,0.0916,0.00626,59.15,40.85,2.04,63.91,3.2,31.95,3.2,4.5519,16.2822,0.7785,0.5376,1.9498,0.0492,0.182,369.5,726.3242938,7.848344827,590.2581944,106.246475,1649.910749,214.4883974,196.7910903,27.55075264,40.04154754,4.804985705,259743.8529,46753.89352,31.69988747,2.218992123,16.50037866,8.910204476,46.16790206,6.463506288,46.41044203,4.176939783,33.63062821,0.630236272,2.023599773,0.323775964,26.73253921,0.534650784,3.215918511,0.160795926,3.841771896,0.06841699,0.221542724,0.000709409
"Bird Island","BI10","BI10.9",361,355.7,356.7,356.2,356.2,0.5,4359,4962,4647,4652,302,0.09848,0.00652,75.52,24.48,1.22,75.72,3.79,37.86,3.79,4.2434,15.516,0.8362,0.2711,1.0049,0.0267,0.1007,377.3,4761.875299,30.36296028,2355.45594,423.9820692,6975.754499,906.8480849,799.193679,111.8871151,63.1732016,7.580784192,19940.78074,3589.340533,5.120949268,0.358466449,8.855748872,4.782104391,61.1989585,8.56785419,50.4248919,4.538240271,5.486958807,0.08884197,12.19802273,1.951683637,152.5618881,3.051237762,25.31019839,1.26550992,5.131125425,0.052935455,1.245198413,0.027091858
"Bird Island","BI10","BI10.9",365,360.7,361.7,361.2,361.2,0.5,4405,5006,4699,4703,301,0.09404,0.00614,75.43,24.57,1.23,74.16,3.71,37.08,3.71,3.6287,13.4007,0.9415,0.3067,1.1481,0.0288,0.1099,380.8,4611.136234,33.19747396,1070.885179,192.7593322,6849.57438,890.4446694,482.4222414,67.5391138,70.44102514,8.452923017,91742.56196,16513.66115,76.74575589,5.372202912,30.78295408,16.6227952,84.15061701,11.78108638,199.4152519,17.94737267,10.06036084,0.205877938,4.992973415,0.798875746,138.0986394,2.761972788,9.681378018,0.484068901,6.041542002,0.028948675,0.81296146,0.006029443
"Bird Island","BI10","BI10.9",370,366.8,367.8,367.3,367.3,0.5,4473,5056,4770,4768,292,0.09412,0.00588,76.51,23.49,1.17,76.92,3.85,38.46,3.85,3.4619,12.9542,0.8697,0.2671,1.0127,0.0251,0.0969,385.5,4996.075153,52.11628875,1447.271106,260.5087991,6910.359074,898.3466796,541.6620458,75.83268641,69.28334701,8.314001641,69886.15056,12579.5071,17.29854042,1.210897829,16.74430526,9.04192484,96.04739856,13.4466358,106.4331106,9.578979954,12.94872931,0.192691994,7.537000498,1.20592008,142.7753473,2.855506946,10.27576935,0.513788468,7.2235317,0.082032731,0.9882166,0.017709204
"Bird Island","BI10","BI10.10",382,370,370.9,370.4,370.4,0.475,4497,5091,4804,4801,297,0.0921,0.00581,79.04,20.96,1.05,78.32,3.92,39.16,3.92,3.945,15.2514,0.9533,0.2528,0.9898,0.0233,0.0926,397.9,5476.238187,44.56145304,1739.758107,313.1564593,7954.492393,1034.084011,927.4315698,129.8404198,100.6908119,12.08289743,63330.72521,11399.53054,33.30735274,2.331514692,18.94940307,10.23267766,69.48540749,9.727957049,155.6838291,14.01154462,17.98872607,0.108961756,9.175578982,1.468092637,172.6424549,3.452849098,18.17108513,0.908554257,10.90930959,0.055230939,1.325701748,0.018963946
"Bird Island","BI10","BI10.10",386,374.7,375.6,375.1,375.1,0.475,4557,5123,4855,4852,283,0.09213,0.00549,72.13,27.87,1.39,73.78,3.69,36.89,3.69,3.4472,13.4545,0.9446,0.3649,1.4425,0.0336,0.1349,401.3,4505.833499,31.50266064,1334.018291,240.1232924,6023.226846,783.01949,617.6592849,86.47229989,70.46152124,8.455382549,54047.68966,9728.584139,24.79954461,1.735968123,17.31182215,9.348383961,74.97636554,10.49669118,153.3540492,13.80186443,11.06391366,0.159070092,7.097707001,1.13563312,129.6985539,2.593971078,12.79708303,0.639854152,6.262183706,0.042454841,1.05208357,0.008324452
"Bird Island","BI10","BI10.10",390,379.5,380.5,380,380,0.5,4589,5171,4915,4905,291,0.09132,0.00554,78.69,21.31,1.07,74.73,3.74,37.36,3.74,3.8862,15.3293,0.8836,0.2393,0.9558,0.0219,0.0886,405.5,6066.004862,40.91124585,3262.422113,587.2359803,8005.462824,1040.710167,862.5856098,120.7619854,97.8957421,11.74748905,40132.04847,7223.768725,9.040037779,0.632802645,10.00803438,5.404338565,55.15725169,7.722015237,63.73190593,5.735871534,8.61116978,0.232102114,14.36128756,2.29780601,153.3496638,3.066993276,18.27558905,0.913779453,4.279527789,0.028118065,1.483670914,0.004179591
"Bird Island","BI10","BI10.10",392,381.9,383,382.4,382.4,0.525,4637,5185,4940,4931,274,0.09125,0.00519,72.08,27.92,1.4,71.12,3.56,35.56,3.56,3.8992,15.4545,0.8511,0.3296,1.3229,0.0301,0.1224,407,4548.665534,59.92319496,2439.861236,439.1750225,8103.945816,1053.512956,859.4671757,120.3254046,81.91402797,9.829683356,54152.91453,9747.524615,19.75221569,1.382655098,13.25060411,7.155326219,94.26813549,13.19753897,136.8739771,12.31865794,12.8787305,0.584735162,9.248141245,1.479702599,135.6264282,2.712528564,16.48531144,0.824265572,5.788177951,0.208124419,1.022346242,0.016719137
"Bird Island","BI10","BI10.10",396,386.7,387.8,387.2,387.2,0.55,4691,5220,4994,4984,264,0.09129,0.00497,80.3,19.7,0.98,82.99,4.15,41.5,4.15,4.9738,19.9348,0.9057,0.2222,0.9016,0.0203,0.0834,411.2,1529.984744,25.92577122,4192.532888,754.6559198,7585.017065,986.0522185,1453.514493,203.492029,274.0987451,32.89184941,20119.39045,3621.490281,2.860665218,0.200246565,5.370449412,2.900042682,19.4548787,2.723683018,47.14281535,4.242853382,5.442980062,0.045398161,20.02750394,3.20440063,151.7312933,3.034625866,23.6965254,1.18482627,1.683004451,0.00603126,1.28523096,0.007747074
"Bird Island","BI10","BI10.10",403,395.3,396.4,395.8,395.8,0.525,4812,5285,5088,5077,237,0.09266,0.00444,77.71,22.29,1.11,78.71,3.94,39.36,3.94,3.9894,16.2527,1.076,0.3086,1.2728,0.0286,0.1193,417.2,3049.762594,32.38070392,2645.007056,476.1012701,7317.516566,951.2771536,1096.289357,153.48051,78.69369569,9.443243483,51021.42539,9183.85657,7.991640436,0.559414831,10.48748493,5.663241862,71.22393581,9.971351013,61.90931635,5.571838472,10.25687008,0.232367414,10.62373635,1.699797816,121.4529542,2.429059084,19.25420696,0.962710348,5.804511688,0.123140897,1.176556743,0.015856583
"Bird Island","BI10","BI10.10",410,403.6,404.6,404.1,404.1,0.5,4964,5400,5194,5184,218,0.06708,0.00291,81.46,18.54,0.93,80.77,4.04,40.39,4.04,3.9741,16.4725,1.0007,0.2278,0.9555,0.0153,0.0648,423.8,4735.07879,29.00454409,1279.071246,230.2328243,7179.414733,933.3239153,439.7704209,61.56785893,60.23512043,7.228214452,34088.22199,6135.879958,18.03152781,1.262206947,13.21962289,7.138596361,87.44578681,12.24241015,97.22108231,8.749897408,10.42234441,0.129991788,4.89161886,0.782659018,127.9383347,2.558766694,10.69155001,0.534577501,7.064103822,0.043039341,0.712875407,0.000529873
"Bird Island","BI10","BI10.11",422,412.9,413.9,413.4,413.4,0.5,5159,5627,5402,5402,234,0.02602,0.00116,71.76,28.24,1.41,72.3,3.61,36.15,3.62,4.0629,17.3302,0.8526,0.3355,1.4479,0.0087,0.0381,436,5919.405954,68.86079287,2999.419337,539.8954807,9461.06745,1229.938769,2545.357841,356.3500977,321.8666456,38.62399747,28823.89617,5188.301311,10.38688508,0.727081956,11.44865692,6.182274737,55.06983208,7.709776491,72.67126101,6.540413491,5.803672169,0.111394115,11.2517643,1.800282288,230.1968823,4.603937646,30.86414748,1.543207374,8.029088504,0.030559369,1.531836996,0.001421073
"Bird Island","BI10","BI10.11",424,415.2,416.2,415.7,415.7,0.5,5209,5782,5484,5491,287,0.02602,0.00139,82.02,17.98,0.9,76.44,3.82,38.22,3.82,4.5216,19.3886,0.8476,0.1858,0.8061,0.0048,0.0212,439.1,4906.390605,12.8149241,1873.201141,337.1762054,8311.822141,1080.536878,713.4399266,99.88158972,107.9334325,12.9520119,30935.30845,5568.355521,11.60935571,0.8126549,13.02193372,7.031844209,79.709217,11.15929038,70.91847569,6.382662812,7.78759488,0.032605693,7.62089899,1.219343838,147.1050077,2.942100154,14.88976145,0.744488073,8.426327912,0.091387716,0.982574616,0.014120026
"Bird Island","BI10","BI10.11",427,418.8,419.8,419.3,419.3,0.5,5262,6053,5615,5629,395,0.02434,0.00174,77.55,22.45,1.12,70.09,3.5,35.05,3.51,3.9741,17.1481,0.974,0.2819,1.2305,0.0069,0.0304,443.6,4743.51956,104.9738041,2896.949952,521.4509914,4039.228505,525.0997057,623.497368,87.28963152,98.07001331,11.7684016,34349.06054,6182.830897,11.06017577,0.774212304,10.69111482,5.773202003,49.32777324,6.905888254,61.6011836,5.544106524,6.365283876,0.032078895,14.21907028,2.275051245,90.62519465,1.812503893,13.96627653,0.698313827,7.269837559,0.088140895,1.058348396,0.006936541
"Bird Island","BI10","BI10.11",439,433.3,434.3,433.8,433.8,0.5,5915,6357,6209,6189,221,0.04186,0.00154,75.06,24.94,1.25,76.93,3.85,38.47,3.85,2.6145,11.5733,0.947,0.3147,1.4085,0.0132,0.0594,451.3,2573.483787,20.83881079,3339.764406,601.1575931,5046.388886,656.0305552,1578.677596,221.0148634,53.48002201,6.417602641,29282.54803,5270.858645,14.40052097,1.008036468,10.27959403,5.550980776,49.65090616,6.951126862,63.26427197,5.693784477,6.296183095,0.09037256,15.34553868,2.455286189,90.09213851,1.80184277,36.05342738,1.802671369,4.229160877,0.066063666,1.396057162,0.016028184
"Bird Island","BI10","BI10.11",443,438.2,439.3,438.7,438.7,0.55,6060,6458,6321,6306,199,0.04185,0.00137,80.03,19.97,1,81.52,4.08,40.76,4.08,4.1793,18.6984,1.0304,0.2572,1.1634,0.0108,0.049,455.7,3322.188553,52.99097299,1374.155784,247.3480411,5399.551536,701.9416997,564.5866399,79.04212959,46.9486511,5.633838132,32219.65007,5799.537013,8.58191768,0.600734238,10.7534478,5.806861812,67.64965696,9.470951974,53.82896824,4.844607142,6.546600461,0.21306347,5.803580829,0.928572933,91.69283278,1.833856656,11.59992701,0.579996351,5.623923907,0.078821248,0.82113265,0.010596606
"Bird Island","BI10","BI10.11",449,445.8,446.8,446.3,446.3,0.525,6176,6580,6410,6403,202,0.09592,0.00314,80.05,19.95,1,86.26,4.31,43.13,4.31,4.1728,18.9235,0.9091,0.2265,1.0387,0.0217,0.1003,461.8,1212.319435,3.81968698,959.6082071,172.7294773,7612.230803,989.5900044,383.0841407,53.6317797,68.97052291,8.276462749,16700.79088,3006.142358,1.309662683,0.091676388,2.705794836,1.461129211,30.41424683,4.257994556,18.55755468,1.670179921,4.507341527,0.065271547,4.177557871,0.668409259,107.4610267,2.149220534,9.694411847,0.484720592,3.151085499,0.027796954,0.586841167,0.002855282
"Bird Island","BI10","BI10.12",461,452.4,453.6,453,453,0.6,6271,6663,6472,6471,196,0.09957,0.00314,43.16,56.84,2.84,13.35,0.67,6.68,0.67,4.4562,20.7372,0.5872,0.7734,3.6377,0.077,0.3646,473.5,4684.658687,40.98930044,6631.161901,1193.609142,11154.85179,1450.130733,3810.984322,533.5378051,355.0818916,42.60982699,37075.7818,6673.640724,5.309682165,0.371677752,5.648759577,3.050330172,28.74922169,4.024891037,50.41642497,4.537478247,7.998732079,0.0894333,25.0506238,4.008099808,263.6699608,5.273399216,61.68487759,3.08424388,10.60472176,0.047124627,2.599471014,0.035744714
"Bird Island","BI10","BI10.12",465,457.6,458.7,458.1,458.1,0.55,6333,6707,6522,6522,187,0.09957,0.00297,68.15,31.85,1.59,36.06,1.8,18.03,1.81,4.0849,19.1725,0.808,0.3776,1.7913,0.0376,0.1795,477.3,4480.636884,7.550856231,5147.889503,926.6201105,11483.54156,1492.860403,2897.539841,405.6555777,201.9552017,24.2346242,29511.5462,5312.078316,4.280007535,0.299600527,7.193324268,3.884395105,39.15988603,5.482384044,62.26601894,5.603941705,7.060998051,0.166110574,21.73821403,3.478114245,227.4544094,4.549088188,60.0329846,3.00164923,9.227439886,0.098137776,2.660639192,0.035397346
"Bird Island","BI10","BI10.12",469,462.9,463.9,463.4,463.4,0.5,6429,6767,6573,6579,169,0.08959,0.0024,61.49,38.51,1.93,40.11,2.01,20.05,2.01,3.5448,16.7756,0.8094,0.507,2.4248,0.0454,0.2185,480.9,3299.466766,30.96016951,5505.035933,990.9064679,10269.18303,1334.993794,3795.356029,531.3498441,311.4480017,37.3737602,35173.56997,6331.242595,7.368448017,0.515791361,6.263265577,3.382163412,34.66157048,4.852619867,58.60550147,5.274495132,5.441478568,0.110837604,21.04953065,3.367924904,198.7277638,3.974555276,50.93045401,2.546522701,7.052044782,0.041003547,2.246205468,0.019015327
"Bird Island","BI10","BI10.12",477,473.1,474.2,473.6,473.6,0.55,6590,7104,6791,6809,257,0.02308,9e-04,74.7,25.3,1.27,69.78,3.49,34.89,3.49,4.0849,19.6626,0.8082,0.2738,1.3315,0.0063,0.031,490.2,1867.157105,9.197573139,2516.983872,453.057097,6960.861032,904.9119342,1199.537678,167.9352749,60.6622639,7.279471668,33521.67785,6033.902013,21.80830378,1.526581265,10.48832859,5.663697439,46.69505839,6.537308175,136.0251037,12.24225933,7.513560787,0.135235689,10.73581104,1.717729766,111.667296,2.23334592,21.85695903,1.092847952,4.184776208,0.042481992,0.991208795,0.007184844
"Bird Island","BI10","BI10.12",480,476.9,478,477.5,477.5,0.55,6625,7506,6943,6978,441,0.02308,0.00148,75.92,24.08,1.2,68.85,3.44,34.43,3.44,4.8707,23.6106,0.8008,0.2539,1.2436,0.0059,0.0291,496.2,5218.223333,7.043425533,6175.999603,1111.679929,9855.628818,1281.231746,3509.410749,491.3175049,115.4337622,13.85205146,13189.89932,2374.181878,5.35222129,0.37465549,9.999536344,5.399749626,89.58971424,12.54255999,35.42302354,3.188072119,3.566731737,0.069025258,30.35980649,4.857569038,245.5928888,4.911857776,55.86097273,2.793048637,7.476387324,0.031961795,2.37928939,0.024414367
"Bird Island","BI10","BI10.13",519,491,492,491.5,491.5,0.5,6901,8101,7636,7600,600,0.02106,0.00168,79.77,20.23,1.01,76.36,3.82,38.18,3.82,2.9089,15.2093,0.8896,0.4251,2.2441,0.009,0.048,535.8,5731.950298,32.12000598,790.4601626,142.2828293,7012.381581,911.6096055,307.9839209,43.11774893,64.82600414,7.779120497,19102.04921,3438.368858,14.81752131,1.037226492,14.68864067,7.931865962,78.63602567,11.00904359,94.75874646,8.528287181,4.2798937,0.044961711,3.470088908,0.555214225,131.8281488,2.636562976,7.181000574,0.359050029,4.406393906,0.009614021,0.594316804,0.008707315
"Bird Island","BI10","BI10.13",522,494.8,495.8,495.3,495.3,0.5,6973,8151,7817,7780,589,0.02106,0.00162,76.89,23.11,1.16,69.32,3.47,34.66,3.47,3.9741,20.9234,0.8058,0.2422,1.2875,0.0051,0.0275,539.2,8552.630611,86.09986976,3163.380594,569.4085069,9040.006112,1175.200795,1347.461524,188.6446134,87.95481953,10.55457834,17067.4608,3072.142944,4.1377886,0.289645202,13.66412704,7.378628602,99.33071721,13.90630041,57.03901807,5.133511626,5.021044644,0.084295908,14.31278916,2.290046266,224.4453244,4.488906488,28.83560184,1.441780092,11.05154273,0.183321819,1.626818587,0.027086211
"Bird Island","BI10","BI10.13",525,498.7,499.7,499.2,499.2,0.5,7038,8243,8028,7965,603,0.02597,0.00199,72.95,27.05,1.35,58.75,2.94,29.37,2.94,3.219,17.0301,1.1024,0.4089,2.1836,0.0106,0.0575,541.7,7419.560931,130.1713155,6266.517708,1127.973187,11396.20863,1481.507122,2883.518514,403.692592,169.8695081,20.38434097,32079.57549,5774.323588,10.38268079,0.726787655,13.11407391,7.081599911,78.85879013,11.04023062,47.08824283,4.237941855,6.288348336,0.156785698,25.23019472,4.036831155,262.4737246,5.249474492,49.62591564,2.481295782,10.71886514,0.095384019,2.562984296,0.028069395
"Bird Island","BI10","BI10.13",529,503.9,505.1,504.5,504.5,0.6,7103,8320,8171,8096,608,0.04867,0.00372,81.75,18.25,0.91,73.15,3.66,36.58,3.66,2.7224,14.494,0.722,0.1612,0.8663,0.0078,0.0428,545,8532.394848,27.06455729,1326.826528,238.828775,7680.69076,998.4897988,440.1427786,61.619989,77.40139067,9.28816688,40180.34818,7232.462672,32.08267707,2.245787395,54.67369247,29.52379393,273.7512725,38.32517815,160.9095737,14.48186163,6.723116051,0.083862022,4.409343496,0.705494959,198.8915063,3.977830126,8.837063052,0.441853153,2.529190132,0.009725697,0.669759257,0.001692966
